order_id,order_time,district,customer_type,member_tier,payment,items,basket_value_vnd,status,delivery_min,rating,zone,km_to_hub,hour,weekday,month
G000001,2025-01-01 11:48:00,Thu Duc City,member,Silver,Cash,8,178000.0,delivered,59.5,2,Outer,11.5,11,Wed,1
G000002,2025-01-01 12:29:00,District 7,returning,,Card,8,336000.0,delivered,44.9,,Inner,7.5,12,Wed,1
G000003,2025-01-01 13:46:00,Phu Nhuan,returning,,Card,13,191000.0,delivered,25.5,4,Inner,4.0,13,Wed,1
G000004,2025-01-01 15:30:00,Go Vap,member,Gold,Card,9,434000.0,delivered,34.8,4,Outer,7.9,15,Wed,1
G000005,2025-01-01 17:01:00,Thu Duc City,member,Silver,Card,6,160000.0,delivered,44.9,,Outer,11.5,17,Wed,1
G000006,2025-01-01 19:30:00,Binh Thanh,new,,Card,7,229000.0,delivered,46.7,3,Inner,4.6,19,Wed,1
G000007,2025-01-01 19:59:00,District 3,returning,,Card,1,31000.0,delivered,29.3,5,Central,2.8,19,Wed,1
G000008,2025-01-01 20:09:00,District 7,member,Silver,Bank transfer,9,379000.0,delivered,44.8,3,Inner,7.5,20,Wed,1
G000009,2025-01-01 23:12:00,Tan Binh,returning,,Cash,9,301000.0,delivered,34.3,4,Inner,5.2,23,Wed,1
G000010,2025-01-02 08:01:00,Thu Duc City,returning,,E-wallet,7,191000.0,delivered,49.3,,Outer,11.5,8,Thu,1
G000011,2025-01-02 09:34:00,District 1,returning,,Cash,6,146000.0,delivered,20.2,5,Central,2.1,9,Thu,1
G000012,2025-01-02 10:52:00,District 1,member,Silver,E-wallet,9,353000.0,delivered,22.4,5,Central,2.1,10,Thu,1
G000013,2025-01-02 11:37:00,Binh Tan,returning,,E-wallet,6,208000.0,delivered,53.8,2,Outer,10.8,11,Thu,1
G000014,2025-01-02 12:56:00,District 7,member,Silver,Bank transfer,3,103000.0,delivered,46.1,,Inner,7.5,12,Thu,1
G000015,2025-01-02 13:04:00,Thu Duc City,new,,E-wallet,9,387000.0,delivered,42.6,3,Outer,11.5,13,Thu,1
G000016,2025-01-02 13:57:00,Binh Thanh,new,,E-wallet,7,204000.0,delivered,27.8,4,Inner,4.6,13,Thu,1
G000017,2025-01-02 16:40:00,Thu Duc City,returning,,E-wallet,9,127000.0,delivered,46.4,,Outer,11.5,16,Thu,1
G000018,2025-01-02 17:25:00,District 3,new,,Cash,10,387000.0,delivered,23.9,,Central,2.8,17,Thu,1
G000019,2025-01-02 17:56:00,Tan Binh,returning,,Bank transfer,11,324000.0,delivered,28.5,,Inner,5.2,17,Thu,1
G000020,2025-01-02 21:28:00,Binh Thanh,new,,Cash,5,129000.0,delivered,25.1,5,Inner,4.6,21,Thu,1
G000021,2025-01-02 21:30:00,District 10,member,Gold,Card,10,294000.0,delivered,21.4,5,Central,3.5,21,Thu,1
G000022,2025-01-02 22:13:00,Phu Nhuan,member,Gold,Cash,3,115000.0,delivered,31.9,4,Inner,4.0,22,Thu,1
G000023,2025-01-03 07:53:00,Go Vap,member,Gold,Cash,4,138000.0,delivered,33.5,4,Outer,7.9,7,Fri,1
G000024,2025-01-03 08:29:00,Tan Binh,member,Gold,Cash,7,188000.0,delivered,29.1,5,Inner,5.2,8,Fri,1
G000025,2025-01-03 08:38:00,Binh Tan,new,,Card,9,251000.0,delivered,44.1,3,Outer,10.8,8,Fri,1
G000026,2025-01-03 08:40:00,Binh Tan,new,,Bank transfer,4,139000.0,delivered,42.8,3,Outer,10.8,8,Fri,1
G000027,2025-01-03 10:01:00,Binh Tan,returning,,Card,5,144000.0,delivered,41.8,2,Outer,10.8,10,Fri,1
G000028,2025-01-03 10:18:00,District 3,returning,,Card,7,161000.0,delivered,25.6,3,Central,2.8,10,Fri,1
G000029,2025-01-03 11:21:00,District 1,returning,,Bank transfer,7,274000.0,delivered,27.4,4,Central,2.1,11,Fri,1
G000030,2025-01-03 12:42:00,Phu Nhuan,member,Gold,Card,7,246000.0,delivered,33.9,3,Inner,4.0,12,Fri,1
G000031,2025-01-03 12:45:00,Phu Nhuan,new,,Bank transfer,8,277000.0,delivered,40.0,4,Inner,4.0,12,Fri,1
G000032,2025-01-03 13:29:00,Phu Nhuan,returning,,Bank transfer,5,131000.0,delivered,24.3,5,Inner,4.0,13,Fri,1
G000033,2025-01-03 13:38:00,District 3,returning,,Cash,5,197000.0,delivered,23.4,,Central,2.8,13,Fri,1
G000034,2025-01-03 18:07:00,Thu Duc City,returning,,Card,7,152000.0,delivered,52.8,,Outer,11.5,18,Fri,1
G000035,2025-01-03 18:54:00,Phu Nhuan,member,Gold,E-wallet,8,222000.0,delivered,39.4,4,Inner,4.0,18,Fri,1
G000036,2025-01-04 09:30:00,District 3,returning,,Cash,5,169000.0,delivered,21.3,4,Central,2.8,9,Sat,1
G000037,2025-01-04 09:45:00,District 1,returning,,Cash,11,363000.0,delivered,24.2,4,Central,2.1,9,Sat,1
G000038,2025-01-04 10:14:00,Binh Thanh,returning,,E-wallet,8,281000.0,delivered,34.1,,Inner,4.6,10,Sat,1
G000039,2025-01-04 10:25:00,District 1,returning,,Bank transfer,9,242000.0,delivered,19.8,,Central,2.1,10,Sat,1
G000040,2025-01-04 11:57:00,Binh Tan,returning,,Cash,13,408000.0,delivered,49.9,,Outer,10.8,11,Sat,1
G000041,2025-01-04 12:10:00,Tan Binh,returning,,Cash,12,431000.0,delivered,49.8,,Inner,5.2,12,Sat,1
G000042,2025-01-04 12:21:00,District 3,returning,,Cash,10,324000.0,delivered,33.8,5,Central,2.8,12,Sat,1
G000043,2025-01-04 15:07:00,District 10,returning,,E-wallet,7,211000.0,delivered,22.8,5,Central,3.5,15,Sat,1
G000044,2025-01-04 15:20:00,Binh Thanh,new,,Bank transfer,8,295000.0,delivered,25.5,5,Inner,4.6,15,Sat,1
G000045,2025-01-04 15:38:00,Go Vap,new,,Card,11,324000.0,delivered,37.1,4,Outer,7.9,15,Sat,1
G000046,2025-01-04 15:52:00,District 1,new,,Bank transfer,6,242000.0,delivered,26.5,5,Central,2.1,15,Sat,1
G000047,2025-01-04 16:44:00,Go Vap,returning,,Card,9,239000.0,delivered,38.3,4,Outer,7.9,16,Sat,1
G000048,2025-01-04 16:47:00,Thu Duc City,returning,,Cash,3,76000.0,delivered,45.0,,Outer,11.5,16,Sat,1
G000049,2025-01-04 18:20:00,District 1,returning,,Cash,10,308000.0,delivered,34.7,4,Central,2.1,18,Sat,1
G000050,2025-01-04 18:36:00,Phu Nhuan,returning,,Bank transfer,8,229000.0,delivered,36.4,,Inner,4.0,18,Sat,1
G000051,2025-01-04 19:22:00,Tan Binh,returning,,Cash,14,625000.0,delivered,42.1,3,Inner,5.2,19,Sat,1
G000052,2025-01-04 19:38:00,District 3,member,Silver,Cash,8,270000.0,delivered,36.0,,Central,2.8,19,Sat,1
G000053,2025-01-04 19:47:00,Tan Binh,member,Silver,Card,9,292000.0,delivered,41.8,4,Inner,5.2,19,Sat,1
G000054,2025-01-04 21:17:00,Binh Tan,new,,Cash,12,284000.0,delivered,50.1,3,Outer,10.8,21,Sat,1
G000055,2025-01-05 07:17:00,Tan Binh,new,,E-wallet,11,350000.0,delivered,31.0,,Inner,5.2,7,Sun,1
G000056,2025-01-05 08:01:00,Go Vap,new,,E-wallet,12,399000.0,delivered,34.5,2,Outer,7.9,8,Sun,1
G000057,2025-01-05 08:35:00,Tan Binh,new,,E-wallet,15,534000.0,delivered,28.6,,Inner,5.2,8,Sun,1
G000058,2025-01-05 08:36:00,District 7,member,Silver,Cash,9,360000.0,delivered,32.7,,Inner,7.5,8,Sun,1
G000059,2025-01-05 10:40:00,Binh Tan,returning,,Bank transfer,9,205000.0,delivered,51.3,2,Outer,10.8,10,Sun,1
G000060,2025-01-05 10:43:00,Binh Tan,new,,Cash,13,421000.0,delivered,45.8,4,Outer,10.8,10,Sun,1
G000061,2025-01-05 11:29:00,District 10,member,Silver,Bank transfer,13,425000.0,delivered,34.0,4,Central,3.5,11,Sun,1
G000062,2025-01-05 12:05:00,District 1,new,,E-wallet,8,335000.0,delivered,29.6,5,Central,2.1,12,Sun,1
G000063,2025-01-05 13:51:00,Thu Duc City,returning,,Cash,16,596000.0,delivered,45.2,3,Outer,11.5,13,Sun,1
G000064,2025-01-05 15:44:00,District 7,member,Gold,Cash,13,324000.0,delivered,39.0,4,Inner,7.5,15,Sun,1
G000065,2025-01-05 15:48:00,Tan Binh,returning,,E-wallet,9,248000.0,delivered,31.5,,Inner,5.2,15,Sun,1
G000066,2025-01-05 16:06:00,Binh Tan,returning,,E-wallet,3,110000.0,delivered,42.5,3,Outer,10.8,16,Sun,1
G000067,2025-01-05 16:56:00,Go Vap,returning,,Cash,8,212000.0,delivered,46.0,,Outer,7.9,16,Sun,1
G000068,2025-01-05 17:04:00,District 3,member,Gold,E-wallet,8,339000.0,delivered,21.8,5,Central,2.8,17,Sun,1
G000069,2025-01-05 18:15:00,District 10,member,Gold,E-wallet,5,168000.0,delivered,32.4,,Central,3.5,18,Sun,1
G000070,2025-01-05 19:09:00,Binh Thanh,member,Platinum,Card,8,360000.0,delivered,42.6,,Inner,4.6,19,Sun,1
G000071,2025-01-05 19:26:00,Thu Duc City,member,Gold,Cash,14,502000.0,delivered,56.9,,Outer,11.5,19,Sun,1
G000072,2025-01-05 19:37:00,Phu Nhuan,returning,,E-wallet,11,423000.0,delivered,53.6,1,Inner,4.0,19,Sun,1
G000073,2025-01-05 19:38:00,Thu Duc City,new,,Card,10,210000.0,delivered,52.7,3,Outer,11.5,19,Sun,1
G000074,2025-01-05 20:04:00,District 7,member,Silver,Card,18,582000.0,delivered,43.4,3,Inner,7.5,20,Sun,1
G000075,2025-01-05 20:47:00,Thu Duc City,new,,Cash,13,335000.0,delivered,52.4,,Outer,11.5,20,Sun,1
G000076,2025-01-05 21:14:00,District 7,returning,,Cash,9,328000.0,delivered,34.8,,Inner,7.5,21,Sun,1
G000077,2025-01-05 22:40:00,Phu Nhuan,returning,,Card,14,522000.0,delivered,26.4,,Inner,4.0,22,Sun,1
G000078,2025-01-06 07:14:00,Thu Duc City,member,Gold,Bank transfer,5,140000.0,delivered,44.0,3,Outer,11.5,7,Mon,1
G000079,2025-01-06 08:51:00,District 1,returning,,Cash,8,322000.0,delivered,23.6,5,Central,2.1,8,Mon,1
G000080,2025-01-06 11:44:00,District 3,returning,,Bank transfer,9,311000.0,delivered,28.3,5,Central,2.8,11,Mon,1
G000081,2025-01-06 11:45:00,Binh Thanh,returning,,E-wallet,6,138000.0,delivered,35.1,,Inner,4.6,11,Mon,1
G000082,2025-01-06 12:14:00,District 1,returning,,Bank transfer,4,114000.0,delivered,34.5,,Central,2.1,12,Mon,1
G000083,2025-01-06 12:36:00,Binh Thanh,returning,,E-wallet,6,202000.0,delivered,34.4,5,Inner,4.6,12,Mon,1
G000084,2025-01-06 13:13:00,District 10,member,Platinum,Cash,8,339000.0,delivered,27.6,5,Central,3.5,13,Mon,1
G000085,2025-01-06 14:27:00,District 1,returning,,Bank transfer,7,216000.0,delivered,21.2,4,Central,2.1,14,Mon,1
G000086,2025-01-06 16:05:00,Tan Binh,returning,,Cash,13,315000.0,delivered,28.4,,Inner,5.2,16,Mon,1
G000087,2025-01-06 16:41:00,Phu Nhuan,member,Platinum,Bank transfer,9,360000.0,delivered,35.9,4,Inner,4.0,16,Mon,1
G000088,2025-01-06 17:30:00,District 1,member,Silver,Cash,7,168000.0,delivered,23.3,,Central,2.1,17,Mon,1
G000089,2025-01-06 18:24:00,Tan Binh,member,Platinum,E-wallet,7,260000.0,delivered,34.0,4,Inner,5.2,18,Mon,1
G000090,2025-01-06 19:56:00,Thu Duc City,new,,Cash,8,268000.0,delivered,54.3,2,Outer,11.5,19,Mon,1
G000091,2025-01-06 20:01:00,Binh Thanh,returning,,Cash,2,54000.0,delivered,40.3,,Inner,4.6,20,Mon,1
G000092,2025-01-06 20:30:00,Thu Duc City,member,Silver,Card,11,436000.0,delivered,62.2,2,Outer,11.5,20,Mon,1
G000093,2025-01-06 21:37:00,Binh Tan,returning,,E-wallet,7,267000.0,delivered,43.1,2,Outer,10.8,21,Mon,1
G000094,2025-01-06 22:38:00,Go Vap,new,,Cash,6,227000.0,delivered,39.1,,Outer,7.9,22,Mon,1
G000095,2025-01-07 09:41:00,District 7,new,,Cash,5,192000.0,delivered,34.1,5,Inner,7.5,9,Tue,1
G000096,2025-01-07 10:40:00,District 7,returning,,E-wallet,10,314000.0,delivered,35.0,,Inner,7.5,10,Tue,1
G000097,2025-01-07 12:09:00,Binh Thanh,new,,Bank transfer,7,249000.0,delivered,41.9,3,Inner,4.6,12,Tue,1
G000098,2025-01-07 14:54:00,District 3,member,Silver,E-wallet,8,175000.0,delivered,25.6,,Central,2.8,14,Tue,1
G000099,2025-01-07 14:55:00,Binh Thanh,returning,,Card,7,239000.0,delivered,29.0,5,Inner,4.6,14,Tue,1
G000100,2025-01-07 16:18:00,Tan Binh,member,Silver,E-wallet,6,160000.0,delivered,27.9,,Inner,5.2,16,Tue,1
G000101,2025-01-07 16:24:00,District 7,new,,Cash,12,410000.0,delivered,36.4,4,Inner,7.5,16,Tue,1
G000102,2025-01-07 17:19:00,Thu Duc City,new,,Bank transfer,12,280000.0,delivered,46.7,4,Outer,11.5,17,Tue,1
G000103,2025-01-07 18:00:00,Binh Thanh,new,,Cash,7,208000.0,delivered,45.7,2,Inner,4.6,18,Tue,1
G000104,2025-01-07 18:13:00,District 3,new,,E-wallet,7,238000.0,delivered,35.1,4,Central,2.8,18,Tue,1
G000105,2025-01-07 18:22:00,Go Vap,member,Silver,E-wallet,7,222000.0,delivered,47.7,2,Outer,7.9,18,Tue,1
G000106,2025-01-07 19:05:00,District 10,returning,,Cash,9,210000.0,delivered,36.6,,Central,3.5,19,Tue,1
G000107,2025-01-07 20:41:00,Tan Binh,new,,E-wallet,7,185000.0,delivered,36.1,4,Inner,5.2,20,Tue,1
G000108,2025-01-08 07:36:00,District 10,member,Silver,Cash,9,225000.0,delivered,28.0,,Central,3.5,7,Wed,1
G000109,2025-01-08 09:20:00,Thu Duc City,member,Silver,Card,3,98000.0,delivered,47.4,,Outer,11.5,9,Wed,1
G000110,2025-01-08 11:54:00,District 7,new,,Card,5,199000.0,delivered,44.1,5,Inner,7.5,11,Wed,1
G000111,2025-01-08 11:55:00,District 7,member,Silver,Bank transfer,5,149000.0,delivered,43.0,,Inner,7.5,11,Wed,1
G000112,2025-01-08 12:20:00,Thu Duc City,new,,Cash,7,172000.0,delivered,51.6,2,Outer,11.5,12,Wed,1
G000113,2025-01-08 15:34:00,District 1,new,,Bank transfer,7,208000.0,delivered,19.4,5,Central,2.1,15,Wed,1
G000114,2025-01-08 16:12:00,Binh Tan,member,Gold,E-wallet,10,232000.0,delivered,41.1,,Outer,10.8,16,Wed,1
G000115,2025-01-08 17:07:00,District 3,member,Gold,Cash,2,49000.0,delivered,24.0,4,Central,2.8,17,Wed,1
G000116,2025-01-08 17:13:00,District 7,returning,,E-wallet,6,194000.0,delivered,34.5,4,Inner,7.5,17,Wed,1
G000117,2025-01-08 17:22:00,Go Vap,returning,,Cash,8,330000.0,delivered,35.1,3,Outer,7.9,17,Wed,1
G000118,2025-01-08 17:49:00,Thu Duc City,returning,,Card,7,260000.0,delivered,45.6,2,Outer,11.5,17,Wed,1
G000119,2025-01-08 18:13:00,Tan Binh,member,Silver,Card,5,184000.0,delivered,34.8,,Inner,5.2,18,Wed,1
G000120,2025-01-08 19:00:00,Thu Duc City,new,,Cash,6,227000.0,delivered,54.2,2,Outer,11.5,19,Wed,1
G000121,2025-01-08 19:26:00,Binh Tan,new,,E-wallet,3,61000.0,delivered,51.3,,Outer,10.8,19,Wed,1
G000122,2025-01-08 19:51:00,District 1,new,,Bank transfer,6,264000.0,delivered,32.5,4,Central,2.1,19,Wed,1
G000123,2025-01-08 20:47:00,Thu Duc City,member,Silver,Cash,6,213000.0,delivered,53.6,1,Outer,11.5,20,Wed,1
G000124,2025-01-08 21:12:00,Tan Binh,returning,,Card,8,184000.0,delivered,29.8,2,Inner,5.2,21,Wed,1
G000125,2025-01-08 21:17:00,Binh Thanh,member,Silver,Bank transfer,6,232000.0,delivered,26.2,5,Inner,4.6,21,Wed,1
G000126,2025-01-08 21:22:00,District 7,new,,Cash,6,118000.0,delivered,41.6,3,Inner,7.5,21,Wed,1
G000127,2025-01-08 22:26:00,District 7,returning,,Cash,8,290000.0,delivered,44.1,3,Inner,7.5,22,Wed,1
G000128,2025-01-09 07:33:00,Tan Binh,new,,Cash,4,143000.0,delivered,27.3,,Inner,5.2,7,Thu,1
G000129,2025-01-09 07:34:00,Phu Nhuan,returning,,Cash,7,219000.0,delivered,26.6,,Inner,4.0,7,Thu,1
G000130,2025-01-09 08:39:00,Thu Duc City,new,,Cash,6,168000.0,delivered,45.0,,Outer,11.5,8,Thu,1
G000131,2025-01-09 09:40:00,District 1,member,Gold,Bank transfer,11,311000.0,delivered,21.9,,Central,2.1,9,Thu,1
G000132,2025-01-09 10:25:00,Thu Duc City,returning,,Bank transfer,6,185000.0,delivered,58.2,2,Outer,11.5,10,Thu,1
G000133,2025-01-09 11:17:00,District 1,new,,E-wallet,3,91000.0,delivered,34.9,5,Central,2.1,11,Thu,1
G000134,2025-01-09 11:53:00,District 1,new,,Card,5,145000.0,delivered,26.2,5,Central,2.1,11,Thu,1
G000135,2025-01-09 13:35:00,District 1,new,,Cash,6,204000.0,delivered,32.7,,Central,2.1,13,Thu,1
G000136,2025-01-09 17:11:00,District 3,new,,E-wallet,3,134000.0,delivered,26.9,4,Central,2.8,17,Thu,1
G000137,2025-01-09 17:12:00,Thu Duc City,new,,E-wallet,5,159000.0,delivered,43.7,,Outer,11.5,17,Thu,1
G000138,2025-01-09 17:12:00,Go Vap,returning,,Cash,8,300000.0,delivered,33.2,5,Outer,7.9,17,Thu,1
G000139,2025-01-09 17:17:00,District 1,returning,,E-wallet,6,210000.0,delivered,23.9,5,Central,2.1,17,Thu,1
G000140,2025-01-09 17:59:00,Binh Thanh,returning,,E-wallet,7,266000.0,delivered,35.3,,Inner,4.6,17,Thu,1
G000141,2025-01-09 18:18:00,Phu Nhuan,returning,,Cash,6,101000.0,delivered,33.2,4,Inner,4.0,18,Thu,1
G000142,2025-01-09 19:22:00,District 10,member,Gold,E-wallet,11,397000.0,delivered,32.0,5,Central,3.5,19,Thu,1
G000143,2025-01-09 19:45:00,Binh Thanh,member,Silver,Cash,7,321000.0,delivered,43.8,3,Inner,4.6,19,Thu,1
G000144,2025-01-09 21:03:00,District 3,member,Silver,Bank transfer,9,373000.0,delivered,23.3,5,Central,2.8,21,Thu,1
G000145,2025-01-09 22:51:00,Tan Binh,new,,E-wallet,7,191000.0,cancelled,,,Inner,5.2,22,Thu,1
G000146,2025-01-10 09:31:00,Binh Tan,new,,E-wallet,11,265000.0,cancelled,,,Outer,10.8,9,Fri,1
G000147,2025-01-10 09:45:00,Phu Nhuan,returning,,Cash,4,157000.0,delivered,40.2,,Inner,4.0,9,Fri,1
G000148,2025-01-10 10:30:00,Go Vap,member,Gold,E-wallet,7,214000.0,delivered,37.2,,Outer,7.9,10,Fri,1
G000149,2025-01-10 11:19:00,Phu Nhuan,member,Silver,Card,5,204000.0,delivered,34.1,,Inner,4.0,11,Fri,1
G000150,2025-01-10 11:28:00,District 1,member,Silver,Cash,10,379000.0,delivered,33.7,4,Central,2.1,11,Fri,1
G000151,2025-01-10 11:59:00,District 7,member,Gold,Cash,8,214000.0,delivered,42.7,2,Inner,7.5,11,Fri,1
G000152,2025-01-10 12:03:00,District 10,returning,,E-wallet,3,96000.0,delivered,37.4,,Central,3.5,12,Fri,1
G000153,2025-01-10 13:43:00,Thu Duc City,member,Gold,Bank transfer,3,99000.0,delivered,45.6,3,Outer,11.5,13,Fri,1
G000154,2025-01-10 14:44:00,Binh Thanh,new,,Cash,7,243000.0,delivered,29.9,5,Inner,4.6,14,Fri,1
G000155,2025-01-10 14:54:00,Binh Tan,new,,Bank transfer,7,246000.0,delivered,45.1,,Outer,10.8,14,Fri,1
G000156,2025-01-10 15:18:00,Thu Duc City,member,Platinum,Cash,7,279000.0,delivered,50.7,1,Outer,11.5,15,Fri,1
G000157,2025-01-10 17:50:00,Tan Binh,new,,E-wallet,7,179000.0,delivered,27.2,5,Inner,5.2,17,Fri,1
G000158,2025-01-10 18:10:00,Tan Binh,new,,Card,7,205000.0,delivered,39.0,,Inner,5.2,18,Fri,1
G000159,2025-01-10 18:37:00,District 1,member,Gold,Cash,6,180000.0,delivered,30.2,5,Central,2.1,18,Fri,1
G000160,2025-01-10 18:47:00,Thu Duc City,returning,,Card,7,281000.0,delivered,55.6,2,Outer,11.5,18,Fri,1
G000161,2025-01-10 20:02:00,Go Vap,member,Platinum,Cash,7,378000.0,delivered,48.1,3,Outer,7.9,20,Fri,1
G000162,2025-01-10 21:11:00,District 3,member,Silver,Cash,6,142000.0,delivered,30.2,,Central,2.8,21,Fri,1
G000163,2025-01-10 21:37:00,Tan Binh,new,,Cash,7,145000.0,delivered,27.9,5,Inner,5.2,21,Fri,1
G000164,2025-01-10 23:08:00,Thu Duc City,new,,Cash,5,130000.0,delivered,42.2,,Outer,11.5,23,Fri,1
G000165,2025-01-10 23:41:00,District 3,member,Silver,E-wallet,10,391000.0,delivered,22.0,4,Central,2.8,23,Fri,1
G000166,2025-01-11 07:19:00,Tan Binh,returning,,Cash,8,170000.0,cancelled,,,Inner,5.2,7,Sat,1
G000167,2025-01-11 11:26:00,Phu Nhuan,member,Gold,E-wallet,15,613000.0,delivered,34.8,4,Inner,4.0,11,Sat,1
G000168,2025-01-11 11:26:00,District 10,returning,,Bank transfer,16,702000.0,delivered,29.8,,Central,3.5,11,Sat,1
G000169,2025-01-11 12:57:00,Tan Binh,returning,,Card,9,276000.0,delivered,36.5,3,Inner,5.2,12,Sat,1
G000170,2025-01-11 13:35:00,Tan Binh,member,Silver,Bank transfer,11,493000.0,cancelled,,,Inner,5.2,13,Sat,1
G000171,2025-01-11 15:01:00,Binh Thanh,returning,,Cash,7,159000.0,delivered,28.9,,Inner,4.6,15,Sat,1
G000172,2025-01-11 15:02:00,Thu Duc City,new,,Cash,13,552000.0,delivered,48.0,2,Outer,11.5,15,Sat,1
G000173,2025-01-11 15:12:00,Tan Binh,returning,,E-wallet,10,286000.0,delivered,31.2,5,Inner,5.2,15,Sat,1
G000174,2025-01-11 15:40:00,Tan Binh,new,,Cash,10,364000.0,delivered,32.3,5,Inner,5.2,15,Sat,1
G000175,2025-01-11 16:03:00,Binh Thanh,member,Silver,Bank transfer,16,616000.0,delivered,30.6,5,Inner,4.6,16,Sat,1
G000176,2025-01-11 16:55:00,District 7,new,,Cash,11,326000.0,delivered,38.5,,Inner,7.5,16,Sat,1
G000177,2025-01-11 17:22:00,Go Vap,returning,,E-wallet,11,367000.0,delivered,38.5,4,Outer,7.9,17,Sat,1
G000178,2025-01-11 18:02:00,Binh Thanh,returning,,E-wallet,8,249000.0,delivered,35.5,4,Inner,4.6,18,Sat,1
G000179,2025-01-11 18:04:00,Binh Tan,new,,E-wallet,15,499000.0,delivered,51.9,,Outer,10.8,18,Sat,1
G000180,2025-01-11 18:53:00,Binh Thanh,new,,Cash,9,285000.0,delivered,36.6,5,Inner,4.6,18,Sat,1
G000181,2025-01-11 20:04:00,Binh Thanh,returning,,Cash,14,546000.0,cancelled,,,Inner,4.6,20,Sat,1
G000182,2025-01-11 20:40:00,Binh Thanh,member,Platinum,Cash,3,192000.0,delivered,33.8,,Inner,4.6,20,Sat,1
G000183,2025-01-11 21:00:00,Binh Thanh,returning,,Card,9,274000.0,delivered,29.6,4,Inner,4.6,21,Sat,1
G000184,2025-01-11 21:44:00,Binh Thanh,new,,E-wallet,9,347000.0,delivered,29.8,4,Inner,4.6,21,Sat,1
G000185,2025-01-11 22:58:00,Thu Duc City,returning,,Cash,17,506000.0,delivered,43.3,,Outer,11.5,22,Sat,1
G000186,2025-01-11 23:11:00,District 7,new,,E-wallet,5,174000.0,delivered,35.8,4,Inner,7.5,23,Sat,1
G000187,2025-01-12 07:17:00,Tan Binh,returning,,E-wallet,10,290000.0,delivered,35.5,3,Inner,5.2,7,Sun,1
G000188,2025-01-12 12:13:00,District 7,new,,Card,11,304000.0,delivered,46.7,2,Inner,7.5,12,Sun,1
G000189,2025-01-12 13:47:00,Thu Duc City,new,,Card,9,381000.0,delivered,45.9,,Outer,11.5,13,Sun,1
G000190,2025-01-12 17:02:00,Tan Binh,new,,Cash,14,399000.0,delivered,28.6,3,Inner,5.2,17,Sun,1
G000191,2025-01-12 18:30:00,District 10,member,Silver,Bank transfer,19,433000.0,delivered,35.6,4,Central,3.5,18,Sun,1
G000192,2025-01-12 18:35:00,Binh Thanh,member,Silver,E-wallet,11,464000.0,delivered,37.5,,Inner,4.6,18,Sun,1
G000193,2025-01-12 18:37:00,Thu Duc City,new,,E-wallet,17,458000.0,delivered,57.9,2,Outer,11.5,18,Sun,1
G000194,2025-01-12 18:43:00,District 7,returning,,Cash,10,501000.0,delivered,42.8,4,Inner,7.5,18,Sun,1
G000195,2025-01-12 18:46:00,District 10,returning,,Cash,14,611000.0,delivered,32.7,,Central,3.5,18,Sun,1
G000196,2025-01-12 18:53:00,Thu Duc City,returning,,Card,14,404000.0,cancelled,,,Outer,11.5,18,Sun,1
G000197,2025-01-12 19:21:00,Tan Binh,member,Silver,Cash,11,351000.0,delivered,40.6,4,Inner,5.2,19,Sun,1
G000198,2025-01-12 20:47:00,Go Vap,returning,,Cash,6,147000.0,delivered,45.5,2,Outer,7.9,20,Sun,1
G000199,2025-01-12 21:02:00,Phu Nhuan,returning,,Cash,10,374000.0,delivered,45.0,4,Inner,4.0,21,Sun,1
G000200,2025-01-12 21:14:00,District 3,returning,,Cash,10,467000.0,delivered,21.6,4,Central,2.8,21,Sun,1
G000201,2025-01-12 21:42:00,District 1,returning,,E-wallet,5,190000.0,delivered,21.0,5,Central,2.1,21,Sun,1
G000202,2025-01-13 07:53:00,Go Vap,returning,,Cash,9,356000.0,delivered,35.4,5,Outer,7.9,7,Mon,1
G000203,2025-01-13 10:22:00,Binh Thanh,returning,,Cash,8,211000.0,delivered,28.1,5,Inner,4.6,10,Mon,1
G000204,2025-01-13 10:24:00,Go Vap,member,Platinum,E-wallet,7,426000.0,delivered,33.9,4,Outer,7.9,10,Mon,1
G000205,2025-01-13 11:16:00,Go Vap,new,,Cash,6,206000.0,delivered,48.9,,Outer,7.9,11,Mon,1
G000206,2025-01-13 13:16:00,Thu Duc City,new,,Cash,9,299000.0,delivered,46.7,3,Outer,11.5,13,Mon,1
G000207,2025-01-13 13:58:00,District 10,member,Platinum,E-wallet,4,243000.0,delivered,26.3,4,Central,3.5,13,Mon,1
G000208,2025-01-13 14:37:00,District 10,member,Gold,E-wallet,8,270000.0,delivered,27.2,,Central,3.5,14,Mon,1
G000209,2025-01-13 17:21:00,Binh Thanh,member,Silver,Bank transfer,5,147000.0,delivered,26.7,5,Inner,4.6,17,Mon,1
G000210,2025-01-13 17:59:00,District 10,returning,,Bank transfer,5,82000.0,delivered,23.1,5,Central,3.5,17,Mon,1
G000211,2025-01-13 18:00:00,Phu Nhuan,new,,E-wallet,9,172000.0,delivered,32.1,4,Inner,4.0,18,Mon,1
G000212,2025-01-13 18:10:00,District 3,member,Silver,E-wallet,8,294000.0,delivered,29.2,5,Central,2.8,18,Mon,1
G000213,2025-01-13 18:15:00,District 10,member,Silver,E-wallet,7,169000.0,delivered,34.0,4,Central,3.5,18,Mon,1
G000214,2025-01-13 18:55:00,District 1,new,,Cash,10,313000.0,cancelled,,,Central,2.1,18,Mon,1
G000215,2025-01-13 19:21:00,Phu Nhuan,member,Gold,Cash,7,256000.0,delivered,37.7,5,Inner,4.0,19,Mon,1
G000216,2025-01-13 20:39:00,Binh Tan,member,Platinum,E-wallet,9,339000.0,delivered,56.8,,Outer,10.8,20,Mon,1
G000217,2025-01-13 20:53:00,Thu Duc City,member,Platinum,Cash,5,278000.0,delivered,59.4,1,Outer,11.5,20,Mon,1
G000218,2025-01-13 21:48:00,Go Vap,returning,,Cash,6,197000.0,delivered,38.4,3,Outer,7.9,21,Mon,1
G000219,2025-01-14 06:56:00,Thu Duc City,new,,Cash,10,390000.0,delivered,46.1,3,Outer,11.5,6,Tue,1
G000220,2025-01-14 08:01:00,Thu Duc City,member,Silver,Card,3,103000.0,delivered,46.1,,Outer,11.5,8,Tue,1
G000221,2025-01-14 13:02:00,Thu Duc City,member,Gold,Cash,8,237000.0,delivered,51.1,,Outer,11.5,13,Tue,1
G000222,2025-01-14 14:06:00,Thu Duc City,returning,,Card,9,331000.0,delivered,45.2,,Outer,11.5,14,Tue,1
G000223,2025-01-14 14:53:00,District 3,returning,,Card,9,215000.0,delivered,33.0,4,Central,2.8,14,Tue,1
G000224,2025-01-14 16:17:00,Thu Duc City,new,,Card,4,66000.0,delivered,46.1,,Outer,11.5,16,Tue,1
G000225,2025-01-14 16:42:00,District 10,member,Silver,E-wallet,9,333000.0,delivered,25.2,,Central,3.5,16,Tue,1
G000226,2025-01-14 17:19:00,District 10,new,,Bank transfer,5,162000.0,delivered,34.5,4,Central,3.5,17,Tue,1
G000227,2025-01-14 18:03:00,Phu Nhuan,returning,,E-wallet,8,202000.0,delivered,44.1,3,Inner,4.0,18,Tue,1
G000228,2025-01-14 18:23:00,District 7,returning,,Bank transfer,4,106000.0,delivered,45.9,2,Inner,7.5,18,Tue,1
G000229,2025-01-14 19:46:00,Binh Tan,member,Platinum,E-wallet,7,273000.0,delivered,65.3,2,Outer,10.8,19,Tue,1
G000230,2025-01-14 19:56:00,Thu Duc City,returning,,Cash,8,186000.0,cancelled,,,Outer,11.5,19,Tue,1
G000231,2025-01-14 20:02:00,Go Vap,returning,,Card,9,217000.0,delivered,43.4,3,Outer,7.9,20,Tue,1
G000232,2025-01-14 21:43:00,Binh Thanh,returning,,Cash,4,131000.0,delivered,25.4,,Inner,4.6,21,Tue,1
G000233,2025-01-15 07:41:00,District 10,new,,Card,3,109000.0,delivered,26.0,,Central,3.5,7,Wed,1
G000234,2025-01-15 12:30:00,Binh Tan,returning,,Card,14,355000.0,delivered,53.1,2,Outer,10.8,12,Wed,1
G000235,2025-01-15 15:06:00,Thu Duc City,returning,,Card,7,132000.0,delivered,44.5,1,Outer,11.5,15,Wed,1
G000236,2025-01-15 16:41:00,Thu Duc City,member,Gold,E-wallet,5,155000.0,delivered,49.9,,Outer,11.5,16,Wed,1
G000237,2025-01-15 19:26:00,Tan Binh,new,,Cash,8,338000.0,delivered,39.9,,Inner,5.2,19,Wed,1
G000238,2025-01-15 19:29:00,District 10,member,Gold,Card,4,142000.0,delivered,31.5,5,Central,3.5,19,Wed,1
G000239,2025-01-15 20:38:00,Binh Thanh,returning,,Cash,7,216000.0,delivered,33.7,3,Inner,4.6,20,Wed,1
G000240,2025-01-15 21:19:00,Thu Duc City,member,Silver,Cash,5,218000.0,delivered,45.6,3,Outer,11.5,21,Wed,1
G000241,2025-01-16 08:04:00,Tan Binh,returning,,E-wallet,9,298000.0,delivered,54.1,2,Inner,5.2,8,Thu,1
G000242,2025-01-16 11:20:00,Phu Nhuan,member,Gold,Card,10,339000.0,delivered,36.5,4,Inner,4.0,11,Thu,1
G000243,2025-01-16 13:18:00,District 1,member,Silver,E-wallet,4,94000.0,delivered,20.1,5,Central,2.1,13,Thu,1
G000244,2025-01-16 15:25:00,Tan Binh,new,,E-wallet,7,215000.0,delivered,32.4,4,Inner,5.2,15,Thu,1
G000245,2025-01-16 15:29:00,Go Vap,new,,E-wallet,8,209000.0,delivered,49.9,,Outer,7.9,15,Thu,1
G000246,2025-01-16 16:34:00,District 10,member,Gold,Bank transfer,5,209000.0,delivered,37.6,4,Central,3.5,16,Thu,1
G000247,2025-01-16 17:36:00,Phu Nhuan,new,,Card,9,321000.0,delivered,30.1,,Inner,4.0,17,Thu,1
G000248,2025-01-16 19:04:00,Tan Binh,member,Silver,E-wallet,7,266000.0,delivered,35.8,4,Inner,5.2,19,Thu,1
G000249,2025-01-16 19:11:00,District 7,new,,Cash,5,175000.0,delivered,41.8,3,Inner,7.5,19,Thu,1
G000250,2025-01-16 19:24:00,Thu Duc City,member,Silver,E-wallet,5,235000.0,cancelled,,,Outer,11.5,19,Thu,1
G000251,2025-01-16 19:54:00,Go Vap,returning,,Card,9,278000.0,delivered,42.6,3,Outer,7.9,19,Thu,1
G000252,2025-01-16 21:39:00,District 7,returning,,E-wallet,4,146000.0,delivered,41.6,4,Inner,7.5,21,Thu,1
G000253,2025-01-16 22:38:00,District 1,member,Gold,E-wallet,8,290000.0,delivered,21.4,,Central,2.1,22,Thu,1
G000254,2025-01-17 08:10:00,District 10,returning,,E-wallet,9,324000.0,delivered,21.2,5,Central,3.5,8,Fri,1
G000255,2025-01-17 10:36:00,Binh Thanh,returning,,E-wallet,4,99000.0,delivered,38.2,3,Inner,4.6,10,Fri,1
G000256,2025-01-17 12:45:00,Binh Thanh,returning,,E-wallet,9,228000.0,delivered,40.8,4,Inner,4.6,12,Fri,1
G000257,2025-01-17 13:04:00,District 10,returning,,Bank transfer,9,387000.0,delivered,25.6,,Central,3.5,13,Fri,1
G000258,2025-01-17 13:34:00,Thu Duc City,member,Gold,Cash,12,399000.0,delivered,45.6,,Outer,11.5,13,Fri,1
G000259,2025-01-17 14:39:00,Binh Tan,returning,,E-wallet,3,86000.0,delivered,43.6,4,Outer,10.8,14,Fri,1
G000260,2025-01-17 19:54:00,District 10,returning,,Cash,9,244000.0,delivered,35.1,3,Central,3.5,19,Fri,1
G000261,2025-01-17 19:57:00,Go Vap,returning,,Card,4,108000.0,delivered,46.1,,Outer,7.9,19,Fri,1
G000262,2025-01-17 20:13:00,Thu Duc City,new,,Card,9,160000.0,delivered,61.4,2,Outer,11.5,20,Fri,1
G000263,2025-01-17 20:20:00,Tan Binh,returning,,Cash,5,162000.0,delivered,35.0,5,Inner,5.2,20,Fri,1
G000264,2025-01-17 20:54:00,Phu Nhuan,returning,,Bank transfer,10,373000.0,delivered,36.7,4,Inner,4.0,20,Fri,1
G000265,2025-01-17 20:55:00,District 10,returning,,Cash,10,359000.0,delivered,32.0,,Central,3.5,20,Fri,1
G000266,2025-01-17 22:49:00,District 3,new,,Cash,8,334000.0,delivered,21.4,5,Central,2.8,22,Fri,1
G000267,2025-01-18 06:29:00,District 10,member,Silver,Cash,15,261000.0,delivered,29.8,4,Central,3.5,6,Sat,1
G000268,2025-01-18 06:47:00,District 3,returning,,E-wallet,15,656000.0,delivered,26.2,4,Central,2.8,6,Sat,1
G000269,2025-01-18 08:31:00,Binh Tan,member,Silver,Bank transfer,12,419000.0,delivered,42.5,4,Outer,10.8,8,Sat,1
G000270,2025-01-18 10:29:00,District 10,member,Silver,Bank transfer,10,448000.0,delivered,24.7,4,Central,3.5,10,Sat,1
G000271,2025-01-18 11:54:00,Go Vap,member,Gold,Card,7,169000.0,delivered,50.2,,Outer,7.9,11,Sat,1
G000272,2025-01-18 12:34:00,Go Vap,returning,,Card,9,355000.0,delivered,43.2,2,Outer,7.9,12,Sat,1
G000273,2025-01-18 13:23:00,District 1,new,,Card,7,136000.0,delivered,21.2,5,Central,2.1,13,Sat,1
G000274,2025-01-18 13:23:00,District 3,returning,,Cash,15,549000.0,delivered,21.4,,Central,2.8,13,Sat,1
G000275,2025-01-18 14:32:00,Go Vap,returning,,E-wallet,12,385000.0,delivered,33.9,4,Outer,7.9,14,Sat,1
G000276,2025-01-18 14:51:00,Thu Duc City,returning,,Card,10,197000.0,delivered,43.1,,Outer,11.5,14,Sat,1
G000277,2025-01-18 14:57:00,District 3,member,Gold,Card,8,145000.0,delivered,35.4,3,Central,2.8,14,Sat,1
G000278,2025-01-18 16:08:00,District 3,returning,,Cash,13,455000.0,delivered,24.9,5,Central,2.8,16,Sat,1
G000279,2025-01-18 19:20:00,District 3,new,,Cash,9,345000.0,delivered,35.0,,Central,2.8,19,Sat,1
G000280,2025-01-18 20:03:00,District 7,member,Platinum,Card,8,337000.0,delivered,44.0,3,Inner,7.5,20,Sat,1
G000281,2025-01-18 20:08:00,Tan Binh,returning,,Cash,10,223000.0,delivered,35.3,4,Inner,5.2,20,Sat,1
G000282,2025-01-18 21:03:00,District 10,new,,E-wallet,10,324000.0,delivered,27.2,5,Central,3.5,21,Sat,1
G000283,2025-01-18 21:10:00,District 3,returning,,E-wallet,8,230000.0,delivered,20.1,5,Central,2.8,21,Sat,1
G000284,2025-01-18 21:35:00,Binh Thanh,returning,,Bank transfer,11,412000.0,delivered,25.0,,Inner,4.6,21,Sat,1
G000285,2025-01-19 08:45:00,District 7,member,Platinum,Cash,10,405000.0,delivered,38.4,3,Inner,7.5,8,Sun,1
G000286,2025-01-19 11:49:00,District 1,returning,,Cash,5,156000.0,delivered,29.7,4,Central,2.1,11,Sun,1
G000287,2025-01-19 12:13:00,Go Vap,new,,E-wallet,10,282000.0,delivered,45.9,3,Outer,7.9,12,Sun,1
G000288,2025-01-19 15:30:00,Phu Nhuan,member,Silver,E-wallet,9,261000.0,delivered,26.9,5,Inner,4.0,15,Sun,1
G000289,2025-01-19 16:23:00,District 3,new,,E-wallet,11,364000.0,delivered,23.7,4,Central,2.8,16,Sun,1
G000290,2025-01-19 16:54:00,District 7,returning,,E-wallet,10,372000.0,delivered,36.2,3,Inner,7.5,16,Sun,1
G000291,2025-01-19 17:58:00,District 7,returning,,Cash,9,230000.0,delivered,37.8,,Inner,7.5,17,Sun,1
G000292,2025-01-19 19:20:00,District 7,returning,,Bank transfer,6,210000.0,delivered,43.3,,Inner,7.5,19,Sun,1
G000293,2025-01-19 19:20:00,Thu Duc City,member,Silver,E-wallet,6,188000.0,delivered,52.9,2,Outer,11.5,19,Sun,1
G000294,2025-01-19 19:46:00,District 3,member,Gold,Cash,12,350000.0,delivered,47.0,3,Central,2.8,19,Sun,1
G000295,2025-01-19 19:59:00,District 7,member,Silver,E-wallet,6,162000.0,delivered,41.1,3,Inner,7.5,19,Sun,1
G000296,2025-01-19 20:15:00,Thu Duc City,returning,,Cash,10,312000.0,delivered,51.6,3,Outer,11.5,20,Sun,1
G000297,2025-01-19 20:24:00,District 7,new,,Cash,9,287000.0,delivered,45.2,,Inner,7.5,20,Sun,1
G000298,2025-01-19 20:44:00,Binh Tan,member,Silver,Cash,7,246000.0,delivered,55.7,2,Outer,10.8,20,Sun,1
G000299,2025-01-19 20:44:00,Go Vap,returning,,E-wallet,10,236000.0,delivered,41.7,,Outer,7.9,20,Sun,1
G000300,2025-01-19 21:28:00,District 1,returning,,Cash,7,189000.0,cancelled,,,Central,2.1,21,Sun,1
G000301,2025-01-19 22:53:00,Thu Duc City,member,Silver,E-wallet,10,501000.0,delivered,43.1,3,Outer,11.5,22,Sun,1
G000302,2025-01-20 11:01:00,Binh Thanh,returning,,Cash,5,193000.0,delivered,42.3,3,Inner,4.6,11,Mon,1
G000303,2025-01-20 11:34:00,Binh Tan,member,Gold,Cash,4,141000.0,delivered,53.9,1,Outer,10.8,11,Mon,1
G000304,2025-01-20 12:08:00,District 10,returning,,Bank transfer,5,139000.0,delivered,37.2,4,Central,3.5,12,Mon,1
G000305,2025-01-20 12:12:00,Go Vap,returning,,Card,8,253000.0,delivered,42.5,3,Outer,7.9,12,Mon,1
G000306,2025-01-20 12:22:00,Thu Duc City,returning,,Card,5,162000.0,delivered,50.8,,Outer,11.5,12,Mon,1
G000307,2025-01-20 12:51:00,Phu Nhuan,returning,,Card,6,,delivered,34.0,4,Inner,4.0,12,Mon,1
G000308,2025-01-20 13:36:00,Go Vap,returning,,Cash,8,257000.0,delivered,34.3,3,Outer,7.9,13,Mon,1
G000309,2025-01-20 14:00:00,District 3,returning,,Card,4,107000.0,delivered,21.5,5,Central,2.8,14,Mon,1
G000310,2025-01-20 15:56:00,Tan Binh,new,,E-wallet,7,244000.0,delivered,30.5,5,Inner,5.2,15,Mon,1
G000311,2025-01-20 16:36:00,Go Vap,returning,,Bank transfer,6,170000.0,delivered,39.5,3,Outer,7.9,16,Mon,1
G000312,2025-01-20 18:11:00,Binh Thanh,returning,,Card,10,438000.0,delivered,33.8,4,Inner,4.6,18,Mon,1
G000313,2025-01-20 18:23:00,Phu Nhuan,returning,,E-wallet,12,414000.0,delivered,41.2,4,Inner,4.0,18,Mon,1
G000314,2025-01-20 19:12:00,Phu Nhuan,returning,,Cash,6,236000.0,delivered,33.0,5,Inner,4.0,19,Mon,1
G000315,2025-01-20 19:45:00,District 3,new,,Bank transfer,5,182000.0,delivered,29.7,5,Central,2.8,19,Mon,1
G000316,2025-01-20 19:48:00,District 7,new,,E-wallet,7,256000.0,delivered,42.1,2,Inner,7.5,19,Mon,1
G000317,2025-01-20 20:35:00,Tan Binh,new,,Cash,5,90000.0,delivered,39.0,4,Inner,5.2,20,Mon,1
G000318,2025-01-20 20:36:00,Binh Thanh,new,,Cash,8,240000.0,cancelled,,,Inner,4.6,20,Mon,1
G000319,2025-01-20 20:51:00,Tan Binh,member,Gold,E-wallet,10,271000.0,delivered,35.3,3,Inner,5.2,20,Mon,1
G000320,2025-01-21 11:35:00,Binh Tan,returning,,Cash,5,206000.0,delivered,52.9,2,Outer,10.8,11,Tue,1
G000321,2025-01-21 11:56:00,Phu Nhuan,returning,,E-wallet,10,387000.0,delivered,32.8,4,Inner,4.0,11,Tue,1
G000322,2025-01-21 12:35:00,District 10,returning,,Cash,5,166000.0,delivered,35.7,4,Central,3.5,12,Tue,1
G000323,2025-01-21 12:41:00,Binh Thanh,new,,Cash,9,267000.0,delivered,39.4,,Inner,4.6,12,Tue,1
G000324,2025-01-21 13:46:00,District 1,new,,E-wallet,5,186000.0,delivered,20.8,,Central,2.1,13,Tue,1
G000325,2025-01-21 13:48:00,Binh Tan,member,Platinum,Card,7,344000.0,delivered,42.7,4,Outer,10.8,13,Tue,1
G000326,2025-01-21 14:52:00,District 3,returning,,E-wallet,10,265000.0,delivered,20.2,4,Central,2.8,14,Tue,1
G000327,2025-01-21 16:42:00,Phu Nhuan,returning,,E-wallet,4,107000.0,delivered,27.8,4,Inner,4.0,16,Tue,1
G000328,2025-01-21 17:23:00,Tan Binh,new,,Cash,7,306000.0,delivered,27.1,4,Inner,5.2,17,Tue,1
G000329,2025-01-21 18:13:00,District 3,returning,,E-wallet,12,357000.0,cancelled,,,Central,2.8,18,Tue,1
G000330,2025-01-21 18:39:00,District 7,returning,,E-wallet,7,242000.0,delivered,40.6,2,Inner,7.5,18,Tue,1
G000331,2025-01-21 19:03:00,District 7,returning,,Cash,6,150000.0,delivered,40.6,,Inner,7.5,19,Tue,1
G000332,2025-01-21 19:16:00,Go Vap,returning,,E-wallet,6,234000.0,delivered,47.1,,Outer,7.9,19,Tue,1
G000333,2025-01-21 19:33:00,Binh Thanh,returning,,E-wallet,6,231000.0,delivered,33.6,4,Inner,4.6,19,Tue,1
G000334,2025-01-21 21:02:00,District 1,member,Silver,Cash,6,193000.0,delivered,22.5,4,Central,2.1,21,Tue,1
G000335,2025-01-21 21:03:00,Go Vap,member,Platinum,E-wallet,7,325000.0,delivered,35.7,3,Outer,7.9,21,Tue,1
G000336,2025-01-21 23:03:00,Phu Nhuan,member,Silver,Card,8,174000.0,delivered,27.3,5,Inner,4.0,23,Tue,1
G000337,2025-01-22 10:13:00,Go Vap,member,Silver,Card,7,286000.0,delivered,51.4,2,Outer,7.9,10,Wed,1
G000338,2025-01-22 12:07:00,District 3,new,,Card,12,403000.0,delivered,28.1,,Central,2.8,12,Wed,1
G000339,2025-01-22 13:10:00,Thu Duc City,returning,,Cash,6,244000.0,delivered,44.3,2,Outer,11.5,13,Wed,1
G000340,2025-01-22 13:26:00,Phu Nhuan,member,Silver,Cash,16,521000.0,delivered,28.8,,Inner,4.0,13,Wed,1
G000341,2025-01-22 13:36:00,Thu Duc City,returning,,E-wallet,6,253000.0,delivered,49.2,3,Outer,11.5,13,Wed,1
G000342,2025-01-22 14:35:00,Binh Tan,new,,E-wallet,4,99000.0,delivered,45.0,,Outer,10.8,14,Wed,1
G000343,2025-01-22 14:38:00,District 10,new,,Cash,6,153000.0,delivered,28.5,5,Central,3.5,14,Wed,1
G000344,2025-01-22 14:56:00,Thu Duc City,member,Gold,Bank transfer,4,158000.0,delivered,46.2,2,Outer,11.5,14,Wed,1
G000345,2025-01-22 15:14:00,Go Vap,new,,E-wallet,6,232000.0,delivered,41.4,3,Outer,7.9,15,Wed,1
G000346,2025-01-22 15:36:00,Tan Binh,returning,,E-wallet,3,112000.0,delivered,27.9,4,Inner,5.2,15,Wed,1
G000347,2025-01-22 15:43:00,Binh Tan,returning,,E-wallet,4,112000.0,delivered,42.4,3,Outer,10.8,15,Wed,1
G000348,2025-01-22 18:28:00,Tan Binh,member,Platinum,E-wallet,5,244000.0,delivered,37.7,,Inner,5.2,18,Wed,1
G000349,2025-01-22 18:47:00,Binh Thanh,returning,,Cash,4,148000.0,delivered,35.1,4,Inner,4.6,18,Wed,1
G000351,2025-01-22 19:44:00,Binh Tan,member,Silver,Cash,5,131000.0,delivered,54.0,2,Outer,10.8,19,Wed,1
G000350,2025-01-22 19:44:00,Thu Duc City,member,Silver,Card,3,112000.0,delivered,51.9,3,Outer,11.5,19,Wed,1
G000352,2025-01-22 20:45:00,Binh Thanh,new,,E-wallet,5,170000.0,delivered,37.7,,Inner,4.6,20,Wed,1
G000353,2025-01-22 22:57:00,Binh Tan,returning,,Bank transfer,5,222000.0,delivered,53.3,3,Outer,10.8,22,Wed,1
G000354,2025-01-23 07:11:00,Binh Thanh,new,,Cash,2,69000.0,delivered,39.5,,Inner,4.6,7,Thu,1
G000355,2025-01-23 08:29:00,District 7,new,,Bank transfer,4,112000.0,delivered,34.3,5,Inner,7.5,8,Thu,1
G000356,2025-01-23 09:30:00,Binh Tan,returning,,Cash,6,203000.0,delivered,42.1,4,Outer,10.8,9,Thu,1
G000357,2025-01-23 10:09:00,Tan Binh,returning,,E-wallet,8,248000.0,delivered,26.5,5,Inner,5.2,10,Thu,1
G000358,2025-01-23 10:10:00,Go Vap,member,Silver,Card,10,379000.0,delivered,38.2,,Outer,7.9,10,Thu,1
G000359,2025-01-23 12:26:00,Thu Duc City,returning,,E-wallet,4,103000.0,delivered,60.5,2,Outer,11.5,12,Thu,1
G000360,2025-01-23 12:58:00,Thu Duc City,new,,Bank transfer,6,147000.0,delivered,52.8,,Outer,11.5,12,Thu,1
G000361,2025-01-23 13:50:00,Phu Nhuan,new,,E-wallet,6,205000.0,delivered,24.8,,Inner,4.0,13,Thu,1
G000362,2025-01-23 13:50:00,District 3,returning,,Bank transfer,10,246000.0,delivered,22.5,4,Central,2.8,13,Thu,1
G000363,2025-01-23 14:28:00,Phu Nhuan,member,Platinum,E-wallet,7,318000.0,delivered,29.9,4,Inner,4.0,14,Thu,1
G000364,2025-01-23 14:51:00,District 3,member,Silver,Bank transfer,7,206000.0,delivered,22.3,,Central,2.8,14,Thu,1
G000365,2025-01-23 15:16:00,Go Vap,returning,,Cash,6,165000.0,delivered,37.3,3,Outer,7.9,15,Thu,1
G000366,2025-01-23 15:27:00,District 10,new,,Cash,6,184000.0,delivered,23.8,,Central,3.5,15,Thu,1
G000367,2025-01-23 18:44:00,Phu Nhuan,member,Gold,E-wallet,8,249000.0,delivered,31.9,5,Inner,4.0,18,Thu,1
G000368,2025-01-23 19:05:00,Thu Duc City,new,,Bank transfer,7,206000.0,delivered,53.2,1,Outer,11.5,19,Thu,1
G000369,2025-01-23 19:11:00,District 1,member,Silver,Cash,11,388000.0,delivered,29.3,3,Central,2.1,19,Thu,1
G000370,2025-01-23 19:16:00,District 1,member,Silver,E-wallet,5,187000.0,delivered,30.5,,Central,2.1,19,Thu,1
G000371,2025-01-23 19:39:00,Phu Nhuan,new,,Cash,5,166000.0,delivered,37.2,3,Inner,4.0,19,Thu,1
G000372,2025-01-23 19:42:00,Thu Duc City,returning,,E-wallet,6,197000.0,delivered,52.5,,Outer,11.5,19,Thu,1
G000373,2025-01-23 20:24:00,District 3,returning,,E-wallet,4,121000.0,delivered,39.0,4,Central,2.8,20,Thu,1
G000374,2025-01-23 22:01:00,Go Vap,returning,,Card,10,368000.0,delivered,41.0,,Outer,7.9,22,Thu,1
G000375,2025-01-23 22:29:00,District 7,member,Silver,Cash,6,248000.0,delivered,37.3,3,Inner,7.5,22,Thu,1
G000376,2025-01-24 07:13:00,Binh Tan,member,Silver,Cash,5,178000.0,delivered,43.0,,Outer,10.8,7,Fri,1
G000377,2025-01-24 07:56:00,Thu Duc City,member,Silver,Cash,8,287000.0,cancelled,,,Outer,11.5,7,Fri,1
G000378,2025-01-24 08:00:00,Binh Thanh,member,Gold,Bank transfer,5,143000.0,delivered,40.1,,Inner,4.6,8,Fri,1
G000379,2025-01-24 10:15:00,Phu Nhuan,new,,Cash,5,173000.0,delivered,27.0,,Inner,4.0,10,Fri,1
G000380,2025-01-24 11:17:00,Go Vap,returning,,Bank transfer,10,359000.0,delivered,43.0,3,Outer,7.9,11,Fri,1
G000381,2025-01-24 11:40:00,Binh Thanh,returning,,Card,6,175000.0,delivered,44.2,,Inner,4.6,11,Fri,1
G000382,2025-01-24 14:19:00,District 7,returning,,Cash,4,149000.0,delivered,46.2,4,Inner,7.5,14,Fri,1
G000383,2025-01-24 14:38:00,Binh Thanh,new,,Cash,12,362000.0,delivered,24.3,4,Inner,4.6,14,Fri,1
G000384,2025-01-24 17:42:00,Tan Binh,new,,E-wallet,6,144000.0,delivered,27.2,4,Inner,5.2,17,Fri,1
G000385,2025-01-24 19:13:00,District 1,member,Silver,Cash,8,250000.0,delivered,27.7,5,Central,2.1,19,Fri,1
G000386,2025-01-24 20:00:00,Tan Binh,new,,Cash,6,151000.0,delivered,42.9,3,Inner,5.2,20,Fri,1
G000387,2025-01-24 21:54:00,Thu Duc City,returning,,Bank transfer,4,138000.0,delivered,45.4,2,Outer,11.5,21,Fri,1
G000388,2025-01-24 22:35:00,District 7,new,,E-wallet,4,104000.0,delivered,34.4,3,Inner,7.5,22,Fri,1
G000389,2025-01-25 07:36:00,Binh Tan,returning,,Cash,9,320000.0,delivered,42.9,3,Outer,10.8,7,Sat,1
G000390,2025-01-25 08:09:00,Phu Nhuan,returning,,E-wallet,14,399000.0,delivered,26.8,4,Inner,4.0,8,Sat,1
G000391,2025-01-25 08:51:00,Thu Duc City,returning,,Bank transfer,11,244000.0,delivered,55.5,,Outer,11.5,8,Sat,1
G000392,2025-01-25 10:06:00,Thu Duc City,member,Gold,Card,10,241000.0,delivered,46.4,2,Outer,11.5,10,Sat,1
G000393,2025-01-25 10:07:00,District 10,member,Platinum,Bank transfer,8,288000.0,delivered,22.3,4,Central,3.5,10,Sat,1
G000394,2025-01-25 11:49:00,Binh Tan,new,,Bank transfer,12,442000.0,delivered,69.7,,Outer,10.8,11,Sat,1
G000395,2025-01-25 12:09:00,Thu Duc City,member,Silver,Bank transfer,9,295000.0,delivered,58.5,,Outer,11.5,12,Sat,1
G000396,2025-01-25 12:25:00,Binh Thanh,returning,,Card,15,460000.0,delivered,38.3,,Inner,4.6,12,Sat,1
G000397,2025-01-25 13:09:00,Phu Nhuan,returning,,E-wallet,7,243000.0,delivered,25.4,4,Inner,4.0,13,Sat,1
G000398,2025-01-25 14:10:00,Go Vap,new,,E-wallet,11,311000.0,delivered,36.2,4,Outer,7.9,14,Sat,1
G000399,2025-01-25 14:33:00,Go Vap,returning,,Cash,11,320000.0,delivered,33.8,4,Outer,7.9,14,Sat,1
G000400,2025-01-25 16:43:00,District 7,returning,,Cash,8,271000.0,delivered,48.9,,Inner,7.5,16,Sat,1
G000401,2025-01-25 18:26:00,District 7,returning,,E-wallet,7,206000.0,delivered,49.7,3,Inner,7.5,18,Sat,1
G000402,2025-01-25 19:24:00,Phu Nhuan,new,,Cash,8,210000.0,delivered,31.6,4,Inner,4.0,19,Sat,1
G000403,2025-01-25 19:31:00,Go Vap,new,,Cash,12,354000.0,delivered,42.5,4,Outer,7.9,19,Sat,1
G000404,2025-01-25 19:49:00,Go Vap,returning,,Cash,7,329000.0,delivered,47.7,3,Outer,7.9,19,Sat,1
G000405,2025-01-25 20:00:00,Binh Tan,member,Gold,E-wallet,12,366000.0,delivered,49.7,2,Outer,10.8,20,Sat,1
G000406,2025-01-25 20:09:00,Thu Duc City,new,,Bank transfer,14,449000.0,delivered,59.7,2,Outer,11.5,20,Sat,1
G000407,2025-01-25 21:22:00,District 1,returning,,Cash,11,422000.0,delivered,20.9,4,Central,2.1,21,Sat,1
G000408,2025-01-25 21:46:00,Go Vap,returning,,E-wallet,7,318000.0,cancelled,,,Outer,7.9,21,Sat,1
G000409,2025-01-25 23:00:00,Phu Nhuan,member,Silver,E-wallet,7,181000.0,delivered,28.0,5,Inner,4.0,23,Sat,1
G000410,2025-01-25 23:43:00,District 1,member,Gold,Bank transfer,7,200000.0,delivered,22.7,5,Central,2.1,23,Sat,1
G000411,2025-01-26 12:31:00,Binh Thanh,new,,Cash,10,346000.0,delivered,32.4,,Inner,4.6,12,Sun,1
G000412,2025-01-26 13:27:00,Go Vap,returning,,E-wallet,9,313000.0,delivered,34.6,5,Outer,7.9,13,Sun,1
G000413,2025-01-26 15:58:00,District 7,member,Silver,Bank transfer,10,468000.0,cancelled,,,Inner,7.5,15,Sun,1
G000414,2025-01-27 11:51:00,District 7,new,,Card,9,302000.0,delivered,44.7,,Inner,7.5,11,Mon,1
G000415,2025-01-27 12:45:00,Phu Nhuan,member,Silver,Bank transfer,3,151000.0,delivered,38.5,,Inner,4.0,12,Mon,1
G000416,2025-01-27 15:55:00,Go Vap,returning,,E-wallet,6,231000.0,delivered,39.7,3,Outer,7.9,15,Mon,1
G000417,2025-01-27 18:44:00,Thu Duc City,new,,E-wallet,7,116000.0,delivered,62.2,4,Outer,11.5,18,Mon,1
G000418,2025-01-27 19:02:00,District 10,member,Silver,Card,12,375000.0,delivered,34.3,,Central,3.5,19,Mon,1
G000419,2025-01-27 19:44:00,Phu Nhuan,member,Platinum,Bank transfer,2,154000.0,cancelled,,,Inner,4.0,19,Mon,1
G000420,2025-01-27 20:18:00,Tan Binh,new,,E-wallet,9,274000.0,delivered,35.4,3,Inner,5.2,20,Mon,1
G000421,2025-01-28 07:32:00,Binh Thanh,new,,Bank transfer,9,220000.0,delivered,34.4,3,Inner,4.6,7,Tue,1
G000422,2025-01-28 11:51:00,Thu Duc City,returning,,Cash,7,186000.0,delivered,58.3,3,Outer,11.5,11,Tue,1
G000423,2025-01-28 12:52:00,Binh Thanh,returning,,Bank transfer,9,358000.0,delivered,44.7,4,Inner,4.6,12,Tue,1
G000424,2025-01-28 15:51:00,District 1,member,Gold,E-wallet,9,251000.0,delivered,24.3,,Central,2.1,15,Tue,1
G000425,2025-01-28 21:26:00,Thu Duc City,new,,Card,8,322000.0,cancelled,,,Outer,11.5,21,Tue,1
G000426,2025-01-29 11:15:00,Binh Tan,member,Silver,Card,3,101000.0,delivered,54.9,2,Outer,10.8,11,Wed,1
G000427,2025-01-29 11:32:00,District 10,new,,E-wallet,5,130000.0,delivered,31.4,5,Central,3.5,11,Wed,1
G000428,2025-01-29 12:18:00,Binh Tan,returning,,Cash,4,111000.0,delivered,52.7,2,Outer,10.8,12,Wed,1
G000429,2025-01-29 16:00:00,Thu Duc City,new,,Card,8,287000.0,delivered,44.6,3,Outer,11.5,16,Wed,1
G000430,2025-01-29 18:48:00,Go Vap,returning,,Card,12,320000.0,delivered,64.7,,Outer,7.9,18,Wed,1
G000431,2025-01-29 19:26:00,Tan Binh,member,Gold,E-wallet,10,383000.0,delivered,41.5,,Inner,5.2,19,Wed,1
G000432,2025-01-29 19:29:00,Binh Thanh,new,,Bank transfer,9,309000.0,delivered,38.9,,Inner,4.6,19,Wed,1
G000433,2025-01-29 19:38:00,Binh Thanh,returning,,E-wallet,5,169000.0,delivered,43.7,,Inner,4.6,19,Wed,1
G000434,2025-01-29 19:59:00,Phu Nhuan,member,Silver,Cash,9,301000.0,delivered,35.8,,Inner,4.0,19,Wed,1
G000435,2025-01-29 20:57:00,District 10,member,Silver,E-wallet,7,188000.0,delivered,58.3,1,Central,3.5,20,Wed,1
G000436,2025-01-29 21:14:00,District 3,new,,Cash,5,176000.0,delivered,26.3,5,Central,2.8,21,Wed,1
G000437,2025-01-30 09:07:00,Tan Binh,new,,Cash,7,187000.0,delivered,28.5,,Inner,5.2,9,Thu,1
G000438,2025-01-30 11:44:00,Binh Thanh,member,Silver,Card,10,365000.0,delivered,37.0,2,Inner,4.6,11,Thu,1
G000439,2025-01-30 12:04:00,District 1,returning,,Card,5,181000.0,delivered,27.1,5,Central,2.1,12,Thu,1
G000440,2025-01-30 18:34:00,Binh Thanh,new,,Card,7,210000.0,delivered,41.9,,Inner,4.6,18,Thu,1
G000441,2025-01-31 11:07:00,Go Vap,member,Silver,E-wallet,4,179000.0,delivered,43.3,,Outer,7.9,11,Fri,1
G000442,2025-01-31 14:52:00,Binh Tan,member,Gold,E-wallet,5,127000.0,delivered,46.2,3,Outer,10.8,14,Fri,1
G000443,2025-01-31 15:45:00,District 7,new,,Card,3,59000.0,delivered,46.6,3,Inner,7.5,15,Fri,1
G000444,2025-02-01 09:33:00,District 1,member,Silver,Cash,9,106000.0,delivered,21.2,3,Central,2.1,9,Sat,2
G000445,2025-02-01 12:40:00,Binh Thanh,member,Silver,Card,11,407000.0,delivered,45.2,3,Inner,4.6,12,Sat,2
G000446,2025-02-01 13:58:00,Tan Binh,new,,Cash,10,131000.0,delivered,27.9,4,Inner,5.2,13,Sat,2
G000447,2025-02-01 14:03:00,Tan Binh,member,Silver,E-wallet,5,137000.0,delivered,28.9,,Inner,5.2,14,Sat,2
G000448,2025-02-02 07:33:00,District 1,member,Gold,E-wallet,9,387000.0,delivered,18.7,5,Central,2.1,7,Sun,2
G000449,2025-02-02 08:24:00,Binh Thanh,returning,,Cash,10,177000.0,delivered,27.9,5,Inner,4.6,8,Sun,2
G000450,2025-02-02 08:42:00,Tan Binh,returning,,E-wallet,9,351000.0,delivered,36.4,,Inner,5.2,8,Sun,2
G000451,2025-02-02 12:08:00,Phu Nhuan,new,,Cash,9,192000.0,delivered,35.3,2,Inner,4.0,12,Sun,2
G000452,2025-02-02 13:24:00,Tan Binh,new,,Cash,9,304000.0,delivered,25.9,5,Inner,5.2,13,Sun,2
G000453,2025-02-02 13:25:00,Go Vap,returning,,Bank transfer,14,424000.0,delivered,36.0,,Outer,7.9,13,Sun,2
G000454,2025-02-02 20:33:00,Tan Binh,returning,,E-wallet,9,256000.0,delivered,39.9,,Inner,5.2,20,Sun,2
G000455,2025-02-03 09:15:00,Tan Binh,new,,Bank transfer,11,305000.0,delivered,39.8,4,Inner,5.2,9,Mon,2
G000456,2025-02-03 11:23:00,Binh Thanh,new,,E-wallet,5,175000.0,delivered,35.2,,Inner,4.6,11,Mon,2
G000457,2025-02-03 12:49:00,Binh Thanh,new,,Card,8,279000.0,delivered,37.7,5,Inner,4.6,12,Mon,2
G000458,2025-02-03 12:58:00,District 1,returning,,E-wallet,9,315000.0,delivered,28.8,4,Central,2.1,12,Mon,2
G000459,2025-02-03 13:06:00,Binh Tan,member,Gold,Card,5,139000.0,delivered,48.8,1,Outer,10.8,13,Mon,2
G000460,2025-02-03 15:12:00,Tan Binh,new,,Cash,6,179000.0,delivered,26.5,5,Inner,5.2,15,Mon,2
G000461,2025-02-03 17:27:00,Phu Nhuan,returning,,Cash,6,179000.0,delivered,24.1,5,Inner,4.0,17,Mon,2
G000462,2025-02-03 17:33:00,District 7,new,,Cash,2,55000.0,cancelled,,,Inner,7.5,17,Mon,2
G000463,2025-02-03 20:10:00,District 3,member,Silver,E-wallet,5,191000.0,delivered,27.6,5,Central,2.8,20,Mon,2
G000464,2025-02-03 20:11:00,Go Vap,member,Platinum,Card,6,305000.0,delivered,44.0,2,Outer,7.9,20,Mon,2
G000465,2025-02-03 20:50:00,Phu Nhuan,member,Platinum,Card,9,441000.0,delivered,35.3,5,Inner,4.0,20,Mon,2
G000466,2025-02-03 21:42:00,Binh Tan,new,,E-wallet,5,175000.0,delivered,45.6,3,Outer,10.8,21,Mon,2
G000467,2025-02-04 10:03:00,District 1,new,,Cash,5,169000.0,delivered,20.1,5,Central,2.1,10,Tue,2
G000468,2025-02-04 10:05:00,District 3,member,Silver,Bank transfer,8,272000.0,delivered,26.9,3,Central,2.8,10,Tue,2
G000469,2025-02-04 10:09:00,Phu Nhuan,member,Platinum,Cash,7,281000.0,delivered,26.1,3,Inner,4.0,10,Tue,2
G000470,2025-02-04 10:47:00,District 1,member,Gold,Cash,12,299000.0,delivered,21.8,4,Central,2.1,10,Tue,2
G000471,2025-02-04 11:03:00,District 1,new,,Bank transfer,4,101000.0,delivered,28.9,5,Central,2.1,11,Tue,2
G000472,2025-02-04 12:03:00,Tan Binh,returning,,Cash,7,264000.0,delivered,43.9,4,Inner,5.2,12,Tue,2
G000473,2025-02-04 12:06:00,Thu Duc City,new,,E-wallet,7,205000.0,delivered,63.3,,Outer,11.5,12,Tue,2
G000474,2025-02-04 12:59:00,Go Vap,returning,,E-wallet,4,103000.0,delivered,43.2,3,Outer,7.9,12,Tue,2
G000475,2025-02-04 14:07:00,District 1,returning,,Cash,6,261000.0,delivered,20.9,4,Central,2.1,14,Tue,2
G000476,2025-02-04 14:35:00,District 3,returning,,E-wallet,4,105000.0,delivered,22.8,5,Central,2.8,14,Tue,2
G000477,2025-02-04 17:06:00,District 1,member,Silver,Cash,5,181000.0,delivered,22.1,5,Central,2.1,17,Tue,2
G000478,2025-02-04 17:13:00,Binh Tan,new,,Cash,8,244000.0,delivered,43.1,,Outer,10.8,17,Tue,2
G000479,2025-02-04 17:29:00,Tan Binh,new,,E-wallet,7,188000.0,delivered,32.6,5,Inner,5.2,17,Tue,2
G000480,2025-02-04 18:51:00,Tan Binh,returning,,Cash,4,146000.0,delivered,43.1,3,Inner,5.2,18,Tue,2
G000481,2025-02-04 18:55:00,District 1,new,,E-wallet,5,158000.0,delivered,29.5,,Central,2.1,18,Tue,2
G000482,2025-02-04 19:51:00,Binh Thanh,member,Silver,Card,5,192000.0,delivered,38.8,3,Inner,4.6,19,Tue,2
G000483,2025-02-04 22:33:00,Phu Nhuan,returning,,Card,8,308000.0,delivered,28.8,,Inner,4.0,22,Tue,2
G000484,2025-02-05 08:09:00,Binh Thanh,member,Gold,Bank transfer,4,96000.0,delivered,28.3,5,Inner,4.6,8,Wed,2
G000485,2025-02-05 08:28:00,Thu Duc City,returning,,E-wallet,10,359000.0,delivered,56.4,,Outer,11.5,8,Wed,2
G000486,2025-02-05 11:54:00,Thu Duc City,returning,,Card,12,368000.0,delivered,54.9,2,Outer,11.5,11,Wed,2
G000487,2025-02-05 13:23:00,Thu Duc City,member,Silver,E-wallet,6,124000.0,delivered,43.2,,Outer,11.5,13,Wed,2
G000488,2025-02-05 14:11:00,Phu Nhuan,returning,,Card,8,282000.0,delivered,31.3,4,Inner,4.0,14,Wed,2
G000489,2025-02-05 14:35:00,District 10,member,Silver,E-wallet,11,356000.0,delivered,23.8,5,Central,3.5,14,Wed,2
G000490,2025-02-05 15:44:00,Binh Thanh,returning,,E-wallet,13,276000.0,delivered,29.8,,Inner,4.6,15,Wed,2
G000491,2025-02-05 17:20:00,District 1,member,Gold,Bank transfer,9,242000.0,delivered,21.8,5,Central,2.1,17,Wed,2
G000492,2025-02-05 18:22:00,District 10,member,Platinum,E-wallet,7,421000.0,delivered,33.6,5,Central,3.5,18,Wed,2
G000493,2025-02-05 18:43:00,Tan Binh,member,Gold,Cash,3,100000.0,delivered,41.7,2,Inner,5.2,18,Wed,2
G000494,2025-02-05 18:59:00,Go Vap,member,Silver,Bank transfer,8,304000.0,delivered,45.7,3,Outer,7.9,18,Wed,2
G000495,2025-02-05 19:07:00,District 7,new,,Bank transfer,6,182000.0,delivered,49.2,2,Inner,7.5,19,Wed,2
G000496,2025-02-05 19:48:00,District 3,member,Platinum,Cash,6,274000.0,delivered,33.3,4,Central,2.8,19,Wed,2
G000497,2025-02-05 19:57:00,Phu Nhuan,member,Gold,E-wallet,7,238000.0,delivered,40.4,3,Inner,4.0,19,Wed,2
G000498,2025-02-05 22:52:00,District 1,member,Silver,E-wallet,6,217000.0,delivered,21.9,,Central,2.1,22,Wed,2
G000499,2025-02-05 23:34:00,Phu Nhuan,new,,Cash,9,426000.0,delivered,28.6,,Inner,4.0,23,Wed,2
G000500,2025-02-06 07:48:00,Phu Nhuan,member,Silver,E-wallet,9,334000.0,delivered,26.6,,Inner,4.0,7,Thu,2
G000501,2025-02-06 07:52:00,Binh Thanh,returning,,E-wallet,6,162000.0,delivered,25.5,,Inner,4.6,7,Thu,2
G000502,2025-02-06 10:26:00,District 1,member,Silver,E-wallet,10,,delivered,26.7,,Central,2.1,10,Thu,2
G000503,2025-02-06 12:26:00,Go Vap,returning,,Card,7,230000.0,delivered,45.6,3,Outer,7.9,12,Thu,2
G000504,2025-02-06 13:04:00,Binh Tan,member,Silver,Cash,5,175000.0,delivered,41.8,,Outer,10.8,13,Thu,2
G000505,2025-02-06 17:08:00,District 1,member,Gold,E-wallet,2,50000.0,delivered,21.8,4,Central,2.1,17,Thu,2
G000506,2025-02-06 18:48:00,Go Vap,returning,,Bank transfer,5,152000.0,delivered,42.2,,Outer,7.9,18,Thu,2
G000507,2025-02-06 20:39:00,Thu Duc City,new,,E-wallet,8,261000.0,delivered,58.0,1,Outer,11.5,20,Thu,2
G000508,2025-02-06 20:58:00,District 10,returning,,Bank transfer,7,225000.0,delivered,40.9,,Central,3.5,20,Thu,2
G000509,2025-02-06 21:26:00,District 10,member,Silver,Card,6,189000.0,delivered,37.4,4,Central,3.5,21,Thu,2
G000510,2025-02-06 22:22:00,Binh Tan,returning,,Card,6,204000.0,delivered,42.0,2,Outer,10.8,22,Thu,2
G000511,2025-02-07 10:22:00,District 3,member,Gold,Cash,2,70000.0,delivered,20.7,,Central,2.8,10,Fri,2
G000512,2025-02-07 10:46:00,District 3,new,,E-wallet,5,140000.0,delivered,24.5,5,Central,2.8,10,Fri,2
G000513,2025-02-07 10:52:00,District 10,member,Silver,E-wallet,9,283000.0,delivered,24.8,5,Central,3.5,10,Fri,2
G000514,2025-02-07 12:14:00,Binh Thanh,returning,,Card,11,151000.0,delivered,35.5,3,Inner,4.6,12,Fri,2
G000515,2025-02-07 12:16:00,District 7,new,,Card,6,242000.0,delivered,47.9,4,Inner,7.5,12,Fri,2
G000516,2025-02-07 12:21:00,District 3,member,Silver,Card,5,239000.0,delivered,29.6,5,Central,2.8,12,Fri,2
G000517,2025-02-07 12:31:00,Go Vap,new,,E-wallet,6,191000.0,delivered,49.9,3,Outer,7.9,12,Fri,2
G000518,2025-02-07 13:31:00,Tan Binh,member,Silver,Card,7,260000.0,delivered,37.1,,Inner,5.2,13,Fri,2
G000519,2025-02-07 13:47:00,Binh Thanh,returning,,Card,4,125000.0,delivered,28.2,4,Inner,4.6,13,Fri,2
G000520,2025-02-07 13:57:00,District 7,member,Silver,Cash,9,260000.0,delivered,46.5,3,Inner,7.5,13,Fri,2
G000521,2025-02-07 15:39:00,Tan Binh,new,,Card,6,160000.0,delivered,31.4,3,Inner,5.2,15,Fri,2
G000522,2025-02-07 15:45:00,Thu Duc City,returning,,Cash,3,113000.0,delivered,46.2,,Outer,11.5,15,Fri,2
G000523,2025-02-07 15:46:00,District 3,returning,,Card,6,164000.0,delivered,25.5,4,Central,2.8,15,Fri,2
G000524,2025-02-07 16:35:00,Go Vap,member,Silver,Cash,6,145000.0,cancelled,,,Outer,7.9,16,Fri,2
G000525,2025-02-07 18:16:00,Phu Nhuan,member,Silver,Cash,6,266000.0,delivered,32.1,4,Inner,4.0,18,Fri,2
G000526,2025-02-07 18:27:00,Binh Thanh,returning,,Card,9,331000.0,delivered,38.0,4,Inner,4.6,18,Fri,2
G000527,2025-02-07 19:31:00,District 10,returning,,E-wallet,11,393000.0,delivered,30.2,5,Central,3.5,19,Fri,2
G000528,2025-02-07 19:51:00,District 1,member,Silver,Card,3,76000.0,cancelled,,,Central,2.1,19,Fri,2
G000529,2025-02-07 19:51:00,District 3,member,Gold,E-wallet,4,151000.0,delivered,34.3,5,Central,2.8,19,Fri,2
G000530,2025-02-07 20:45:00,Tan Binh,returning,,E-wallet,5,203000.0,delivered,34.0,4,Inner,5.2,20,Fri,2
G000531,2025-02-07 20:53:00,Phu Nhuan,new,,E-wallet,4,109000.0,delivered,41.1,,Inner,4.0,20,Fri,2
G000532,2025-02-07 21:19:00,Binh Tan,new,,Cash,9,292000.0,delivered,42.0,3,Outer,10.8,21,Fri,2
G000533,2025-02-07 21:30:00,Thu Duc City,returning,,Cash,15,564000.0,delivered,42.7,3,Outer,11.5,21,Fri,2
G000534,2025-02-07 21:33:00,District 3,member,Silver,Card,7,315000.0,delivered,24.4,,Central,2.8,21,Fri,2
G000535,2025-02-07 22:43:00,Binh Thanh,returning,,Cash,8,316000.0,delivered,28.0,4,Inner,4.6,22,Fri,2
G000536,2025-02-08 09:05:00,Binh Tan,returning,,Card,8,166000.0,delivered,42.5,4,Outer,10.8,9,Sat,2
G000537,2025-02-08 09:56:00,District 10,member,Gold,Bank transfer,12,406000.0,delivered,23.3,,Central,3.5,9,Sat,2
G000538,2025-02-08 12:02:00,District 10,member,Silver,E-wallet,8,251000.0,delivered,33.4,4,Central,3.5,12,Sat,2
G000539,2025-02-08 12:36:00,Binh Thanh,new,,Cash,5,202000.0,delivered,33.9,3,Inner,4.6,12,Sat,2
G000540,2025-02-08 13:39:00,Binh Tan,returning,,Cash,9,345000.0,delivered,42.5,3,Outer,10.8,13,Sat,2
G000541,2025-02-08 13:54:00,Binh Tan,member,Silver,Cash,8,266000.0,delivered,52.8,,Outer,10.8,13,Sat,2
G000542,2025-02-08 15:38:00,Thu Duc City,returning,,Cash,7,108000.0,delivered,53.9,1,Outer,11.5,15,Sat,2
G000543,2025-02-08 17:38:00,Go Vap,member,Silver,Card,7,248000.0,delivered,35.7,4,Outer,7.9,17,Sat,2
G000544,2025-02-08 18:03:00,Go Vap,returning,,E-wallet,12,385000.0,delivered,52.7,2,Outer,7.9,18,Sat,2
G000545,2025-02-08 18:34:00,District 1,new,,E-wallet,9,313000.0,delivered,35.0,,Central,2.1,18,Sat,2
G000546,2025-02-08 18:51:00,Tan Binh,returning,,Bank transfer,7,229000.0,delivered,37.1,,Inner,5.2,18,Sat,2
G000547,2025-02-08 19:04:00,District 7,new,,E-wallet,12,338000.0,delivered,44.8,3,Inner,7.5,19,Sat,2
G000548,2025-02-08 19:40:00,Binh Tan,new,,Cash,16,380000.0,cancelled,,,Outer,10.8,19,Sat,2
G000549,2025-02-08 22:16:00,Go Vap,returning,,E-wallet,9,279000.0,delivered,36.0,3,Outer,7.9,22,Sat,2
G000550,2025-02-09 07:34:00,Binh Thanh,member,Gold,Cash,9,207000.0,delivered,36.5,3,Inner,4.6,7,Sun,2
G000551,2025-02-09 10:00:00,Go Vap,member,Silver,E-wallet,8,246000.0,delivered,33.4,4,Outer,7.9,10,Sun,2
G000552,2025-02-09 11:35:00,Binh Thanh,returning,,Cash,10,257000.0,delivered,39.6,4,Inner,4.6,11,Sun,2
G000553,2025-02-09 17:26:00,Thu Duc City,returning,,Cash,5,138000.0,delivered,49.1,2,Outer,11.5,17,Sun,2
G000554,2025-02-09 17:32:00,Thu Duc City,new,,Bank transfer,9,404000.0,delivered,55.3,3,Outer,11.5,17,Sun,2
G000555,2025-02-09 17:53:00,Binh Thanh,new,,Bank transfer,7,306000.0,delivered,32.7,5,Inner,4.6,17,Sun,2
G000556,2025-02-09 17:59:00,Binh Thanh,returning,,Bank transfer,11,412000.0,delivered,42.7,3,Inner,4.6,17,Sun,2
G000557,2025-02-09 18:17:00,Thu Duc City,new,,Card,7,190000.0,delivered,59.3,1,Outer,11.5,18,Sun,2
G000558,2025-02-09 18:50:00,Go Vap,returning,,Bank transfer,6,210000.0,delivered,47.4,,Outer,7.9,18,Sun,2
G000559,2025-02-09 19:09:00,District 3,returning,,Card,7,221000.0,delivered,30.6,5,Central,2.8,19,Sun,2
G000560,2025-02-09 19:38:00,District 10,member,Silver,Cash,8,227000.0,delivered,41.6,3,Central,3.5,19,Sun,2
G000561,2025-02-09 19:54:00,Binh Tan,returning,,Card,4,146000.0,delivered,50.8,3,Outer,10.8,19,Sun,2
G000562,2025-02-09 21:00:00,Go Vap,new,,Bank transfer,7,202000.0,delivered,36.3,4,Outer,7.9,21,Sun,2
G000563,2025-02-10 10:29:00,Thu Duc City,member,Platinum,E-wallet,8,381000.0,cancelled,,,Outer,11.5,10,Mon,2
G000564,2025-02-10 11:01:00,Thu Duc City,member,Gold,Cash,10,424000.0,delivered,55.9,,Outer,11.5,11,Mon,2
G000565,2025-02-10 11:34:00,Phu Nhuan,returning,,E-wallet,6,201000.0,delivered,31.3,,Inner,4.0,11,Mon,2
G000566,2025-02-10 11:46:00,Go Vap,returning,,E-wallet,6,153000.0,delivered,53.3,,Outer,7.9,11,Mon,2
G000567,2025-02-10 12:01:00,District 7,returning,,Cash,7,215000.0,delivered,53.1,,Inner,7.5,12,Mon,2
G000568,2025-02-10 12:17:00,Tan Binh,member,Platinum,Bank transfer,4,231000.0,delivered,36.8,,Inner,5.2,12,Mon,2
G000569,2025-02-10 13:28:00,District 3,returning,,E-wallet,6,167000.0,delivered,34.8,4,Central,2.8,13,Mon,2
G000570,2025-02-10 15:17:00,Binh Tan,member,Gold,Card,9,268000.0,delivered,,,Outer,10.8,15,Mon,2
G000571,2025-02-10 17:55:00,Binh Thanh,returning,,Cash,11,286000.0,delivered,31.9,3,Inner,4.6,17,Mon,2
G000572,2025-02-10 19:54:00,Thu Duc City,returning,,E-wallet,5,188000.0,delivered,51.3,,Outer,11.5,19,Mon,2
G000573,2025-02-10 21:20:00,Thu Duc City,new,,E-wallet,10,324000.0,delivered,43.0,2,Outer,11.5,21,Mon,2
G000574,2025-02-10 21:36:00,District 1,new,,E-wallet,8,250000.0,delivered,19.2,5,Central,2.1,21,Mon,2
G000575,2025-02-10 22:14:00,Thu Duc City,new,,Cash,9,324000.0,delivered,58.6,,Outer,11.5,22,Mon,2
G000576,2025-02-11 09:11:00,Tan Binh,returning,,E-wallet,7,190000.0,delivered,28.6,4,Inner,5.2,9,Tue,2
G000577,2025-02-11 11:15:00,Tan Binh,returning,,Bank transfer,9,321000.0,delivered,36.0,2,Inner,5.2,11,Tue,2
G000578,2025-02-11 11:49:00,District 10,returning,,Cash,8,339000.0,delivered,35.3,4,Central,3.5,11,Tue,2
G000579,2025-02-11 13:53:00,Tan Binh,returning,,E-wallet,9,286000.0,delivered,31.0,2,Inner,5.2,13,Tue,2
G000580,2025-02-11 16:12:00,Thu Duc City,returning,,E-wallet,4,143000.0,delivered,46.1,,Outer,11.5,16,Tue,2
G000581,2025-02-11 17:01:00,Binh Tan,member,Platinum,Card,9,395000.0,delivered,43.9,3,Outer,10.8,17,Tue,2
G000582,2025-02-11 17:30:00,Binh Tan,new,,E-wallet,8,201000.0,delivered,44.7,3,Outer,10.8,17,Tue,2
G000583,2025-02-11 18:33:00,Phu Nhuan,new,,Cash,6,248000.0,delivered,35.1,4,Inner,4.0,18,Tue,2
G000584,2025-02-11 18:39:00,Thu Duc City,new,,Card,8,222000.0,delivered,52.2,4,Outer,11.5,18,Tue,2
G000585,2025-02-11 20:02:00,District 10,new,,Bank transfer,4,104000.0,delivered,41.1,3,Central,3.5,20,Tue,2
G000586,2025-02-11 20:08:00,Binh Thanh,returning,,Cash,8,345000.0,delivered,33.0,3,Inner,4.6,20,Tue,2
G000587,2025-02-11 21:47:00,Binh Thanh,new,,Bank transfer,7,172000.0,cancelled,,,Inner,4.6,21,Tue,2
G000588,2025-02-12 08:09:00,District 1,member,Silver,Cash,4,123000.0,cancelled,,,Central,2.1,8,Wed,2
G000589,2025-02-12 09:56:00,District 10,member,Silver,Card,7,324000.0,delivered,23.1,5,Central,3.5,9,Wed,2
G000590,2025-02-12 12:19:00,District 7,new,,E-wallet,6,152000.0,delivered,41.6,3,Inner,7.5,12,Wed,2
G000591,2025-02-12 12:36:00,District 10,member,Gold,Cash,6,191000.0,delivered,31.8,4,Central,3.5,12,Wed,2
G000592,2025-02-12 13:04:00,Binh Thanh,returning,,Bank transfer,9,309000.0,delivered,29.3,5,Inner,4.6,13,Wed,2
G000593,2025-02-12 16:08:00,Phu Nhuan,returning,,E-wallet,9,303000.0,delivered,28.2,4,Inner,4.0,16,Wed,2
G000594,2025-02-12 16:10:00,Binh Tan,member,Silver,E-wallet,7,274000.0,delivered,41.5,2,Outer,10.8,16,Wed,2
G000595,2025-02-12 16:40:00,District 3,returning,,E-wallet,8,233000.0,delivered,27.5,4,Central,2.8,16,Wed,2
G000596,2025-02-12 17:13:00,Tan Binh,returning,,Card,8,239000.0,delivered,34.3,5,Inner,5.2,17,Wed,2
G000597,2025-02-12 18:09:00,District 7,returning,,E-wallet,8,289000.0,delivered,41.5,4,Inner,7.5,18,Wed,2
G000598,2025-02-12 18:32:00,Phu Nhuan,returning,,Cash,12,352000.0,delivered,31.3,4,Inner,4.0,18,Wed,2
G000599,2025-02-12 19:08:00,Phu Nhuan,returning,,Cash,10,254000.0,delivered,43.8,,Inner,4.0,19,Wed,2
G000600,2025-02-12 21:00:00,District 1,returning,,Cash,6,174000.0,delivered,31.1,,Central,2.1,21,Wed,2
G000601,2025-02-12 21:41:00,District 1,returning,,E-wallet,2,53000.0,delivered,24.8,4,Central,2.1,21,Wed,2
G000602,2025-02-13 07:24:00,Binh Thanh,returning,,Cash,9,291000.0,delivered,28.4,5,Inner,4.6,7,Thu,2
G000603,2025-02-13 08:18:00,Thu Duc City,member,Silver,Cash,4,115000.0,delivered,51.0,2,Outer,11.5,8,Thu,2
G000604,2025-02-13 08:56:00,Thu Duc City,returning,,E-wallet,6,182000.0,delivered,47.8,2,Outer,11.5,8,Thu,2
G000605,2025-02-13 10:15:00,Go Vap,new,,Bank transfer,17,718000.0,delivered,39.9,,Outer,7.9,10,Thu,2
G000606,2025-02-13 10:29:00,Go Vap,returning,,Cash,4,98000.0,delivered,37.0,,Outer,7.9,10,Thu,2
G000607,2025-02-13 11:14:00,Go Vap,new,,E-wallet,7,266000.0,delivered,42.7,3,Outer,7.9,11,Thu,2
G000608,2025-02-13 11:16:00,Binh Thanh,returning,,Card,10,393000.0,delivered,41.0,,Inner,4.6,11,Thu,2
G000609,2025-02-13 11:28:00,District 3,member,Silver,Bank transfer,4,97000.0,delivered,29.2,5,Central,2.8,11,Thu,2
G000610,2025-02-13 12:07:00,Thu Duc City,member,Gold,Card,4,147000.0,delivered,54.1,,Outer,11.5,12,Thu,2
G000611,2025-02-13 12:34:00,District 10,member,Silver,Card,7,225000.0,delivered,31.1,,Central,3.5,12,Thu,2
G000612,2025-02-13 13:49:00,District 1,returning,,E-wallet,5,144000.0,delivered,33.4,4,Central,2.1,13,Thu,2
G000613,2025-02-13 17:07:00,District 7,returning,,E-wallet,12,412000.0,delivered,44.1,2,Inner,7.5,17,Thu,2
G000614,2025-02-13 17:27:00,Go Vap,new,,Cash,7,303000.0,cancelled,,,Outer,7.9,17,Thu,2
G000615,2025-02-13 18:08:00,Go Vap,returning,,Card,5,146000.0,delivered,40.9,4,Outer,7.9,18,Thu,2
G000616,2025-02-13 18:17:00,Binh Thanh,member,Platinum,Cash,4,216000.0,delivered,37.6,2,Inner,4.6,18,Thu,2
G000617,2025-02-13 19:25:00,District 10,new,,Cash,7,308000.0,delivered,40.3,3,Central,3.5,19,Thu,2
G000618,2025-02-13 19:46:00,District 3,returning,,E-wallet,5,110000.0,delivered,34.1,,Central,2.8,19,Thu,2
G000619,2025-02-13 21:44:00,Binh Thanh,returning,,Card,7,184000.0,delivered,44.1,3,Inner,4.6,21,Thu,2
G000620,2025-02-13 22:11:00,Phu Nhuan,new,,Cash,7,226000.0,delivered,28.9,5,Inner,4.0,22,Thu,2
G000621,2025-02-14 08:42:00,Binh Tan,returning,,E-wallet,4,119000.0,delivered,42.1,4,Outer,10.8,8,Fri,2
G000622,2025-02-14 09:35:00,District 7,new,,E-wallet,1,30000.0,delivered,32.6,4,Inner,7.5,9,Fri,2
G000623,2025-02-14 11:15:00,District 7,member,Silver,Cash,8,242000.0,delivered,41.0,3,Inner,7.5,11,Fri,2
G000624,2025-02-14 11:16:00,Thu Duc City,member,Gold,Cash,9,342000.0,delivered,53.4,3,Outer,11.5,11,Fri,2
G000625,2025-02-14 11:29:00,District 7,returning,,Card,4,119000.0,delivered,45.2,3,Inner,7.5,11,Fri,2
G000626,2025-02-14 11:56:00,District 1,member,Silver,E-wallet,9,313000.0,delivered,30.0,,Central,2.1,11,Fri,2
G000627,2025-02-14 12:10:00,Tan Binh,member,Gold,Bank transfer,8,313000.0,delivered,41.3,,Inner,5.2,12,Fri,2
G000628,2025-02-14 12:21:00,District 1,returning,,Bank transfer,4,147000.0,delivered,29.4,4,Central,2.1,12,Fri,2
G000629,2025-02-14 15:41:00,Binh Thanh,new,,Bank transfer,11,454000.0,delivered,29.8,,Inner,4.6,15,Fri,2
G000630,2025-02-14 17:43:00,District 7,member,Silver,E-wallet,7,151000.0,delivered,33.6,,Inner,7.5,17,Fri,2
G000631,2025-02-14 17:49:00,District 1,returning,,Card,3,69000.0,delivered,23.9,5,Central,2.1,17,Fri,2
G000632,2025-02-14 18:39:00,Thu Duc City,returning,,Cash,8,157000.0,delivered,57.5,,Outer,11.5,18,Fri,2
G000633,2025-02-14 19:45:00,Go Vap,returning,,Card,5,166000.0,delivered,44.5,2,Outer,7.9,19,Fri,2
G000634,2025-02-14 20:15:00,District 3,returning,,Cash,8,226000.0,delivered,38.0,2,Central,2.8,20,Fri,2
G000635,2025-02-14 21:55:00,Tan Binh,new,,Bank transfer,5,149000.0,delivered,29.5,,Inner,5.2,21,Fri,2
G000636,2025-02-15 08:27:00,District 7,returning,,Cash,14,492000.0,delivered,35.4,,Inner,7.5,8,Sat,2
G000637,2025-02-15 11:00:00,Thu Duc City,returning,,Cash,11,443000.0,delivered,59.2,2,Outer,11.5,11,Sat,2
G000638,2025-02-15 11:06:00,Thu Duc City,member,Platinum,Cash,11,436000.0,delivered,58.4,2,Outer,11.5,11,Sat,2
G000639,2025-02-15 13:18:00,District 1,returning,,Bank transfer,12,409000.0,delivered,26.4,,Central,2.1,13,Sat,2
G000640,2025-02-15 13:54:00,District 7,member,Gold,Cash,12,334000.0,delivered,38.5,3,Inner,7.5,13,Sat,2
G000641,2025-02-15 13:56:00,Tan Binh,member,Gold,Cash,9,269000.0,delivered,29.6,3,Inner,5.2,13,Sat,2
G000642,2025-02-15 15:06:00,Go Vap,member,Silver,Bank transfer,6,195000.0,delivered,37.3,4,Outer,7.9,15,Sat,2
G000643,2025-02-15 17:52:00,District 1,member,Silver,E-wallet,6,204000.0,delivered,18.1,3,Central,2.1,17,Sat,2
G000644,2025-02-15 17:59:00,Tan Binh,member,Gold,Cash,9,373000.0,delivered,33.6,4,Inner,5.2,17,Sat,2
G000645,2025-02-15 18:39:00,District 1,member,Gold,Card,11,408000.0,delivered,31.9,4,Central,2.1,18,Sat,2
G000646,2025-02-15 19:15:00,District 1,member,Gold,Card,9,295000.0,delivered,29.6,5,Central,2.1,19,Sat,2
G000647,2025-02-15 19:45:00,Go Vap,returning,,E-wallet,11,445000.0,delivered,43.0,3,Outer,7.9,19,Sat,2
G000648,2025-02-15 20:15:00,Tan Binh,new,,E-wallet,11,295000.0,delivered,34.8,4,Inner,5.2,20,Sat,2
G000649,2025-02-15 20:57:00,Binh Thanh,member,Gold,E-wallet,11,356000.0,delivered,41.4,3,Inner,4.6,20,Sat,2
G000650,2025-02-15 22:38:00,Phu Nhuan,new,,Bank transfer,14,632000.0,delivered,26.4,5,Inner,4.0,22,Sat,2
G000651,2025-02-16 08:19:00,Thu Duc City,member,Platinum,Cash,14,640000.0,delivered,43.7,,Outer,11.5,8,Sun,2
G000652,2025-02-16 08:22:00,District 7,new,,E-wallet,7,291000.0,cancelled,,,Inner,7.5,8,Sun,2
G000653,2025-02-16 09:48:00,District 10,member,Silver,Bank transfer,10,403000.0,delivered,27.1,4,Central,3.5,9,Sun,2
G000654,2025-02-16 11:01:00,Binh Thanh,new,,Card,9,279000.0,delivered,32.1,5,Inner,4.6,11,Sun,2
G000655,2025-02-16 11:17:00,District 1,member,Gold,Bank transfer,16,706000.0,delivered,28.9,,Central,2.1,11,Sun,2
G000656,2025-02-16 12:10:00,District 7,returning,,Cash,12,262000.0,delivered,42.6,4,Inner,7.5,12,Sun,2
G000657,2025-02-16 12:48:00,Binh Tan,returning,,Card,13,404000.0,delivered,52.6,3,Outer,10.8,12,Sun,2
G000658,2025-02-16 13:59:00,Binh Thanh,member,Silver,Cash,12,356000.0,delivered,33.3,5,Inner,4.6,13,Sun,2
G000659,2025-02-16 14:08:00,Go Vap,returning,,E-wallet,10,470000.0,delivered,36.0,4,Outer,7.9,14,Sun,2
G000660,2025-02-16 14:18:00,District 1,returning,,Card,13,425000.0,delivered,26.7,,Central,2.1,14,Sun,2
G000661,2025-02-16 16:30:00,Binh Thanh,member,Gold,Bank transfer,10,238000.0,delivered,26.4,,Inner,4.6,16,Sun,2
G000662,2025-02-16 18:12:00,District 10,member,Platinum,Cash,11,501000.0,delivered,31.3,4,Central,3.5,18,Sun,2
G000663,2025-02-16 18:27:00,District 7,new,,Cash,9,268000.0,delivered,56.6,,Inner,7.5,18,Sun,2
G000664,2025-02-16 18:43:00,Binh Thanh,returning,,E-wallet,11,329000.0,delivered,43.0,,Inner,4.6,18,Sun,2
G000665,2025-02-16 18:47:00,Tan Binh,new,,Cash,9,170000.0,delivered,35.8,,Inner,5.2,18,Sun,2
G000666,2025-02-16 19:28:00,Thu Duc City,new,,Cash,8,299000.0,cancelled,,,Outer,11.5,19,Sun,2
G000667,2025-02-16 20:02:00,District 7,returning,,E-wallet,12,298000.0,delivered,42.2,3,Inner,7.5,20,Sun,2
G000668,2025-02-16 20:37:00,District 10,new,,Card,6,140000.0,delivered,38.5,,Central,3.5,20,Sun,2
G000669,2025-02-16 21:02:00,Tan Binh,returning,,Cash,6,184000.0,delivered,51.9,,Inner,5.2,21,Sun,2
G000670,2025-02-16 22:00:00,District 3,member,Silver,Cash,7,200000.0,delivered,30.2,4,Central,2.8,22,Sun,2
G000671,2025-02-16 22:30:00,Tan Binh,returning,,Card,9,306000.0,delivered,30.8,4,Inner,5.2,22,Sun,2
G000672,2025-02-16 22:56:00,Tan Binh,returning,,Bank transfer,12,423000.0,delivered,32.5,,Inner,5.2,22,Sun,2
G000673,2025-02-17 08:02:00,Binh Thanh,returning,,E-wallet,13,477000.0,delivered,26.5,4,Inner,4.6,8,Mon,2
G000674,2025-02-17 10:11:00,Thu Duc City,member,Silver,E-wallet,10,353000.0,delivered,42.5,2,Outer,11.5,10,Mon,2
G000675,2025-02-17 11:11:00,Binh Thanh,member,Gold,Cash,5,183000.0,delivered,37.4,3,Inner,4.6,11,Mon,2
G000676,2025-02-17 12:34:00,Tan Binh,member,Silver,E-wallet,6,137000.0,delivered,36.2,,Inner,5.2,12,Mon,2
G000677,2025-02-17 17:58:00,District 7,new,,Cash,7,225000.0,delivered,40.6,3,Inner,7.5,17,Mon,2
G000678,2025-02-17 18:35:00,Binh Tan,returning,,E-wallet,9,237000.0,delivered,50.1,3,Outer,10.8,18,Mon,2
G000679,2025-02-17 19:12:00,Binh Tan,returning,,Cash,7,188000.0,delivered,51.0,,Outer,10.8,19,Mon,2
G000680,2025-02-17 19:17:00,Go Vap,returning,,Card,7,260000.0,delivered,48.1,,Outer,7.9,19,Mon,2
G000681,2025-02-17 19:40:00,District 3,member,Gold,Cash,7,266000.0,delivered,31.4,,Central,2.8,19,Mon,2
G000682,2025-02-17 19:50:00,Phu Nhuan,new,,E-wallet,4,92000.0,delivered,35.2,5,Inner,4.0,19,Mon,2
G000683,2025-02-18 09:01:00,District 7,new,,Card,4,90000.0,delivered,40.4,3,Inner,7.5,9,Tue,2
G000684,2025-02-18 10:54:00,Binh Thanh,new,,E-wallet,7,289000.0,delivered,27.3,,Inner,4.6,10,Tue,2
G000685,2025-02-18 12:50:00,Tan Binh,member,Silver,Cash,10,242000.0,delivered,50.9,3,Inner,5.2,12,Tue,2
G000686,2025-02-18 12:57:00,Tan Binh,member,Gold,Card,7,164000.0,delivered,42.8,3,Inner,5.2,12,Tue,2
G000687,2025-02-18 13:23:00,Thu Duc City,member,Silver,Card,5,218000.0,delivered,45.2,2,Outer,11.5,13,Tue,2
G000688,2025-02-18 13:43:00,District 3,returning,,E-wallet,6,180000.0,delivered,21.9,,Central,2.8,13,Tue,2
G000689,2025-02-18 14:06:00,Phu Nhuan,new,,Cash,7,229000.0,delivered,32.1,4,Inner,4.0,14,Tue,2
G000690,2025-02-18 14:52:00,Phu Nhuan,returning,,Card,6,195000.0,delivered,29.5,4,Inner,4.0,14,Tue,2
G000691,2025-02-18 16:58:00,District 1,returning,,Cash,5,95000.0,delivered,25.1,4,Central,2.1,16,Tue,2
G000692,2025-02-18 18:09:00,Binh Thanh,member,Silver,Card,7,220000.0,delivered,39.9,3,Inner,4.6,18,Tue,2
G000693,2025-02-18 19:19:00,Binh Thanh,member,Silver,E-wallet,8,329000.0,delivered,36.5,,Inner,4.6,19,Tue,2
G000694,2025-02-18 21:37:00,Binh Tan,new,,E-wallet,5,130000.0,delivered,42.7,,Outer,10.8,21,Tue,2
G000695,2025-02-18 21:49:00,Thu Duc City,returning,,E-wallet,9,165000.0,delivered,43.3,,Outer,11.5,21,Tue,2
G000696,2025-02-18 22:03:00,Binh Thanh,member,Silver,Card,8,236000.0,delivered,25.8,5,Inner,4.6,22,Tue,2
G000697,2025-02-18 23:16:00,Phu Nhuan,member,Silver,E-wallet,8,141000.0,delivered,23.2,5,Inner,4.0,23,Tue,2
G000698,2025-02-18 23:24:00,Binh Tan,member,Silver,E-wallet,8,244000.0,delivered,53.1,,Outer,10.8,23,Tue,2
G000699,2025-02-19 09:49:00,Thu Duc City,member,Gold,Cash,5,165000.0,delivered,50.1,2,Outer,11.5,9,Wed,2
G000700,2025-02-19 11:36:00,Tan Binh,returning,,Bank transfer,7,220000.0,delivered,36.5,3,Inner,5.2,11,Wed,2
G000701,2025-02-19 11:57:00,Binh Tan,returning,,Cash,6,229000.0,delivered,51.9,,Outer,10.8,11,Wed,2
G000702,2025-02-19 12:32:00,District 1,returning,,Cash,11,536000.0,delivered,34.0,5,Central,2.1,12,Wed,2
G000703,2025-02-19 12:40:00,Thu Duc City,new,,Card,1,23000.0,delivered,53.6,1,Outer,11.5,12,Wed,2
G000704,2025-02-19 13:22:00,Go Vap,new,,Cash,8,389000.0,delivered,34.3,4,Outer,7.9,13,Wed,2
G000705,2025-02-19 16:52:00,Go Vap,member,Silver,Card,7,142000.0,delivered,40.3,3,Outer,7.9,16,Wed,2
G000706,2025-02-19 18:36:00,District 7,returning,,Bank transfer,6,190000.0,delivered,45.7,4,Inner,7.5,18,Wed,2
G000708,2025-02-19 19:12:00,District 1,new,,E-wallet,6,154000.0,delivered,27.6,5,Central,2.1,19,Wed,2
G000707,2025-02-19 19:12:00,District 3,member,Silver,Cash,9,264000.0,delivered,30.5,,Central,2.8,19,Wed,2
G000709,2025-02-19 19:41:00,District 7,new,,Card,8,272000.0,delivered,40.4,3,Inner,7.5,19,Wed,2
G000710,2025-02-19 20:34:00,Binh Thanh,returning,,Card,4,102000.0,delivered,48.2,3,Inner,4.6,20,Wed,2
G000711,2025-02-19 20:36:00,Tan Binh,returning,,Cash,7,175000.0,delivered,36.4,,Inner,5.2,20,Wed,2
G000712,2025-02-19 21:39:00,Phu Nhuan,member,Silver,Card,8,156000.0,delivered,39.1,5,Inner,4.0,21,Wed,2
G000713,2025-02-19 22:16:00,Tan Binh,new,,Bank transfer,5,110000.0,delivered,37.5,,Inner,5.2,22,Wed,2
G000714,2025-02-20 11:37:00,District 1,returning,,Bank transfer,6,157000.0,delivered,47.9,1,Central,2.1,11,Thu,2
G000715,2025-02-20 12:48:00,Binh Thanh,member,Silver,E-wallet,6,147000.0,delivered,33.6,4,Inner,4.6,12,Thu,2
G000716,2025-02-20 17:46:00,Tan Binh,member,Gold,E-wallet,8,240000.0,delivered,33.7,3,Inner,5.2,17,Thu,2
G000717,2025-02-20 17:55:00,District 10,returning,,Bank transfer,4,119000.0,delivered,21.8,,Central,3.5,17,Thu,2
G000718,2025-02-20 18:38:00,District 7,member,Silver,Cash,8,296000.0,delivered,43.0,3,Inner,7.5,18,Thu,2
G000719,2025-02-20 19:30:00,Phu Nhuan,member,Silver,Card,7,268000.0,delivered,31.0,3,Inner,4.0,19,Thu,2
G000720,2025-02-20 19:43:00,Binh Tan,member,Silver,Bank transfer,3,93000.0,delivered,62.9,3,Outer,10.8,19,Thu,2
G000721,2025-02-20 19:44:00,District 3,new,,E-wallet,8,282000.0,delivered,29.6,3,Central,2.8,19,Thu,2
G000722,2025-02-20 19:59:00,Tan Binh,returning,,Card,6,154000.0,delivered,38.2,4,Inner,5.2,19,Thu,2
G000723,2025-02-20 21:00:00,District 3,new,,E-wallet,3,57000.0,delivered,23.1,5,Central,2.8,21,Thu,2
G000724,2025-02-20 21:41:00,Binh Tan,member,Platinum,Card,5,244000.0,cancelled,,,Outer,10.8,21,Thu,2
G000725,2025-02-20 22:09:00,Tan Binh,new,,E-wallet,5,175000.0,delivered,28.6,,Inner,5.2,22,Thu,2
G000726,2025-02-21 10:47:00,Go Vap,member,Silver,E-wallet,6,323000.0,delivered,39.0,4,Outer,7.9,10,Fri,2
G000727,2025-02-21 10:50:00,District 1,member,Silver,E-wallet,9,410000.0,cancelled,,,Central,2.1,10,Fri,2
G000728,2025-02-21 10:58:00,Tan Binh,returning,,E-wallet,10,343000.0,delivered,32.7,,Inner,5.2,10,Fri,2
G000729,2025-02-21 12:09:00,District 1,member,Gold,Cash,7,197000.0,delivered,28.3,5,Central,2.1,12,Fri,2
G000730,2025-02-21 12:13:00,District 10,member,Gold,Cash,5,125000.0,delivered,40.1,3,Central,3.5,12,Fri,2
G000731,2025-02-21 12:51:00,Go Vap,returning,,Bank transfer,5,148000.0,delivered,47.7,2,Outer,7.9,12,Fri,2
G000732,2025-02-21 14:38:00,Tan Binh,new,,E-wallet,9,202000.0,delivered,27.8,5,Inner,5.2,14,Fri,2
G000733,2025-02-21 15:01:00,Phu Nhuan,member,Silver,E-wallet,6,183000.0,delivered,27.3,,Inner,4.0,15,Fri,2
G000734,2025-02-21 15:49:00,Thu Duc City,member,Gold,E-wallet,8,41000.0,delivered,47.9,,Outer,11.5,15,Fri,2
G000735,2025-02-21 16:19:00,Phu Nhuan,returning,,E-wallet,6,238000.0,delivered,26.6,5,Inner,4.0,16,Fri,2
G000736,2025-02-21 17:16:00,District 7,member,Silver,Bank transfer,5,132000.0,delivered,37.0,,Inner,7.5,17,Fri,2
G000737,2025-02-21 17:38:00,Go Vap,returning,,E-wallet,4,110000.0,delivered,34.3,4,Outer,7.9,17,Fri,2
G000738,2025-02-21 18:32:00,Binh Thanh,returning,,Cash,8,253000.0,delivered,41.9,3,Inner,4.6,18,Fri,2
G000739,2025-02-21 20:17:00,Tan Binh,member,Silver,E-wallet,7,326000.0,delivered,50.7,3,Inner,5.2,20,Fri,2
G000740,2025-02-21 20:58:00,Phu Nhuan,returning,,Cash,5,207000.0,delivered,43.3,2,Inner,4.0,20,Fri,2
G000741,2025-02-21 21:24:00,District 10,returning,,E-wallet,7,265000.0,delivered,26.0,4,Central,3.5,21,Fri,2
G000742,2025-02-22 07:57:00,District 7,new,,Cash,11,156000.0,delivered,39.9,,Inner,7.5,7,Sat,2
G000743,2025-02-22 11:04:00,Binh Thanh,new,,Card,8,242000.0,delivered,39.9,4,Inner,4.6,11,Sat,2
G000744,2025-02-22 11:12:00,Binh Thanh,returning,,Bank transfer,4,158000.0,delivered,33.7,4,Inner,4.6,11,Sat,2
G000745,2025-02-22 11:15:00,Go Vap,new,,Bank transfer,17,626000.0,delivered,46.2,,Outer,7.9,11,Sat,2
G000746,2025-02-22 11:26:00,Thu Duc City,returning,,Bank transfer,6,109000.0,delivered,51.7,2,Outer,11.5,11,Sat,2
G000747,2025-02-22 13:43:00,Phu Nhuan,new,,Cash,13,230000.0,delivered,28.2,4,Inner,4.0,13,Sat,2
G000748,2025-02-22 14:20:00,Binh Thanh,returning,,E-wallet,10,367000.0,delivered,31.5,5,Inner,4.6,14,Sat,2
G000749,2025-02-22 14:29:00,Go Vap,new,,Card,8,227000.0,delivered,34.8,4,Outer,7.9,14,Sat,2
G000750,2025-02-22 15:46:00,District 10,member,Platinum,Cash,10,344000.0,delivered,26.3,,Central,3.5,15,Sat,2
G000751,2025-02-22 16:35:00,Phu Nhuan,member,Silver,Card,11,304000.0,delivered,24.4,5,Inner,4.0,16,Sat,2
G000752,2025-02-22 19:17:00,Phu Nhuan,new,,E-wallet,13,445000.0,delivered,33.4,,Inner,4.0,19,Sat,2
G000753,2025-02-22 20:10:00,District 1,new,,Bank transfer,8,286000.0,delivered,31.6,5,Central,2.1,20,Sat,2
G000754,2025-02-22 22:05:00,Binh Tan,member,Gold,Card,9,354000.0,delivered,49.8,3,Outer,10.8,22,Sat,2
G000755,2025-02-23 07:27:00,Thu Duc City,returning,,E-wallet,8,259000.0,delivered,46.0,3,Outer,11.5,7,Sun,2
G000756,2025-02-23 09:41:00,Binh Tan,new,,Bank transfer,10,290000.0,delivered,48.3,2,Outer,10.8,9,Sun,2
G000757,2025-02-23 10:13:00,Binh Tan,returning,,E-wallet,14,396000.0,delivered,40.6,3,Outer,10.8,10,Sun,2
G000758,2025-02-23 10:39:00,District 1,returning,,Card,11,333000.0,delivered,20.1,5,Central,2.1,10,Sun,2
G000759,2025-02-23 11:38:00,District 1,member,Gold,Card,7,210000.0,delivered,35.1,4,Central,2.1,11,Sun,2
G000760,2025-02-23 12:03:00,Binh Thanh,new,,Cash,6,152000.0,delivered,36.4,3,Inner,4.6,12,Sun,2
G000761,2025-02-23 12:20:00,Thu Duc City,returning,,Card,13,403000.0,delivered,50.8,3,Outer,11.5,12,Sun,2
G000762,2025-02-23 12:25:00,Go Vap,member,Silver,Card,10,262000.0,delivered,46.0,,Outer,7.9,12,Sun,2
G000763,2025-02-23 16:37:00,Tan Binh,new,,E-wallet,7,207000.0,delivered,28.6,,Inner,5.2,16,Sun,2
G000764,2025-02-23 17:01:00,Binh Thanh,returning,,Bank transfer,10,296000.0,delivered,25.1,5,Inner,4.6,17,Sun,2
G000765,2025-02-23 17:19:00,Binh Thanh,new,,Card,16,721000.0,delivered,31.6,5,Inner,4.6,17,Sun,2
G000766,2025-02-23 18:07:00,Binh Thanh,new,,Card,10,296000.0,delivered,37.8,3,Inner,4.6,18,Sun,2
G000767,2025-02-23 18:18:00,Go Vap,member,Gold,E-wallet,12,300000.0,delivered,47.6,1,Outer,7.9,18,Sun,2
G000768,2025-02-23 18:40:00,Binh Thanh,new,,Cash,9,216000.0,delivered,39.8,,Inner,4.6,18,Sun,2
G000769,2025-02-23 19:14:00,Thu Duc City,returning,,E-wallet,11,318000.0,delivered,52.1,3,Outer,11.5,19,Sun,2
G000770,2025-02-23 19:22:00,District 1,new,,Card,9,309000.0,delivered,29.0,,Central,2.1,19,Sun,2
G000771,2025-02-23 19:31:00,District 7,member,Silver,Bank transfer,4,98000.0,delivered,42.0,3,Inner,7.5,19,Sun,2
G000772,2025-02-23 20:23:00,Go Vap,returning,,Cash,12,339000.0,delivered,44.1,1,Outer,7.9,20,Sun,2
G000773,2025-02-23 20:28:00,District 10,returning,,Cash,9,395000.0,delivered,34.1,4,Central,3.5,20,Sun,2
G000774,2025-02-23 20:53:00,Go Vap,member,Silver,E-wallet,11,304000.0,delivered,44.4,3,Outer,7.9,20,Sun,2
G000775,2025-02-23 21:11:00,Go Vap,new,,Cash,9,278000.0,delivered,37.2,,Outer,7.9,21,Sun,2
G000776,2025-02-23 21:25:00,Thu Duc City,member,Silver,Bank transfer,13,337000.0,delivered,50.2,,Outer,11.5,21,Sun,2
G000777,2025-02-23 22:20:00,District 3,member,Gold,Cash,13,340000.0,delivered,35.2,,Central,2.8,22,Sun,2
G000778,2025-02-23 22:48:00,Go Vap,member,Silver,Bank transfer,12,415000.0,delivered,38.2,3,Outer,7.9,22,Sun,2
G000779,2025-02-24 09:56:00,District 7,member,Gold,Cash,8,190000.0,delivered,36.8,4,Inner,7.5,9,Mon,2
G000780,2025-02-24 11:41:00,District 7,returning,,Cash,6,186000.0,delivered,42.1,3,Inner,7.5,11,Mon,2
G000781,2025-02-24 11:43:00,Binh Thanh,member,Silver,E-wallet,11,369000.0,delivered,39.5,4,Inner,4.6,11,Mon,2
G000782,2025-02-24 11:48:00,District 3,returning,,Bank transfer,6,195000.0,delivered,33.1,4,Central,2.8,11,Mon,2
G000783,2025-02-24 12:18:00,Go Vap,returning,,Cash,10,307000.0,delivered,44.4,,Outer,7.9,12,Mon,2
G000784,2025-02-24 14:12:00,Thu Duc City,member,Silver,Card,4,137000.0,delivered,52.8,1,Outer,11.5,14,Mon,2
G000785,2025-02-24 15:46:00,Go Vap,returning,,Card,8,194000.0,delivered,41.2,3,Outer,7.9,15,Mon,2
G000786,2025-02-24 16:57:00,Phu Nhuan,returning,,Cash,7,185000.0,delivered,25.2,,Inner,4.0,16,Mon,2
G000787,2025-02-24 17:12:00,Binh Tan,returning,,Cash,8,291000.0,delivered,52.2,,Outer,10.8,17,Mon,2
G000788,2025-02-24 17:17:00,Binh Tan,member,Silver,Card,3,131000.0,delivered,49.7,2,Outer,10.8,17,Mon,2
G000789,2025-02-24 17:58:00,Thu Duc City,returning,,Card,4,157000.0,delivered,48.1,2,Outer,11.5,17,Mon,2
G000790,2025-02-24 18:59:00,Binh Thanh,returning,,Cash,8,265000.0,cancelled,,,Inner,4.6,18,Mon,2
G000791,2025-02-24 19:08:00,District 7,returning,,E-wallet,9,256000.0,delivered,44.3,,Inner,7.5,19,Mon,2
G000792,2025-02-24 19:17:00,District 7,member,Gold,E-wallet,6,160000.0,delivered,43.0,3,Inner,7.5,19,Mon,2
G000793,2025-02-24 19:21:00,Thu Duc City,returning,,Bank transfer,9,332000.0,cancelled,,,Outer,11.5,19,Mon,2
G000794,2025-02-24 19:38:00,District 3,member,Silver,Card,7,268000.0,cancelled,,,Central,2.8,19,Mon,2
G000795,2025-02-24 21:08:00,District 1,member,Silver,Bank transfer,8,192000.0,delivered,22.1,4,Central,2.1,21,Mon,2
G000796,2025-02-25 07:21:00,District 7,returning,,E-wallet,11,343000.0,delivered,35.8,,Inner,7.5,7,Tue,2
G000797,2025-02-25 08:29:00,Binh Tan,member,Silver,Cash,6,163000.0,delivered,51.5,3,Outer,10.8,8,Tue,2
G000798,2025-02-25 09:34:00,Binh Thanh,new,,E-wallet,7,204000.0,delivered,27.0,4,Inner,4.6,9,Tue,2
G000799,2025-02-25 10:37:00,Binh Thanh,new,,Cash,8,226000.0,delivered,33.0,5,Inner,4.6,10,Tue,2
G000800,2025-02-25 10:39:00,District 1,returning,,Cash,6,260000.0,delivered,19.7,4,Central,2.1,10,Tue,2
G000801,2025-02-25 11:01:00,Binh Thanh,returning,,Card,9,451000.0,delivered,37.5,5,Inner,4.6,11,Tue,2
G000802,2025-02-25 12:14:00,Tan Binh,returning,,Cash,8,364000.0,delivered,43.9,,Inner,5.2,12,Tue,2
G000803,2025-02-25 12:54:00,District 3,returning,,E-wallet,7,301000.0,delivered,37.4,,Central,2.8,12,Tue,2
G000804,2025-02-25 14:45:00,Thu Duc City,member,Gold,Cash,5,102000.0,delivered,42.4,2,Outer,11.5,14,Tue,2
G000805,2025-02-25 16:04:00,Binh Tan,returning,,Card,2,54000.0,delivered,48.9,,Outer,10.8,16,Tue,2
G000806,2025-02-25 18:27:00,District 1,new,,Card,2,64000.0,delivered,27.3,,Central,2.1,18,Tue,2
G000807,2025-02-25 20:21:00,Go Vap,returning,,E-wallet,4,176000.0,delivered,46.5,,Outer,7.9,20,Tue,2
G000808,2025-02-25 20:38:00,District 7,returning,,Cash,6,114000.0,delivered,44.1,4,Inner,7.5,20,Tue,2
G000809,2025-02-25 20:47:00,Go Vap,new,,Card,9,349000.0,delivered,45.9,1,Outer,7.9,20,Tue,2
G000810,2025-02-26 06:28:00,District 1,returning,,Cash,6,164000.0,delivered,23.7,4,Central,2.1,6,Wed,2
G000811,2025-02-26 08:22:00,District 7,new,,Cash,10,219000.0,delivered,33.1,,Inner,7.5,8,Wed,2
G000812,2025-02-26 08:24:00,District 3,new,,Cash,5,102000.0,delivered,26.2,5,Central,2.8,8,Wed,2
G000813,2025-02-26 08:59:00,Binh Tan,member,Silver,Bank transfer,6,203000.0,delivered,42.6,,Outer,10.8,8,Wed,2
G000814,2025-02-26 09:45:00,Go Vap,member,Gold,E-wallet,3,45000.0,delivered,34.6,4,Outer,7.9,9,Wed,2
G000815,2025-02-26 10:23:00,District 10,member,Gold,E-wallet,3,84000.0,cancelled,,,Central,3.5,10,Wed,2
G000816,2025-02-26 10:41:00,District 7,returning,,Card,3,105000.0,delivered,32.6,5,Inner,7.5,10,Wed,2
G000817,2025-02-26 11:03:00,Binh Thanh,new,,E-wallet,8,181000.0,delivered,38.4,2,Inner,4.6,11,Wed,2
G000818,2025-02-26 11:07:00,Thu Duc City,new,,Bank transfer,6,210000.0,delivered,51.7,3,Outer,11.5,11,Wed,2
G000819,2025-02-26 11:22:00,Thu Duc City,member,Silver,Cash,6,108000.0,delivered,51.9,,Outer,11.5,11,Wed,2
G000820,2025-02-26 11:49:00,Thu Duc City,new,,E-wallet,8,242000.0,delivered,54.9,,Outer,11.5,11,Wed,2
G000821,2025-02-26 12:50:00,Binh Tan,new,,Cash,6,240000.0,delivered,51.6,3,Outer,10.8,12,Wed,2
G000822,2025-02-26 13:07:00,Tan Binh,returning,,Cash,6,209000.0,delivered,32.0,4,Inner,5.2,13,Wed,2
G000823,2025-02-26 13:21:00,Go Vap,new,,Cash,6,204000.0,delivered,37.3,4,Outer,7.9,13,Wed,2
G000824,2025-02-26 13:36:00,Go Vap,returning,,Card,6,131000.0,delivered,35.0,4,Outer,7.9,13,Wed,2
G000825,2025-02-26 14:00:00,Binh Thanh,new,,E-wallet,7,275000.0,delivered,31.0,3,Inner,4.6,14,Wed,2
G000826,2025-02-26 14:54:00,Go Vap,returning,,Bank transfer,8,269000.0,delivered,42.1,,Outer,7.9,14,Wed,2
G000827,2025-02-26 15:32:00,District 3,returning,,E-wallet,8,204000.0,delivered,22.0,,Central,2.8,15,Wed,2
G000828,2025-02-26 15:48:00,District 3,returning,,E-wallet,8,230000.0,delivered,25.0,4,Central,2.8,15,Wed,2
G000829,2025-02-26 18:08:00,District 1,returning,,Card,11,399000.0,delivered,30.0,5,Central,2.1,18,Wed,2
G000830,2025-02-26 18:46:00,District 3,returning,,Bank transfer,7,251000.0,delivered,28.0,,Central,2.8,18,Wed,2
G000831,2025-02-26 19:03:00,District 10,returning,,E-wallet,4,110000.0,delivered,36.7,5,Central,3.5,19,Wed,2
G000832,2025-02-26 20:58:00,District 7,returning,,Card,5,165000.0,delivered,43.8,2,Inner,7.5,20,Wed,2
G000833,2025-02-26 21:00:00,Binh Tan,returning,,E-wallet,5,80000.0,delivered,51.2,2,Outer,10.8,21,Wed,2
G000834,2025-02-26 22:06:00,Phu Nhuan,new,,Bank transfer,7,208000.0,cancelled,,,Inner,4.0,22,Wed,2
G000835,2025-02-26 23:12:00,Thu Duc City,returning,,Cash,4,142000.0,delivered,42.4,3,Outer,11.5,23,Wed,2
G000836,2025-02-27 08:03:00,District 1,new,,Cash,6,216000.0,delivered,20.0,5,Central,2.1,8,Thu,2
G000837,2025-02-27 10:31:00,District 1,new,,Cash,8,201000.0,delivered,20.3,4,Central,2.1,10,Thu,2
G000838,2025-02-27 11:26:00,Binh Tan,member,Silver,Cash,6,200000.0,delivered,58.4,2,Outer,10.8,11,Thu,2
G000839,2025-02-27 11:54:00,Tan Binh,member,Silver,E-wallet,4,127000.0,delivered,45.9,4,Inner,5.2,11,Thu,2
G000840,2025-02-27 16:36:00,District 1,member,Silver,Card,4,137000.0,delivered,22.2,,Central,2.1,16,Thu,2
G000841,2025-02-27 17:06:00,Thu Duc City,member,Silver,Card,9,250000.0,delivered,49.5,2,Outer,11.5,17,Thu,2
G000842,2025-02-27 18:05:00,Thu Duc City,returning,,E-wallet,10,297000.0,delivered,51.4,2,Outer,11.5,18,Thu,2
G000843,2025-02-27 18:35:00,Thu Duc City,returning,,Cash,5,162000.0,delivered,54.3,3,Outer,11.5,18,Thu,2
G000844,2025-02-27 18:50:00,Thu Duc City,member,Platinum,Cash,4,196000.0,delivered,52.7,2,Outer,11.5,18,Thu,2
G000845,2025-02-27 19:10:00,Thu Duc City,member,Silver,E-wallet,7,226000.0,delivered,61.8,,Outer,11.5,19,Thu,2
G000846,2025-02-27 19:16:00,Thu Duc City,member,Gold,Cash,8,285000.0,delivered,54.6,1,Outer,11.5,19,Thu,2
G000847,2025-02-27 19:27:00,District 7,returning,,Cash,6,230000.0,cancelled,,,Inner,7.5,19,Thu,2
G000848,2025-02-27 20:13:00,Binh Thanh,member,Silver,E-wallet,8,253000.0,delivered,35.3,,Inner,4.6,20,Thu,2
G000849,2025-02-27 20:31:00,Binh Tan,new,,Cash,5,149000.0,delivered,50.1,2,Outer,10.8,20,Thu,2
G000850,2025-02-27 22:48:00,Tan Binh,new,,E-wallet,9,284000.0,delivered,27.7,5,Inner,5.2,22,Thu,2
G000851,2025-02-28 10:29:00,Thu Duc City,member,Silver,E-wallet,9,165000.0,delivered,56.4,2,Outer,11.5,10,Fri,2
G000852,2025-02-28 10:54:00,District 7,new,,Card,3,92000.0,delivered,33.3,5,Inner,7.5,10,Fri,2
G000853,2025-02-28 11:20:00,District 3,new,,E-wallet,3,119000.0,delivered,28.3,,Central,2.8,11,Fri,2
G000854,2025-02-28 11:39:00,District 3,returning,,Cash,11,382000.0,delivered,27.7,,Central,2.8,11,Fri,2
G000855,2025-02-28 11:52:00,Thu Duc City,member,Platinum,Bank transfer,10,341000.0,delivered,52.7,2,Outer,11.5,11,Fri,2
G000856,2025-02-28 12:40:00,Tan Binh,returning,,Card,9,314000.0,delivered,38.4,4,Inner,5.2,12,Fri,2
G000857,2025-02-28 13:39:00,Thu Duc City,member,Gold,Card,4,171000.0,delivered,46.0,,Outer,11.5,13,Fri,2
G000858,2025-02-28 15:08:00,District 1,returning,,Cash,7,225000.0,delivered,29.7,4,Central,2.1,15,Fri,2
G000859,2025-02-28 17:01:00,Go Vap,member,Silver,E-wallet,7,237000.0,delivered,60.4,3,Outer,7.9,17,Fri,2
G000860,2025-02-28 17:46:00,District 7,new,,Cash,8,196000.0,delivered,39.3,,Inner,7.5,17,Fri,2
G000861,2025-02-28 18:35:00,Phu Nhuan,returning,,Card,12,411000.0,delivered,32.6,5,Inner,4.0,18,Fri,2
G000862,2025-02-28 19:21:00,Thu Duc City,member,Silver,Bank transfer,7,223000.0,delivered,57.8,1,Outer,11.5,19,Fri,2
G000863,2025-02-28 19:27:00,Binh Tan,returning,,Card,5,108000.0,delivered,49.8,4,Outer,10.8,19,Fri,2
G000864,2025-02-28 19:56:00,District 7,new,,E-wallet,11,351000.0,delivered,43.7,2,Inner,7.5,19,Fri,2
G000865,2025-02-28 20:42:00,Phu Nhuan,member,Gold,Bank transfer,5,86000.0,delivered,41.5,,Inner,4.0,20,Fri,2
G000866,2025-03-01 08:08:00,Thu Duc City,member,Gold,Cash,11,285000.0,delivered,51.1,1,Outer,11.5,8,Sat,3
G000867,2025-03-01 08:49:00,Thu Duc City,new,,Card,9,242000.0,delivered,50.0,1,Outer,11.5,8,Sat,3
G000868,2025-03-01 08:57:00,Binh Thanh,returning,,Card,7,157000.0,delivered,40.2,3,Inner,4.6,8,Sat,3
G000869,2025-03-01 09:31:00,Thu Duc City,returning,,Cash,8,213000.0,delivered,45.5,2,Outer,11.5,9,Sat,3
G000870,2025-03-01 09:46:00,District 10,new,,Card,11,230000.0,delivered,30.7,4,Central,3.5,9,Sat,3
G000871,2025-03-01 09:55:00,Thu Duc City,new,,Cash,11,327000.0,delivered,46.2,3,Outer,11.5,9,Sat,3
G000872,2025-03-01 11:32:00,District 7,member,Gold,Card,9,183000.0,delivered,43.2,4,Inner,7.5,11,Sat,3
G000873,2025-03-01 12:42:00,Binh Thanh,new,,E-wallet,10,298000.0,cancelled,,,Inner,4.6,12,Sat,3
G000874,2025-03-01 12:45:00,District 7,new,,Bank transfer,11,384000.0,delivered,40.7,5,Inner,7.5,12,Sat,3
G000875,2025-03-01 15:38:00,District 3,returning,,Card,15,567000.0,delivered,24.0,5,Central,2.8,15,Sat,3
G000876,2025-03-01 16:10:00,District 10,returning,,Card,14,522000.0,delivered,24.6,,Central,3.5,16,Sat,3
G000877,2025-03-01 16:12:00,Go Vap,member,Gold,Cash,6,225000.0,delivered,39.2,,Outer,7.9,16,Sat,3
G000878,2025-03-01 16:27:00,District 7,new,,Bank transfer,8,302000.0,delivered,41.7,3,Inner,7.5,16,Sat,3
G000879,2025-03-01 17:19:00,Binh Thanh,returning,,Bank transfer,9,292000.0,delivered,24.5,5,Inner,4.6,17,Sat,3
G000880,2025-03-01 17:24:00,Go Vap,new,,E-wallet,3,87000.0,delivered,34.5,,Outer,7.9,17,Sat,3
G000881,2025-03-01 17:37:00,Binh Thanh,returning,,Card,10,321000.0,delivered,25.5,4,Inner,4.6,17,Sat,3
G000882,2025-03-01 18:17:00,District 7,new,,Cash,10,296000.0,delivered,44.7,3,Inner,7.5,18,Sat,3
G000883,2025-03-01 18:43:00,District 7,new,,Card,8,228000.0,delivered,41.8,,Inner,7.5,18,Sat,3
G000884,2025-03-01 19:13:00,Tan Binh,member,Silver,Card,11,337000.0,delivered,37.5,3,Inner,5.2,19,Sat,3
G000885,2025-03-01 19:14:00,Tan Binh,new,,E-wallet,13,456000.0,delivered,39.8,,Inner,5.2,19,Sat,3
G000886,2025-03-01 19:55:00,Thu Duc City,returning,,Cash,12,378000.0,delivered,51.9,2,Outer,11.5,19,Sat,3
G000887,2025-03-01 20:49:00,Binh Thanh,member,Silver,E-wallet,12,276000.0,delivered,36.8,,Inner,4.6,20,Sat,3
G000888,2025-03-01 20:51:00,District 7,returning,,Bank transfer,13,521000.0,delivered,44.1,3,Inner,7.5,20,Sat,3
G000889,2025-03-01 20:52:00,District 1,member,Platinum,Card,10,394000.0,delivered,26.4,4,Central,2.1,20,Sat,3
G000890,2025-03-01 21:45:00,Binh Tan,returning,,Bank transfer,9,388000.0,delivered,42.4,3,Outer,10.8,21,Sat,3
G000891,2025-03-02 08:20:00,District 3,returning,,E-wallet,5,187000.0,delivered,23.0,5,Central,2.8,8,Sun,3
G000892,2025-03-02 09:20:00,District 7,member,Silver,Bank transfer,16,411000.0,delivered,34.4,4,Inner,7.5,9,Sun,3
G000893,2025-03-02 09:40:00,Phu Nhuan,new,,Cash,14,515000.0,delivered,27.5,,Inner,4.0,9,Sun,3
G000894,2025-03-02 10:12:00,District 10,returning,,E-wallet,14,414000.0,delivered,27.5,5,Central,3.5,10,Sun,3
G000895,2025-03-02 10:18:00,District 1,returning,,Bank transfer,10,271000.0,delivered,20.4,4,Central,2.1,10,Sun,3
G000896,2025-03-02 11:36:00,District 10,returning,,Cash,11,269000.0,delivered,29.9,4,Central,3.5,11,Sun,3
G000897,2025-03-02 13:16:00,District 1,member,Gold,Cash,15,544000.0,delivered,23.3,,Central,2.1,13,Sun,3
G000898,2025-03-02 14:18:00,District 10,returning,,E-wallet,10,302000.0,delivered,27.7,5,Central,3.5,14,Sun,3
G000899,2025-03-02 14:48:00,District 7,member,Silver,Bank transfer,7,167000.0,delivered,38.9,,Inner,7.5,14,Sun,3
G000900,2025-03-02 17:17:00,Go Vap,returning,,E-wallet,10,343000.0,delivered,45.9,3,Outer,7.9,17,Sun,3
G000901,2025-03-02 17:33:00,Thu Duc City,new,,Cash,14,429000.0,delivered,43.9,,Outer,11.5,17,Sun,3
G000902,2025-03-02 17:41:00,Phu Nhuan,returning,,Bank transfer,11,460000.0,delivered,23.7,,Inner,4.0,17,Sun,3
G000903,2025-03-02 18:15:00,District 1,new,,E-wallet,8,158000.0,delivered,29.8,4,Central,2.1,18,Sun,3
G000904,2025-03-02 18:22:00,Go Vap,member,Silver,Cash,9,285000.0,cancelled,,,Outer,7.9,18,Sun,3
G000905,2025-03-02 19:22:00,District 1,returning,,E-wallet,11,413000.0,delivered,36.9,4,Central,2.1,19,Sun,3
G000906,2025-03-02 20:17:00,Go Vap,returning,,Cash,6,203000.0,delivered,42.3,3,Outer,7.9,20,Sun,3
G000907,2025-03-02 20:56:00,Go Vap,member,Silver,Cash,13,390000.0,delivered,48.3,,Outer,7.9,20,Sun,3
G000908,2025-03-02 21:44:00,District 1,returning,,Card,14,433000.0,delivered,21.1,5,Central,2.1,21,Sun,3
G000909,2025-03-02 21:49:00,Binh Thanh,returning,,E-wallet,9,381000.0,delivered,27.5,,Inner,4.6,21,Sun,3
G000910,2025-03-03 10:39:00,Binh Thanh,returning,,Cash,11,217000.0,delivered,28.0,5,Inner,4.6,10,Mon,3
G000911,2025-03-03 12:02:00,Tan Binh,returning,,Card,10,340000.0,delivered,34.4,3,Inner,5.2,12,Mon,3
G000912,2025-03-03 12:19:00,Binh Thanh,member,Silver,E-wallet,8,228000.0,delivered,38.5,2,Inner,4.6,12,Mon,3
G000913,2025-03-03 12:22:00,District 1,returning,,Cash,5,173000.0,delivered,41.1,,Central,2.1,12,Mon,3
G000914,2025-03-03 12:33:00,District 7,returning,,Bank transfer,4,139000.0,delivered,48.4,1,Inner,7.5,12,Mon,3
G000915,2025-03-03 13:25:00,Phu Nhuan,member,Silver,Cash,10,313000.0,delivered,25.8,4,Inner,4.0,13,Mon,3
G000916,2025-03-03 18:38:00,Binh Tan,member,Gold,Bank transfer,14,572000.0,delivered,57.5,3,Outer,10.8,18,Mon,3
G000917,2025-03-03 18:41:00,District 1,returning,,E-wallet,4,97000.0,delivered,30.3,,Central,2.1,18,Mon,3
G000918,2025-03-03 19:17:00,Binh Thanh,returning,,E-wallet,10,321000.0,delivered,36.4,3,Inner,4.6,19,Mon,3
G000919,2025-03-03 19:55:00,District 7,member,Gold,Card,4,103000.0,delivered,43.7,,Inner,7.5,19,Mon,3
G000920,2025-03-03 20:51:00,Tan Binh,member,Silver,E-wallet,4,74000.0,delivered,40.8,4,Inner,5.2,20,Mon,3
G000921,2025-03-03 22:01:00,Thu Duc City,returning,,E-wallet,6,209000.0,cancelled,,,Outer,11.5,22,Mon,3
G000922,2025-03-03 22:27:00,District 10,returning,,E-wallet,3,69000.0,delivered,26.1,4,Central,3.5,22,Mon,3
G000923,2025-03-04 08:01:00,District 10,member,Silver,Cash,6,215000.0,delivered,24.3,5,Central,3.5,8,Tue,3
G000924,2025-03-04 09:00:00,Binh Tan,member,Silver,E-wallet,9,312000.0,delivered,44.0,,Outer,10.8,9,Tue,3
G000925,2025-03-04 10:02:00,District 10,returning,,E-wallet,7,243000.0,delivered,24.5,4,Central,3.5,10,Tue,3
G000926,2025-03-04 11:03:00,District 7,member,Gold,Cash,7,229000.0,delivered,40.3,4,Inner,7.5,11,Tue,3
G000927,2025-03-04 11:10:00,District 7,member,Gold,Cash,3,92000.0,delivered,49.6,3,Inner,7.5,11,Tue,3
G000928,2025-03-04 12:30:00,District 1,returning,,E-wallet,7,284000.0,delivered,27.0,5,Central,2.1,12,Tue,3
G000929,2025-03-04 14:00:00,District 7,member,Gold,Cash,8,298000.0,delivered,32.7,4,Inner,7.5,14,Tue,3
G000930,2025-03-04 16:00:00,Tan Binh,member,Silver,Cash,10,313000.0,delivered,30.0,5,Inner,5.2,16,Tue,3
G000931,2025-03-04 17:31:00,District 10,new,,Card,9,216000.0,delivered,32.8,,Central,3.5,17,Tue,3
G000932,2025-03-04 18:30:00,District 10,new,,Cash,4,81000.0,delivered,38.3,,Central,3.5,18,Tue,3
G000933,2025-03-04 18:41:00,District 3,returning,,E-wallet,5,165000.0,delivered,34.5,,Central,2.8,18,Tue,3
G000934,2025-03-04 18:46:00,Binh Thanh,returning,,E-wallet,9,299000.0,delivered,42.4,,Inner,4.6,18,Tue,3
G000935,2025-03-04 19:06:00,District 1,member,Platinum,Cash,7,406000.0,delivered,34.3,4,Central,2.1,19,Tue,3
G000936,2025-03-04 21:27:00,Tan Binh,member,Gold,Card,6,301000.0,delivered,38.8,4,Inner,5.2,21,Tue,3
G000937,2025-03-04 21:28:00,Thu Duc City,new,,Card,6,236000.0,delivered,47.8,4,Outer,11.5,21,Tue,3
G000938,2025-03-04 21:37:00,District 7,new,,Cash,6,115000.0,delivered,35.5,4,Inner,7.5,21,Tue,3
G000939,2025-03-04 22:15:00,Tan Binh,member,Silver,E-wallet,5,191000.0,delivered,32.1,,Inner,5.2,22,Tue,3
G000940,2025-03-04 23:22:00,District 10,new,,E-wallet,4,109000.0,delivered,25.5,,Central,3.5,23,Tue,3
G000941,2025-03-05 09:19:00,Binh Tan,returning,,E-wallet,8,283000.0,delivered,43.4,2,Outer,10.8,9,Wed,3
G000942,2025-03-05 11:14:00,District 3,new,,E-wallet,7,285000.0,cancelled,,,Central,2.8,11,Wed,3
G000943,2025-03-05 14:08:00,Thu Duc City,new,,E-wallet,4,90000.0,delivered,44.4,3,Outer,11.5,14,Wed,3
G000944,2025-03-05 14:47:00,District 3,member,Gold,Cash,12,181000.0,delivered,25.3,5,Central,2.8,14,Wed,3
G000945,2025-03-05 20:02:00,Binh Thanh,new,,Cash,8,236000.0,delivered,35.3,4,Inner,4.6,20,Wed,3
G000946,2025-03-05 20:11:00,Phu Nhuan,member,Silver,E-wallet,3,89000.0,delivered,41.3,3,Inner,4.0,20,Wed,3
G000947,2025-03-05 20:53:00,Binh Thanh,new,,Bank transfer,6,245000.0,delivered,34.6,,Inner,4.6,20,Wed,3
G000948,2025-03-05 21:18:00,Binh Thanh,returning,,Cash,4,175000.0,delivered,32.2,4,Inner,4.6,21,Wed,3
G000949,2025-03-06 06:28:00,Go Vap,new,,Card,11,443000.0,cancelled,,,Outer,7.9,6,Thu,3
G000950,2025-03-06 08:38:00,District 1,member,Silver,E-wallet,3,94000.0,delivered,21.9,5,Central,2.1,8,Thu,3
G000951,2025-03-06 09:42:00,Thu Duc City,new,,E-wallet,4,117000.0,delivered,49.1,,Outer,11.5,9,Thu,3
G000952,2025-03-06 09:53:00,Tan Binh,returning,,E-wallet,4,106000.0,delivered,28.8,,Inner,5.2,9,Thu,3
G000953,2025-03-06 11:45:00,Tan Binh,member,Gold,E-wallet,14,499000.0,delivered,42.7,3,Inner,5.2,11,Thu,3
G000954,2025-03-06 12:52:00,District 7,returning,,E-wallet,8,225000.0,delivered,50.1,3,Inner,7.5,12,Thu,3
G000955,2025-03-06 12:56:00,District 3,member,Gold,Bank transfer,5,161000.0,delivered,35.7,,Central,2.8,12,Thu,3
G000956,2025-03-06 13:18:00,Binh Thanh,returning,,Card,5,166000.0,delivered,27.6,4,Inner,4.6,13,Thu,3
G000957,2025-03-06 15:45:00,District 7,returning,,E-wallet,13,324000.0,cancelled,,,Inner,7.5,15,Thu,3
G000958,2025-03-06 16:08:00,District 7,new,,E-wallet,6,252000.0,delivered,37.9,3,Inner,7.5,16,Thu,3
G000959,2025-03-06 16:35:00,Tan Binh,new,,E-wallet,11,328000.0,delivered,31.9,4,Inner,5.2,16,Thu,3
G000960,2025-03-06 17:57:00,Binh Tan,new,,Card,4,208000.0,delivered,45.2,3,Outer,10.8,17,Thu,3
G000961,2025-03-06 18:10:00,District 10,returning,,E-wallet,9,349000.0,delivered,33.5,,Central,3.5,18,Thu,3
G000962,2025-03-06 18:35:00,Thu Duc City,member,Silver,E-wallet,8,339000.0,delivered,57.3,2,Outer,11.5,18,Thu,3
G000963,2025-03-06 19:04:00,Go Vap,new,,E-wallet,7,203000.0,delivered,43.5,3,Outer,7.9,19,Thu,3
G000965,2025-03-06 19:08:00,District 7,new,,Card,6,222000.0,delivered,48.3,3,Inner,7.5,19,Thu,3
G000964,2025-03-06 19:08:00,Binh Thanh,returning,,Cash,12,284000.0,delivered,32.7,,Inner,4.6,19,Thu,3
G000966,2025-03-06 19:24:00,Go Vap,new,,E-wallet,4,173000.0,delivered,44.3,2,Outer,7.9,19,Thu,3
G000967,2025-03-06 19:32:00,District 7,returning,,Cash,3,100000.0,delivered,53.9,3,Inner,7.5,19,Thu,3
G000968,2025-03-06 19:40:00,District 3,returning,,E-wallet,6,221000.0,delivered,33.3,4,Central,2.8,19,Thu,3
G000969,2025-03-06 20:01:00,Tan Binh,returning,,Bank transfer,6,188000.0,delivered,35.5,4,Inner,5.2,20,Thu,3
G000970,2025-03-06 21:25:00,Go Vap,returning,,E-wallet,5,176000.0,delivered,33.0,4,Outer,7.9,21,Thu,3
G000971,2025-03-06 21:27:00,Phu Nhuan,new,,Cash,3,112000.0,delivered,24.1,5,Inner,4.0,21,Thu,3
G000972,2025-03-06 21:39:00,Binh Tan,returning,,E-wallet,5,220000.0,cancelled,,,Outer,10.8,21,Thu,3
G000973,2025-03-06 21:50:00,Thu Duc City,returning,,E-wallet,5,158000.0,delivered,46.9,3,Outer,11.5,21,Thu,3
G000974,2025-03-06 22:26:00,District 3,returning,,Cash,6,212000.0,delivered,25.9,5,Central,2.8,22,Thu,3
G000975,2025-03-07 06:20:00,District 7,returning,,E-wallet,2,63000.0,delivered,39.8,3,Inner,7.5,6,Fri,3
G000976,2025-03-07 08:52:00,Binh Thanh,returning,,Cash,8,236000.0,delivered,31.8,,Inner,4.6,8,Fri,3
G000977,2025-03-07 10:15:00,District 1,returning,,Cash,7,218000.0,delivered,20.0,5,Central,2.1,10,Fri,3
G000978,2025-03-07 10:21:00,Tan Binh,member,Silver,Cash,6,222000.0,delivered,26.5,5,Inner,5.2,10,Fri,3
G000979,2025-03-07 10:28:00,Thu Duc City,member,Silver,Cash,7,298000.0,delivered,53.8,,Outer,11.5,10,Fri,3
G000980,2025-03-07 12:44:00,District 1,returning,,Bank transfer,4,123000.0,delivered,27.1,4,Central,2.1,12,Fri,3
G000981,2025-03-07 12:52:00,Binh Thanh,member,Gold,E-wallet,10,248000.0,delivered,37.7,,Inner,4.6,12,Fri,3
G000982,2025-03-07 12:52:00,Tan Binh,returning,,Bank transfer,3,92000.0,delivered,38.4,,Inner,5.2,12,Fri,3
G000983,2025-03-07 13:24:00,District 7,returning,,E-wallet,4,166000.0,delivered,34.3,4,Inner,7.5,13,Fri,3
G000984,2025-03-07 13:52:00,Binh Thanh,returning,,Card,8,354000.0,delivered,32.4,5,Inner,4.6,13,Fri,3
G000985,2025-03-07 13:56:00,Binh Tan,new,,E-wallet,8,263000.0,delivered,43.5,,Outer,10.8,13,Fri,3
G000986,2025-03-07 14:15:00,Thu Duc City,returning,,Bank transfer,4,122000.0,delivered,43.4,3,Outer,11.5,14,Fri,3
G000987,2025-03-07 16:32:00,District 10,new,,E-wallet,6,228000.0,delivered,24.8,5,Central,3.5,16,Fri,3
G000988,2025-03-07 17:36:00,Binh Thanh,new,,Card,5,182000.0,delivered,31.0,,Inner,4.6,17,Fri,3
G000989,2025-03-07 18:26:00,Go Vap,member,Gold,E-wallet,6,158000.0,delivered,50.5,,Outer,7.9,18,Fri,3
G000990,2025-03-07 18:43:00,District 7,member,Platinum,Cash,5,246000.0,delivered,52.7,2,Inner,7.5,18,Fri,3
G000991,2025-03-07 19:26:00,District 1,member,Gold,E-wallet,6,271000.0,delivered,31.3,4,Central,2.1,19,Fri,3
G000992,2025-03-07 19:41:00,Binh Tan,returning,,Cash,4,127000.0,delivered,50.5,3,Outer,10.8,19,Fri,3
G000993,2025-03-07 20:32:00,District 7,member,Silver,Cash,5,106000.0,delivered,41.4,,Inner,7.5,20,Fri,3
G000994,2025-03-07 20:51:00,Thu Duc City,returning,,E-wallet,8,340000.0,delivered,54.3,,Outer,11.5,20,Fri,3
G000995,2025-03-07 20:53:00,District 7,new,,E-wallet,5,175000.0,delivered,44.3,3,Inner,7.5,20,Fri,3
G000996,2025-03-07 21:24:00,District 7,returning,,Cash,4,143000.0,delivered,37.1,4,Inner,7.5,21,Fri,3
G000997,2025-03-07 21:57:00,Tan Binh,returning,,E-wallet,14,430000.0,delivered,29.9,,Inner,5.2,21,Fri,3
G000998,2025-03-08 09:39:00,Binh Thanh,new,,Bank transfer,11,373000.0,delivered,32.4,4,Inner,4.6,9,Sat,3
G000999,2025-03-08 11:34:00,District 3,returning,,Cash,12,328000.0,delivered,34.4,4,Central,2.8,11,Sat,3
G001000,2025-03-08 12:03:00,Go Vap,new,,Card,13,391000.0,delivered,41.7,4,Outer,7.9,12,Sat,3
G001001,2025-03-08 12:44:00,District 1,returning,,Bank transfer,13,301000.0,delivered,36.0,4,Central,2.1,12,Sat,3
G001002,2025-03-08 13:05:00,Thu Duc City,new,,Cash,8,269000.0,delivered,55.7,2,Outer,11.5,13,Sat,3
G001003,2025-03-08 18:01:00,Tan Binh,returning,,Cash,10,362000.0,delivered,35.6,4,Inner,5.2,18,Sat,3
G001004,2025-03-08 18:21:00,Phu Nhuan,member,Silver,E-wallet,9,204000.0,delivered,41.1,3,Inner,4.0,18,Sat,3
G001005,2025-03-08 19:04:00,Tan Binh,new,,Bank transfer,18,567000.0,delivered,39.5,,Inner,5.2,19,Sat,3
G001006,2025-03-08 19:29:00,Tan Binh,returning,,Card,14,360000.0,delivered,40.0,3,Inner,5.2,19,Sat,3
G001007,2025-03-08 19:41:00,Go Vap,returning,,Bank transfer,12,281000.0,delivered,57.0,2,Outer,7.9,19,Sat,3
G001008,2025-03-09 09:54:00,Binh Tan,returning,,Cash,13,462000.0,delivered,44.3,3,Outer,10.8,9,Sun,3
G001009,2025-03-09 10:26:00,District 7,returning,,Card,6,195000.0,delivered,33.3,,Inner,7.5,10,Sun,3
G001010,2025-03-09 11:57:00,Binh Tan,returning,,E-wallet,7,171000.0,delivered,62.9,2,Outer,10.8,11,Sun,3
G001011,2025-03-09 12:00:00,Go Vap,member,Silver,Cash,12,393000.0,delivered,57.9,,Outer,7.9,12,Sun,3
G001012,2025-03-09 12:11:00,Phu Nhuan,returning,,Bank transfer,10,298000.0,delivered,32.5,4,Inner,4.0,12,Sun,3
G001013,2025-03-09 12:55:00,District 3,returning,,E-wallet,12,264000.0,delivered,37.6,,Central,2.8,12,Sun,3
G001014,2025-03-09 13:15:00,District 7,member,Silver,E-wallet,8,260000.0,cancelled,,,Inner,7.5,13,Sun,3
G001015,2025-03-09 15:53:00,District 3,member,Gold,Cash,5,143000.0,delivered,24.7,5,Central,2.8,15,Sun,3
G001016,2025-03-09 16:17:00,District 10,new,,Bank transfer,5,186000.0,delivered,32.0,5,Central,3.5,16,Sun,3
G001017,2025-03-09 17:34:00,Phu Nhuan,member,Silver,Card,17,613000.0,delivered,29.7,5,Inner,4.0,17,Sun,3
G001018,2025-03-09 18:31:00,District 1,new,,Cash,8,321000.0,delivered,40.1,3,Central,2.1,18,Sun,3
G001019,2025-03-09 18:54:00,District 1,returning,,E-wallet,9,375000.0,delivered,34.3,4,Central,2.1,18,Sun,3
G001020,2025-03-09 20:10:00,Phu Nhuan,returning,,Cash,12,388000.0,delivered,34.2,5,Inner,4.0,20,Sun,3
G001021,2025-03-09 21:06:00,District 1,member,Silver,E-wallet,8,257000.0,delivered,37.9,,Central,2.1,21,Sun,3
G001022,2025-03-09 22:13:00,Binh Thanh,returning,,E-wallet,11,309000.0,delivered,27.1,,Inner,4.6,22,Sun,3
G001023,2025-03-10 09:40:00,District 10,returning,,Card,4,90000.0,cancelled,,,Central,3.5,9,Mon,3
G001024,2025-03-10 09:45:00,Go Vap,member,Platinum,E-wallet,4,199000.0,delivered,35.6,5,Outer,7.9,9,Mon,3
G001025,2025-03-10 11:13:00,Tan Binh,returning,,Bank transfer,4,84000.0,delivered,38.5,3,Inner,5.2,11,Mon,3
G001026,2025-03-10 11:18:00,Binh Thanh,returning,,Card,6,149000.0,delivered,41.9,,Inner,4.6,11,Mon,3
G001027,2025-03-10 11:51:00,District 1,returning,,E-wallet,6,214000.0,cancelled,,,Central,2.1,11,Mon,3
G001028,2025-03-10 12:17:00,Thu Duc City,returning,,E-wallet,8,267000.0,delivered,66.0,,Outer,11.5,12,Mon,3
G001029,2025-03-10 12:25:00,District 7,returning,,Cash,2,36000.0,delivered,40.6,4,Inner,7.5,12,Mon,3
G001030,2025-03-10 12:53:00,Go Vap,returning,,Bank transfer,9,240000.0,delivered,45.3,3,Outer,7.9,12,Mon,3
G001031,2025-03-10 16:32:00,District 3,member,Silver,Cash,6,189000.0,delivered,21.2,5,Central,2.8,16,Mon,3
G001032,2025-03-10 16:49:00,Go Vap,new,,Cash,6,105000.0,delivered,37.1,4,Outer,7.9,16,Mon,3
G001033,2025-03-10 17:04:00,District 1,new,,E-wallet,7,212000.0,delivered,22.8,,Central,2.1,17,Mon,3
G001034,2025-03-10 18:00:00,Go Vap,returning,,Card,5,190000.0,delivered,44.6,2,Outer,7.9,18,Mon,3
G001035,2025-03-10 18:09:00,Go Vap,returning,,Cash,8,366000.0,cancelled,,,Outer,7.9,18,Mon,3
G001036,2025-03-10 18:43:00,District 3,new,,E-wallet,6,258000.0,delivered,36.7,4,Central,2.8,18,Mon,3
G001037,2025-03-10 18:59:00,Phu Nhuan,new,,Card,4,118000.0,delivered,33.7,4,Inner,4.0,18,Mon,3
G001038,2025-03-10 19:28:00,Thu Duc City,member,Platinum,E-wallet,11,530000.0,delivered,58.4,2,Outer,11.5,19,Mon,3
G001039,2025-03-10 20:18:00,Thu Duc City,new,,Cash,11,358000.0,delivered,57.9,3,Outer,11.5,20,Mon,3
G001040,2025-03-10 20:28:00,District 1,returning,,Cash,7,217000.0,delivered,28.1,5,Central,2.1,20,Mon,3
G001041,2025-03-10 20:40:00,Binh Thanh,returning,,Bank transfer,7,225000.0,delivered,34.0,4,Inner,4.6,20,Mon,3
G001042,2025-03-11 07:48:00,Phu Nhuan,returning,,Cash,10,245000.0,delivered,39.4,3,Inner,4.0,7,Tue,3
G001043,2025-03-11 09:25:00,District 3,member,Silver,Bank transfer,10,219000.0,delivered,23.1,,Central,2.8,9,Tue,3
G001044,2025-03-11 09:29:00,Thu Duc City,member,Platinum,E-wallet,10,356000.0,cancelled,,,Outer,11.5,9,Tue,3
G001045,2025-03-11 11:13:00,District 3,member,Gold,Cash,6,219000.0,delivered,45.2,2,Central,2.8,11,Tue,3
G001046,2025-03-11 12:57:00,Phu Nhuan,member,Gold,E-wallet,9,,cancelled,,,Inner,4.0,12,Tue,3
G001047,2025-03-11 14:19:00,District 7,returning,,E-wallet,3,71000.0,delivered,44.9,2,Inner,7.5,14,Tue,3
G001048,2025-03-11 16:26:00,Binh Tan,new,,E-wallet,8,353000.0,delivered,45.5,,Outer,10.8,16,Tue,3
G001049,2025-03-11 17:25:00,Binh Thanh,returning,,Card,7,155000.0,delivered,29.3,,Inner,4.6,17,Tue,3
G001050,2025-03-11 17:39:00,Thu Duc City,returning,,E-wallet,5,225000.0,delivered,54.9,3,Outer,11.5,17,Tue,3
G001051,2025-03-11 19:36:00,Go Vap,member,Gold,Bank transfer,8,364000.0,delivered,53.5,,Outer,7.9,19,Tue,3
G001052,2025-03-11 19:44:00,Binh Thanh,returning,,Cash,4,105000.0,delivered,36.3,3,Inner,4.6,19,Tue,3
G001053,2025-03-11 20:13:00,Go Vap,returning,,E-wallet,7,237000.0,cancelled,,,Outer,7.9,20,Tue,3
G001054,2025-03-11 20:42:00,District 3,new,,Cash,8,178000.0,delivered,30.0,,Central,2.8,20,Tue,3
G001055,2025-03-11 23:05:00,District 7,new,,Cash,6,195000.0,delivered,39.7,,Inner,7.5,23,Tue,3
G001056,2025-03-12 07:46:00,Go Vap,member,Platinum,Cash,5,253000.0,delivered,42.3,3,Outer,7.9,7,Wed,3
G001057,2025-03-12 09:45:00,Thu Duc City,returning,,Cash,9,314000.0,delivered,50.0,2,Outer,11.5,9,Wed,3
G001058,2025-03-12 12:09:00,Go Vap,member,Silver,Cash,5,206000.0,delivered,44.2,,Outer,7.9,12,Wed,3
G001059,2025-03-12 12:45:00,Binh Tan,returning,,E-wallet,5,157000.0,delivered,50.2,3,Outer,10.8,12,Wed,3
G001060,2025-03-12 17:01:00,District 10,returning,,Card,8,258000.0,delivered,25.5,5,Central,3.5,17,Wed,3
G001061,2025-03-12 17:14:00,Go Vap,member,Gold,E-wallet,5,107000.0,delivered,42.3,2,Outer,7.9,17,Wed,3
G001062,2025-03-12 17:33:00,District 7,returning,,Cash,8,312000.0,delivered,32.8,,Inner,7.5,17,Wed,3
G001063,2025-03-12 18:33:00,District 7,new,,Cash,6,192000.0,delivered,42.8,,Inner,7.5,18,Wed,3
G001064,2025-03-12 20:05:00,District 7,returning,,E-wallet,5,126000.0,delivered,41.7,,Inner,7.5,20,Wed,3
G001065,2025-03-12 20:33:00,District 7,member,Gold,Bank transfer,7,209000.0,delivered,41.5,4,Inner,7.5,20,Wed,3
G001066,2025-03-12 22:32:00,District 7,new,,E-wallet,9,270000.0,delivered,34.9,,Inner,7.5,22,Wed,3
G001067,2025-03-12 23:13:00,District 3,returning,,E-wallet,6,235000.0,delivered,24.3,5,Central,2.8,23,Wed,3
G001068,2025-03-13 09:21:00,Thu Duc City,new,,Card,13,247000.0,delivered,49.7,2,Outer,11.5,9,Thu,3
G001069,2025-03-13 09:51:00,Phu Nhuan,member,Silver,E-wallet,3,100000.0,delivered,43.6,,Inner,4.0,9,Thu,3
G001070,2025-03-13 10:21:00,Tan Binh,new,,E-wallet,11,414000.0,delivered,28.9,5,Inner,5.2,10,Thu,3
G001071,2025-03-13 12:13:00,Go Vap,returning,,E-wallet,5,174000.0,delivered,42.4,3,Outer,7.9,12,Thu,3
G001072,2025-03-13 12:40:00,Thu Duc City,member,Silver,E-wallet,9,284000.0,delivered,51.6,2,Outer,11.5,12,Thu,3
G001073,2025-03-13 12:53:00,Tan Binh,returning,,Cash,6,239000.0,delivered,37.5,3,Inner,5.2,12,Thu,3
G001074,2025-03-13 12:57:00,Tan Binh,returning,,E-wallet,8,162000.0,delivered,36.0,,Inner,5.2,12,Thu,3
G001075,2025-03-13 14:11:00,Go Vap,member,Silver,E-wallet,11,381000.0,delivered,35.3,3,Outer,7.9,14,Thu,3
G001076,2025-03-13 15:23:00,Tan Binh,new,,Cash,4,147000.0,cancelled,,,Inner,5.2,15,Thu,3
G001077,2025-03-13 15:52:00,District 3,new,,Bank transfer,8,286000.0,cancelled,,,Central,2.8,15,Thu,3
G001078,2025-03-13 16:56:00,District 7,returning,,Cash,9,204000.0,delivered,34.0,,Inner,7.5,16,Thu,3
G001079,2025-03-13 18:59:00,Go Vap,member,Gold,Cash,5,137000.0,delivered,44.2,2,Outer,7.9,18,Thu,3
G001080,2025-03-13 20:16:00,District 7,member,Silver,E-wallet,5,155000.0,delivered,44.4,,Inner,7.5,20,Thu,3
G001081,2025-03-13 20:22:00,Binh Tan,member,Gold,E-wallet,7,211000.0,delivered,49.3,,Outer,10.8,20,Thu,3
G001082,2025-03-14 10:12:00,District 10,new,,E-wallet,11,240000.0,delivered,23.3,5,Central,3.5,10,Fri,3
G001083,2025-03-14 11:33:00,District 3,new,,Cash,6,273000.0,delivered,30.2,5,Central,2.8,11,Fri,3
G001084,2025-03-14 11:59:00,District 7,member,Gold,Card,7,283000.0,delivered,41.3,3,Inner,7.5,11,Fri,3
G001085,2025-03-14 13:48:00,Thu Duc City,new,,Card,8,266000.0,delivered,46.7,2,Outer,11.5,13,Fri,3
G001086,2025-03-14 15:30:00,District 7,returning,,Bank transfer,8,168000.0,delivered,35.6,4,Inner,7.5,15,Fri,3
G001087,2025-03-14 18:38:00,District 3,returning,,E-wallet,9,281000.0,delivered,41.3,,Central,2.8,18,Fri,3
G001088,2025-03-14 20:02:00,Phu Nhuan,member,Silver,E-wallet,9,273000.0,delivered,34.9,4,Inner,4.0,20,Fri,3
G001089,2025-03-14 20:05:00,District 3,new,,E-wallet,12,439000.0,delivered,31.5,4,Central,2.8,20,Fri,3
G001090,2025-03-14 20:18:00,Thu Duc City,returning,,E-wallet,6,205000.0,delivered,52.7,,Outer,11.5,20,Fri,3
G001091,2025-03-15 07:17:00,District 3,returning,,Bank transfer,6,255000.0,delivered,22.1,4,Central,2.8,7,Sat,3
G001092,2025-03-15 09:50:00,Thu Duc City,returning,,Cash,8,248000.0,delivered,50.6,3,Outer,11.5,9,Sat,3
G001093,2025-03-15 10:52:00,Binh Tan,returning,,Cash,10,232000.0,delivered,42.1,4,Outer,10.8,10,Sat,3
G001094,2025-03-15 14:21:00,District 10,new,,E-wallet,8,303000.0,delivered,26.7,,Central,3.5,14,Sat,3
G001095,2025-03-15 14:36:00,Tan Binh,member,Gold,Cash,12,228000.0,delivered,30.4,5,Inner,5.2,14,Sat,3
G001096,2025-03-15 14:36:00,Tan Binh,member,Silver,E-wallet,7,232000.0,delivered,28.7,,Inner,5.2,14,Sat,3
G001097,2025-03-15 15:15:00,Binh Thanh,returning,,Cash,13,307000.0,delivered,32.6,,Inner,4.6,15,Sat,3
G001098,2025-03-15 16:17:00,Binh Thanh,returning,,Card,13,496000.0,delivered,41.1,3,Inner,4.6,16,Sat,3
G001099,2025-03-15 17:35:00,District 7,member,Platinum,E-wallet,8,412000.0,delivered,35.0,5,Inner,7.5,17,Sat,3
G001100,2025-03-15 18:11:00,District 3,returning,,E-wallet,4,139000.0,delivered,30.9,,Central,2.8,18,Sat,3
G001101,2025-03-15 18:30:00,Go Vap,new,,E-wallet,18,784000.0,delivered,52.7,,Outer,7.9,18,Sat,3
G001102,2025-03-15 18:56:00,District 3,new,,E-wallet,12,317000.0,delivered,32.0,,Central,2.8,18,Sat,3
G001103,2025-03-15 20:21:00,Phu Nhuan,returning,,Cash,12,303000.0,delivered,31.7,,Inner,4.0,20,Sat,3
G001104,2025-03-15 20:28:00,Thu Duc City,new,,Card,11,424000.0,delivered,57.1,2,Outer,11.5,20,Sat,3
G001105,2025-03-15 20:56:00,District 1,new,,Card,15,455000.0,delivered,26.0,4,Central,2.1,20,Sat,3
G001106,2025-03-15 21:43:00,Thu Duc City,new,,Cash,13,305000.0,delivered,43.1,3,Outer,11.5,21,Sat,3
G001107,2025-03-15 22:05:00,Binh Thanh,member,Silver,E-wallet,10,357000.0,delivered,26.2,4,Inner,4.6,22,Sat,3
G001108,2025-03-16 06:17:00,District 10,returning,,Cash,10,343000.0,delivered,24.7,,Central,3.5,6,Sun,3
G001109,2025-03-16 07:31:00,Binh Thanh,new,,E-wallet,11,368000.0,delivered,31.4,4,Inner,4.6,7,Sun,3
G001110,2025-03-16 09:03:00,District 10,new,,Card,9,256000.0,delivered,28.0,5,Central,3.5,9,Sun,3
G001111,2025-03-16 11:06:00,Thu Duc City,member,Silver,Card,9,301000.0,delivered,64.8,3,Outer,11.5,11,Sun,3
G001112,2025-03-16 11:53:00,Thu Duc City,returning,,Card,12,355000.0,delivered,56.3,,Outer,11.5,11,Sun,3
G001113,2025-03-16 12:02:00,Go Vap,returning,,Cash,14,345000.0,cancelled,,,Outer,7.9,12,Sun,3
G001114,2025-03-16 12:09:00,Binh Tan,returning,,Cash,7,269000.0,delivered,51.5,3,Outer,10.8,12,Sun,3
G001115,2025-03-16 12:50:00,District 1,member,Silver,Cash,9,320000.0,delivered,25.6,4,Central,2.1,12,Sun,3
G001116,2025-03-16 14:38:00,District 3,member,Silver,Bank transfer,7,216000.0,delivered,19.7,,Central,2.8,14,Sun,3
G001117,2025-03-16 15:57:00,Binh Tan,member,Platinum,Card,7,286000.0,delivered,45.3,2,Outer,10.8,15,Sun,3
G001119,2025-03-16 16:45:00,District 7,member,Silver,Card,11,387000.0,cancelled,,,Inner,7.5,16,Sun,3
G001118,2025-03-16 16:45:00,Go Vap,new,,Cash,6,268000.0,delivered,34.7,4,Outer,7.9,16,Sun,3
G001120,2025-03-16 16:58:00,Binh Thanh,returning,,Bank transfer,9,316000.0,delivered,32.2,4,Inner,4.6,16,Sun,3
G001121,2025-03-16 17:26:00,Thu Duc City,new,,Bank transfer,9,264000.0,delivered,46.1,2,Outer,11.5,17,Sun,3
G001122,2025-03-16 17:40:00,Go Vap,member,Silver,Cash,8,370000.0,delivered,40.8,3,Outer,7.9,17,Sun,3
G001123,2025-03-16 18:46:00,District 3,returning,,E-wallet,6,227000.0,delivered,29.3,4,Central,2.8,18,Sun,3
G001124,2025-03-16 18:59:00,District 1,returning,,Cash,9,302000.0,delivered,29.1,5,Central,2.1,18,Sun,3
G001125,2025-03-16 19:15:00,Phu Nhuan,new,,Card,12,487000.0,cancelled,,,Inner,4.0,19,Sun,3
G001126,2025-03-16 20:39:00,District 3,new,,Cash,10,253000.0,delivered,35.6,,Central,2.8,20,Sun,3
G001127,2025-03-16 20:57:00,District 7,new,,Card,11,293000.0,delivered,41.5,3,Inner,7.5,20,Sun,3
G001128,2025-03-16 22:25:00,Binh Tan,member,Gold,Cash,9,327000.0,delivered,42.7,4,Outer,10.8,22,Sun,3
G001129,2025-03-17 08:51:00,Phu Nhuan,member,Platinum,E-wallet,10,495000.0,delivered,24.8,,Inner,4.0,8,Mon,3
G001130,2025-03-17 10:10:00,District 1,new,,Card,3,91000.0,delivered,25.2,5,Central,2.1,10,Mon,3
G001131,2025-03-17 10:13:00,Go Vap,returning,,Bank transfer,3,110000.0,delivered,38.4,4,Outer,7.9,10,Mon,3
G001132,2025-03-17 11:05:00,District 7,returning,,Bank transfer,6,247000.0,cancelled,,,Inner,7.5,11,Mon,3
G001133,2025-03-17 12:58:00,Binh Thanh,returning,,Cash,6,260000.0,cancelled,,,Inner,4.6,12,Mon,3
G001134,2025-03-17 13:43:00,Thu Duc City,returning,,E-wallet,5,132000.0,delivered,48.2,3,Outer,11.5,13,Mon,3
G001135,2025-03-17 15:16:00,District 1,member,Gold,E-wallet,5,225000.0,delivered,26.3,4,Central,2.1,15,Mon,3
G001136,2025-03-17 17:15:00,District 1,returning,,Card,10,346000.0,delivered,24.1,,Central,2.1,17,Mon,3
G001137,2025-03-17 17:22:00,Phu Nhuan,member,Gold,Cash,4,140000.0,delivered,27.9,,Inner,4.0,17,Mon,3
G001138,2025-03-17 17:29:00,District 10,member,Silver,Cash,12,390000.0,delivered,25.3,4,Central,3.5,17,Mon,3
G001139,2025-03-17 19:30:00,Binh Thanh,new,,E-wallet,10,280000.0,delivered,34.3,5,Inner,4.6,19,Mon,3
G001140,2025-03-17 19:34:00,Binh Thanh,returning,,E-wallet,7,223000.0,delivered,40.2,,Inner,4.6,19,Mon,3
G001141,2025-03-17 20:35:00,Binh Thanh,returning,,E-wallet,3,83000.0,delivered,35.8,4,Inner,4.6,20,Mon,3
G001142,2025-03-17 20:37:00,Phu Nhuan,returning,,Card,4,147000.0,delivered,34.4,,Inner,4.0,20,Mon,3
G001143,2025-03-17 21:09:00,District 3,member,Silver,Cash,7,272000.0,delivered,32.3,5,Central,2.8,21,Mon,3
G001144,2025-03-17 21:23:00,Binh Thanh,returning,,E-wallet,3,100000.0,delivered,27.3,5,Inner,4.6,21,Mon,3
G001145,2025-03-17 21:25:00,Go Vap,member,Silver,E-wallet,6,144000.0,delivered,36.6,4,Outer,7.9,21,Mon,3
G001146,2025-03-17 21:52:00,District 7,returning,,Bank transfer,10,393000.0,delivered,33.9,,Inner,7.5,21,Mon,3
G001147,2025-03-17 22:38:00,Binh Thanh,returning,,Cash,8,187000.0,cancelled,,,Inner,4.6,22,Mon,3
G001148,2025-03-18 08:43:00,District 1,member,Silver,Bank transfer,6,223000.0,delivered,19.9,5,Central,2.1,8,Tue,3
G001149,2025-03-18 10:19:00,Binh Thanh,new,,Cash,7,244000.0,delivered,28.5,,Inner,4.6,10,Tue,3
G001150,2025-03-18 12:23:00,Thu Duc City,new,,Cash,6,176000.0,delivered,64.8,2,Outer,11.5,12,Tue,3
G001151,2025-03-18 12:38:00,Binh Thanh,new,,Card,8,198000.0,delivered,36.9,3,Inner,4.6,12,Tue,3
G001152,2025-03-18 13:18:00,Tan Binh,member,Silver,Cash,5,162000.0,delivered,27.3,5,Inner,5.2,13,Tue,3
G001153,2025-03-18 13:23:00,Binh Tan,new,,Card,2,69000.0,delivered,42.2,3,Outer,10.8,13,Tue,3
G001154,2025-03-18 14:21:00,District 7,new,,E-wallet,7,191000.0,delivered,36.4,4,Inner,7.5,14,Tue,3
G001155,2025-03-18 14:59:00,Binh Thanh,returning,,Bank transfer,5,142000.0,delivered,28.4,,Inner,4.6,14,Tue,3
G001156,2025-03-18 15:02:00,District 7,member,Silver,E-wallet,8,221000.0,delivered,34.9,,Inner,7.5,15,Tue,3
G001157,2025-03-18 15:56:00,Thu Duc City,member,Gold,Cash,4,144000.0,delivered,47.7,2,Outer,11.5,15,Tue,3
G001158,2025-03-18 17:01:00,District 1,returning,,Cash,6,213000.0,delivered,22.6,5,Central,2.1,17,Tue,3
G001159,2025-03-18 17:36:00,Thu Duc City,returning,,Card,5,167000.0,delivered,46.5,3,Outer,11.5,17,Tue,3
G001160,2025-03-18 18:33:00,District 1,member,Silver,E-wallet,11,179000.0,delivered,43.3,3,Central,2.1,18,Tue,3
G001161,2025-03-18 19:40:00,Tan Binh,new,,Bank transfer,12,262000.0,delivered,37.0,3,Inner,5.2,19,Tue,3
G001162,2025-03-18 20:36:00,Binh Thanh,member,Silver,E-wallet,5,193000.0,delivered,35.0,4,Inner,4.6,20,Tue,3
G001163,2025-03-18 20:54:00,Tan Binh,member,Gold,E-wallet,4,122000.0,delivered,38.6,3,Inner,5.2,20,Tue,3
G001164,2025-03-18 21:54:00,District 1,new,,E-wallet,7,310000.0,delivered,19.8,5,Central,2.1,21,Tue,3
G001165,2025-03-19 08:04:00,Phu Nhuan,returning,,E-wallet,5,136000.0,delivered,27.3,,Inner,4.0,8,Wed,3
G001166,2025-03-19 08:48:00,District 7,member,Platinum,E-wallet,8,461000.0,delivered,38.8,5,Inner,7.5,8,Wed,3
G001167,2025-03-19 11:09:00,District 3,returning,,E-wallet,5,128000.0,delivered,34.0,,Central,2.8,11,Wed,3
G001168,2025-03-19 11:19:00,Phu Nhuan,returning,,E-wallet,6,172000.0,delivered,33.3,,Inner,4.0,11,Wed,3
G001169,2025-03-19 12:02:00,Thu Duc City,member,Silver,Bank transfer,6,163000.0,delivered,51.3,2,Outer,11.5,12,Wed,3
G001170,2025-03-19 12:19:00,Thu Duc City,member,Silver,Bank transfer,5,149000.0,delivered,53.7,2,Outer,11.5,12,Wed,3
G001171,2025-03-19 12:38:00,Phu Nhuan,new,,Cash,6,166000.0,delivered,32.9,,Inner,4.0,12,Wed,3
G001172,2025-03-19 13:18:00,Tan Binh,new,,Cash,6,189000.0,delivered,29.6,5,Inner,5.2,13,Wed,3
G001173,2025-03-19 14:00:00,District 3,new,,Cash,9,296000.0,cancelled,,,Central,2.8,14,Wed,3
G001174,2025-03-19 14:17:00,Binh Tan,new,,Cash,10,388000.0,delivered,45.0,4,Outer,10.8,14,Wed,3
G001175,2025-03-19 14:17:00,District 7,returning,,Cash,6,163000.0,delivered,36.9,4,Inner,7.5,14,Wed,3
G001176,2025-03-19 14:46:00,Binh Thanh,returning,,Cash,8,269000.0,delivered,28.5,,Inner,4.6,14,Wed,3
G001177,2025-03-19 15:41:00,District 7,returning,,Cash,5,113000.0,delivered,36.5,3,Inner,7.5,15,Wed,3
G001178,2025-03-19 17:20:00,Go Vap,new,,Cash,8,276000.0,delivered,39.7,,Outer,7.9,17,Wed,3
G001179,2025-03-19 18:25:00,District 10,new,,Card,9,341000.0,delivered,31.0,4,Central,3.5,18,Wed,3
G001180,2025-03-19 18:37:00,Binh Tan,returning,,Card,7,171000.0,delivered,56.6,1,Outer,10.8,18,Wed,3
G001181,2025-03-19 19:51:00,District 7,new,,Cash,9,346000.0,cancelled,,,Inner,7.5,19,Wed,3
G001182,2025-03-19 19:59:00,Thu Duc City,new,,E-wallet,6,187000.0,delivered,57.3,2,Outer,11.5,19,Wed,3
G001183,2025-03-19 20:21:00,Binh Thanh,member,Gold,Card,8,277000.0,delivered,37.7,,Inner,4.6,20,Wed,3
G001184,2025-03-19 21:28:00,Tan Binh,returning,,Cash,7,230000.0,cancelled,,,Inner,5.2,21,Wed,3
G001185,2025-03-19 21:56:00,District 10,returning,,Card,10,155000.0,delivered,28.1,,Central,3.5,21,Wed,3
G001186,2025-03-20 07:20:00,Thu Duc City,returning,,Cash,5,120000.0,delivered,51.8,4,Outer,11.5,7,Thu,3
G001187,2025-03-20 12:30:00,Binh Tan,new,,E-wallet,11,232000.0,delivered,59.8,,Outer,10.8,12,Thu,3
G001188,2025-03-20 12:35:00,Binh Thanh,returning,,Card,8,203000.0,delivered,35.0,3,Inner,4.6,12,Thu,3
G001189,2025-03-20 13:09:00,Binh Thanh,returning,,E-wallet,8,207000.0,delivered,28.5,4,Inner,4.6,13,Thu,3
G001190,2025-03-20 13:22:00,District 7,returning,,E-wallet,6,242000.0,cancelled,,,Inner,7.5,13,Thu,3
G001191,2025-03-20 17:09:00,Go Vap,returning,,E-wallet,4,115000.0,delivered,39.3,,Outer,7.9,17,Thu,3
G001192,2025-03-20 17:22:00,Thu Duc City,returning,,Cash,7,202000.0,delivered,44.6,,Outer,11.5,17,Thu,3
G001193,2025-03-20 17:42:00,Binh Thanh,returning,,Bank transfer,8,291000.0,delivered,32.4,,Inner,4.6,17,Thu,3
G001194,2025-03-20 17:54:00,Binh Thanh,member,Silver,Bank transfer,5,162000.0,delivered,25.1,3,Inner,4.6,17,Thu,3
G001195,2025-03-20 17:57:00,District 7,returning,,Card,15,456000.0,delivered,32.5,3,Inner,7.5,17,Thu,3
G001196,2025-03-20 18:15:00,Binh Thanh,new,,Bank transfer,10,375000.0,delivered,35.8,5,Inner,4.6,18,Thu,3
G001197,2025-03-20 19:27:00,Binh Tan,returning,,E-wallet,7,295000.0,delivered,52.7,3,Outer,10.8,19,Thu,3
G001198,2025-03-20 20:42:00,Binh Tan,new,,E-wallet,8,280000.0,delivered,52.9,2,Outer,10.8,20,Thu,3
G001199,2025-03-20 22:54:00,Thu Duc City,returning,,Cash,9,276000.0,delivered,57.5,,Outer,11.5,22,Thu,3
G001200,2025-03-21 11:08:00,Phu Nhuan,returning,,Bank transfer,9,331000.0,delivered,46.4,4,Inner,4.0,11,Fri,3
G001201,2025-03-21 11:18:00,District 10,returning,,Cash,4,107000.0,delivered,30.7,,Central,3.5,11,Fri,3
G001202,2025-03-21 17:45:00,Go Vap,new,,Cash,11,332000.0,delivered,43.9,3,Outer,7.9,17,Fri,3
G001203,2025-03-21 18:49:00,Binh Tan,returning,,E-wallet,8,245000.0,delivered,53.3,2,Outer,10.8,18,Fri,3
G001204,2025-03-21 19:22:00,District 7,member,Gold,Cash,4,113000.0,delivered,40.1,1,Inner,7.5,19,Fri,3
G001205,2025-03-21 20:42:00,District 7,member,Silver,Cash,8,331000.0,delivered,42.1,,Inner,7.5,20,Fri,3
G001206,2025-03-21 21:10:00,Binh Thanh,new,,E-wallet,6,180000.0,delivered,29.2,,Inner,4.6,21,Fri,3
G001207,2025-03-21 21:27:00,District 7,returning,,Card,5,150000.0,delivered,41.4,,Inner,7.5,21,Fri,3
G001208,2025-03-21 22:33:00,Binh Thanh,member,Silver,E-wallet,5,131000.0,delivered,32.3,4,Inner,4.6,22,Fri,3
G001209,2025-03-22 06:57:00,Tan Binh,returning,,Card,13,458000.0,cancelled,,,Inner,5.2,6,Sat,3
G001210,2025-03-22 07:20:00,District 7,returning,,E-wallet,12,386000.0,delivered,34.5,3,Inner,7.5,7,Sat,3
G001211,2025-03-22 10:34:00,Binh Thanh,new,,Card,6,186000.0,delivered,29.4,,Inner,4.6,10,Sat,3
G001212,2025-03-22 11:20:00,District 7,member,Silver,Bank transfer,16,553000.0,cancelled,,,Inner,7.5,11,Sat,3
G001213,2025-03-22 12:26:00,District 10,returning,,Cash,11,298000.0,delivered,34.9,4,Central,3.5,12,Sat,3
G001214,2025-03-22 12:36:00,District 7,member,Platinum,Bank transfer,14,523000.0,delivered,48.9,,Inner,7.5,12,Sat,3
G001215,2025-03-22 12:37:00,District 1,returning,,Bank transfer,10,316000.0,delivered,30.4,,Central,2.1,12,Sat,3
G001216,2025-03-22 13:54:00,District 1,returning,,Bank transfer,9,243000.0,delivered,32.7,4,Central,2.1,13,Sat,3
G001217,2025-03-22 15:30:00,Phu Nhuan,member,Silver,E-wallet,8,276000.0,delivered,25.0,5,Inner,4.0,15,Sat,3
G001218,2025-03-22 18:31:00,Go Vap,returning,,Card,9,338000.0,delivered,51.9,2,Outer,7.9,18,Sat,3
G001219,2025-03-22 18:37:00,Binh Tan,member,Silver,Cash,11,316000.0,delivered,,2,Outer,10.8,18,Sat,3
G001220,2025-03-22 18:41:00,Phu Nhuan,returning,,E-wallet,11,338000.0,delivered,32.6,4,Inner,4.0,18,Sat,3
G001221,2025-03-22 19:24:00,District 3,new,,Bank transfer,9,311000.0,delivered,34.6,5,Central,2.8,19,Sat,3
G001222,2025-03-22 19:25:00,District 10,new,,Card,9,276000.0,delivered,37.2,3,Central,3.5,19,Sat,3
G001223,2025-03-22 20:10:00,Binh Thanh,member,Gold,Cash,9,355000.0,delivered,33.6,,Inner,4.6,20,Sat,3
G001224,2025-03-22 21:14:00,Phu Nhuan,new,,Bank transfer,8,316000.0,delivered,23.8,4,Inner,4.0,21,Sat,3
G001225,2025-03-22 22:13:00,Thu Duc City,returning,,Bank transfer,7,191000.0,delivered,47.8,2,Outer,11.5,22,Sat,3
G001226,2025-03-22 23:50:00,Thu Duc City,returning,,E-wallet,9,304000.0,delivered,45.8,2,Outer,11.5,23,Sat,3
G001227,2025-03-23 10:07:00,District 1,returning,,Cash,10,453000.0,delivered,23.6,5,Central,2.1,10,Sun,3
G001228,2025-03-23 10:12:00,Binh Tan,member,Gold,Cash,11,341000.0,delivered,43.6,,Outer,10.8,10,Sun,3
G001229,2025-03-23 11:29:00,Binh Thanh,returning,,Cash,12,275000.0,delivered,35.5,3,Inner,4.6,11,Sun,3
G001230,2025-03-23 12:20:00,Binh Thanh,member,Silver,Bank transfer,14,355000.0,delivered,44.4,5,Inner,4.6,12,Sun,3
G001231,2025-03-23 12:44:00,District 10,returning,,Cash,10,349000.0,delivered,33.7,,Central,3.5,12,Sun,3
G001232,2025-03-23 13:21:00,District 1,returning,,E-wallet,16,491000.0,delivered,24.2,,Central,2.1,13,Sun,3
G001233,2025-03-23 14:11:00,District 10,returning,,E-wallet,12,369000.0,delivered,33.4,4,Central,3.5,14,Sun,3
G001234,2025-03-23 15:01:00,District 3,returning,,Cash,13,539000.0,delivered,23.2,,Central,2.8,15,Sun,3
G001235,2025-03-23 15:23:00,Thu Duc City,returning,,Bank transfer,8,258000.0,delivered,48.8,2,Outer,11.5,15,Sun,3
G001236,2025-03-23 16:48:00,District 7,returning,,Card,6,157000.0,delivered,39.1,3,Inner,7.5,16,Sun,3
G001237,2025-03-23 17:22:00,District 10,returning,,E-wallet,7,184000.0,delivered,24.9,4,Central,3.5,17,Sun,3
G001238,2025-03-23 17:26:00,Binh Tan,returning,,Cash,10,321000.0,delivered,45.7,2,Outer,10.8,17,Sun,3
G001239,2025-03-23 18:12:00,Tan Binh,returning,,Bank transfer,16,425000.0,delivered,34.0,,Inner,5.2,18,Sun,3
G001240,2025-03-23 18:52:00,Thu Duc City,returning,,E-wallet,8,343000.0,delivered,58.2,3,Outer,11.5,18,Sun,3
G001241,2025-03-23 18:56:00,District 7,returning,,Card,7,201000.0,delivered,40.0,4,Inner,7.5,18,Sun,3
G001242,2025-03-23 19:31:00,District 1,new,,E-wallet,4,107000.0,delivered,31.1,3,Central,2.1,19,Sun,3
G001243,2025-03-23 19:41:00,Go Vap,member,Silver,E-wallet,11,405000.0,cancelled,,,Outer,7.9,19,Sun,3
G001244,2025-03-23 19:42:00,District 1,member,Gold,Cash,10,311000.0,delivered,31.0,5,Central,2.1,19,Sun,3
G001245,2025-03-23 20:38:00,District 7,returning,,E-wallet,8,374000.0,delivered,46.0,,Inner,7.5,20,Sun,3
G001246,2025-03-23 21:45:00,District 1,member,Platinum,E-wallet,8,328000.0,delivered,25.3,4,Central,2.1,21,Sun,3
G001247,2025-03-24 08:12:00,District 7,returning,,Card,7,231000.0,delivered,34.0,4,Inner,7.5,8,Mon,3
G001248,2025-03-24 08:36:00,Thu Duc City,returning,,Card,11,357000.0,delivered,46.0,2,Outer,11.5,8,Mon,3
G001249,2025-03-24 09:58:00,Tan Binh,returning,,E-wallet,5,231000.0,delivered,33.3,3,Inner,5.2,9,Mon,3
G001250,2025-03-24 10:09:00,District 3,returning,,Bank transfer,5,176000.0,delivered,24.5,,Central,2.8,10,Mon,3
G001251,2025-03-24 10:25:00,Thu Duc City,member,Silver,Card,6,216000.0,delivered,45.8,3,Outer,11.5,10,Mon,3
G001252,2025-03-24 10:49:00,District 10,new,,Cash,2,48000.0,delivered,35.2,,Central,3.5,10,Mon,3
G001253,2025-03-24 11:26:00,Binh Tan,returning,,Cash,13,511000.0,delivered,58.4,,Outer,10.8,11,Mon,3
G001254,2025-03-24 12:04:00,Phu Nhuan,member,Silver,Card,5,153000.0,delivered,37.6,,Inner,4.0,12,Mon,3
G001255,2025-03-24 12:38:00,Tan Binh,member,Gold,E-wallet,6,199000.0,delivered,39.7,,Inner,5.2,12,Mon,3
G001256,2025-03-24 14:12:00,Phu Nhuan,member,Gold,Cash,12,418000.0,delivered,30.8,3,Inner,4.0,14,Mon,3
G001257,2025-03-24 14:33:00,District 10,returning,,Card,3,100000.0,delivered,33.9,5,Central,3.5,14,Mon,3
G001258,2025-03-24 15:24:00,District 3,member,Silver,Cash,9,241000.0,delivered,21.6,,Central,2.8,15,Mon,3
G001259,2025-03-24 16:12:00,Tan Binh,returning,,Cash,4,163000.0,delivered,29.2,,Inner,5.2,16,Mon,3
G001260,2025-03-24 17:08:00,District 3,returning,,Bank transfer,7,,delivered,27.0,,Central,2.8,17,Mon,3
G001261,2025-03-24 19:09:00,District 7,new,,E-wallet,7,168000.0,delivered,45.0,,Inner,7.5,19,Mon,3
G001262,2025-03-24 19:55:00,Tan Binh,member,Silver,E-wallet,5,149000.0,delivered,42.7,3,Inner,5.2,19,Mon,3
G001263,2025-03-24 20:54:00,District 10,returning,,E-wallet,8,265000.0,delivered,48.2,2,Central,3.5,20,Mon,3
G001264,2025-03-24 21:37:00,Binh Tan,returning,,Cash,7,293000.0,delivered,49.6,3,Outer,10.8,21,Mon,3
G001265,2025-03-25 08:51:00,Thu Duc City,returning,,Cash,8,164000.0,delivered,48.4,,Outer,11.5,8,Tue,3
G001266,2025-03-25 08:57:00,Go Vap,returning,,E-wallet,6,223000.0,delivered,34.0,4,Outer,7.9,8,Tue,3
G001267,2025-03-25 09:12:00,Binh Thanh,new,,Cash,7,199000.0,delivered,28.9,5,Inner,4.6,9,Tue,3
G001268,2025-03-25 10:59:00,Binh Tan,returning,,Bank transfer,6,135000.0,delivered,43.7,3,Outer,10.8,10,Tue,3
G001269,2025-03-25 11:28:00,District 7,returning,,E-wallet,6,224000.0,delivered,47.2,3,Inner,7.5,11,Tue,3
G001270,2025-03-25 15:20:00,Go Vap,returning,,E-wallet,7,223000.0,delivered,41.3,3,Outer,7.9,15,Tue,3
G001271,2025-03-25 15:20:00,District 7,returning,,Cash,6,218000.0,delivered,43.1,4,Inner,7.5,15,Tue,3
G001272,2025-03-25 17:54:00,District 3,returning,,Card,6,153000.0,delivered,26.0,,Central,2.8,17,Tue,3
G001273,2025-03-25 18:04:00,District 1,new,,Bank transfer,4,136000.0,delivered,29.4,4,Central,2.1,18,Tue,3
G001274,2025-03-25 18:41:00,District 1,member,Silver,E-wallet,8,256000.0,delivered,31.6,,Central,2.1,18,Tue,3
G001275,2025-03-25 18:46:00,Binh Thanh,member,Silver,E-wallet,7,202000.0,delivered,38.8,4,Inner,4.6,18,Tue,3
G001276,2025-03-25 19:17:00,Thu Duc City,member,Silver,Card,5,148000.0,delivered,54.7,2,Outer,11.5,19,Tue,3
G001277,2025-03-25 19:58:00,Tan Binh,returning,,E-wallet,7,226000.0,delivered,37.8,,Inner,5.2,19,Tue,3
G001278,2025-03-25 19:58:00,Binh Thanh,returning,,Card,5,189000.0,delivered,34.1,,Inner,4.6,19,Tue,3
G001279,2025-03-25 21:29:00,Tan Binh,member,Silver,Card,7,206000.0,delivered,31.4,5,Inner,5.2,21,Tue,3
G001280,2025-03-25 21:48:00,Tan Binh,returning,,Card,6,188000.0,delivered,31.7,,Inner,5.2,21,Tue,3
G001281,2025-03-26 08:27:00,Binh Tan,member,Silver,Bank transfer,8,266000.0,delivered,41.7,,Outer,10.8,8,Wed,3
G001282,2025-03-26 10:22:00,Binh Thanh,member,Silver,E-wallet,5,158000.0,delivered,35.8,4,Inner,4.6,10,Wed,3
G001283,2025-03-26 10:22:00,District 3,new,,Card,8,202000.0,delivered,29.1,5,Central,2.8,10,Wed,3
G001284,2025-03-26 12:00:00,District 10,returning,,Card,7,192000.0,delivered,33.7,,Central,3.5,12,Wed,3
G001285,2025-03-26 12:09:00,Thu Duc City,returning,,E-wallet,9,211000.0,delivered,56.3,1,Outer,11.5,12,Wed,3
G001286,2025-03-26 12:36:00,Thu Duc City,member,Silver,Card,7,128000.0,delivered,52.3,2,Outer,11.5,12,Wed,3
G001287,2025-03-26 12:47:00,District 7,returning,,Cash,10,269000.0,delivered,42.2,2,Inner,7.5,12,Wed,3
G001288,2025-03-26 13:13:00,Phu Nhuan,member,Platinum,E-wallet,4,214000.0,delivered,30.3,4,Inner,4.0,13,Wed,3
G001289,2025-03-26 14:33:00,Phu Nhuan,member,Silver,E-wallet,4,172000.0,delivered,23.3,,Inner,4.0,14,Wed,3
G001290,2025-03-26 14:42:00,Binh Thanh,member,Gold,Cash,10,408000.0,delivered,25.9,,Inner,4.6,14,Wed,3
G001291,2025-03-26 15:52:00,District 1,new,,Card,3,74000.0,delivered,18.3,5,Central,2.1,15,Wed,3
G001292,2025-03-26 16:21:00,District 7,member,Gold,Cash,11,565000.0,delivered,32.7,3,Inner,7.5,16,Wed,3
G001293,2025-03-26 17:28:00,District 1,new,,Card,9,292000.0,delivered,22.3,5,Central,2.1,17,Wed,3
G001294,2025-03-26 18:08:00,Thu Duc City,returning,,Card,9,305000.0,delivered,66.7,,Outer,11.5,18,Wed,3
G001295,2025-03-26 18:45:00,Binh Tan,returning,,Cash,6,157000.0,delivered,62.3,2,Outer,10.8,18,Wed,3
G001296,2025-03-26 19:21:00,District 1,new,,Cash,5,165000.0,delivered,26.3,,Central,2.1,19,Wed,3
G001297,2025-03-26 19:38:00,District 1,member,Silver,Card,8,215000.0,delivered,29.4,,Central,2.1,19,Wed,3
G001298,2025-03-26 20:21:00,District 7,returning,,E-wallet,7,220000.0,delivered,43.1,3,Inner,7.5,20,Wed,3
G001299,2025-03-26 23:11:00,District 3,returning,,E-wallet,3,115000.0,delivered,26.5,5,Central,2.8,23,Wed,3
G001300,2025-03-27 09:56:00,Binh Thanh,returning,,E-wallet,6,169000.0,delivered,49.4,,Inner,4.6,9,Thu,3
G001301,2025-03-27 11:41:00,District 7,new,,Bank transfer,9,298000.0,delivered,43.1,3,Inner,7.5,11,Thu,3
G001302,2025-03-27 11:56:00,District 1,member,Gold,Cash,6,199000.0,delivered,32.8,,Central,2.1,11,Thu,3
G001303,2025-03-27 12:04:00,Go Vap,member,Gold,Card,8,330000.0,delivered,44.6,2,Outer,7.9,12,Thu,3
G001304,2025-03-27 12:14:00,Thu Duc City,returning,,Card,12,464000.0,delivered,51.7,1,Outer,11.5,12,Thu,3
G001305,2025-03-27 12:40:00,Go Vap,new,,Bank transfer,6,108000.0,delivered,46.1,2,Outer,7.9,12,Thu,3
G001306,2025-03-27 12:46:00,Binh Thanh,returning,,E-wallet,5,207000.0,cancelled,,,Inner,4.6,12,Thu,3
G001307,2025-03-27 14:06:00,District 7,new,,Card,4,166000.0,cancelled,,,Inner,7.5,14,Thu,3
G001308,2025-03-27 15:10:00,Phu Nhuan,member,Silver,Cash,6,232000.0,cancelled,,,Inner,4.0,15,Thu,3
G001309,2025-03-27 15:57:00,District 7,returning,,E-wallet,5,69000.0,delivered,32.5,,Inner,7.5,15,Thu,3
G001310,2025-03-27 16:11:00,Binh Thanh,returning,,Cash,12,340000.0,delivered,26.8,5,Inner,4.6,16,Thu,3
G001311,2025-03-27 16:16:00,Tan Binh,returning,,Bank transfer,4,143000.0,delivered,36.2,3,Inner,5.2,16,Thu,3
G001312,2025-03-27 17:10:00,District 1,new,,Cash,8,242000.0,delivered,23.9,,Central,2.1,17,Thu,3
G001313,2025-03-27 19:01:00,District 1,member,Platinum,Cash,9,353000.0,delivered,29.8,4,Central,2.1,19,Thu,3
G001314,2025-03-27 19:22:00,Tan Binh,returning,,Cash,8,287000.0,delivered,38.8,3,Inner,5.2,19,Thu,3
G001315,2025-03-27 19:26:00,Binh Tan,returning,,Cash,7,201000.0,delivered,61.4,,Outer,10.8,19,Thu,3
G001316,2025-03-27 19:39:00,Tan Binh,returning,,E-wallet,5,175000.0,cancelled,,,Inner,5.2,19,Thu,3
G001317,2025-03-27 19:39:00,District 10,new,,Cash,6,154000.0,delivered,29.8,4,Central,3.5,19,Thu,3
G001318,2025-03-27 20:55:00,Phu Nhuan,returning,,E-wallet,6,117000.0,delivered,43.5,,Inner,4.0,20,Thu,3
G001319,2025-03-28 12:13:00,Binh Tan,returning,,Card,5,114000.0,delivered,48.9,3,Outer,10.8,12,Fri,3
G001320,2025-03-28 12:37:00,Tan Binh,new,,E-wallet,10,353000.0,delivered,38.4,,Inner,5.2,12,Fri,3
G001322,2025-03-28 13:10:00,Go Vap,member,Gold,Cash,7,226000.0,delivered,47.3,3,Outer,7.9,13,Fri,3
G001321,2025-03-28 13:10:00,Go Vap,returning,,Card,7,230000.0,delivered,34.2,4,Outer,7.9,13,Fri,3
G001323,2025-03-28 14:59:00,Tan Binh,new,,Card,5,211000.0,delivered,27.7,5,Inner,5.2,14,Fri,3
G001324,2025-03-28 16:09:00,Binh Thanh,returning,,Card,5,165000.0,delivered,33.4,5,Inner,4.6,16,Fri,3
G001325,2025-03-28 16:26:00,District 7,new,,Cash,9,320000.0,delivered,33.0,4,Inner,7.5,16,Fri,3
G001326,2025-03-28 17:20:00,Phu Nhuan,returning,,Bank transfer,10,271000.0,delivered,24.4,,Inner,4.0,17,Fri,3
G001327,2025-03-28 18:24:00,Thu Duc City,member,Silver,E-wallet,5,198000.0,delivered,53.2,3,Outer,11.5,18,Fri,3
G001328,2025-03-28 18:30:00,District 7,returning,,Cash,11,276000.0,delivered,44.6,4,Inner,7.5,18,Fri,3
G001329,2025-03-28 19:48:00,District 1,member,Silver,Cash,5,198000.0,delivered,42.0,4,Central,2.1,19,Fri,3
G001330,2025-03-28 19:56:00,District 1,new,,Cash,10,284000.0,delivered,26.6,5,Central,2.1,19,Fri,3
G001331,2025-03-28 20:11:00,Binh Tan,returning,,E-wallet,7,284000.0,delivered,59.7,3,Outer,10.8,20,Fri,3
G001332,2025-03-28 20:21:00,Binh Tan,returning,,E-wallet,5,150000.0,delivered,53.2,4,Outer,10.8,20,Fri,3
G001333,2025-03-28 20:35:00,District 7,new,,E-wallet,12,407000.0,delivered,44.3,1,Inner,7.5,20,Fri,3
G001334,2025-03-28 20:35:00,Binh Thanh,returning,,E-wallet,7,224000.0,delivered,40.0,4,Inner,4.6,20,Fri,3
G001335,2025-03-28 21:38:00,Go Vap,returning,,Cash,5,203000.0,delivered,33.9,,Outer,7.9,21,Fri,3
G001336,2025-03-28 22:00:00,Phu Nhuan,member,Platinum,Cash,10,408000.0,delivered,32.6,4,Inner,4.0,22,Fri,3
G001337,2025-03-28 23:48:00,District 7,member,Gold,Cash,12,441000.0,delivered,42.1,3,Inner,7.5,23,Fri,3
G001338,2025-03-29 08:23:00,District 1,returning,,Cash,5,199000.0,delivered,17.7,5,Central,2.1,8,Sat,3
G001339,2025-03-29 09:15:00,Go Vap,returning,,Cash,11,432000.0,delivered,38.3,,Outer,7.9,9,Sat,3
G001340,2025-03-29 10:59:00,Binh Thanh,member,Platinum,Card,6,229000.0,cancelled,,,Inner,4.6,10,Sat,3
G001341,2025-03-29 11:49:00,Tan Binh,returning,,Card,12,388000.0,delivered,56.6,,Inner,5.2,11,Sat,3
G001342,2025-03-29 15:11:00,District 7,returning,,E-wallet,12,287000.0,delivered,35.4,3,Inner,7.5,15,Sat,3
G001343,2025-03-29 16:31:00,District 3,returning,,E-wallet,8,314000.0,delivered,21.7,5,Central,2.8,16,Sat,3
G001344,2025-03-29 16:33:00,Binh Tan,member,Gold,Cash,6,190000.0,delivered,45.4,4,Outer,10.8,16,Sat,3
G001345,2025-03-29 17:45:00,District 7,returning,,E-wallet,12,473000.0,delivered,34.7,3,Inner,7.5,17,Sat,3
G001346,2025-03-29 18:48:00,District 7,returning,,Cash,14,369000.0,delivered,44.7,3,Inner,7.5,18,Sat,3
G001347,2025-03-29 21:20:00,Thu Duc City,new,,Bank transfer,10,410000.0,delivered,54.8,2,Outer,11.5,21,Sat,3
G001348,2025-03-29 21:59:00,Tan Binh,returning,,Cash,8,282000.0,delivered,32.7,4,Inner,5.2,21,Sat,3
G001349,2025-03-29 23:13:00,Binh Thanh,member,Gold,Cash,5,172000.0,delivered,27.7,,Inner,4.6,23,Sat,3
G001350,2025-03-30 06:46:00,Go Vap,new,,Cash,9,150000.0,delivered,36.5,4,Outer,7.9,6,Sun,3
G001351,2025-03-30 10:16:00,Phu Nhuan,new,,Cash,9,345000.0,delivered,24.2,5,Inner,4.0,10,Sun,3
G001352,2025-03-30 10:25:00,Tan Binh,returning,,E-wallet,10,207000.0,delivered,32.9,3,Inner,5.2,10,Sun,3
G001353,2025-03-30 11:25:00,Binh Thanh,returning,,Cash,14,326000.0,delivered,45.9,3,Inner,4.6,11,Sun,3
G001354,2025-03-30 11:59:00,District 10,returning,,Cash,11,395000.0,delivered,34.0,3,Central,3.5,11,Sun,3
G001355,2025-03-30 12:43:00,District 1,new,,E-wallet,8,313000.0,delivered,31.1,5,Central,2.1,12,Sun,3
G001356,2025-03-30 12:55:00,Binh Thanh,member,Gold,E-wallet,12,400000.0,delivered,36.1,5,Inner,4.6,12,Sun,3
G001357,2025-03-30 13:34:00,Thu Duc City,new,,Bank transfer,11,370000.0,delivered,49.3,,Outer,11.5,13,Sun,3
G001358,2025-03-30 16:34:00,Tan Binh,member,Platinum,E-wallet,9,376000.0,delivered,32.3,,Inner,5.2,16,Sun,3
G001359,2025-03-30 18:13:00,District 1,returning,,Card,7,209000.0,delivered,33.7,,Central,2.1,18,Sun,3
G001360,2025-03-30 18:19:00,Thu Duc City,returning,,E-wallet,8,313000.0,delivered,54.4,1,Outer,11.5,18,Sun,3
G001361,2025-03-30 19:02:00,Thu Duc City,returning,,Cash,11,347000.0,delivered,60.4,4,Outer,11.5,19,Sun,3
G001362,2025-03-30 19:46:00,Thu Duc City,returning,,E-wallet,13,356000.0,delivered,56.7,,Outer,11.5,19,Sun,3
G001363,2025-03-30 19:54:00,Binh Thanh,new,,Bank transfer,12,277000.0,delivered,34.6,,Inner,4.6,19,Sun,3
G001364,2025-03-30 20:00:00,District 10,new,,Cash,11,269000.0,cancelled,,,Central,3.5,20,Sun,3
G001365,2025-03-30 20:20:00,District 3,returning,,Card,5,160000.0,delivered,35.8,5,Central,2.8,20,Sun,3
G001366,2025-03-30 20:45:00,District 7,returning,,E-wallet,8,360000.0,delivered,41.3,3,Inner,7.5,20,Sun,3
G001367,2025-03-30 20:49:00,Go Vap,member,Gold,Cash,10,199000.0,delivered,45.9,,Outer,7.9,20,Sun,3
G001368,2025-03-30 21:10:00,Phu Nhuan,returning,,Cash,7,244000.0,delivered,44.8,,Inner,4.0,21,Sun,3
G001369,2025-03-30 22:33:00,Thu Duc City,member,Silver,Cash,12,520000.0,delivered,46.6,,Outer,11.5,22,Sun,3
G001370,2025-03-30 22:51:00,District 1,returning,,Cash,7,279000.0,delivered,28.0,4,Central,2.1,22,Sun,3
G001371,2025-03-31 06:20:00,Binh Thanh,member,Silver,Bank transfer,7,173000.0,delivered,29.0,,Inner,4.6,6,Mon,3
G001372,2025-03-31 07:55:00,District 7,new,,E-wallet,4,102000.0,delivered,41.9,3,Inner,7.5,7,Mon,3
G001373,2025-03-31 12:38:00,Thu Duc City,new,,E-wallet,7,268000.0,delivered,58.0,3,Outer,11.5,12,Mon,3
G001374,2025-03-31 14:24:00,Phu Nhuan,member,Silver,Cash,7,218000.0,delivered,34.1,4,Inner,4.0,14,Mon,3
G001375,2025-03-31 15:16:00,Binh Thanh,new,,Card,6,210000.0,delivered,31.3,5,Inner,4.6,15,Mon,3
G001376,2025-03-31 16:24:00,Tan Binh,returning,,Bank transfer,3,94000.0,delivered,31.4,,Inner,5.2,16,Mon,3
G001377,2025-03-31 17:58:00,District 1,new,,Cash,8,340000.0,delivered,18.6,4,Central,2.1,17,Mon,3
G001378,2025-03-31 18:35:00,Binh Thanh,member,Silver,Card,6,188000.0,delivered,33.1,4,Inner,4.6,18,Mon,3
G001379,2025-03-31 18:38:00,Phu Nhuan,new,,Cash,4,114000.0,delivered,39.6,,Inner,4.0,18,Mon,3
G001380,2025-03-31 19:25:00,Thu Duc City,member,Platinum,Cash,5,255000.0,delivered,57.5,1,Outer,11.5,19,Mon,3
G001381,2025-03-31 19:35:00,Tan Binh,new,,E-wallet,4,132000.0,delivered,39.6,4,Inner,5.2,19,Mon,3
G001382,2025-03-31 20:24:00,Go Vap,new,,Card,10,383000.0,delivered,50.4,,Outer,7.9,20,Mon,3
G001383,2025-03-31 21:21:00,District 7,returning,,Card,4,155000.0,delivered,39.1,3,Inner,7.5,21,Mon,3
G001384,2025-03-31 21:41:00,District 3,returning,,Bank transfer,3,129000.0,delivered,24.2,4,Central,2.8,21,Mon,3
G001385,2025-03-31 23:50:00,Phu Nhuan,member,Gold,E-wallet,9,253000.0,delivered,29.2,4,Inner,4.0,23,Mon,3
G001386,2025-04-01 09:17:00,Binh Tan,returning,,E-wallet,6,201000.0,cancelled,,,Outer,10.8,9,Tue,4
G001387,2025-04-01 10:13:00,Tan Binh,returning,,Cash,9,300000.0,cancelled,,,Inner,5.2,10,Tue,4
G001388,2025-04-01 11:46:00,District 1,returning,,Cash,4,133000.0,delivered,27.6,5,Central,2.1,11,Tue,4
G001389,2025-04-01 13:53:00,Binh Tan,new,,Cash,13,377000.0,delivered,47.4,,Outer,10.8,13,Tue,4
G001390,2025-04-01 13:56:00,Thu Duc City,returning,,Card,6,230000.0,delivered,54.3,2,Outer,11.5,13,Tue,4
G001391,2025-04-01 14:24:00,District 1,member,Silver,E-wallet,12,424000.0,delivered,24.3,,Central,2.1,14,Tue,4
G001392,2025-04-01 14:49:00,Phu Nhuan,new,,E-wallet,4,135000.0,delivered,23.0,,Inner,4.0,14,Tue,4
G001393,2025-04-01 14:52:00,District 7,returning,,Card,8,305000.0,delivered,33.4,4,Inner,7.5,14,Tue,4
G001394,2025-04-01 16:36:00,Phu Nhuan,new,,Bank transfer,11,332000.0,delivered,24.2,5,Inner,4.0,16,Tue,4
G001395,2025-04-01 16:58:00,Binh Tan,new,,Cash,7,271000.0,delivered,42.3,,Outer,10.8,16,Tue,4
G001396,2025-04-01 17:01:00,District 7,returning,,E-wallet,6,199000.0,delivered,32.7,4,Inner,7.5,17,Tue,4
G001397,2025-04-01 17:02:00,Tan Binh,new,,Card,10,236000.0,delivered,31.0,5,Inner,5.2,17,Tue,4
G001398,2025-04-01 19:23:00,Binh Thanh,member,Gold,Bank transfer,6,137000.0,cancelled,,,Inner,4.6,19,Tue,4
G001400,2025-04-01 19:52:00,Phu Nhuan,returning,,E-wallet,5,228000.0,delivered,40.7,,Inner,4.0,19,Tue,4
G001399,2025-04-01 19:52:00,Go Vap,new,,Cash,10,150000.0,delivered,49.1,2,Outer,7.9,19,Tue,4
G001401,2025-04-01 20:16:00,District 10,returning,,Bank transfer,8,255000.0,delivered,43.6,,Central,3.5,20,Tue,4
G001402,2025-04-01 20:21:00,Binh Tan,returning,,Cash,4,154000.0,delivered,55.0,,Outer,10.8,20,Tue,4
G001403,2025-04-01 20:25:00,Tan Binh,member,Silver,Bank transfer,2,64000.0,delivered,34.8,5,Inner,5.2,20,Tue,4
G001404,2025-04-01 20:45:00,Go Vap,returning,,Card,5,163000.0,delivered,49.3,,Outer,7.9,20,Tue,4
G001405,2025-04-01 21:20:00,Go Vap,returning,,E-wallet,4,179000.0,delivered,33.0,,Outer,7.9,21,Tue,4
G001406,2025-04-01 21:47:00,Binh Thanh,returning,,Cash,8,205000.0,delivered,25.0,5,Inner,4.6,21,Tue,4
G001407,2025-04-01 23:30:00,District 10,new,,Cash,11,317000.0,delivered,30.9,,Central,3.5,23,Tue,4
G001408,2025-04-02 10:16:00,Go Vap,new,,E-wallet,5,232000.0,delivered,34.8,,Outer,7.9,10,Wed,4
G001409,2025-04-02 10:22:00,Phu Nhuan,member,Silver,E-wallet,9,332000.0,delivered,25.3,,Inner,4.0,10,Wed,4
G001410,2025-04-02 11:15:00,District 10,member,Gold,Bank transfer,6,202000.0,delivered,32.7,3,Central,3.5,11,Wed,4
G001411,2025-04-02 12:27:00,District 3,member,Silver,Cash,7,289000.0,delivered,40.2,,Central,2.8,12,Wed,4
G001412,2025-04-02 12:41:00,Binh Thanh,returning,,Cash,8,237000.0,delivered,35.6,4,Inner,4.6,12,Wed,4
G001413,2025-04-02 14:43:00,Thu Duc City,returning,,Cash,6,171000.0,delivered,45.1,,Outer,11.5,14,Wed,4
G001414,2025-04-02 15:20:00,Binh Tan,returning,,Cash,3,102000.0,delivered,45.5,,Outer,10.8,15,Wed,4
G001415,2025-04-02 15:26:00,District 1,returning,,Card,7,215000.0,delivered,20.1,5,Central,2.1,15,Wed,4
G001416,2025-04-02 15:53:00,District 1,member,Gold,Card,8,172000.0,delivered,22.2,4,Central,2.1,15,Wed,4
G001417,2025-04-02 17:28:00,District 3,returning,,Card,9,251000.0,delivered,25.8,,Central,2.8,17,Wed,4
G001418,2025-04-02 17:53:00,Tan Binh,new,,E-wallet,7,204000.0,delivered,28.4,5,Inner,5.2,17,Wed,4
G001419,2025-04-02 20:17:00,Phu Nhuan,returning,,Bank transfer,11,386000.0,delivered,38.7,4,Inner,4.0,20,Wed,4
G001420,2025-04-02 20:25:00,District 7,member,Platinum,Bank transfer,4,198000.0,delivered,41.8,,Inner,7.5,20,Wed,4
G001421,2025-04-02 20:48:00,District 10,returning,,Cash,3,104000.0,delivered,30.8,5,Central,3.5,20,Wed,4
G001422,2025-04-02 21:57:00,District 3,member,Silver,Card,6,117000.0,delivered,26.9,5,Central,2.8,21,Wed,4
G001423,2025-04-03 10:44:00,District 10,returning,,E-wallet,5,153000.0,delivered,23.2,4,Central,3.5,10,Thu,4
G001424,2025-04-03 13:00:00,District 10,returning,,Cash,4,107000.0,delivered,28.4,5,Central,3.5,13,Thu,4
G001425,2025-04-03 14:34:00,District 7,member,Silver,Cash,6,146000.0,delivered,36.7,,Inner,7.5,14,Thu,4
G001426,2025-04-03 15:46:00,Binh Thanh,new,,E-wallet,8,219000.0,delivered,35.4,,Inner,4.6,15,Thu,4
G001427,2025-04-03 16:52:00,Binh Tan,member,Silver,E-wallet,4,97000.0,delivered,42.2,3,Outer,10.8,16,Thu,4
G001428,2025-04-03 17:08:00,Binh Thanh,returning,,Cash,8,264000.0,delivered,33.3,4,Inner,4.6,17,Thu,4
G001429,2025-04-03 18:47:00,District 10,returning,,E-wallet,10,442000.0,delivered,34.2,,Central,3.5,18,Thu,4
G001430,2025-04-03 19:15:00,Phu Nhuan,member,Silver,Cash,4,133000.0,delivered,30.7,3,Inner,4.0,19,Thu,4
G001431,2025-04-03 19:40:00,Phu Nhuan,new,,Cash,6,231000.0,delivered,38.9,,Inner,4.0,19,Thu,4
G001432,2025-04-03 21:04:00,Go Vap,member,Gold,E-wallet,5,97000.0,delivered,33.3,5,Outer,7.9,21,Thu,4
G001433,2025-04-04 08:36:00,District 7,member,Gold,E-wallet,9,243000.0,delivered,46.4,4,Inner,7.5,8,Fri,4
G001434,2025-04-04 10:53:00,Binh Tan,member,Silver,E-wallet,3,99000.0,delivered,51.2,1,Outer,10.8,10,Fri,4
G001435,2025-04-04 11:01:00,District 1,returning,,Bank transfer,5,154000.0,delivered,37.3,4,Central,2.1,11,Fri,4
G001436,2025-04-04 11:41:00,Phu Nhuan,new,,E-wallet,10,256000.0,delivered,34.1,4,Inner,4.0,11,Fri,4
G001437,2025-04-04 12:03:00,District 1,member,Silver,Bank transfer,6,217000.0,delivered,29.4,5,Central,2.1,12,Fri,4
G001438,2025-04-04 12:30:00,Thu Duc City,new,,E-wallet,9,313000.0,delivered,55.7,2,Outer,11.5,12,Fri,4
G001439,2025-04-04 13:02:00,District 1,member,Silver,E-wallet,6,236000.0,delivered,26.7,,Central,2.1,13,Fri,4
G001440,2025-04-04 14:11:00,District 10,returning,,Card,2,60000.0,delivered,23.7,5,Central,3.5,14,Fri,4
G001441,2025-04-04 14:14:00,District 1,returning,,Card,6,122000.0,delivered,18.8,5,Central,2.1,14,Fri,4
G001442,2025-04-04 15:11:00,Binh Thanh,returning,,Card,5,170000.0,delivered,35.5,4,Inner,4.6,15,Fri,4
G001443,2025-04-04 15:14:00,Go Vap,new,,Bank transfer,9,397000.0,delivered,36.8,,Outer,7.9,15,Fri,4
G001444,2025-04-04 16:18:00,District 1,new,,Card,6,138000.0,delivered,27.2,4,Central,2.1,16,Fri,4
G001445,2025-04-04 17:54:00,District 1,member,Gold,E-wallet,5,157000.0,delivered,25.2,5,Central,2.1,17,Fri,4
G001446,2025-04-04 18:22:00,District 10,new,,Card,11,439000.0,delivered,36.1,,Central,3.5,18,Fri,4
G001447,2025-04-04 18:29:00,Binh Thanh,member,Silver,E-wallet,6,186000.0,delivered,40.2,3,Inner,4.6,18,Fri,4
G001448,2025-04-04 18:31:00,Thu Duc City,new,,Cash,4,116000.0,delivered,51.8,,Outer,11.5,18,Fri,4
G001449,2025-04-04 19:53:00,Phu Nhuan,new,,E-wallet,8,270000.0,delivered,43.7,1,Inner,4.0,19,Fri,4
G001450,2025-04-04 20:01:00,Thu Duc City,new,,Bank transfer,9,196000.0,delivered,56.1,,Outer,11.5,20,Fri,4
G001451,2025-04-04 20:04:00,Binh Tan,member,Platinum,E-wallet,6,343000.0,delivered,58.5,,Outer,10.8,20,Fri,4
G001452,2025-04-04 21:05:00,Binh Thanh,returning,,Bank transfer,5,181000.0,delivered,36.9,,Inner,4.6,21,Fri,4
G001453,2025-04-04 21:35:00,Binh Tan,returning,,Bank transfer,8,206000.0,delivered,46.8,,Outer,10.8,21,Fri,4
G001454,2025-04-05 07:14:00,District 10,returning,,Card,10,384000.0,delivered,22.8,,Central,3.5,7,Sat,4
G001455,2025-04-05 09:43:00,Go Vap,returning,,E-wallet,7,238000.0,delivered,38.7,4,Outer,7.9,9,Sat,4
G001456,2025-04-05 10:13:00,Go Vap,returning,,Cash,5,152000.0,delivered,41.5,4,Outer,7.9,10,Sat,4
G001457,2025-04-05 11:50:00,District 1,new,,E-wallet,12,385000.0,delivered,27.3,5,Central,2.1,11,Sat,4
G001458,2025-04-05 11:51:00,Tan Binh,new,,Bank transfer,9,274000.0,delivered,40.8,3,Inner,5.2,11,Sat,4
G001459,2025-04-05 13:01:00,Go Vap,returning,,Bank transfer,14,690000.0,delivered,38.6,4,Outer,7.9,13,Sat,4
G001460,2025-04-05 13:38:00,Binh Thanh,member,Platinum,E-wallet,9,300000.0,delivered,29.8,4,Inner,4.6,13,Sat,4
G001461,2025-04-05 14:10:00,District 1,new,,Cash,9,329000.0,delivered,29.1,3,Central,2.1,14,Sat,4
G001462,2025-04-05 16:17:00,Tan Binh,returning,,Bank transfer,9,289000.0,delivered,28.0,,Inner,5.2,16,Sat,4
G001463,2025-04-05 16:26:00,Binh Tan,returning,,E-wallet,8,243000.0,delivered,51.3,2,Outer,10.8,16,Sat,4
G001464,2025-04-05 16:43:00,District 1,new,,Bank transfer,6,187000.0,delivered,26.8,,Central,2.1,16,Sat,4
G001465,2025-04-05 18:09:00,Binh Thanh,returning,,E-wallet,10,398000.0,cancelled,,,Inner,4.6,18,Sat,4
G001466,2025-04-05 18:11:00,Phu Nhuan,member,Gold,E-wallet,13,501000.0,delivered,37.3,3,Inner,4.0,18,Sat,4
G001467,2025-04-05 19:43:00,Binh Thanh,new,,Bank transfer,14,306000.0,delivered,36.1,4,Inner,4.6,19,Sat,4
G001468,2025-04-05 20:04:00,Binh Tan,returning,,Card,10,351000.0,delivered,54.0,1,Outer,10.8,20,Sat,4
G001469,2025-04-05 20:09:00,Binh Tan,member,Silver,Cash,11,321000.0,delivered,60.7,,Outer,10.8,20,Sat,4
G001470,2025-04-05 20:24:00,Go Vap,returning,,E-wallet,14,421000.0,delivered,42.1,,Outer,7.9,20,Sat,4
G001471,2025-04-05 23:32:00,District 1,returning,,E-wallet,9,190000.0,delivered,35.0,3,Central,2.1,23,Sat,4
G001472,2025-04-06 09:57:00,Binh Tan,member,Silver,Card,7,209000.0,delivered,45.1,3,Outer,10.8,9,Sun,4
G001473,2025-04-06 11:06:00,Phu Nhuan,returning,,Bank transfer,14,366000.0,delivered,37.8,4,Inner,4.0,11,Sun,4
G001474,2025-04-06 11:20:00,Thu Duc City,member,Gold,E-wallet,13,450000.0,delivered,54.7,2,Outer,11.5,11,Sun,4
G001475,2025-04-06 11:31:00,Go Vap,member,Silver,Cash,12,373000.0,delivered,42.7,3,Outer,7.9,11,Sun,4
G001476,2025-04-06 11:55:00,Go Vap,returning,,Cash,6,256000.0,delivered,47.9,2,Outer,7.9,11,Sun,4
G001477,2025-04-06 12:02:00,District 1,returning,,Card,12,321000.0,delivered,28.8,,Central,2.1,12,Sun,4
G001478,2025-04-06 14:55:00,District 1,returning,,Card,10,259000.0,delivered,20.2,4,Central,2.1,14,Sun,4
G001479,2025-04-06 17:00:00,Thu Duc City,returning,,Bank transfer,6,182000.0,delivered,46.4,2,Outer,11.5,17,Sun,4
G001480,2025-04-06 17:11:00,Binh Tan,new,,Card,14,371000.0,delivered,47.1,4,Outer,10.8,17,Sun,4
G001481,2025-04-06 17:25:00,Binh Thanh,returning,,E-wallet,11,386000.0,delivered,33.8,4,Inner,4.6,17,Sun,4
G001482,2025-04-06 18:43:00,District 3,new,,Bank transfer,11,348000.0,delivered,37.5,5,Central,2.8,18,Sun,4
G001483,2025-04-06 19:30:00,Binh Thanh,new,,E-wallet,6,207000.0,delivered,38.6,,Inner,4.6,19,Sun,4
G001484,2025-04-06 19:58:00,District 7,returning,,Card,11,364000.0,delivered,45.3,2,Inner,7.5,19,Sun,4
G001485,2025-04-07 06:00:00,District 7,member,Silver,Cash,7,205000.0,delivered,33.1,4,Inner,7.5,6,Mon,4
G001486,2025-04-07 08:11:00,District 1,returning,,Bank transfer,5,167000.0,delivered,23.2,3,Central,2.1,8,Mon,4
G001487,2025-04-07 10:14:00,Tan Binh,returning,,E-wallet,7,200000.0,delivered,26.1,4,Inner,5.2,10,Mon,4
G001488,2025-04-07 11:29:00,Binh Thanh,member,Silver,Bank transfer,5,145000.0,delivered,32.5,4,Inner,4.6,11,Mon,4
G001489,2025-04-07 12:26:00,Binh Tan,member,Silver,E-wallet,6,181000.0,delivered,53.7,3,Outer,10.8,12,Mon,4
G001490,2025-04-07 13:37:00,District 1,returning,,E-wallet,5,148000.0,delivered,22.2,4,Central,2.1,13,Mon,4
G001491,2025-04-07 14:07:00,District 7,returning,,E-wallet,9,,delivered,34.2,3,Inner,7.5,14,Mon,4
G001492,2025-04-07 18:13:00,District 7,member,Silver,Card,6,185000.0,delivered,44.9,3,Inner,7.5,18,Mon,4
G001493,2025-04-07 18:14:00,Phu Nhuan,returning,,Bank transfer,9,196000.0,delivered,32.2,4,Inner,4.0,18,Mon,4
G001494,2025-04-08 07:30:00,District 10,returning,,Bank transfer,6,124000.0,delivered,25.2,,Central,3.5,7,Tue,4
G001495,2025-04-08 10:05:00,District 1,returning,,Bank transfer,10,326000.0,delivered,21.4,4,Central,2.1,10,Tue,4
G001496,2025-04-08 11:03:00,Go Vap,member,Silver,E-wallet,6,182000.0,cancelled,,,Outer,7.9,11,Tue,4
G001497,2025-04-08 11:32:00,District 7,returning,,Cash,9,262000.0,delivered,41.5,3,Inner,7.5,11,Tue,4
G001498,2025-04-08 12:20:00,Thu Duc City,returning,,Card,3,68000.0,delivered,51.0,2,Outer,11.5,12,Tue,4
G001499,2025-04-08 12:50:00,District 3,new,,E-wallet,6,173000.0,delivered,31.7,3,Central,2.8,12,Tue,4
G001500,2025-04-08 13:44:00,Tan Binh,member,Gold,E-wallet,8,249000.0,delivered,29.4,,Inner,5.2,13,Tue,4
G001501,2025-04-08 16:04:00,Binh Thanh,returning,,Card,9,299000.0,delivered,34.3,3,Inner,4.6,16,Tue,4
G001502,2025-04-08 19:32:00,District 1,new,,Card,4,138000.0,delivered,26.5,4,Central,2.1,19,Tue,4
G001503,2025-04-08 19:37:00,Binh Thanh,member,Silver,Cash,8,194000.0,delivered,45.9,4,Inner,4.6,19,Tue,4
G001504,2025-04-08 19:44:00,District 1,returning,,Bank transfer,5,173000.0,delivered,31.6,4,Central,2.1,19,Tue,4
G001505,2025-04-08 19:52:00,Thu Duc City,returning,,Cash,4,103000.0,delivered,53.3,1,Outer,11.5,19,Tue,4
G001506,2025-04-08 20:18:00,Tan Binh,member,Silver,Cash,7,154000.0,delivered,43.2,3,Inner,5.2,20,Tue,4
G001507,2025-04-08 20:33:00,Thu Duc City,returning,,E-wallet,8,264000.0,delivered,51.9,2,Outer,11.5,20,Tue,4
G001508,2025-04-08 22:12:00,District 3,member,Gold,E-wallet,8,272000.0,delivered,20.2,5,Central,2.8,22,Tue,4
G001509,2025-04-09 09:33:00,Binh Thanh,new,,E-wallet,4,151000.0,delivered,28.0,5,Inner,4.6,9,Wed,4
G001510,2025-04-09 10:34:00,Thu Duc City,member,Silver,Bank transfer,8,121000.0,delivered,50.9,2,Outer,11.5,10,Wed,4
G001511,2025-04-09 10:36:00,Go Vap,returning,,E-wallet,5,174000.0,delivered,49.8,2,Outer,7.9,10,Wed,4
G001512,2025-04-09 12:27:00,District 3,returning,,Card,9,286000.0,delivered,34.6,4,Central,2.8,12,Wed,4
G001514,2025-04-09 13:26:00,Binh Thanh,member,Gold,Cash,5,174000.0,delivered,30.2,5,Inner,4.6,13,Wed,4
G001513,2025-04-09 13:26:00,District 3,new,,E-wallet,5,130000.0,delivered,21.3,,Central,2.8,13,Wed,4
G001515,2025-04-09 14:50:00,Go Vap,returning,,Cash,10,354000.0,delivered,35.4,4,Outer,7.9,14,Wed,4
G001516,2025-04-09 15:07:00,District 7,returning,,E-wallet,10,407000.0,delivered,41.2,5,Inner,7.5,15,Wed,4
G001517,2025-04-09 16:07:00,District 1,returning,,Bank transfer,5,140000.0,delivered,23.7,,Central,2.1,16,Wed,4
G001518,2025-04-09 17:14:00,District 1,returning,,Bank transfer,6,181000.0,delivered,20.3,,Central,2.1,17,Wed,4
G001519,2025-04-09 18:14:00,Thu Duc City,new,,Card,7,239000.0,delivered,58.1,2,Outer,11.5,18,Wed,4
G001520,2025-04-09 18:41:00,Binh Thanh,returning,,E-wallet,8,181000.0,delivered,49.9,3,Inner,4.6,18,Wed,4
G001521,2025-04-09 18:44:00,District 1,new,,Card,8,260000.0,delivered,27.1,5,Central,2.1,18,Wed,4
G001522,2025-04-09 18:47:00,Phu Nhuan,returning,,E-wallet,7,205000.0,delivered,32.6,5,Inner,4.0,18,Wed,4
G001523,2025-04-09 19:02:00,Binh Thanh,new,,Cash,6,116000.0,delivered,37.4,4,Inner,4.6,19,Wed,4
G001524,2025-04-09 19:13:00,Thu Duc City,new,,Cash,10,347000.0,delivered,52.7,3,Outer,11.5,19,Wed,4
G001525,2025-04-09 19:46:00,Phu Nhuan,returning,,E-wallet,6,199000.0,cancelled,,,Inner,4.0,19,Wed,4
G001526,2025-04-09 19:47:00,Binh Thanh,member,Platinum,Card,8,301000.0,delivered,36.4,5,Inner,4.6,19,Wed,4
G001527,2025-04-09 20:23:00,Binh Thanh,member,Platinum,Card,8,386000.0,delivered,35.3,3,Inner,4.6,20,Wed,4
G001528,2025-04-09 20:27:00,Thu Duc City,returning,,E-wallet,4,123000.0,delivered,54.3,2,Outer,11.5,20,Wed,4
G001529,2025-04-09 21:24:00,District 7,member,Silver,E-wallet,7,203000.0,delivered,38.5,,Inner,7.5,21,Wed,4
G001530,2025-04-10 07:22:00,District 3,returning,,E-wallet,7,229000.0,delivered,25.2,,Central,2.8,7,Thu,4
G001531,2025-04-10 09:55:00,District 7,returning,,E-wallet,9,235000.0,delivered,36.1,,Inner,7.5,9,Thu,4
G001532,2025-04-10 12:32:00,Phu Nhuan,returning,,Card,7,199000.0,cancelled,,,Inner,4.0,12,Thu,4
G001533,2025-04-10 14:50:00,Thu Duc City,returning,,E-wallet,5,154000.0,delivered,44.6,,Outer,11.5,14,Thu,4
G001534,2025-04-10 16:38:00,District 3,member,Platinum,Bank transfer,10,375000.0,delivered,26.6,5,Central,2.8,16,Thu,4
G001535,2025-04-10 16:46:00,Tan Binh,new,,E-wallet,8,284000.0,delivered,28.9,5,Inner,5.2,16,Thu,4
G001536,2025-04-10 18:16:00,Binh Thanh,returning,,E-wallet,4,159000.0,delivered,32.5,,Inner,4.6,18,Thu,4
G001537,2025-04-10 18:22:00,Tan Binh,new,,Bank transfer,10,348000.0,delivered,44.4,3,Inner,5.2,18,Thu,4
G001538,2025-04-10 18:33:00,Phu Nhuan,returning,,Bank transfer,9,286000.0,delivered,31.6,,Inner,4.0,18,Thu,4
G001539,2025-04-10 18:51:00,District 1,returning,,Cash,4,144000.0,delivered,32.6,,Central,2.1,18,Thu,4
G001540,2025-04-10 19:17:00,District 1,member,Gold,Cash,7,191000.0,delivered,30.3,3,Central,2.1,19,Thu,4
G001541,2025-04-10 19:21:00,Binh Tan,returning,,Card,3,140000.0,delivered,57.9,3,Outer,10.8,19,Thu,4
G001542,2025-04-10 19:33:00,District 1,new,,Cash,5,123000.0,delivered,29.6,5,Central,2.1,19,Thu,4
G001543,2025-04-10 20:48:00,Tan Binh,member,Silver,E-wallet,4,107000.0,delivered,39.9,3,Inner,5.2,20,Thu,4
G001544,2025-04-10 21:53:00,Binh Thanh,returning,,E-wallet,7,274000.0,delivered,36.7,2,Inner,4.6,21,Thu,4
G001545,2025-04-11 10:50:00,District 3,new,,E-wallet,10,334000.0,cancelled,,,Central,2.8,10,Fri,4
G001546,2025-04-11 11:08:00,District 3,member,Silver,E-wallet,9,266000.0,delivered,31.0,4,Central,2.8,11,Fri,4
G001547,2025-04-11 11:34:00,Binh Thanh,returning,,E-wallet,4,123000.0,delivered,41.7,4,Inner,4.6,11,Fri,4
G001548,2025-04-11 12:30:00,Thu Duc City,returning,,Card,6,281000.0,delivered,51.0,3,Outer,11.5,12,Fri,4
G001549,2025-04-11 13:09:00,Thu Duc City,returning,,Card,8,267000.0,delivered,56.0,4,Outer,11.5,13,Fri,4
G001550,2025-04-11 14:24:00,Go Vap,returning,,Card,8,222000.0,delivered,47.2,3,Outer,7.9,14,Fri,4
G001551,2025-04-11 14:26:00,Binh Thanh,returning,,E-wallet,7,214000.0,delivered,33.7,2,Inner,4.6,14,Fri,4
G001552,2025-04-11 14:56:00,Tan Binh,member,Silver,Card,6,212000.0,delivered,27.7,5,Inner,5.2,14,Fri,4
G001553,2025-04-11 16:25:00,Go Vap,new,,E-wallet,6,212000.0,delivered,36.4,4,Outer,7.9,16,Fri,4
G001554,2025-04-11 16:35:00,District 3,returning,,Cash,6,170000.0,delivered,28.0,5,Central,2.8,16,Fri,4
G001555,2025-04-11 17:31:00,Tan Binh,new,,Bank transfer,7,207000.0,delivered,26.0,,Inner,5.2,17,Fri,4
G001556,2025-04-11 18:17:00,District 1,member,Silver,Card,8,197000.0,delivered,26.9,,Central,2.1,18,Fri,4
G001557,2025-04-11 19:50:00,District 7,returning,,Cash,5,167000.0,delivered,48.1,2,Inner,7.5,19,Fri,4
G001558,2025-04-11 20:14:00,Binh Thanh,new,,Cash,6,120000.0,delivered,34.3,,Inner,4.6,20,Fri,4
G001559,2025-04-11 20:52:00,Thu Duc City,new,,E-wallet,14,396000.0,delivered,61.0,2,Outer,11.5,20,Fri,4
G001560,2025-04-11 22:36:00,District 1,returning,,Card,12,243000.0,delivered,21.1,4,Central,2.1,22,Fri,4
G001561,2025-04-12 06:55:00,District 3,member,Silver,Card,13,314000.0,delivered,20.2,5,Central,2.8,6,Sat,4
G001562,2025-04-12 08:14:00,Binh Tan,new,,Card,11,300000.0,delivered,42.5,3,Outer,10.8,8,Sat,4
G001563,2025-04-12 08:26:00,Binh Thanh,member,Gold,E-wallet,15,439000.0,delivered,31.0,5,Inner,4.6,8,Sat,4
G001564,2025-04-12 08:30:00,District 1,new,,Card,9,369000.0,delivered,21.2,5,Central,2.1,8,Sat,4
G001565,2025-04-12 09:42:00,District 1,returning,,E-wallet,9,408000.0,delivered,25.6,,Central,2.1,9,Sat,4
G001566,2025-04-12 11:22:00,Binh Tan,new,,Cash,10,483000.0,delivered,50.6,4,Outer,10.8,11,Sat,4
G001567,2025-04-12 11:26:00,Binh Tan,member,Silver,Cash,9,300000.0,delivered,54.6,,Outer,10.8,11,Sat,4
G001568,2025-04-12 11:46:00,District 7,returning,,E-wallet,11,250000.0,delivered,48.0,,Inner,7.5,11,Sat,4
G001569,2025-04-12 11:49:00,Thu Duc City,returning,,E-wallet,9,287000.0,delivered,53.0,2,Outer,11.5,11,Sat,4
G001570,2025-04-12 11:52:00,District 7,new,,Cash,15,501000.0,delivered,42.4,3,Inner,7.5,11,Sat,4
G001571,2025-04-12 12:44:00,Binh Thanh,new,,Card,9,436000.0,cancelled,,,Inner,4.6,12,Sat,4
G001572,2025-04-12 12:55:00,District 7,new,,Card,6,161000.0,delivered,42.2,3,Inner,7.5,12,Sat,4
G001573,2025-04-12 13:24:00,Binh Tan,member,Silver,Bank transfer,11,449000.0,delivered,60.4,,Outer,10.8,13,Sat,4
G001574,2025-04-12 14:40:00,District 7,returning,,Bank transfer,6,123000.0,delivered,32.6,4,Inner,7.5,14,Sat,4
G001575,2025-04-12 15:35:00,Binh Thanh,member,Gold,E-wallet,11,435000.0,delivered,45.4,2,Inner,4.6,15,Sat,4
G001576,2025-04-12 15:50:00,Tan Binh,returning,,Card,11,513000.0,delivered,33.6,4,Inner,5.2,15,Sat,4
G001577,2025-04-12 16:35:00,Binh Thanh,new,,Cash,10,204000.0,cancelled,,,Inner,4.6,16,Sat,4
G001578,2025-04-12 18:25:00,Binh Tan,returning,,Bank transfer,13,491000.0,delivered,49.4,,Outer,10.8,18,Sat,4
G001579,2025-04-12 18:27:00,Go Vap,member,Gold,Card,11,392000.0,delivered,43.3,,Outer,7.9,18,Sat,4
G001580,2025-04-12 18:44:00,Phu Nhuan,member,Silver,Cash,10,376000.0,delivered,32.9,2,Inner,4.0,18,Sat,4
G001581,2025-04-12 19:15:00,Phu Nhuan,returning,,Card,10,355000.0,delivered,36.3,3,Inner,4.0,19,Sat,4
G001582,2025-04-12 19:38:00,District 7,returning,,Card,12,264000.0,delivered,46.9,,Inner,7.5,19,Sat,4
G001583,2025-04-12 19:42:00,Thu Duc City,new,,Card,13,284000.0,delivered,52.9,2,Outer,11.5,19,Sat,4
G001584,2025-04-12 20:09:00,District 7,new,,E-wallet,9,384000.0,delivered,50.3,,Inner,7.5,20,Sat,4
G001585,2025-04-12 20:29:00,Binh Tan,member,Gold,E-wallet,10,365000.0,delivered,50.2,2,Outer,10.8,20,Sat,4
G001586,2025-04-13 07:08:00,Phu Nhuan,returning,,E-wallet,7,204000.0,delivered,24.9,,Inner,4.0,7,Sun,4
G001587,2025-04-13 08:20:00,Tan Binh,member,Silver,Cash,14,521000.0,delivered,29.0,5,Inner,5.2,8,Sun,4
G001588,2025-04-13 09:26:00,Binh Thanh,new,,E-wallet,11,434000.0,delivered,24.8,5,Inner,4.6,9,Sun,4
G001589,2025-04-13 11:02:00,District 3,member,Silver,Cash,10,341000.0,delivered,32.1,4,Central,2.8,11,Sun,4
G001590,2025-04-13 12:11:00,District 3,returning,,Cash,11,256000.0,delivered,36.8,3,Central,2.8,12,Sun,4
G001591,2025-04-13 13:30:00,Phu Nhuan,returning,,Cash,6,283000.0,cancelled,,,Inner,4.0,13,Sun,4
G001592,2025-04-13 13:35:00,Tan Binh,returning,,Cash,16,339000.0,cancelled,,,Inner,5.2,13,Sun,4
G001593,2025-04-13 13:51:00,Thu Duc City,returning,,E-wallet,8,307000.0,delivered,51.3,,Outer,11.5,13,Sun,4
G001594,2025-04-13 14:17:00,Binh Thanh,new,,Bank transfer,7,171000.0,cancelled,,,Inner,4.6,14,Sun,4
G001595,2025-04-13 14:46:00,Go Vap,member,Silver,E-wallet,6,83000.0,delivered,41.9,,Outer,7.9,14,Sun,4
G001596,2025-04-13 15:50:00,District 1,returning,,Card,8,245000.0,delivered,25.9,4,Central,2.1,15,Sun,4
G001597,2025-04-13 17:29:00,Tan Binh,returning,,Card,8,247000.0,delivered,32.8,5,Inner,5.2,17,Sun,4
G001598,2025-04-13 17:57:00,Go Vap,new,,Cash,7,256000.0,delivered,34.7,4,Outer,7.9,17,Sun,4
G001599,2025-04-13 19:09:00,Go Vap,new,,Cash,10,394000.0,delivered,46.4,,Outer,7.9,19,Sun,4
G001600,2025-04-13 19:15:00,Binh Thanh,new,,Cash,8,219000.0,delivered,35.6,3,Inner,4.6,19,Sun,4
G001601,2025-04-13 19:26:00,Phu Nhuan,member,Silver,Bank transfer,10,291000.0,delivered,34.5,,Inner,4.0,19,Sun,4
G001602,2025-04-13 19:35:00,District 3,member,Gold,E-wallet,7,266000.0,delivered,35.2,4,Central,2.8,19,Sun,4
G001603,2025-04-13 19:52:00,District 7,returning,,Cash,14,307000.0,delivered,43.8,2,Inner,7.5,19,Sun,4
G001604,2025-04-13 19:55:00,District 1,returning,,Cash,14,554000.0,delivered,29.6,4,Central,2.1,19,Sun,4
G001605,2025-04-13 20:05:00,Phu Nhuan,returning,,Card,12,402000.0,delivered,46.7,2,Inner,4.0,20,Sun,4
G001606,2025-04-14 09:10:00,Phu Nhuan,new,,E-wallet,7,329000.0,delivered,33.1,,Inner,4.0,9,Mon,4
G001607,2025-04-14 10:06:00,District 1,returning,,Card,6,215000.0,delivered,24.9,4,Central,2.1,10,Mon,4
G001608,2025-04-14 10:07:00,District 1,returning,,E-wallet,10,478000.0,delivered,20.0,5,Central,2.1,10,Mon,4
G001609,2025-04-14 12:03:00,Tan Binh,returning,,Bank transfer,6,227000.0,delivered,53.3,,Inner,5.2,12,Mon,4
G001610,2025-04-14 12:33:00,Binh Tan,new,,Bank transfer,8,291000.0,delivered,55.2,3,Outer,10.8,12,Mon,4
G001611,2025-04-14 14:58:00,Tan Binh,member,Silver,E-wallet,8,276000.0,delivered,28.7,,Inner,5.2,14,Mon,4
G001612,2025-04-14 16:38:00,Binh Tan,member,Silver,Card,9,225000.0,delivered,44.9,4,Outer,10.8,16,Mon,4
G001613,2025-04-14 17:32:00,Tan Binh,returning,,Bank transfer,9,282000.0,delivered,27.6,3,Inner,5.2,17,Mon,4
G001614,2025-04-14 17:40:00,Thu Duc City,new,,E-wallet,7,137000.0,delivered,46.6,,Outer,11.5,17,Mon,4
G001615,2025-04-14 18:18:00,Phu Nhuan,member,Silver,E-wallet,7,200000.0,delivered,38.7,3,Inner,4.0,18,Mon,4
G001616,2025-04-14 18:20:00,District 7,returning,,Cash,7,202000.0,delivered,41.4,2,Inner,7.5,18,Mon,4
G001617,2025-04-14 18:27:00,District 7,member,Silver,Cash,8,302000.0,cancelled,,,Inner,7.5,18,Mon,4
G001619,2025-04-14 20:43:00,Phu Nhuan,new,,E-wallet,8,292000.0,delivered,33.2,,Inner,4.0,20,Mon,4
G001618,2025-04-14 20:43:00,District 3,returning,,Card,1,33000.0,delivered,29.2,4,Central,2.8,20,Mon,4
G001620,2025-04-14 20:47:00,District 3,new,,E-wallet,8,289000.0,delivered,33.2,,Central,2.8,20,Mon,4
G001621,2025-04-15 10:12:00,District 3,returning,,Bank transfer,9,212000.0,delivered,20.1,,Central,2.8,10,Tue,4
G001622,2025-04-15 10:51:00,Go Vap,returning,,Card,4,131000.0,delivered,33.0,4,Outer,7.9,10,Tue,4
G001623,2025-04-15 11:22:00,Thu Duc City,returning,,E-wallet,8,174000.0,cancelled,,,Outer,11.5,11,Tue,4
G001624,2025-04-15 12:16:00,Tan Binh,new,,E-wallet,11,346000.0,delivered,36.9,,Inner,5.2,12,Tue,4
G001625,2025-04-15 13:14:00,District 10,new,,Cash,9,259000.0,delivered,35.6,3,Central,3.5,13,Tue,4
G001626,2025-04-15 13:57:00,Thu Duc City,returning,,Card,11,270000.0,delivered,50.5,2,Outer,11.5,13,Tue,4
G001627,2025-04-15 15:19:00,Thu Duc City,returning,,E-wallet,6,218000.0,delivered,52.3,,Outer,11.5,15,Tue,4
G001628,2025-04-15 16:12:00,Binh Thanh,returning,,E-wallet,6,206000.0,delivered,27.1,,Inner,4.6,16,Tue,4
G001629,2025-04-15 16:44:00,District 7,member,Silver,Card,6,185000.0,delivered,40.3,,Inner,7.5,16,Tue,4
G001630,2025-04-15 17:53:00,District 3,returning,,Cash,11,329000.0,delivered,26.8,3,Central,2.8,17,Tue,4
G001631,2025-04-15 18:30:00,Thu Duc City,member,Silver,Cash,6,157000.0,delivered,52.9,,Outer,11.5,18,Tue,4
G001632,2025-04-15 19:01:00,Binh Tan,new,,Cash,5,195000.0,delivered,53.7,,Outer,10.8,19,Tue,4
G001633,2025-04-15 19:47:00,Tan Binh,new,,Cash,5,155000.0,delivered,45.6,3,Inner,5.2,19,Tue,4
G001634,2025-04-15 19:48:00,District 3,returning,,Cash,6,202000.0,delivered,35.6,,Central,2.8,19,Tue,4
G001635,2025-04-15 20:39:00,Binh Tan,member,Gold,Cash,7,195000.0,delivered,50.2,1,Outer,10.8,20,Tue,4
G001636,2025-04-15 20:46:00,District 7,returning,,E-wallet,4,120000.0,delivered,42.3,3,Inner,7.5,20,Tue,4
G001637,2025-04-15 22:34:00,Tan Binh,returning,,Card,8,298000.0,delivered,28.6,,Inner,5.2,22,Tue,4
G001638,2025-04-15 22:38:00,Go Vap,returning,,E-wallet,5,166000.0,delivered,36.1,4,Outer,7.9,22,Tue,4
G001639,2025-04-16 09:57:00,Phu Nhuan,returning,,E-wallet,9,323000.0,delivered,29.2,4,Inner,4.0,9,Wed,4
G001640,2025-04-16 10:07:00,Go Vap,member,Gold,E-wallet,3,81000.0,delivered,35.7,,Outer,7.9,10,Wed,4
G001641,2025-04-16 10:23:00,District 1,returning,,Bank transfer,8,232000.0,delivered,34.2,,Central,2.1,10,Wed,4
G001642,2025-04-16 11:11:00,District 3,returning,,Cash,5,129000.0,delivered,34.4,5,Central,2.8,11,Wed,4
G001643,2025-04-16 12:37:00,Tan Binh,new,,E-wallet,8,303000.0,delivered,35.9,4,Inner,5.2,12,Wed,4
G001644,2025-04-16 12:41:00,District 10,member,Silver,E-wallet,7,316000.0,delivered,57.0,2,Central,3.5,12,Wed,4
G001645,2025-04-16 12:58:00,Thu Duc City,returning,,Cash,7,237000.0,delivered,63.1,,Outer,11.5,12,Wed,4
G001646,2025-04-16 14:21:00,Thu Duc City,returning,,E-wallet,7,251000.0,delivered,44.8,2,Outer,11.5,14,Wed,4
G001647,2025-04-16 15:12:00,Binh Thanh,new,,Cash,11,283000.0,delivered,32.5,4,Inner,4.6,15,Wed,4
G001648,2025-04-16 18:27:00,Tan Binh,returning,,Cash,6,128000.0,delivered,43.7,4,Inner,5.2,18,Wed,4
G001649,2025-04-16 19:10:00,Go Vap,new,,E-wallet,9,295000.0,delivered,43.2,3,Outer,7.9,19,Wed,4
G001650,2025-04-16 20:00:00,Tan Binh,new,,E-wallet,7,137000.0,delivered,41.0,4,Inner,5.2,20,Wed,4
G001651,2025-04-16 20:06:00,District 10,member,Silver,E-wallet,6,190000.0,delivered,33.1,3,Central,3.5,20,Wed,4
G001652,2025-04-16 20:58:00,Tan Binh,member,Platinum,E-wallet,6,259000.0,delivered,35.8,5,Inner,5.2,20,Wed,4
G001653,2025-04-16 21:52:00,Binh Thanh,returning,,Cash,5,196000.0,delivered,27.0,4,Inner,4.6,21,Wed,4
G001654,2025-04-17 07:35:00,Binh Thanh,new,,E-wallet,8,226000.0,delivered,31.9,4,Inner,4.6,7,Thu,4
G001655,2025-04-17 08:52:00,Go Vap,new,,Card,6,214000.0,delivered,36.8,4,Outer,7.9,8,Thu,4
G001656,2025-04-17 08:56:00,District 3,returning,,E-wallet,10,349000.0,delivered,19.8,5,Central,2.8,8,Thu,4
G001657,2025-04-17 09:20:00,District 1,new,,Cash,9,338000.0,delivered,28.1,,Central,2.1,9,Thu,4
G001658,2025-04-17 09:29:00,Tan Binh,member,Silver,Card,2,69000.0,delivered,32.9,,Inner,5.2,9,Thu,4
G001659,2025-04-17 10:54:00,Phu Nhuan,returning,,E-wallet,5,128000.0,delivered,27.7,,Inner,4.0,10,Thu,4
G001660,2025-04-17 11:56:00,Phu Nhuan,returning,,Bank transfer,2,65000.0,delivered,32.8,5,Inner,4.0,11,Thu,4
G001661,2025-04-17 12:02:00,District 10,returning,,Bank transfer,11,291000.0,delivered,32.9,3,Central,3.5,12,Thu,4
G001662,2025-04-17 12:26:00,District 7,member,Platinum,Bank transfer,6,254000.0,delivered,42.3,3,Inner,7.5,12,Thu,4
G001663,2025-04-17 13:07:00,Tan Binh,returning,,E-wallet,6,193000.0,delivered,29.5,,Inner,5.2,13,Thu,4
G001664,2025-04-17 13:50:00,District 10,member,Platinum,Card,5,333000.0,cancelled,,,Central,3.5,13,Thu,4
G001665,2025-04-17 13:52:00,District 10,member,Silver,Cash,7,291000.0,delivered,30.5,4,Central,3.5,13,Thu,4
G001666,2025-04-17 13:59:00,Go Vap,member,Gold,Cash,3,60000.0,cancelled,,,Outer,7.9,13,Thu,4
G001667,2025-04-17 15:23:00,Go Vap,returning,,E-wallet,7,278000.0,delivered,38.9,2,Outer,7.9,15,Thu,4
G001668,2025-04-17 16:07:00,District 7,new,,E-wallet,9,386000.0,delivered,39.3,,Inner,7.5,16,Thu,4
G001669,2025-04-17 16:39:00,District 3,returning,,Card,7,238000.0,delivered,22.9,,Central,2.8,16,Thu,4
G001670,2025-04-17 16:45:00,Binh Tan,returning,,Card,7,317000.0,delivered,43.9,2,Outer,10.8,16,Thu,4
G001671,2025-04-17 17:19:00,Binh Tan,member,Silver,E-wallet,6,132000.0,delivered,46.2,2,Outer,10.8,17,Thu,4
G001672,2025-04-17 17:37:00,District 7,new,,Bank transfer,4,117000.0,delivered,32.7,4,Inner,7.5,17,Thu,4
G001673,2025-04-17 18:24:00,Phu Nhuan,member,Gold,Bank transfer,8,194000.0,delivered,34.0,3,Inner,4.0,18,Thu,4
G001674,2025-04-17 18:32:00,District 3,new,,Card,10,224000.0,cancelled,,,Central,2.8,18,Thu,4
G001675,2025-04-17 19:38:00,Tan Binh,returning,,Card,8,267000.0,delivered,45.0,2,Inner,5.2,19,Thu,4
G001677,2025-04-17 20:32:00,District 1,returning,,Cash,10,447000.0,delivered,26.1,,Central,2.1,20,Thu,4
G001676,2025-04-17 20:32:00,Binh Thanh,member,Platinum,Bank transfer,5,257000.0,delivered,33.5,3,Inner,4.6,20,Thu,4
G001678,2025-04-18 10:51:00,Tan Binh,returning,,E-wallet,9,249000.0,delivered,27.7,4,Inner,5.2,10,Fri,4
G001679,2025-04-18 12:51:00,Binh Thanh,new,,Cash,7,215000.0,delivered,33.8,,Inner,4.6,12,Fri,4
G001680,2025-04-18 15:37:00,District 7,member,Platinum,Card,12,397000.0,delivered,33.4,4,Inner,7.5,15,Fri,4
G001681,2025-04-18 16:06:00,District 7,member,Silver,Cash,5,218000.0,delivered,38.4,3,Inner,7.5,16,Fri,4
G001682,2025-04-18 18:01:00,Binh Tan,member,Silver,E-wallet,6,273000.0,delivered,54.7,,Outer,10.8,18,Fri,4
G001683,2025-04-18 19:17:00,District 10,member,Silver,Cash,4,113000.0,delivered,30.1,5,Central,3.5,19,Fri,4
G001684,2025-04-18 20:12:00,District 3,new,,Cash,6,131000.0,delivered,37.9,4,Central,2.8,20,Fri,4
G001685,2025-04-18 22:56:00,District 10,new,,E-wallet,3,112000.0,delivered,31.2,3,Central,3.5,22,Fri,4
G001686,2025-04-19 06:32:00,Go Vap,member,Silver,Cash,9,226000.0,delivered,34.1,2,Outer,7.9,6,Sat,4
G001687,2025-04-19 09:35:00,Go Vap,member,Gold,Cash,13,479000.0,delivered,33.5,3,Outer,7.9,9,Sat,4
G001688,2025-04-19 10:25:00,Thu Duc City,new,,E-wallet,12,446000.0,delivered,66.3,3,Outer,11.5,10,Sat,4
G001689,2025-04-19 10:55:00,Binh Thanh,new,,Bank transfer,12,369000.0,delivered,28.6,4,Inner,4.6,10,Sat,4
G001690,2025-04-19 12:07:00,Tan Binh,member,Silver,E-wallet,12,443000.0,delivered,38.5,,Inner,5.2,12,Sat,4
G001691,2025-04-19 13:30:00,Binh Tan,returning,,Cash,9,380000.0,delivered,41.6,,Outer,10.8,13,Sat,4
G001692,2025-04-19 17:10:00,Tan Binh,member,Platinum,E-wallet,12,516000.0,delivered,30.6,3,Inner,5.2,17,Sat,4
G001693,2025-04-19 17:11:00,Thu Duc City,returning,,Cash,8,254000.0,delivered,45.3,4,Outer,11.5,17,Sat,4
G001694,2025-04-19 17:17:00,Phu Nhuan,returning,,Bank transfer,9,250000.0,delivered,28.4,,Inner,4.0,17,Sat,4
G001695,2025-04-19 17:25:00,Phu Nhuan,new,,Cash,8,346000.0,delivered,29.6,,Inner,4.0,17,Sat,4
G001696,2025-04-19 18:24:00,Binh Thanh,member,Silver,E-wallet,8,213000.0,delivered,35.6,4,Inner,4.6,18,Sat,4
G001697,2025-04-19 18:40:00,Go Vap,returning,,Card,5,166000.0,delivered,45.8,2,Outer,7.9,18,Sat,4
G001698,2025-04-19 19:13:00,Tan Binh,returning,,Bank transfer,11,358000.0,delivered,34.6,,Inner,5.2,19,Sat,4
G001699,2025-04-19 19:14:00,Binh Tan,member,Gold,Card,10,190000.0,delivered,51.2,2,Outer,10.8,19,Sat,4
G001700,2025-04-19 19:44:00,Thu Duc City,member,Silver,Cash,8,193000.0,delivered,54.7,3,Outer,11.5,19,Sat,4
G001702,2025-04-19 20:20:00,District 3,new,,E-wallet,5,206000.0,delivered,28.6,,Central,2.8,20,Sat,4
G001701,2025-04-19 20:20:00,Tan Binh,returning,,Cash,11,234000.0,delivered,42.3,3,Inner,5.2,20,Sat,4
G001703,2025-04-19 22:26:00,Phu Nhuan,new,,Cash,16,532000.0,delivered,30.1,,Inner,4.0,22,Sat,4
G001704,2025-04-19 23:25:00,Binh Tan,member,Silver,Card,14,413000.0,delivered,43.3,,Outer,10.8,23,Sat,4
G001705,2025-04-20 09:16:00,District 3,member,Silver,Card,12,435000.0,delivered,24.8,5,Central,2.8,9,Sun,4
G001706,2025-04-20 09:36:00,District 3,new,,Cash,9,332000.0,delivered,30.9,5,Central,2.8,9,Sun,4
G001707,2025-04-20 10:33:00,District 1,member,Silver,E-wallet,10,382000.0,delivered,21.2,,Central,2.1,10,Sun,4
G001708,2025-04-20 12:02:00,Go Vap,member,Silver,Cash,11,483000.0,delivered,41.4,3,Outer,7.9,12,Sun,4
G001709,2025-04-20 13:08:00,District 1,member,Silver,Cash,11,372000.0,delivered,20.7,,Central,2.1,13,Sun,4
G001710,2025-04-20 14:14:00,District 1,new,,E-wallet,13,486000.0,delivered,22.4,4,Central,2.1,14,Sun,4
G001711,2025-04-20 15:53:00,Phu Nhuan,returning,,E-wallet,9,374000.0,delivered,28.8,,Inner,4.0,15,Sun,4
G001712,2025-04-20 16:02:00,Thu Duc City,member,Platinum,Cash,11,360000.0,delivered,43.9,,Outer,11.5,16,Sun,4
G001713,2025-04-20 18:23:00,Tan Binh,new,,Card,8,178000.0,delivered,40.3,,Inner,5.2,18,Sun,4
G001714,2025-04-20 18:59:00,Go Vap,returning,,E-wallet,14,290000.0,delivered,43.7,,Outer,7.9,18,Sun,4
G001715,2025-04-20 19:56:00,District 1,member,Silver,Card,15,461000.0,delivered,31.6,3,Central,2.1,19,Sun,4
G001716,2025-04-20 21:15:00,Tan Binh,returning,,E-wallet,6,161000.0,delivered,32.0,3,Inner,5.2,21,Sun,4
G001717,2025-04-20 21:25:00,Tan Binh,new,,Cash,10,299000.0,delivered,28.9,5,Inner,5.2,21,Sun,4
G001718,2025-04-21 08:08:00,District 3,member,Silver,Bank transfer,8,148000.0,delivered,21.5,4,Central,2.8,8,Mon,4
G001719,2025-04-21 10:35:00,Thu Duc City,new,,Card,8,280000.0,cancelled,,,Outer,11.5,10,Mon,4
G001720,2025-04-21 10:53:00,District 7,new,,Card,5,170000.0,delivered,39.5,4,Inner,7.5,10,Mon,4
G001721,2025-04-21 11:13:00,District 7,new,,E-wallet,10,301000.0,delivered,47.5,2,Inner,7.5,11,Mon,4
G001722,2025-04-21 11:34:00,District 7,member,Silver,Cash,7,245000.0,delivered,54.7,,Inner,7.5,11,Mon,4
G001723,2025-04-21 13:18:00,Binh Thanh,returning,,E-wallet,11,266000.0,delivered,29.8,5,Inner,4.6,13,Mon,4
G001724,2025-04-21 13:29:00,District 7,returning,,Card,8,228000.0,delivered,36.1,,Inner,7.5,13,Mon,4
G001725,2025-04-21 14:15:00,Tan Binh,member,Silver,E-wallet,2,58000.0,delivered,28.5,4,Inner,5.2,14,Mon,4
G001726,2025-04-21 15:46:00,Thu Duc City,returning,,E-wallet,5,180000.0,delivered,48.5,,Outer,11.5,15,Mon,4
G001727,2025-04-21 17:08:00,District 7,returning,,Cash,5,122000.0,delivered,33.0,,Inner,7.5,17,Mon,4
G001728,2025-04-21 17:09:00,District 7,member,Silver,Cash,6,223000.0,delivered,33.4,,Inner,7.5,17,Mon,4
G001729,2025-04-21 17:35:00,Thu Duc City,returning,,E-wallet,5,152000.0,delivered,46.1,5,Outer,11.5,17,Mon,4
G001730,2025-04-21 18:17:00,Phu Nhuan,new,,Card,7,282000.0,delivered,34.7,,Inner,4.0,18,Mon,4
G001731,2025-04-21 20:20:00,District 1,member,Silver,Card,11,398000.0,delivered,33.3,,Central,2.1,20,Mon,4
G001732,2025-04-21 20:50:00,Binh Tan,returning,,E-wallet,7,237000.0,delivered,52.1,,Outer,10.8,20,Mon,4
G001733,2025-04-21 22:28:00,Thu Duc City,member,Silver,E-wallet,6,191000.0,delivered,46.0,,Outer,11.5,22,Mon,4
G001734,2025-04-22 06:39:00,Tan Binh,returning,,Bank transfer,8,230000.0,cancelled,,,Inner,5.2,6,Tue,4
G001735,2025-04-22 08:36:00,District 3,returning,,Bank transfer,10,250000.0,delivered,23.4,4,Central,2.8,8,Tue,4
G001736,2025-04-22 09:03:00,Thu Duc City,new,,E-wallet,7,289000.0,delivered,52.1,2,Outer,11.5,9,Tue,4
G001737,2025-04-22 09:16:00,District 7,member,Silver,E-wallet,8,338000.0,delivered,36.7,3,Inner,7.5,9,Tue,4
G001738,2025-04-22 10:20:00,District 3,new,,Cash,8,232000.0,delivered,25.9,,Central,2.8,10,Tue,4
G001739,2025-04-22 11:31:00,Phu Nhuan,returning,,Cash,11,361000.0,delivered,38.3,5,Inner,4.0,11,Tue,4
G001740,2025-04-22 11:49:00,Go Vap,member,Platinum,Cash,5,262000.0,delivered,42.7,3,Outer,7.9,11,Tue,4
G001741,2025-04-22 11:54:00,District 3,member,Silver,Cash,7,255000.0,delivered,32.9,5,Central,2.8,11,Tue,4
G001742,2025-04-22 12:11:00,Binh Tan,returning,,Cash,9,397000.0,delivered,53.4,,Outer,10.8,12,Tue,4
G001743,2025-04-22 12:51:00,Thu Duc City,member,Gold,Cash,6,227000.0,delivered,53.8,,Outer,11.5,12,Tue,4
G001744,2025-04-22 13:28:00,District 1,new,,Cash,4,202000.0,delivered,19.5,4,Central,2.1,13,Tue,4
G001745,2025-04-22 13:28:00,Binh Tan,returning,,Cash,4,141000.0,delivered,43.8,2,Outer,10.8,13,Tue,4
G001746,2025-04-22 16:57:00,Tan Binh,returning,,Bank transfer,7,258000.0,delivered,30.7,,Inner,5.2,16,Tue,4
G001747,2025-04-22 17:09:00,Thu Duc City,returning,,E-wallet,12,343000.0,delivered,51.3,2,Outer,11.5,17,Tue,4
G001748,2025-04-22 18:49:00,Phu Nhuan,member,Silver,E-wallet,5,176000.0,delivered,35.4,4,Inner,4.0,18,Tue,4
G001749,2025-04-22 19:06:00,District 10,returning,,Bank transfer,2,60000.0,delivered,33.5,,Central,3.5,19,Tue,4
G001750,2025-04-22 19:17:00,District 3,returning,,Card,3,58000.0,delivered,30.4,5,Central,2.8,19,Tue,4
G001751,2025-04-22 21:58:00,Binh Thanh,returning,,Bank transfer,4,131000.0,delivered,27.9,5,Inner,4.6,21,Tue,4
G001752,2025-04-23 08:44:00,Binh Thanh,returning,,E-wallet,6,192000.0,delivered,27.2,4,Inner,4.6,8,Wed,4
G001753,2025-04-23 09:49:00,Thu Duc City,member,Gold,Card,6,225000.0,delivered,48.7,3,Outer,11.5,9,Wed,4
G001754,2025-04-23 12:25:00,Binh Tan,member,Platinum,Card,6,349000.0,delivered,49.0,3,Outer,10.8,12,Wed,4
G001755,2025-04-23 13:07:00,District 3,new,,Card,9,288000.0,delivered,22.4,5,Central,2.8,13,Wed,4
G001756,2025-04-23 13:15:00,Binh Tan,member,Silver,E-wallet,8,237000.0,delivered,40.8,3,Outer,10.8,13,Wed,4
G001757,2025-04-23 16:52:00,District 10,member,Silver,Cash,4,89000.0,delivered,24.3,5,Central,3.5,16,Wed,4
G001758,2025-04-23 17:33:00,District 10,returning,,Cash,7,292000.0,delivered,27.6,5,Central,3.5,17,Wed,4
G001759,2025-04-23 18:38:00,District 10,member,Gold,Card,5,171000.0,delivered,40.3,4,Central,3.5,18,Wed,4
G001760,2025-04-23 18:43:00,District 1,returning,,Card,7,253000.0,delivered,26.1,,Central,2.1,18,Wed,4
G001761,2025-04-23 18:46:00,District 7,member,Silver,Cash,8,268000.0,delivered,45.4,2,Inner,7.5,18,Wed,4
G001762,2025-04-23 19:07:00,Binh Tan,returning,,E-wallet,5,153000.0,delivered,58.1,,Outer,10.8,19,Wed,4
G001763,2025-04-23 19:18:00,District 3,new,,Card,7,257000.0,delivered,35.9,3,Central,2.8,19,Wed,4
G001764,2025-04-23 20:03:00,District 7,member,Silver,Card,7,240000.0,delivered,46.5,2,Inner,7.5,20,Wed,4
G001765,2025-04-23 21:08:00,District 1,member,Platinum,Bank transfer,4,277000.0,delivered,19.4,3,Central,2.1,21,Wed,4
G001766,2025-04-23 21:28:00,District 7,new,,Cash,7,270000.0,delivered,33.8,4,Inner,7.5,21,Wed,4
G001767,2025-04-23 21:46:00,District 1,returning,,E-wallet,6,165000.0,delivered,18.6,5,Central,2.1,21,Wed,4
G001768,2025-04-23 22:29:00,Thu Duc City,returning,,Cash,7,200000.0,delivered,44.4,2,Outer,11.5,22,Wed,4
G001769,2025-04-24 07:39:00,Tan Binh,member,Platinum,Card,6,251000.0,delivered,30.0,3,Inner,5.2,7,Thu,4
G001770,2025-04-24 10:07:00,Binh Tan,new,,Cash,6,275000.0,delivered,56.6,2,Outer,10.8,10,Thu,4
G001771,2025-04-24 10:23:00,District 1,returning,,Cash,10,278000.0,delivered,23.0,,Central,2.1,10,Thu,4
G001772,2025-04-24 12:00:00,Go Vap,new,,Bank transfer,6,149000.0,delivered,42.0,,Outer,7.9,12,Thu,4
G001773,2025-04-24 12:13:00,Binh Thanh,returning,,Card,4,179000.0,delivered,38.8,3,Inner,4.6,12,Thu,4
G001774,2025-04-24 15:11:00,District 7,member,Silver,Cash,6,260000.0,delivered,39.0,3,Inner,7.5,15,Thu,4
G001775,2025-04-24 15:26:00,Binh Thanh,returning,,Cash,9,349000.0,delivered,34.9,4,Inner,4.6,15,Thu,4
G001776,2025-04-24 15:43:00,Tan Binh,member,Gold,Card,4,115000.0,delivered,34.6,3,Inner,5.2,15,Thu,4
G001777,2025-04-24 16:06:00,District 7,new,,Cash,10,404000.0,cancelled,,,Inner,7.5,16,Thu,4
G001778,2025-04-24 16:39:00,Thu Duc City,member,Silver,E-wallet,7,216000.0,delivered,43.1,3,Outer,11.5,16,Thu,4
G001779,2025-04-24 16:43:00,District 7,returning,,E-wallet,9,247000.0,delivered,39.7,4,Inner,7.5,16,Thu,4
G001780,2025-04-24 17:51:00,Go Vap,returning,,Cash,4,142000.0,delivered,33.6,3,Outer,7.9,17,Thu,4
G001781,2025-04-24 18:03:00,District 7,member,Gold,Cash,5,164000.0,delivered,43.7,3,Inner,7.5,18,Thu,4
G001782,2025-04-24 18:15:00,District 3,member,Gold,E-wallet,6,170000.0,delivered,30.6,3,Central,2.8,18,Thu,4
G001783,2025-04-24 18:38:00,Thu Duc City,member,Silver,Cash,4,158000.0,delivered,57.4,,Outer,11.5,18,Thu,4
G001784,2025-04-24 19:17:00,Binh Thanh,returning,,E-wallet,3,91000.0,delivered,35.4,3,Inner,4.6,19,Thu,4
G001785,2025-04-24 19:36:00,Go Vap,member,Silver,Bank transfer,6,234000.0,delivered,41.1,4,Outer,7.9,19,Thu,4
G001786,2025-04-24 20:24:00,Phu Nhuan,returning,,Cash,6,152000.0,delivered,42.7,4,Inner,4.0,20,Thu,4
G001787,2025-04-25 06:48:00,District 10,returning,,Bank transfer,9,260000.0,delivered,24.8,5,Central,3.5,6,Fri,4
G001788,2025-04-25 09:46:00,Binh Thanh,new,,Cash,6,136000.0,delivered,30.8,4,Inner,4.6,9,Fri,4
G001789,2025-04-25 11:16:00,Thu Duc City,returning,,Bank transfer,5,177000.0,delivered,58.6,2,Outer,11.5,11,Fri,4
G001790,2025-04-25 12:11:00,District 10,returning,,E-wallet,10,418000.0,delivered,31.8,,Central,3.5,12,Fri,4
G001791,2025-04-25 12:12:00,District 1,returning,,Cash,11,343000.0,delivered,32.6,4,Central,2.1,12,Fri,4
G001792,2025-04-25 12:22:00,Thu Duc City,returning,,Card,5,131000.0,delivered,53.3,2,Outer,11.5,12,Fri,4
G001793,2025-04-25 12:23:00,District 1,member,Silver,Cash,7,198000.0,delivered,32.3,5,Central,2.1,12,Fri,4
G001794,2025-04-25 12:40:00,Tan Binh,new,,Cash,9,283000.0,delivered,34.7,,Inner,5.2,12,Fri,4
G001795,2025-04-25 12:48:00,Go Vap,member,Gold,Cash,10,314000.0,delivered,44.4,,Outer,7.9,12,Fri,4
G001796,2025-04-25 13:25:00,Phu Nhuan,returning,,E-wallet,6,159000.0,delivered,27.9,,Inner,4.0,13,Fri,4
G001797,2025-04-25 16:10:00,Go Vap,new,,E-wallet,7,279000.0,delivered,33.8,4,Outer,7.9,16,Fri,4
G001798,2025-04-25 17:28:00,District 1,returning,,E-wallet,6,216000.0,delivered,21.7,5,Central,2.1,17,Fri,4
G001799,2025-04-25 17:39:00,Phu Nhuan,returning,,Bank transfer,5,182000.0,delivered,29.0,5,Inner,4.0,17,Fri,4
G001800,2025-04-25 17:58:00,District 3,returning,,Bank transfer,8,167000.0,delivered,21.4,,Central,2.8,17,Fri,4
G001801,2025-04-25 18:11:00,Binh Thanh,member,Silver,Cash,6,168000.0,delivered,34.2,3,Inner,4.6,18,Fri,4
G001802,2025-04-25 18:44:00,District 1,returning,,Bank transfer,8,273000.0,delivered,27.6,5,Central,2.1,18,Fri,4
G001803,2025-04-25 19:26:00,District 1,member,Silver,Cash,8,225000.0,delivered,29.2,4,Central,2.1,19,Fri,4
G001804,2025-04-25 19:48:00,Binh Thanh,new,,E-wallet,6,177000.0,delivered,35.6,4,Inner,4.6,19,Fri,4
G001805,2025-04-25 21:20:00,Binh Thanh,returning,,Bank transfer,6,192000.0,delivered,32.6,,Inner,4.6,21,Fri,4
G001806,2025-04-25 21:48:00,Binh Thanh,member,Gold,Cash,4,89000.0,delivered,28.1,3,Inner,4.6,21,Fri,4
G001807,2025-04-26 10:45:00,Binh Tan,returning,,E-wallet,11,382000.0,delivered,45.4,,Outer,10.8,10,Sat,4
G001808,2025-04-26 11:47:00,District 10,new,,Cash,7,196000.0,delivered,35.9,,Central,3.5,11,Sat,4
G001809,2025-04-26 12:25:00,Tan Binh,member,Gold,E-wallet,9,220000.0,delivered,34.5,,Inner,5.2,12,Sat,4
G001810,2025-04-26 13:37:00,Go Vap,returning,,E-wallet,9,311000.0,delivered,35.7,4,Outer,7.9,13,Sat,4
G001811,2025-04-26 13:51:00,District 1,member,Silver,E-wallet,10,424000.0,delivered,24.0,,Central,2.1,13,Sat,4
G001812,2025-04-26 14:28:00,Binh Tan,new,,Cash,9,284000.0,delivered,42.7,3,Outer,10.8,14,Sat,4
G001813,2025-04-26 15:20:00,Phu Nhuan,new,,Cash,12,358000.0,cancelled,,,Inner,4.0,15,Sat,4
G001814,2025-04-26 16:33:00,District 7,new,,Cash,15,495000.0,delivered,37.8,2,Inner,7.5,16,Sat,4
G001815,2025-04-26 16:57:00,Go Vap,returning,,Cash,11,312000.0,cancelled,,,Outer,7.9,16,Sat,4
G001816,2025-04-26 17:02:00,Phu Nhuan,new,,Cash,6,156000.0,delivered,26.7,4,Inner,4.0,17,Sat,4
G001817,2025-04-26 17:56:00,Go Vap,returning,,E-wallet,8,276000.0,delivered,36.2,,Outer,7.9,17,Sat,4
G001818,2025-04-26 18:43:00,Thu Duc City,member,Silver,Cash,14,410000.0,delivered,55.8,2,Outer,11.5,18,Sat,4
G001819,2025-04-26 18:46:00,District 1,returning,,Card,16,472000.0,delivered,35.0,3,Central,2.1,18,Sat,4
G001820,2025-04-26 19:22:00,Phu Nhuan,new,,Cash,8,177000.0,delivered,30.8,,Inner,4.0,19,Sat,4
G001821,2025-04-26 19:34:00,Go Vap,new,,E-wallet,9,359000.0,delivered,47.0,3,Outer,7.9,19,Sat,4
G001822,2025-04-26 19:40:00,Binh Thanh,returning,,E-wallet,3,81000.0,delivered,43.2,2,Inner,4.6,19,Sat,4
G001823,2025-04-26 21:25:00,Go Vap,new,,Card,9,330000.0,delivered,40.2,3,Outer,7.9,21,Sat,4
G001824,2025-04-26 21:52:00,Go Vap,member,Gold,E-wallet,7,300000.0,delivered,35.9,4,Outer,7.9,21,Sat,4
G001825,2025-04-26 22:42:00,Binh Tan,returning,,E-wallet,9,311000.0,delivered,50.4,3,Outer,10.8,22,Sat,4
G001826,2025-04-27 06:46:00,District 3,returning,,Card,11,356000.0,delivered,26.8,,Central,2.8,6,Sun,4
G001827,2025-04-27 09:49:00,Binh Thanh,returning,,E-wallet,6,179000.0,delivered,27.4,5,Inner,4.6,9,Sun,4
G001828,2025-04-27 10:17:00,District 10,member,Silver,E-wallet,8,181000.0,delivered,24.0,4,Central,3.5,10,Sun,4
G001829,2025-04-27 10:51:00,Thu Duc City,member,Gold,E-wallet,19,750000.0,delivered,44.2,3,Outer,11.5,10,Sun,4
G001830,2025-04-27 11:26:00,Binh Thanh,returning,,Cash,7,307000.0,delivered,33.8,,Inner,4.6,11,Sun,4
G001831,2025-04-27 12:24:00,Thu Duc City,member,Gold,Cash,14,413000.0,delivered,56.1,,Outer,11.5,12,Sun,4
G001832,2025-04-27 12:25:00,Phu Nhuan,new,,Card,8,277000.0,delivered,33.3,4,Inner,4.0,12,Sun,4
G001833,2025-04-27 12:52:00,District 10,new,,E-wallet,13,318000.0,delivered,39.6,,Central,3.5,12,Sun,4
G001834,2025-04-27 12:57:00,District 3,member,Gold,Cash,7,205000.0,delivered,37.8,4,Central,2.8,12,Sun,4
G001835,2025-04-27 14:15:00,Go Vap,new,,E-wallet,17,620000.0,delivered,41.0,4,Outer,7.9,14,Sun,4
G001836,2025-04-27 16:16:00,District 1,returning,,Cash,9,263000.0,delivered,26.0,,Central,2.1,16,Sun,4
G001837,2025-04-27 16:18:00,Thu Duc City,returning,,Cash,7,231000.0,delivered,48.3,2,Outer,11.5,16,Sun,4
G001838,2025-04-27 16:27:00,District 3,returning,,Card,13,479000.0,delivered,27.9,4,Central,2.8,16,Sun,4
G001839,2025-04-27 18:01:00,Thu Duc City,member,Silver,Card,5,197000.0,delivered,51.2,2,Outer,11.5,18,Sun,4
G001840,2025-04-27 18:11:00,Binh Thanh,returning,,Cash,8,255000.0,delivered,37.0,3,Inner,4.6,18,Sun,4
G001841,2025-04-27 18:58:00,District 1,returning,,Bank transfer,7,212000.0,delivered,28.2,4,Central,2.1,18,Sun,4
G001842,2025-04-27 20:00:00,Binh Tan,member,Silver,E-wallet,19,871000.0,delivered,51.5,,Outer,10.8,20,Sun,4
G001843,2025-04-27 20:01:00,Go Vap,new,,Cash,12,435000.0,delivered,50.2,3,Outer,7.9,20,Sun,4
G001844,2025-04-27 20:14:00,District 7,returning,,E-wallet,12,534000.0,delivered,45.0,3,Inner,7.5,20,Sun,4
G001845,2025-04-27 21:06:00,Thu Duc City,new,,Card,8,206000.0,delivered,47.7,3,Outer,11.5,21,Sun,4
G001846,2025-04-27 21:10:00,Binh Thanh,member,Platinum,Bank transfer,9,278000.0,delivered,28.8,,Inner,4.6,21,Sun,4
G001847,2025-04-27 23:32:00,Thu Duc City,returning,,Card,11,291000.0,delivered,49.5,2,Outer,11.5,23,Sun,4
G001848,2025-04-28 09:47:00,Binh Thanh,member,Gold,Cash,4,174000.0,delivered,29.0,,Inner,4.6,9,Mon,4
G001849,2025-04-28 11:11:00,Phu Nhuan,new,,Card,9,332000.0,delivered,35.3,4,Inner,4.0,11,Mon,4
G001850,2025-04-28 11:21:00,Binh Thanh,returning,,Card,7,278000.0,delivered,39.0,3,Inner,4.6,11,Mon,4
G001851,2025-04-28 11:31:00,Binh Thanh,new,,E-wallet,6,102000.0,delivered,38.5,,Inner,4.6,11,Mon,4
G001852,2025-04-28 11:56:00,Phu Nhuan,returning,,Card,8,250000.0,delivered,31.9,4,Inner,4.0,11,Mon,4
G001853,2025-04-28 12:01:00,District 1,returning,,Card,7,221000.0,delivered,32.3,5,Central,2.1,12,Mon,4
G001854,2025-04-28 16:27:00,Thu Duc City,new,,E-wallet,6,252000.0,delivered,61.0,2,Outer,11.5,16,Mon,4
G001855,2025-04-28 18:08:00,Binh Thanh,returning,,Card,5,205000.0,delivered,39.6,,Inner,4.6,18,Mon,4
G001856,2025-04-28 18:45:00,District 1,member,Silver,Cash,6,192000.0,delivered,32.6,4,Central,2.1,18,Mon,4
G001857,2025-04-28 19:41:00,District 3,returning,,Bank transfer,5,229000.0,delivered,30.0,5,Central,2.8,19,Mon,4
G001858,2025-04-28 19:48:00,District 3,new,,Card,6,224000.0,delivered,32.8,4,Central,2.8,19,Mon,4
G001859,2025-04-29 06:25:00,Tan Binh,returning,,E-wallet,4,134000.0,delivered,27.6,5,Inner,5.2,6,Tue,4
G001860,2025-04-29 09:19:00,Binh Tan,new,,Card,2,91000.0,delivered,41.3,3,Outer,10.8,9,Tue,4
G001861,2025-04-29 09:50:00,District 7,returning,,Card,6,112000.0,delivered,36.4,,Inner,7.5,9,Tue,4
G001862,2025-04-29 10:55:00,Tan Binh,new,,Card,10,236000.0,delivered,29.2,3,Inner,5.2,10,Tue,4
G001863,2025-04-29 13:53:00,District 3,member,Platinum,E-wallet,8,420000.0,delivered,21.5,5,Central,2.8,13,Tue,4
G001864,2025-04-29 13:54:00,Thu Duc City,new,,Card,7,214000.0,cancelled,,,Outer,11.5,13,Tue,4
G001865,2025-04-29 14:00:00,Go Vap,returning,,Cash,3,78000.0,delivered,39.2,4,Outer,7.9,14,Tue,4
G001866,2025-04-29 16:32:00,Tan Binh,member,Gold,Card,6,186000.0,delivered,29.4,,Inner,5.2,16,Tue,4
G001867,2025-04-29 17:24:00,Go Vap,member,Platinum,E-wallet,8,389000.0,delivered,35.0,,Outer,7.9,17,Tue,4
G001868,2025-04-29 18:05:00,Phu Nhuan,member,Silver,Card,5,200000.0,delivered,32.3,3,Inner,4.0,18,Tue,4
G001869,2025-04-29 18:10:00,Phu Nhuan,member,Silver,Bank transfer,5,170000.0,delivered,34.4,,Inner,4.0,18,Tue,4
G001870,2025-04-29 18:14:00,District 3,returning,,Card,3,97000.0,delivered,32.5,3,Central,2.8,18,Tue,4
G001871,2025-04-29 18:45:00,Go Vap,new,,Card,7,250000.0,delivered,48.1,3,Outer,7.9,18,Tue,4
G001872,2025-04-29 18:46:00,Thu Duc City,new,,Cash,10,276000.0,delivered,59.9,,Outer,11.5,18,Tue,4
G001873,2025-04-29 18:56:00,Thu Duc City,returning,,Cash,4,160000.0,delivered,54.8,3,Outer,11.5,18,Tue,4
G001874,2025-04-29 19:23:00,District 1,member,Platinum,Card,9,355000.0,delivered,26.2,5,Central,2.1,19,Tue,4
G001875,2025-04-29 19:33:00,District 1,returning,,Bank transfer,7,243000.0,delivered,50.5,2,Central,2.1,19,Tue,4
G001876,2025-04-29 19:41:00,Binh Thanh,returning,,Card,5,126000.0,delivered,33.9,4,Inner,4.6,19,Tue,4
G001877,2025-04-29 19:51:00,Binh Tan,new,,E-wallet,8,328000.0,delivered,57.1,2,Outer,10.8,19,Tue,4
G001878,2025-04-29 20:20:00,Go Vap,new,,Card,5,144000.0,delivered,44.6,,Outer,7.9,20,Tue,4
G001879,2025-04-29 20:48:00,Phu Nhuan,returning,,Bank transfer,6,261000.0,delivered,41.3,4,Inner,4.0,20,Tue,4
G001880,2025-04-29 20:53:00,District 3,member,Gold,E-wallet,4,170000.0,delivered,33.8,,Central,2.8,20,Tue,4
G001881,2025-04-29 21:38:00,District 3,returning,,E-wallet,8,276000.0,delivered,21.0,3,Central,2.8,21,Tue,4
G001882,2025-04-29 21:46:00,Binh Tan,member,Silver,Card,10,458000.0,delivered,44.7,,Outer,10.8,21,Tue,4
G001883,2025-04-30 08:01:00,District 10,new,,E-wallet,3,105000.0,delivered,37.2,3,Central,3.5,8,Wed,4
G001884,2025-04-30 08:10:00,District 7,returning,,E-wallet,6,271000.0,delivered,34.1,3,Inner,7.5,8,Wed,4
G001885,2025-04-30 08:59:00,Tan Binh,returning,,E-wallet,7,175000.0,delivered,27.2,,Inner,5.2,8,Wed,4
G001886,2025-04-30 09:03:00,District 1,new,,Cash,5,110000.0,delivered,29.5,5,Central,2.1,9,Wed,4
G001887,2025-04-30 09:05:00,District 1,member,Silver,E-wallet,3,98000.0,delivered,21.1,5,Central,2.1,9,Wed,4
G001888,2025-04-30 10:12:00,Tan Binh,member,Silver,E-wallet,8,186000.0,cancelled,,,Inner,5.2,10,Wed,4
G001889,2025-04-30 10:43:00,District 7,returning,,Cash,7,129000.0,delivered,33.6,,Inner,7.5,10,Wed,4
G001890,2025-04-30 11:41:00,Thu Duc City,returning,,Card,6,168000.0,delivered,54.4,,Outer,11.5,11,Wed,4
G001891,2025-04-30 11:57:00,Tan Binh,new,,Card,11,394000.0,cancelled,,,Inner,5.2,11,Wed,4
G001892,2025-04-30 14:15:00,District 3,new,,Card,3,61000.0,delivered,22.3,,Central,2.8,14,Wed,4
G001893,2025-04-30 15:36:00,District 10,member,Silver,E-wallet,5,168000.0,delivered,25.4,,Central,3.5,15,Wed,4
G001894,2025-04-30 15:42:00,Go Vap,new,,E-wallet,4,115000.0,delivered,33.4,3,Outer,7.9,15,Wed,4
G001895,2025-04-30 16:20:00,District 3,member,Gold,E-wallet,6,178000.0,delivered,25.9,4,Central,2.8,16,Wed,4
G001896,2025-04-30 17:29:00,Thu Duc City,member,Silver,Cash,5,135000.0,delivered,42.5,,Outer,11.5,17,Wed,4
G001897,2025-04-30 18:43:00,District 7,new,,Cash,10,289000.0,delivered,41.9,3,Inner,7.5,18,Wed,4
G001898,2025-04-30 19:31:00,Binh Tan,returning,,E-wallet,4,121000.0,delivered,52.2,4,Outer,10.8,19,Wed,4
G001899,2025-04-30 19:41:00,Thu Duc City,member,Silver,Cash,9,338000.0,delivered,52.2,3,Outer,11.5,19,Wed,4
G001900,2025-04-30 19:45:00,Binh Tan,returning,,Cash,5,168000.0,delivered,52.3,,Outer,10.8,19,Wed,4
G001901,2025-04-30 22:10:00,Phu Nhuan,new,,Cash,6,256000.0,delivered,24.3,4,Inner,4.0,22,Wed,4
G001902,2025-04-30 22:59:00,Binh Tan,new,,Cash,9,290000.0,delivered,44.5,2,Outer,10.8,22,Wed,4
G001903,2025-05-01 10:56:00,Binh Thanh,new,,E-wallet,10,371000.0,delivered,29.2,,Inner,4.6,10,Thu,5
G001904,2025-05-01 12:17:00,District 1,member,Silver,Card,7,298000.0,delivered,33.5,5,Central,2.1,12,Thu,5
G001905,2025-05-01 12:28:00,Go Vap,returning,,Cash,5,156000.0,delivered,49.6,3,Outer,7.9,12,Thu,5
G001906,2025-05-01 13:30:00,Binh Tan,returning,,E-wallet,7,227000.0,delivered,43.2,,Outer,10.8,13,Thu,5
G001907,2025-05-01 14:30:00,Tan Binh,member,Gold,Cash,12,396000.0,cancelled,,,Inner,5.2,14,Thu,5
G001908,2025-05-01 16:18:00,Go Vap,returning,,E-wallet,9,276000.0,delivered,37.2,4,Outer,7.9,16,Thu,5
G001909,2025-05-01 19:00:00,District 10,member,Platinum,E-wallet,9,394000.0,delivered,36.5,3,Central,3.5,19,Thu,5
G001910,2025-05-01 19:06:00,Thu Duc City,new,,E-wallet,11,514000.0,delivered,58.3,3,Outer,11.5,19,Thu,5
G001911,2025-05-01 19:11:00,Thu Duc City,returning,,Bank transfer,6,188000.0,delivered,57.3,,Outer,11.5,19,Thu,5
G001912,2025-05-01 19:19:00,Binh Thanh,returning,,E-wallet,13,362000.0,delivered,33.8,,Inner,4.6,19,Thu,5
G001913,2025-05-01 19:58:00,Go Vap,returning,,Card,8,186000.0,delivered,42.4,,Outer,7.9,19,Thu,5
G001914,2025-05-01 20:27:00,District 7,returning,,Card,11,458000.0,delivered,44.6,3,Inner,7.5,20,Thu,5
G001915,2025-05-01 20:30:00,District 1,member,Silver,Card,6,140000.0,delivered,36.1,4,Central,2.1,20,Thu,5
G001916,2025-05-01 21:00:00,Go Vap,member,Platinum,Cash,11,541000.0,delivered,38.2,,Outer,7.9,21,Thu,5
G001917,2025-05-01 21:13:00,Binh Tan,new,,E-wallet,8,298000.0,delivered,43.5,3,Outer,10.8,21,Thu,5
G001918,2025-05-01 21:16:00,Phu Nhuan,returning,,E-wallet,6,176000.0,delivered,24.9,,Inner,4.0,21,Thu,5
G001919,2025-05-02 07:38:00,District 1,returning,,Cash,9,232000.0,delivered,24.0,5,Central,2.1,7,Fri,5
G001920,2025-05-02 09:44:00,Phu Nhuan,member,Platinum,Cash,6,353000.0,delivered,25.3,5,Inner,4.0,9,Fri,5
G001921,2025-05-02 10:35:00,District 1,returning,,Card,5,198000.0,delivered,25.9,3,Central,2.1,10,Fri,5
G001922,2025-05-02 13:47:00,Tan Binh,member,Silver,Cash,10,376000.0,delivered,27.9,4,Inner,5.2,13,Fri,5
G001923,2025-05-02 14:54:00,District 3,member,Silver,Card,8,362000.0,delivered,21.9,,Central,2.8,14,Fri,5
G001924,2025-05-02 16:04:00,Binh Tan,new,,E-wallet,9,252000.0,delivered,50.7,3,Outer,10.8,16,Fri,5
G001925,2025-05-02 18:27:00,District 7,returning,,Cash,4,115000.0,delivered,41.0,,Inner,7.5,18,Fri,5
G001926,2025-05-02 18:43:00,District 7,returning,,Cash,5,112000.0,delivered,42.4,,Inner,7.5,18,Fri,5
G001927,2025-05-02 18:56:00,Thu Duc City,returning,,Card,7,295000.0,delivered,55.3,,Outer,11.5,18,Fri,5
G001928,2025-05-02 19:07:00,Tan Binh,new,,E-wallet,5,150000.0,delivered,37.3,,Inner,5.2,19,Fri,5
G001929,2025-05-02 19:23:00,Go Vap,returning,,Card,4,151000.0,delivered,42.7,3,Outer,7.9,19,Fri,5
G001930,2025-05-02 19:45:00,District 7,member,Gold,Card,9,129000.0,cancelled,,,Inner,7.5,19,Fri,5
G001931,2025-05-02 19:47:00,Tan Binh,member,Silver,E-wallet,7,121000.0,delivered,34.8,,Inner,5.2,19,Fri,5
G001932,2025-05-02 21:48:00,Go Vap,returning,,E-wallet,9,280000.0,delivered,35.2,4,Outer,7.9,21,Fri,5
G001933,2025-05-03 11:55:00,Go Vap,new,,E-wallet,15,404000.0,delivered,45.7,2,Outer,7.9,11,Sat,5
G001934,2025-05-03 13:13:00,Thu Duc City,returning,,E-wallet,12,410000.0,delivered,49.4,,Outer,11.5,13,Sat,5
G001935,2025-05-03 13:26:00,District 10,returning,,Cash,9,316000.0,delivered,31.3,5,Central,3.5,13,Sat,5
G001936,2025-05-03 13:31:00,District 7,returning,,E-wallet,7,272000.0,delivered,34.6,,Inner,7.5,13,Sat,5
G001937,2025-05-03 14:16:00,Go Vap,returning,,Card,16,399000.0,delivered,35.5,,Outer,7.9,14,Sat,5
G001938,2025-05-03 14:41:00,Binh Thanh,new,,Cash,7,254000.0,delivered,32.0,5,Inner,4.6,14,Sat,5
G001939,2025-05-03 14:42:00,District 7,returning,,Cash,3,69000.0,delivered,44.2,3,Inner,7.5,14,Sat,5
G001940,2025-05-03 15:09:00,Binh Tan,returning,,E-wallet,10,218000.0,delivered,46.9,3,Outer,10.8,15,Sat,5
G001941,2025-05-03 15:32:00,Tan Binh,returning,,Cash,10,337000.0,delivered,37.2,3,Inner,5.2,15,Sat,5
G001942,2025-05-03 17:20:00,Binh Thanh,returning,,Card,12,316000.0,delivered,29.0,5,Inner,4.6,17,Sat,5
G001943,2025-05-03 17:32:00,District 7,new,,Cash,10,362000.0,delivered,46.3,,Inner,7.5,17,Sat,5
G001944,2025-05-03 19:22:00,District 7,member,Silver,E-wallet,9,271000.0,delivered,47.8,4,Inner,7.5,19,Sat,5
G001945,2025-05-03 19:29:00,District 1,returning,,Bank transfer,8,283000.0,delivered,29.1,,Central,2.1,19,Sat,5
G001946,2025-05-03 19:38:00,Thu Duc City,member,Silver,E-wallet,10,356000.0,delivered,55.7,2,Outer,11.5,19,Sat,5
G001947,2025-05-03 20:50:00,Tan Binh,new,,E-wallet,13,415000.0,delivered,,5,Inner,5.2,20,Sat,5
G001948,2025-05-03 21:49:00,Tan Binh,returning,,Card,10,262000.0,delivered,29.4,,Inner,5.2,21,Sat,5
G001949,2025-05-03 21:50:00,District 7,new,,E-wallet,12,502000.0,delivered,33.0,5,Inner,7.5,21,Sat,5
G001950,2025-05-03 22:40:00,Tan Binh,returning,,E-wallet,13,254000.0,delivered,27.1,5,Inner,5.2,22,Sat,5
G001951,2025-05-04 08:05:00,District 1,returning,,E-wallet,7,238000.0,delivered,24.4,4,Central,2.1,8,Sun,5
G001952,2025-05-04 12:44:00,District 10,member,Silver,E-wallet,14,409000.0,delivered,31.3,3,Central,3.5,12,Sun,5
G001953,2025-05-04 13:20:00,District 7,member,Silver,Cash,12,359000.0,delivered,32.6,,Inner,7.5,13,Sun,5
G001954,2025-05-04 13:38:00,Binh Tan,returning,,Cash,9,236000.0,delivered,45.6,,Outer,10.8,13,Sun,5
G001955,2025-05-04 13:56:00,Binh Thanh,new,,Card,8,262000.0,delivered,30.9,4,Inner,4.6,13,Sun,5
G001956,2025-05-04 16:06:00,District 3,returning,,Cash,9,361000.0,delivered,25.4,,Central,2.8,16,Sun,5
G001957,2025-05-04 17:27:00,Phu Nhuan,member,Silver,E-wallet,4,124000.0,cancelled,,,Inner,4.0,17,Sun,5
G001958,2025-05-04 17:30:00,Go Vap,returning,,E-wallet,5,201000.0,delivered,35.7,,Outer,7.9,17,Sun,5
G001959,2025-05-04 17:39:00,Go Vap,returning,,Cash,13,211000.0,delivered,36.9,,Outer,7.9,17,Sun,5
G001960,2025-05-04 17:58:00,District 3,returning,,Card,14,332000.0,delivered,23.0,,Central,2.8,17,Sun,5
G001961,2025-05-04 18:18:00,Binh Tan,new,,Cash,10,445000.0,delivered,51.5,2,Outer,10.8,18,Sun,5
G001962,2025-05-04 18:57:00,District 7,returning,,E-wallet,14,376000.0,delivered,50.5,3,Inner,7.5,18,Sun,5
G001963,2025-05-04 19:32:00,District 1,returning,,E-wallet,7,147000.0,delivered,30.9,5,Central,2.1,19,Sun,5
G001964,2025-05-04 19:36:00,Tan Binh,member,Silver,E-wallet,10,276000.0,delivered,39.8,,Inner,5.2,19,Sun,5
G001965,2025-05-04 19:58:00,Tan Binh,member,Silver,E-wallet,9,308000.0,delivered,44.9,,Inner,5.2,19,Sun,5
G001966,2025-05-05 07:08:00,Binh Tan,new,,Cash,7,254000.0,delivered,48.4,,Outer,10.8,7,Mon,5
G001967,2025-05-05 08:39:00,Go Vap,new,,E-wallet,7,220000.0,delivered,48.1,3,Outer,7.9,8,Mon,5
G001968,2025-05-05 10:15:00,District 7,member,Gold,Cash,8,269000.0,delivered,35.0,3,Inner,7.5,10,Mon,5
G001969,2025-05-05 12:00:00,District 7,member,Gold,E-wallet,4,106000.0,delivered,50.0,,Inner,7.5,12,Mon,5
G001970,2025-05-05 12:49:00,Binh Tan,returning,,Bank transfer,5,197000.0,delivered,52.8,3,Outer,10.8,12,Mon,5
G001971,2025-05-05 13:35:00,Binh Thanh,member,Silver,Cash,8,228000.0,delivered,29.6,4,Inner,4.6,13,Mon,5
G001972,2025-05-05 13:47:00,Phu Nhuan,member,Silver,Bank transfer,4,138000.0,delivered,24.7,5,Inner,4.0,13,Mon,5
G001973,2025-05-05 13:48:00,District 7,returning,,E-wallet,7,260000.0,delivered,35.0,3,Inner,7.5,13,Mon,5
G001974,2025-05-05 14:24:00,Phu Nhuan,new,,Card,10,358000.0,delivered,34.0,,Inner,4.0,14,Mon,5
G001975,2025-05-05 14:58:00,District 7,new,,Card,9,157000.0,delivered,52.9,,Inner,7.5,14,Mon,5
G001976,2025-05-05 15:33:00,Binh Thanh,new,,Card,7,317000.0,delivered,27.1,5,Inner,4.6,15,Mon,5
G001977,2025-05-05 17:01:00,District 10,member,Gold,Cash,7,214000.0,delivered,34.0,,Central,3.5,17,Mon,5
G001978,2025-05-05 19:24:00,District 3,new,,Cash,15,439000.0,delivered,35.2,,Central,2.8,19,Mon,5
G001979,2025-05-05 20:38:00,Tan Binh,returning,,Cash,3,80000.0,delivered,38.4,3,Inner,5.2,20,Mon,5
G001980,2025-05-05 20:59:00,Thu Duc City,member,Silver,Cash,2,57000.0,delivered,51.7,2,Outer,11.5,20,Mon,5
G001981,2025-05-05 21:24:00,Binh Tan,member,Gold,E-wallet,7,293000.0,delivered,46.3,,Outer,10.8,21,Mon,5
G001982,2025-05-06 09:38:00,District 1,new,,E-wallet,5,135000.0,delivered,34.1,3,Central,2.1,9,Tue,5
G001983,2025-05-06 09:41:00,Go Vap,new,,E-wallet,5,194000.0,delivered,33.3,4,Outer,7.9,9,Tue,5
G001984,2025-05-06 09:44:00,Binh Thanh,returning,,Cash,7,174000.0,delivered,26.3,5,Inner,4.6,9,Tue,5
G001985,2025-05-06 11:36:00,Go Vap,new,,Bank transfer,11,398000.0,delivered,42.9,3,Outer,7.9,11,Tue,5
G001986,2025-05-06 11:44:00,Tan Binh,returning,,Cash,6,183000.0,delivered,35.1,,Inner,5.2,11,Tue,5
G001987,2025-05-06 12:00:00,District 7,returning,,E-wallet,7,213000.0,delivered,54.1,2,Inner,7.5,12,Tue,5
G001988,2025-05-06 15:14:00,Go Vap,member,Silver,E-wallet,4,149000.0,delivered,40.2,3,Outer,7.9,15,Tue,5
G001989,2025-05-06 15:42:00,District 3,member,Platinum,Card,12,667000.0,delivered,25.7,5,Central,2.8,15,Tue,5
G001990,2025-05-06 16:28:00,District 7,member,Silver,Cash,6,148000.0,delivered,36.1,,Inner,7.5,16,Tue,5
G001991,2025-05-06 20:02:00,District 7,member,Silver,E-wallet,9,118000.0,delivered,47.4,,Inner,7.5,20,Tue,5
G001992,2025-05-06 20:03:00,Binh Tan,returning,,E-wallet,5,153000.0,delivered,50.4,,Outer,10.8,20,Tue,5
G001993,2025-05-06 20:28:00,Phu Nhuan,returning,,Cash,7,203000.0,delivered,34.6,4,Inner,4.0,20,Tue,5
G001994,2025-05-06 20:38:00,District 1,new,,Card,9,376000.0,delivered,30.8,4,Central,2.1,20,Tue,5
G001995,2025-05-06 21:34:00,Tan Binh,returning,,Cash,8,251000.0,delivered,28.2,5,Inner,5.2,21,Tue,5
G001996,2025-05-06 22:03:00,District 1,new,,Cash,8,271000.0,delivered,25.6,4,Central,2.1,22,Tue,5
G001997,2025-05-07 09:20:00,District 1,new,,Card,8,212000.0,delivered,19.1,5,Central,2.1,9,Wed,5
G001998,2025-05-07 09:26:00,District 1,returning,,E-wallet,9,307000.0,delivered,20.7,,Central,2.1,9,Wed,5
G001999,2025-05-07 10:18:00,Tan Binh,returning,,Cash,8,278000.0,delivered,29.6,4,Inner,5.2,10,Wed,5
G002000,2025-05-07 12:38:00,District 1,member,Gold,E-wallet,8,204000.0,delivered,28.0,5,Central,2.1,12,Wed,5
G002001,2025-05-07 13:27:00,District 10,new,,E-wallet,6,216000.0,delivered,23.1,4,Central,3.5,13,Wed,5
G002002,2025-05-07 15:31:00,District 3,returning,,E-wallet,11,425000.0,delivered,24.6,5,Central,2.8,15,Wed,5
G002003,2025-05-07 17:44:00,Tan Binh,member,Gold,E-wallet,8,237000.0,delivered,26.9,5,Inner,5.2,17,Wed,5
G002004,2025-05-07 18:25:00,District 7,returning,,E-wallet,8,296000.0,cancelled,,,Inner,7.5,18,Wed,5
G002005,2025-05-07 18:30:00,Binh Thanh,member,Silver,Card,7,159000.0,delivered,41.1,3,Inner,4.6,18,Wed,5
G002006,2025-05-07 19:30:00,District 10,returning,,E-wallet,4,95000.0,delivered,43.8,,Central,3.5,19,Wed,5
G002007,2025-05-07 20:52:00,District 10,returning,,E-wallet,6,206000.0,delivered,35.4,4,Central,3.5,20,Wed,5
G002008,2025-05-07 21:42:00,District 3,returning,,Bank transfer,6,167000.0,delivered,21.5,5,Central,2.8,21,Wed,5
G002009,2025-05-07 21:53:00,Tan Binh,new,,E-wallet,10,240000.0,delivered,26.9,5,Inner,5.2,21,Wed,5
G002010,2025-05-08 08:54:00,Tan Binh,returning,,E-wallet,9,274000.0,delivered,36.6,4,Inner,5.2,8,Thu,5
G002011,2025-05-08 10:35:00,Go Vap,returning,,Bank transfer,6,267000.0,cancelled,,,Outer,7.9,10,Thu,5
G002012,2025-05-08 10:46:00,Binh Thanh,new,,Bank transfer,6,245000.0,delivered,25.3,,Inner,4.6,10,Thu,5
G002013,2025-05-08 11:07:00,Tan Binh,returning,,E-wallet,6,206000.0,delivered,41.6,2,Inner,5.2,11,Thu,5
G002014,2025-05-08 12:02:00,Binh Tan,new,,E-wallet,4,97000.0,delivered,60.8,1,Outer,10.8,12,Thu,5
G002015,2025-05-08 12:18:00,District 1,new,,E-wallet,5,158000.0,delivered,32.0,4,Central,2.1,12,Thu,5
G002016,2025-05-08 12:19:00,Binh Thanh,new,,Bank transfer,13,374000.0,delivered,40.9,2,Inner,4.6,12,Thu,5
G002017,2025-05-08 14:41:00,Thu Duc City,member,Silver,E-wallet,3,94000.0,delivered,47.8,2,Outer,11.5,14,Thu,5
G002018,2025-05-08 17:02:00,Thu Duc City,member,Gold,Bank transfer,5,170000.0,delivered,49.1,1,Outer,11.5,17,Thu,5
G002019,2025-05-08 17:07:00,Go Vap,new,,Cash,5,159000.0,delivered,40.2,4,Outer,7.9,17,Thu,5
G002020,2025-05-08 18:14:00,Tan Binh,returning,,E-wallet,8,357000.0,delivered,36.7,4,Inner,5.2,18,Thu,5
G002021,2025-05-08 18:51:00,Tan Binh,new,,E-wallet,6,173000.0,delivered,43.7,4,Inner,5.2,18,Thu,5
G002022,2025-05-08 19:19:00,District 10,returning,,Cash,6,158000.0,delivered,38.7,2,Central,3.5,19,Thu,5
G002023,2025-05-08 19:42:00,Binh Thanh,returning,,E-wallet,9,371000.0,delivered,37.8,3,Inner,4.6,19,Thu,5
G002024,2025-05-08 19:43:00,Phu Nhuan,returning,,E-wallet,11,341000.0,delivered,,,Inner,4.0,19,Thu,5
G002025,2025-05-08 20:30:00,Binh Tan,returning,,E-wallet,5,146000.0,delivered,59.4,2,Outer,10.8,20,Thu,5
G002026,2025-05-08 20:36:00,District 3,returning,,Card,7,229000.0,delivered,33.2,,Central,2.8,20,Thu,5
G002027,2025-05-08 21:55:00,District 1,new,,E-wallet,7,231000.0,delivered,19.8,4,Central,2.1,21,Thu,5
G002028,2025-05-08 21:59:00,Binh Thanh,new,,E-wallet,7,215000.0,delivered,26.7,,Inner,4.6,21,Thu,5
G002029,2025-05-08 22:14:00,Binh Thanh,member,Gold,Cash,8,208000.0,delivered,33.6,,Inner,4.6,22,Thu,5
G002030,2025-05-09 06:52:00,District 1,new,,Card,5,136000.0,delivered,20.3,5,Central,2.1,6,Fri,5
G002031,2025-05-09 08:18:00,Go Vap,returning,,E-wallet,9,242000.0,delivered,46.5,3,Outer,7.9,8,Fri,5
G002032,2025-05-09 09:12:00,Binh Tan,new,,E-wallet,11,290000.0,delivered,49.0,,Outer,10.8,9,Fri,5
G002033,2025-05-09 09:19:00,Thu Duc City,returning,,Cash,10,395000.0,delivered,50.6,1,Outer,11.5,9,Fri,5
G002034,2025-05-09 10:35:00,Binh Thanh,member,Silver,Card,8,164000.0,cancelled,,,Inner,4.6,10,Fri,5
G002035,2025-05-09 11:05:00,District 7,member,Silver,Card,11,,cancelled,,,Inner,7.5,11,Fri,5
G002036,2025-05-09 11:06:00,Binh Thanh,returning,,Cash,7,302000.0,delivered,49.8,2,Inner,4.6,11,Fri,5
G002037,2025-05-09 11:39:00,Binh Thanh,new,,Card,5,120000.0,delivered,34.3,4,Inner,4.6,11,Fri,5
G002038,2025-05-09 11:48:00,District 3,returning,,E-wallet,8,309000.0,delivered,37.1,,Central,2.8,11,Fri,5
G002039,2025-05-09 12:15:00,District 7,returning,,E-wallet,10,402000.0,delivered,41.3,4,Inner,7.5,12,Fri,5
G002040,2025-05-09 12:39:00,Binh Tan,returning,,Cash,5,89000.0,delivered,51.9,2,Outer,10.8,12,Fri,5
G002041,2025-05-09 13:09:00,Binh Thanh,member,Silver,E-wallet,10,306000.0,cancelled,,,Inner,4.6,13,Fri,5
G002042,2025-05-09 13:50:00,Go Vap,member,Silver,Card,6,266000.0,delivered,52.0,,Outer,7.9,13,Fri,5
G002043,2025-05-09 14:33:00,Binh Tan,returning,,E-wallet,4,159000.0,delivered,69.5,,Outer,10.8,14,Fri,5
G002044,2025-05-09 16:19:00,Phu Nhuan,returning,,Cash,13,400000.0,delivered,27.3,3,Inner,4.0,16,Fri,5
G002045,2025-05-09 17:15:00,Go Vap,returning,,E-wallet,10,345000.0,delivered,36.3,3,Outer,7.9,17,Fri,5
G002046,2025-05-09 18:08:00,Go Vap,returning,,E-wallet,4,132000.0,delivered,42.2,,Outer,7.9,18,Fri,5
G002047,2025-05-09 18:51:00,Thu Duc City,new,,Bank transfer,5,161000.0,delivered,52.8,,Outer,11.5,18,Fri,5
G002048,2025-05-09 19:07:00,Tan Binh,returning,,Cash,11,200000.0,delivered,39.1,4,Inner,5.2,19,Fri,5
G002049,2025-05-09 19:43:00,Go Vap,returning,,Card,9,290000.0,delivered,44.8,2,Outer,7.9,19,Fri,5
G002050,2025-05-09 20:02:00,District 3,member,Silver,Bank transfer,10,353000.0,delivered,32.1,4,Central,2.8,20,Fri,5
G002051,2025-05-09 20:31:00,Binh Thanh,new,,Cash,5,143000.0,delivered,51.8,2,Inner,4.6,20,Fri,5
G002052,2025-05-09 21:09:00,Tan Binh,returning,,E-wallet,4,131000.0,delivered,36.6,4,Inner,5.2,21,Fri,5
G002053,2025-05-09 21:22:00,Thu Duc City,returning,,Card,3,92000.0,delivered,50.9,,Outer,11.5,21,Fri,5
G002054,2025-05-09 21:53:00,Binh Thanh,returning,,E-wallet,7,292000.0,delivered,32.6,,Inner,4.6,21,Fri,5
G002055,2025-05-09 23:07:00,Tan Binh,new,,E-wallet,6,203000.0,delivered,27.6,5,Inner,5.2,23,Fri,5
G002056,2025-05-10 09:02:00,Tan Binh,returning,,Cash,11,320000.0,cancelled,,,Inner,5.2,9,Sat,5
G002057,2025-05-10 09:46:00,Binh Thanh,returning,,E-wallet,10,378000.0,delivered,31.7,5,Inner,4.6,9,Sat,5
G002058,2025-05-10 09:47:00,Tan Binh,returning,,E-wallet,12,360000.0,delivered,40.3,,Inner,5.2,9,Sat,5
G002059,2025-05-10 11:50:00,Tan Binh,returning,,Bank transfer,14,461000.0,delivered,48.2,,Inner,5.2,11,Sat,5
G002060,2025-05-10 11:54:00,Thu Duc City,returning,,E-wallet,5,133000.0,delivered,52.4,3,Outer,11.5,11,Sat,5
G002061,2025-05-10 12:10:00,Binh Thanh,member,Gold,Cash,11,332000.0,delivered,38.1,5,Inner,4.6,12,Sat,5
G002062,2025-05-10 12:28:00,Tan Binh,member,Silver,E-wallet,10,245000.0,delivered,39.5,,Inner,5.2,12,Sat,5
G002063,2025-05-10 12:29:00,District 7,member,Gold,Bank transfer,11,372000.0,delivered,41.5,3,Inner,7.5,12,Sat,5
G002064,2025-05-10 12:49:00,District 1,member,Platinum,Cash,11,467000.0,delivered,27.3,4,Central,2.1,12,Sat,5
G002065,2025-05-10 13:08:00,Phu Nhuan,returning,,Cash,8,271000.0,delivered,31.8,,Inner,4.0,13,Sat,5
G002066,2025-05-10 13:19:00,Thu Duc City,new,,E-wallet,14,574000.0,delivered,49.4,,Outer,11.5,13,Sat,5
G002067,2025-05-10 13:55:00,Thu Duc City,new,,Cash,7,308000.0,delivered,48.2,,Outer,11.5,13,Sat,5
G002068,2025-05-10 14:56:00,District 3,new,,Cash,13,307000.0,delivered,24.4,,Central,2.8,14,Sat,5
G002069,2025-05-10 17:12:00,District 10,new,,E-wallet,10,248000.0,delivered,22.4,5,Central,3.5,17,Sat,5
G002070,2025-05-10 17:15:00,District 3,new,,E-wallet,14,622000.0,delivered,25.1,4,Central,2.8,17,Sat,5
G002071,2025-05-10 17:36:00,Phu Nhuan,member,Silver,E-wallet,12,395000.0,delivered,29.6,4,Inner,4.0,17,Sat,5
G002072,2025-05-10 17:39:00,Binh Tan,member,Silver,E-wallet,12,275000.0,delivered,40.9,2,Outer,10.8,17,Sat,5
G002073,2025-05-10 18:07:00,Go Vap,new,,Card,9,337000.0,delivered,50.6,,Outer,7.9,18,Sat,5
G002074,2025-05-10 19:22:00,Go Vap,returning,,E-wallet,10,290000.0,cancelled,,,Outer,7.9,19,Sat,5
G002075,2025-05-10 19:44:00,Binh Tan,member,Gold,E-wallet,11,226000.0,delivered,56.5,2,Outer,10.8,19,Sat,5
G002076,2025-05-11 07:06:00,Tan Binh,returning,,E-wallet,8,196000.0,delivered,30.1,5,Inner,5.2,7,Sun,5
G002077,2025-05-11 08:06:00,Thu Duc City,new,,E-wallet,11,499000.0,delivered,59.5,3,Outer,11.5,8,Sun,5
G002078,2025-05-11 09:33:00,Tan Binh,returning,,Cash,11,346000.0,delivered,32.8,,Inner,5.2,9,Sun,5
G002079,2025-05-11 10:03:00,Binh Thanh,new,,E-wallet,8,164000.0,delivered,27.5,,Inner,4.6,10,Sun,5
G002080,2025-05-11 10:43:00,Binh Thanh,returning,,Card,22,882000.0,cancelled,,,Inner,4.6,10,Sun,5
G002081,2025-05-11 11:07:00,District 7,member,Gold,Cash,13,449000.0,delivered,41.3,,Inner,7.5,11,Sun,5
G002082,2025-05-11 12:22:00,Thu Duc City,new,,Card,10,318000.0,delivered,59.7,2,Outer,11.5,12,Sun,5
G002083,2025-05-11 12:44:00,District 7,member,Silver,Cash,12,415000.0,delivered,47.7,,Inner,7.5,12,Sun,5
G002084,2025-05-11 14:11:00,Binh Thanh,returning,,Card,9,218000.0,delivered,28.1,,Inner,4.6,14,Sun,5
G002085,2025-05-11 15:41:00,Phu Nhuan,member,Silver,E-wallet,14,432000.0,delivered,23.4,4,Inner,4.0,15,Sun,5
G002086,2025-05-11 17:33:00,Binh Thanh,returning,,Card,9,306000.0,delivered,36.5,4,Inner,4.6,17,Sun,5
G002087,2025-05-11 17:37:00,Thu Duc City,returning,,Bank transfer,12,473000.0,delivered,43.5,3,Outer,11.5,17,Sun,5
G002088,2025-05-11 17:54:00,Tan Binh,returning,,E-wallet,8,270000.0,delivered,46.5,3,Inner,5.2,17,Sun,5
G002089,2025-05-11 19:12:00,Phu Nhuan,member,Gold,Card,12,502000.0,delivered,32.1,,Inner,4.0,19,Sun,5
G002090,2025-05-11 19:49:00,Tan Binh,member,Silver,E-wallet,9,208000.0,delivered,36.7,,Inner,5.2,19,Sun,5
G002091,2025-05-11 20:01:00,District 1,returning,,Card,9,309000.0,delivered,32.4,4,Central,2.1,20,Sun,5
G002092,2025-05-11 20:13:00,Thu Duc City,returning,,Cash,12,421000.0,delivered,51.6,2,Outer,11.5,20,Sun,5
G002093,2025-05-11 20:25:00,District 10,returning,,E-wallet,13,330000.0,delivered,43.5,,Central,3.5,20,Sun,5
G002094,2025-05-11 20:28:00,Binh Tan,returning,,E-wallet,6,198000.0,delivered,50.6,3,Outer,10.8,20,Sun,5
G002095,2025-05-11 21:43:00,Binh Tan,returning,,E-wallet,11,367000.0,delivered,43.5,2,Outer,10.8,21,Sun,5
G002096,2025-05-12 07:50:00,District 1,returning,,Cash,12,390000.0,delivered,19.7,,Central,2.1,7,Mon,5
G002097,2025-05-12 08:39:00,Tan Binh,returning,,Card,8,312000.0,delivered,28.8,,Inner,5.2,8,Mon,5
G002098,2025-05-12 11:18:00,District 3,returning,,Bank transfer,7,242000.0,delivered,30.9,4,Central,2.8,11,Mon,5
G002099,2025-05-12 11:25:00,District 7,new,,Card,4,79000.0,delivered,41.1,4,Inner,7.5,11,Mon,5
G002100,2025-05-12 11:46:00,District 1,returning,,Cash,9,306000.0,delivered,28.0,,Central,2.1,11,Mon,5
G002101,2025-05-12 17:48:00,District 3,returning,,E-wallet,7,197000.0,delivered,31.4,4,Central,2.8,17,Mon,5
G002102,2025-05-12 17:52:00,District 10,returning,,Bank transfer,5,133000.0,cancelled,,,Central,3.5,17,Mon,5
G002103,2025-05-12 17:54:00,Tan Binh,returning,,Cash,5,227000.0,delivered,32.0,,Inner,5.2,17,Mon,5
G002104,2025-05-12 19:10:00,Go Vap,new,,E-wallet,4,146000.0,delivered,45.0,,Outer,7.9,19,Mon,5
G002105,2025-05-12 19:37:00,Phu Nhuan,new,,Cash,6,136000.0,delivered,37.2,2,Inner,4.0,19,Mon,5
G002106,2025-05-12 20:36:00,Go Vap,member,Silver,Cash,7,79000.0,delivered,44.9,3,Outer,7.9,20,Mon,5
G002107,2025-05-12 22:53:00,Phu Nhuan,returning,,Cash,9,298000.0,delivered,33.9,4,Inner,4.0,22,Mon,5
G002108,2025-05-13 09:47:00,District 10,member,Silver,Cash,7,320000.0,delivered,38.0,4,Central,3.5,9,Tue,5
G002109,2025-05-13 10:41:00,District 7,new,,Bank transfer,6,214000.0,delivered,39.3,,Inner,7.5,10,Tue,5
G002110,2025-05-13 12:18:00,Binh Tan,new,,Cash,12,364000.0,delivered,51.8,1,Outer,10.8,12,Tue,5
G002111,2025-05-13 14:08:00,District 1,returning,,E-wallet,10,301000.0,delivered,23.0,5,Central,2.1,14,Tue,5
G002112,2025-05-13 17:33:00,Thu Duc City,member,Platinum,Card,6,249000.0,delivered,49.3,,Outer,11.5,17,Tue,5
G002113,2025-05-13 17:58:00,Binh Thanh,member,Silver,Card,7,259000.0,delivered,25.8,,Inner,4.6,17,Tue,5
G002114,2025-05-13 20:03:00,Binh Tan,returning,,Card,10,346000.0,delivered,55.1,,Outer,10.8,20,Tue,5
G002115,2025-05-13 20:08:00,Binh Tan,returning,,Card,8,234000.0,delivered,50.3,3,Outer,10.8,20,Tue,5
G002116,2025-05-13 20:46:00,Go Vap,member,Platinum,Bank transfer,10,279000.0,delivered,41.9,4,Outer,7.9,20,Tue,5
G002117,2025-05-13 21:58:00,District 3,returning,,Bank transfer,9,329000.0,delivered,23.9,5,Central,2.8,21,Tue,5
G002118,2025-05-14 08:54:00,Go Vap,returning,,Cash,7,274000.0,delivered,37.0,,Outer,7.9,8,Wed,5
G002119,2025-05-14 10:46:00,Go Vap,member,Gold,Bank transfer,8,163000.0,delivered,37.0,4,Outer,7.9,10,Wed,5
G002120,2025-05-14 11:50:00,Go Vap,member,Gold,Card,5,178000.0,delivered,43.0,3,Outer,7.9,11,Wed,5
G002121,2025-05-14 11:51:00,Thu Duc City,returning,,Bank transfer,5,224000.0,delivered,51.4,1,Outer,11.5,11,Wed,5
G002122,2025-05-14 12:00:00,District 7,new,,Card,7,140000.0,delivered,50.4,,Inner,7.5,12,Wed,5
G002123,2025-05-14 12:12:00,Go Vap,new,,Bank transfer,6,131000.0,delivered,44.9,2,Outer,7.9,12,Wed,5
G002124,2025-05-14 12:54:00,Go Vap,returning,,E-wallet,9,309000.0,delivered,49.8,2,Outer,7.9,12,Wed,5
G002125,2025-05-14 12:59:00,Thu Duc City,returning,,Bank transfer,4,148000.0,delivered,55.6,3,Outer,11.5,12,Wed,5
G002126,2025-05-14 16:48:00,Binh Tan,new,,E-wallet,5,145000.0,delivered,54.5,2,Outer,10.8,16,Wed,5
G002127,2025-05-14 17:43:00,Phu Nhuan,new,,Cash,8,199000.0,delivered,26.2,,Inner,4.0,17,Wed,5
G002128,2025-05-14 17:52:00,Phu Nhuan,returning,,Bank transfer,7,176000.0,delivered,30.5,4,Inner,4.0,17,Wed,5
G002129,2025-05-14 18:25:00,District 1,returning,,E-wallet,8,258000.0,delivered,42.0,3,Central,2.1,18,Wed,5
G002130,2025-05-14 18:30:00,District 7,returning,,E-wallet,14,492000.0,delivered,46.3,,Inner,7.5,18,Wed,5
G002131,2025-05-14 18:42:00,Binh Tan,member,Platinum,E-wallet,10,393000.0,delivered,57.7,2,Outer,10.8,18,Wed,5
G002132,2025-05-14 18:47:00,District 10,returning,,E-wallet,3,91000.0,delivered,31.8,5,Central,3.5,18,Wed,5
G002133,2025-05-14 19:49:00,Go Vap,returning,,Bank transfer,7,252000.0,cancelled,,,Outer,7.9,19,Wed,5
G002134,2025-05-14 19:52:00,Thu Duc City,member,Silver,Card,6,129000.0,delivered,57.1,,Outer,11.5,19,Wed,5
G002135,2025-05-14 20:49:00,District 1,returning,,Bank transfer,7,162000.0,delivered,29.8,4,Central,2.1,20,Wed,5
G002136,2025-05-14 21:43:00,Binh Tan,new,,Card,12,370000.0,delivered,40.4,,Outer,10.8,21,Wed,5
G002137,2025-05-15 09:46:00,District 7,returning,,E-wallet,12,293000.0,delivered,34.1,4,Inner,7.5,9,Thu,5
G002138,2025-05-15 09:47:00,District 10,member,Silver,Card,11,378000.0,delivered,28.0,,Central,3.5,9,Thu,5
G002139,2025-05-15 11:12:00,District 7,member,Silver,Cash,7,248000.0,delivered,41.7,,Inner,7.5,11,Thu,5
G002140,2025-05-15 11:42:00,District 1,new,,E-wallet,6,255000.0,delivered,31.6,,Central,2.1,11,Thu,5
G002141,2025-05-15 11:55:00,District 1,returning,,Card,9,363000.0,delivered,32.7,5,Central,2.1,11,Thu,5
G002142,2025-05-15 11:56:00,Binh Thanh,member,Silver,Card,4,114000.0,delivered,33.7,,Inner,4.6,11,Thu,5
G002143,2025-05-15 12:13:00,Binh Thanh,returning,,Bank transfer,5,188000.0,delivered,38.4,3,Inner,4.6,12,Thu,5
G002144,2025-05-15 12:23:00,Tan Binh,new,,E-wallet,5,115000.0,delivered,40.8,3,Inner,5.2,12,Thu,5
G002145,2025-05-15 12:31:00,Tan Binh,member,Silver,Card,7,206000.0,cancelled,,,Inner,5.2,12,Thu,5
G002146,2025-05-15 14:20:00,Binh Tan,returning,,Card,7,183000.0,delivered,42.9,,Outer,10.8,14,Thu,5
G002147,2025-05-15 14:29:00,Tan Binh,returning,,E-wallet,6,182000.0,cancelled,,,Inner,5.2,14,Thu,5
G002148,2025-05-15 14:36:00,Binh Tan,member,Gold,Bank transfer,9,248000.0,delivered,46.3,1,Outer,10.8,14,Thu,5
G002149,2025-05-15 17:27:00,Binh Tan,member,Silver,Bank transfer,11,305000.0,delivered,42.8,3,Outer,10.8,17,Thu,5
G002150,2025-05-15 17:29:00,District 1,member,Silver,E-wallet,9,277000.0,delivered,19.8,5,Central,2.1,17,Thu,5
G002151,2025-05-15 17:45:00,Phu Nhuan,returning,,Cash,3,95000.0,delivered,32.9,,Inner,4.0,17,Thu,5
G002152,2025-05-15 19:55:00,District 3,new,,E-wallet,5,117000.0,delivered,33.9,4,Central,2.8,19,Thu,5
G002153,2025-05-15 19:57:00,Binh Thanh,member,Platinum,E-wallet,9,459000.0,delivered,41.2,3,Inner,4.6,19,Thu,5
G002154,2025-05-15 20:42:00,Go Vap,member,Gold,E-wallet,9,342000.0,delivered,42.4,3,Outer,7.9,20,Thu,5
G002155,2025-05-15 21:02:00,District 7,returning,,Cash,7,257000.0,delivered,41.7,3,Inner,7.5,21,Thu,5
G002156,2025-05-15 21:46:00,Go Vap,new,,Cash,9,325000.0,delivered,45.6,,Outer,7.9,21,Thu,5
G002157,2025-05-16 07:59:00,Phu Nhuan,returning,,E-wallet,8,245000.0,delivered,24.1,4,Inner,4.0,7,Fri,5
G002158,2025-05-16 08:57:00,District 7,member,Gold,Card,4,149000.0,delivered,38.6,3,Inner,7.5,8,Fri,5
G002159,2025-05-16 09:28:00,Phu Nhuan,new,,Cash,10,278000.0,delivered,29.5,4,Inner,4.0,9,Fri,5
G002160,2025-05-16 10:32:00,District 3,returning,,Cash,10,241000.0,cancelled,,,Central,2.8,10,Fri,5
G002161,2025-05-16 11:58:00,District 10,new,,E-wallet,10,302000.0,cancelled,,,Central,3.5,11,Fri,5
G002162,2025-05-16 13:08:00,District 1,member,Silver,Cash,8,128000.0,delivered,30.0,,Central,2.1,13,Fri,5
G002163,2025-05-16 13:41:00,Go Vap,new,,E-wallet,7,266000.0,delivered,38.5,,Outer,7.9,13,Fri,5
G002164,2025-05-16 14:22:00,Phu Nhuan,new,,E-wallet,8,172000.0,delivered,24.3,5,Inner,4.0,14,Fri,5
G002165,2025-05-16 15:08:00,District 3,member,Platinum,Card,7,315000.0,delivered,20.5,,Central,2.8,15,Fri,5
G002166,2025-05-16 17:29:00,District 3,returning,,E-wallet,5,164000.0,delivered,23.6,3,Central,2.8,17,Fri,5
G002167,2025-05-16 18:49:00,Binh Tan,returning,,Cash,9,360000.0,delivered,48.6,2,Outer,10.8,18,Fri,5
G002168,2025-05-16 19:22:00,Go Vap,returning,,Card,9,264000.0,delivered,54.1,,Outer,7.9,19,Fri,5
G002169,2025-05-16 21:49:00,District 10,returning,,E-wallet,6,202000.0,delivered,24.4,4,Central,3.5,21,Fri,5
G002170,2025-05-16 22:14:00,District 1,new,,E-wallet,5,175000.0,delivered,27.9,5,Central,2.1,22,Fri,5
G002171,2025-05-17 07:21:00,District 1,member,Silver,E-wallet,5,192000.0,delivered,30.1,,Central,2.1,7,Sat,5
G002172,2025-05-17 08:53:00,Thu Duc City,member,Silver,E-wallet,13,308000.0,delivered,47.0,1,Outer,11.5,8,Sat,5
G002173,2025-05-17 09:05:00,Thu Duc City,returning,,Cash,9,196000.0,delivered,47.9,,Outer,11.5,9,Sat,5
G002174,2025-05-17 10:07:00,Tan Binh,new,,Cash,10,442000.0,delivered,28.8,4,Inner,5.2,10,Sat,5
G002175,2025-05-17 10:46:00,Phu Nhuan,new,,Bank transfer,8,286000.0,delivered,26.7,,Inner,4.0,10,Sat,5
G002176,2025-05-17 12:07:00,District 3,new,,Bank transfer,8,227000.0,delivered,36.8,4,Central,2.8,12,Sat,5
G002177,2025-05-17 12:48:00,District 3,member,Gold,Cash,11,426000.0,delivered,32.5,,Central,2.8,12,Sat,5
G002178,2025-05-17 13:57:00,Binh Thanh,new,,E-wallet,6,80000.0,delivered,25.1,,Inner,4.6,13,Sat,5
G002179,2025-05-17 15:08:00,District 1,new,,Cash,9,325000.0,delivered,19.1,,Central,2.1,15,Sat,5
G002180,2025-05-17 16:01:00,Binh Thanh,returning,,Card,11,396000.0,delivered,26.9,5,Inner,4.6,16,Sat,5
G002181,2025-05-17 17:27:00,Thu Duc City,new,,Cash,12,346000.0,delivered,43.2,3,Outer,11.5,17,Sat,5
G002182,2025-05-17 17:46:00,Go Vap,returning,,Bank transfer,6,141000.0,delivered,33.3,,Outer,7.9,17,Sat,5
G002183,2025-05-17 18:11:00,District 3,member,Silver,E-wallet,14,541000.0,delivered,38.7,,Central,2.8,18,Sat,5
G002184,2025-05-17 18:53:00,District 7,returning,,E-wallet,5,,delivered,51.9,3,Inner,7.5,18,Sat,5
G002185,2025-05-17 19:18:00,Phu Nhuan,returning,,Bank transfer,10,181000.0,delivered,41.8,3,Inner,4.0,19,Sat,5
G002186,2025-05-17 19:20:00,District 10,new,,Cash,10,357000.0,delivered,34.7,3,Central,3.5,19,Sat,5
G002187,2025-05-17 20:14:00,Tan Binh,returning,,Cash,12,214000.0,cancelled,,,Inner,5.2,20,Sat,5
G002188,2025-05-17 20:21:00,Tan Binh,member,Silver,E-wallet,13,355000.0,delivered,36.6,4,Inner,5.2,20,Sat,5
G002189,2025-05-17 21:14:00,Thu Duc City,returning,,E-wallet,10,344000.0,delivered,44.8,,Outer,11.5,21,Sat,5
G002190,2025-05-17 21:36:00,Thu Duc City,returning,,Card,8,295000.0,delivered,49.1,3,Outer,11.5,21,Sat,5
G002191,2025-05-18 07:11:00,District 1,returning,,E-wallet,12,315000.0,delivered,24.9,,Central,2.1,7,Sun,5
G002192,2025-05-18 09:33:00,District 10,member,Silver,Cash,10,435000.0,delivered,26.0,5,Central,3.5,9,Sun,5
G002193,2025-05-18 09:59:00,District 1,member,Platinum,E-wallet,9,241000.0,delivered,21.7,4,Central,2.1,9,Sun,5
G002194,2025-05-18 12:39:00,District 10,new,,Cash,6,303000.0,delivered,30.2,,Central,3.5,12,Sun,5
G002195,2025-05-18 14:14:00,District 1,returning,,E-wallet,11,394000.0,delivered,23.0,5,Central,2.1,14,Sun,5
G002196,2025-05-18 17:14:00,District 1,returning,,Bank transfer,7,199000.0,delivered,18.4,,Central,2.1,17,Sun,5
G002197,2025-05-18 17:19:00,District 1,returning,,E-wallet,9,333000.0,delivered,23.7,5,Central,2.1,17,Sun,5
G002198,2025-05-18 17:58:00,District 1,member,Silver,Card,8,304000.0,delivered,18.4,4,Central,2.1,17,Sun,5
G002199,2025-05-18 18:31:00,District 10,returning,,Cash,15,522000.0,delivered,32.4,4,Central,3.5,18,Sun,5
G002200,2025-05-18 18:34:00,Binh Tan,returning,,Cash,12,421000.0,delivered,61.4,3,Outer,10.8,18,Sun,5
G002201,2025-05-18 19:49:00,Thu Duc City,member,Gold,Cash,7,205000.0,delivered,50.7,3,Outer,11.5,19,Sun,5
G002202,2025-05-18 20:06:00,District 1,returning,,E-wallet,9,327000.0,delivered,32.8,4,Central,2.1,20,Sun,5
G002203,2025-05-19 08:31:00,Binh Tan,new,,Bank transfer,7,212000.0,delivered,43.1,,Outer,10.8,8,Mon,5
G002204,2025-05-19 10:31:00,Go Vap,returning,,E-wallet,7,283000.0,delivered,38.2,3,Outer,7.9,10,Mon,5
G002205,2025-05-19 10:50:00,Binh Thanh,member,Silver,E-wallet,5,167000.0,delivered,25.3,5,Inner,4.6,10,Mon,5
G002206,2025-05-19 10:55:00,Binh Thanh,returning,,Cash,8,271000.0,delivered,32.0,,Inner,4.6,10,Mon,5
G002207,2025-05-19 11:57:00,District 10,returning,,Bank transfer,8,181000.0,delivered,38.3,3,Central,3.5,11,Mon,5
G002208,2025-05-19 14:22:00,Phu Nhuan,new,,Card,7,265000.0,delivered,25.0,4,Inner,4.0,14,Mon,5
G002209,2025-05-19 19:18:00,Tan Binh,returning,,Cash,7,178000.0,delivered,34.8,,Inner,5.2,19,Mon,5
G002210,2025-05-19 19:39:00,Go Vap,new,,E-wallet,10,252000.0,delivered,51.5,,Outer,7.9,19,Mon,5
G002211,2025-05-19 19:43:00,Thu Duc City,returning,,Bank transfer,4,121000.0,delivered,56.7,2,Outer,11.5,19,Mon,5
G002213,2025-05-19 20:12:00,Binh Thanh,member,Silver,Cash,13,295000.0,delivered,36.6,,Inner,4.6,20,Mon,5
G002212,2025-05-19 20:12:00,District 1,returning,,Bank transfer,10,246000.0,delivered,32.8,4,Central,2.1,20,Mon,5
G002214,2025-05-19 20:13:00,District 7,member,Gold,Cash,6,228000.0,delivered,56.8,2,Inner,7.5,20,Mon,5
G002215,2025-05-19 20:53:00,Go Vap,member,Gold,Bank transfer,9,258000.0,delivered,44.4,3,Outer,7.9,20,Mon,5
G002216,2025-05-19 21:03:00,Phu Nhuan,returning,,Bank transfer,7,230000.0,delivered,35.9,4,Inner,4.0,21,Mon,5
G002217,2025-05-19 22:52:00,Binh Tan,new,,Bank transfer,7,255000.0,delivered,52.2,3,Outer,10.8,22,Mon,5
G002218,2025-05-20 09:25:00,Phu Nhuan,new,,Cash,7,250000.0,delivered,25.8,,Inner,4.0,9,Tue,5
G002219,2025-05-20 09:58:00,Tan Binh,member,Platinum,Bank transfer,8,295000.0,delivered,31.2,5,Inner,5.2,9,Tue,5
G002220,2025-05-20 10:21:00,Binh Tan,new,,Cash,7,256000.0,delivered,50.4,,Outer,10.8,10,Tue,5
G002221,2025-05-20 10:59:00,Tan Binh,returning,,E-wallet,6,160000.0,delivered,38.5,3,Inner,5.2,10,Tue,5
G002222,2025-05-20 12:27:00,District 7,member,Silver,E-wallet,7,163000.0,delivered,42.1,3,Inner,7.5,12,Tue,5
G002223,2025-05-20 12:50:00,Binh Tan,new,,Bank transfer,4,151000.0,delivered,53.5,3,Outer,10.8,12,Tue,5
G002224,2025-05-20 16:24:00,Binh Thanh,returning,,Card,3,129000.0,delivered,26.4,5,Inner,4.6,16,Tue,5
G002225,2025-05-20 18:16:00,Go Vap,member,Silver,Cash,4,119000.0,delivered,49.9,3,Outer,7.9,18,Tue,5
G002226,2025-05-20 19:52:00,District 1,returning,,Card,7,220000.0,delivered,31.7,5,Central,2.1,19,Tue,5
G002227,2025-05-20 20:19:00,Phu Nhuan,member,Silver,E-wallet,8,251000.0,delivered,36.5,4,Inner,4.0,20,Tue,5
G002228,2025-05-20 20:25:00,Binh Thanh,new,,Card,6,217000.0,delivered,34.5,,Inner,4.6,20,Tue,5
G002229,2025-05-20 23:57:00,Thu Duc City,returning,,Bank transfer,6,206000.0,delivered,53.4,3,Outer,11.5,23,Tue,5
G002230,2025-05-21 08:56:00,Binh Thanh,returning,,Cash,4,104000.0,cancelled,,,Inner,4.6,8,Wed,5
G002231,2025-05-21 09:58:00,District 1,returning,,E-wallet,5,111000.0,delivered,19.2,5,Central,2.1,9,Wed,5
G002232,2025-05-21 11:15:00,Binh Tan,new,,E-wallet,4,121000.0,delivered,49.2,,Outer,10.8,11,Wed,5
G002233,2025-05-21 11:18:00,Thu Duc City,new,,E-wallet,5,141000.0,delivered,56.3,,Outer,11.5,11,Wed,5
G002234,2025-05-21 12:17:00,Go Vap,new,,Bank transfer,8,201000.0,delivered,43.4,3,Outer,7.9,12,Wed,5
G002235,2025-05-21 12:37:00,Phu Nhuan,new,,E-wallet,4,146000.0,delivered,35.3,4,Inner,4.0,12,Wed,5
G002236,2025-05-21 13:26:00,District 1,member,Gold,Card,9,287000.0,delivered,21.4,4,Central,2.1,13,Wed,5
G002237,2025-05-21 14:18:00,Go Vap,returning,,E-wallet,6,278000.0,delivered,37.6,3,Outer,7.9,14,Wed,5
G002238,2025-05-21 14:31:00,Binh Thanh,new,,Cash,6,240000.0,cancelled,,,Inner,4.6,14,Wed,5
G002239,2025-05-21 15:11:00,District 7,returning,,Card,5,193000.0,delivered,44.0,4,Inner,7.5,15,Wed,5
G002240,2025-05-21 15:15:00,Thu Duc City,new,,E-wallet,6,191000.0,delivered,43.3,2,Outer,11.5,15,Wed,5
G002241,2025-05-21 16:43:00,District 10,new,,Bank transfer,5,169000.0,delivered,22.4,,Central,3.5,16,Wed,5
G002242,2025-05-21 17:16:00,Binh Tan,returning,,E-wallet,9,357000.0,delivered,54.9,2,Outer,10.8,17,Wed,5
G002243,2025-05-21 17:37:00,Binh Thanh,member,Silver,Cash,7,221000.0,delivered,25.8,5,Inner,4.6,17,Wed,5
G002244,2025-05-21 18:27:00,Tan Binh,new,,Card,7,195000.0,delivered,36.3,4,Inner,5.2,18,Wed,5
G002245,2025-05-21 18:34:00,Binh Thanh,member,Gold,Cash,10,348000.0,delivered,38.5,3,Inner,4.6,18,Wed,5
G002246,2025-05-21 18:39:00,Thu Duc City,returning,,Card,5,183000.0,delivered,53.5,,Outer,11.5,18,Wed,5
G002247,2025-05-21 18:48:00,Tan Binh,returning,,E-wallet,4,113000.0,delivered,36.3,4,Inner,5.2,18,Wed,5
G002248,2025-05-21 19:34:00,Go Vap,member,Gold,Cash,6,230000.0,delivered,43.7,,Outer,7.9,19,Wed,5
G002249,2025-05-21 20:23:00,District 7,returning,,Bank transfer,6,151000.0,delivered,46.3,2,Inner,7.5,20,Wed,5
G002250,2025-05-21 20:50:00,Tan Binh,member,Platinum,E-wallet,11,564000.0,delivered,42.0,3,Inner,5.2,20,Wed,5
G002251,2025-05-21 20:58:00,Thu Duc City,member,Gold,Cash,10,235000.0,delivered,53.5,3,Outer,11.5,20,Wed,5
G002252,2025-05-22 09:23:00,District 10,returning,,Cash,5,,delivered,25.1,5,Central,3.5,9,Thu,5
G002253,2025-05-22 09:59:00,Binh Thanh,returning,,Bank transfer,7,195000.0,cancelled,,,Inner,4.6,9,Thu,5
G002254,2025-05-22 11:10:00,Go Vap,member,Silver,E-wallet,8,250000.0,delivered,45.5,3,Outer,7.9,11,Thu,5
G002255,2025-05-22 11:34:00,Tan Binh,member,Gold,E-wallet,5,141000.0,delivered,45.1,4,Inner,5.2,11,Thu,5
G002256,2025-05-22 12:42:00,District 3,member,Silver,Bank transfer,4,103000.0,delivered,31.5,,Central,2.8,12,Thu,5
G002257,2025-05-22 13:43:00,Go Vap,returning,,Cash,6,207000.0,delivered,35.7,,Outer,7.9,13,Thu,5
G002258,2025-05-22 14:14:00,Binh Tan,new,,Cash,6,199000.0,delivered,50.6,,Outer,10.8,14,Thu,5
G002259,2025-05-22 16:18:00,District 7,returning,,Bank transfer,3,121000.0,delivered,49.5,2,Inner,7.5,16,Thu,5
G002260,2025-05-22 18:26:00,Go Vap,member,Platinum,Bank transfer,3,166000.0,delivered,44.0,2,Outer,7.9,18,Thu,5
G002261,2025-05-22 18:28:00,Tan Binh,returning,,E-wallet,12,393000.0,delivered,38.2,,Inner,5.2,18,Thu,5
G002262,2025-05-22 18:30:00,Thu Duc City,new,,E-wallet,12,399000.0,cancelled,,,Outer,11.5,18,Thu,5
G002263,2025-05-22 20:09:00,Binh Thanh,returning,,Cash,5,103000.0,delivered,35.4,5,Inner,4.6,20,Thu,5
G002264,2025-05-22 22:50:00,Binh Tan,new,,Cash,8,232000.0,delivered,46.0,2,Outer,10.8,22,Thu,5
G002265,2025-05-22 23:17:00,District 1,member,Gold,Cash,6,214000.0,delivered,19.6,5,Central,2.1,23,Thu,5
G002266,2025-05-23 08:54:00,District 1,member,Gold,Cash,6,225000.0,delivered,27.3,4,Central,2.1,8,Fri,5
G002267,2025-05-23 12:51:00,Go Vap,member,Gold,E-wallet,5,181000.0,delivered,41.8,4,Outer,7.9,12,Fri,5
G002268,2025-05-23 13:17:00,Phu Nhuan,returning,,E-wallet,7,234000.0,delivered,28.5,5,Inner,4.0,13,Fri,5
G002269,2025-05-23 13:17:00,Thu Duc City,returning,,E-wallet,8,281000.0,delivered,46.7,,Outer,11.5,13,Fri,5
G002270,2025-05-23 13:53:00,Thu Duc City,returning,,Cash,6,162000.0,delivered,47.4,3,Outer,11.5,13,Fri,5
G002271,2025-05-23 15:11:00,Thu Duc City,member,Gold,Cash,9,337000.0,delivered,44.3,,Outer,11.5,15,Fri,5
G002272,2025-05-23 17:37:00,Tan Binh,member,Gold,Bank transfer,3,103000.0,delivered,26.2,5,Inner,5.2,17,Fri,5
G002273,2025-05-23 18:31:00,Binh Thanh,member,Gold,E-wallet,9,259000.0,delivered,40.9,,Inner,4.6,18,Fri,5
G002274,2025-05-23 19:33:00,District 1,returning,,E-wallet,5,139000.0,delivered,40.8,,Central,2.1,19,Fri,5
G002275,2025-05-23 19:46:00,Thu Duc City,member,Silver,Cash,9,328000.0,delivered,51.9,,Outer,11.5,19,Fri,5
G002276,2025-05-23 19:49:00,Tan Binh,member,Silver,Card,10,275000.0,delivered,38.3,5,Inner,5.2,19,Fri,5
G002277,2025-05-23 20:05:00,Binh Thanh,returning,,E-wallet,11,378000.0,delivered,37.7,4,Inner,4.6,20,Fri,5
G002278,2025-05-23 20:23:00,Go Vap,new,,E-wallet,5,71000.0,delivered,48.5,3,Outer,7.9,20,Fri,5
G002279,2025-05-23 20:33:00,Tan Binh,returning,,Cash,7,208000.0,delivered,36.6,3,Inner,5.2,20,Fri,5
G002280,2025-05-23 21:53:00,District 1,member,Platinum,Card,6,286000.0,delivered,21.1,4,Central,2.1,21,Fri,5
G002281,2025-05-23 22:28:00,Binh Tan,member,Gold,E-wallet,7,185000.0,delivered,43.9,3,Outer,10.8,22,Fri,5
G002282,2025-05-23 22:51:00,Go Vap,member,Gold,Bank transfer,14,482000.0,delivered,35.7,4,Outer,7.9,22,Fri,5
G002283,2025-05-24 10:13:00,Thu Duc City,new,,E-wallet,14,467000.0,delivered,46.0,2,Outer,11.5,10,Sat,5
G002284,2025-05-24 10:15:00,District 10,new,,Bank transfer,13,392000.0,delivered,28.6,3,Central,3.5,10,Sat,5
G002285,2025-05-24 11:52:00,District 1,member,Silver,E-wallet,7,348000.0,delivered,31.2,4,Central,2.1,11,Sat,5
G002286,2025-05-24 13:44:00,Binh Thanh,member,Platinum,E-wallet,8,386000.0,delivered,27.7,5,Inner,4.6,13,Sat,5
G002287,2025-05-24 15:01:00,Tan Binh,member,Silver,Bank transfer,9,,cancelled,,,Inner,5.2,15,Sat,5
G002288,2025-05-24 16:12:00,Binh Tan,returning,,E-wallet,4,113000.0,delivered,42.1,,Outer,10.8,16,Sat,5
G002289,2025-05-24 17:17:00,Binh Tan,returning,,Bank transfer,12,395000.0,delivered,43.2,3,Outer,10.8,17,Sat,5
G002290,2025-05-24 17:26:00,District 10,member,Silver,Cash,9,221000.0,delivered,23.6,5,Central,3.5,17,Sat,5
G002291,2025-05-24 18:58:00,District 1,returning,,Cash,11,442000.0,delivered,29.2,4,Central,2.1,18,Sat,5
G002292,2025-05-24 19:05:00,Go Vap,new,,Cash,7,182000.0,delivered,42.7,,Outer,7.9,19,Sat,5
G002293,2025-05-24 20:31:00,Binh Thanh,new,,E-wallet,12,535000.0,delivered,41.6,3,Inner,4.6,20,Sat,5
G002294,2025-05-24 20:32:00,Binh Thanh,returning,,E-wallet,9,359000.0,delivered,40.2,4,Inner,4.6,20,Sat,5
G002295,2025-05-24 22:41:00,Phu Nhuan,returning,,Cash,11,173000.0,delivered,32.7,4,Inner,4.0,22,Sat,5
G002296,2025-05-25 09:08:00,District 7,new,,E-wallet,9,248000.0,delivered,36.7,5,Inner,7.5,9,Sun,5
G002297,2025-05-25 10:42:00,District 1,returning,,E-wallet,7,350000.0,delivered,21.0,5,Central,2.1,10,Sun,5
G002298,2025-05-25 11:25:00,District 7,returning,,Cash,8,337000.0,delivered,44.7,4,Inner,7.5,11,Sun,5
G002299,2025-05-25 12:36:00,Binh Thanh,returning,,Card,8,274000.0,delivered,33.4,,Inner,4.6,12,Sun,5
G002300,2025-05-25 12:39:00,Thu Duc City,returning,,Cash,11,351000.0,delivered,58.4,1,Outer,11.5,12,Sun,5
G002301,2025-05-25 12:42:00,Phu Nhuan,returning,,E-wallet,11,471000.0,delivered,33.3,,Inner,4.0,12,Sun,5
G002302,2025-05-25 16:30:00,Go Vap,returning,,Cash,14,427000.0,cancelled,,,Outer,7.9,16,Sun,5
G002303,2025-05-25 17:10:00,Phu Nhuan,new,,Cash,9,341000.0,delivered,25.6,5,Inner,4.0,17,Sun,5
G002304,2025-05-25 17:47:00,District 10,returning,,E-wallet,13,404000.0,delivered,26.9,4,Central,3.5,17,Sun,5
G002305,2025-05-25 17:58:00,Tan Binh,returning,,Cash,10,350000.0,delivered,30.9,4,Inner,5.2,17,Sun,5
G002306,2025-05-25 18:24:00,Thu Duc City,member,Silver,Card,10,373000.0,delivered,51.2,3,Outer,11.5,18,Sun,5
G002307,2025-05-25 18:26:00,Binh Thanh,returning,,Cash,8,220000.0,delivered,39.2,3,Inner,4.6,18,Sun,5
G002308,2025-05-25 18:32:00,Binh Tan,new,,E-wallet,7,200000.0,delivered,51.4,,Outer,10.8,18,Sun,5
G002309,2025-05-25 19:51:00,Go Vap,new,,E-wallet,8,195000.0,delivered,46.7,3,Outer,7.9,19,Sun,5
G002310,2025-05-25 20:43:00,Tan Binh,new,,E-wallet,10,365000.0,delivered,40.8,3,Inner,5.2,20,Sun,5
G002311,2025-05-25 21:14:00,Binh Tan,returning,,E-wallet,10,292000.0,delivered,41.3,,Outer,10.8,21,Sun,5
G002312,2025-05-25 22:40:00,Thu Duc City,new,,Cash,14,643000.0,delivered,46.8,,Outer,11.5,22,Sun,5
G002313,2025-05-26 09:25:00,Thu Duc City,returning,,E-wallet,9,343000.0,delivered,48.9,2,Outer,11.5,9,Mon,5
G002314,2025-05-26 11:20:00,Go Vap,new,,Cash,10,405000.0,delivered,43.9,4,Outer,7.9,11,Mon,5
G002315,2025-05-26 11:34:00,Tan Binh,returning,,Card,4,100000.0,delivered,39.3,3,Inner,5.2,11,Mon,5
G002316,2025-05-26 12:11:00,Binh Tan,returning,,E-wallet,10,233000.0,delivered,48.4,3,Outer,10.8,12,Mon,5
G002317,2025-05-26 12:22:00,Binh Thanh,returning,,Cash,15,384000.0,delivered,35.6,4,Inner,4.6,12,Mon,5
G002318,2025-05-26 12:47:00,District 3,member,Silver,Cash,9,251000.0,delivered,34.1,5,Central,2.8,12,Mon,5
G002319,2025-05-26 13:17:00,Binh Tan,member,Silver,Bank transfer,5,102000.0,delivered,47.7,,Outer,10.8,13,Mon,5
G002320,2025-05-26 13:20:00,District 1,new,,E-wallet,9,298000.0,delivered,22.9,5,Central,2.1,13,Mon,5
G002321,2025-05-26 14:11:00,Tan Binh,new,,E-wallet,3,133000.0,delivered,32.4,,Inner,5.2,14,Mon,5
G002322,2025-05-26 14:16:00,Binh Thanh,member,Platinum,Cash,9,359000.0,delivered,31.7,,Inner,4.6,14,Mon,5
G002323,2025-05-26 14:34:00,Go Vap,returning,,E-wallet,7,225000.0,delivered,38.1,,Outer,7.9,14,Mon,5
G002324,2025-05-26 15:53:00,District 7,new,,Card,10,416000.0,delivered,35.0,4,Inner,7.5,15,Mon,5
G002325,2025-05-26 16:11:00,District 7,returning,,E-wallet,8,307000.0,delivered,35.6,5,Inner,7.5,16,Mon,5
G002326,2025-05-26 18:06:00,District 7,member,Silver,E-wallet,6,144000.0,cancelled,,,Inner,7.5,18,Mon,5
G002327,2025-05-26 18:28:00,Binh Thanh,member,Silver,E-wallet,7,306000.0,delivered,37.2,,Inner,4.6,18,Mon,5
G002328,2025-05-26 18:52:00,District 10,returning,,Card,12,386000.0,delivered,30.0,4,Central,3.5,18,Mon,5
G002329,2025-05-26 19:01:00,Phu Nhuan,new,,E-wallet,6,192000.0,delivered,35.0,,Inner,4.0,19,Mon,5
G002330,2025-05-26 19:07:00,District 3,new,,Bank transfer,8,293000.0,delivered,30.8,4,Central,2.8,19,Mon,5
G002331,2025-05-26 19:34:00,Tan Binh,new,,E-wallet,6,123000.0,delivered,42.8,,Inner,5.2,19,Mon,5
G002332,2025-05-26 19:35:00,District 3,new,,Card,5,189000.0,delivered,29.7,5,Central,2.8,19,Mon,5
G002333,2025-05-26 20:42:00,Tan Binh,returning,,Cash,5,167000.0,delivered,41.6,,Inner,5.2,20,Mon,5
G002334,2025-05-26 20:55:00,Phu Nhuan,returning,,Bank transfer,8,227000.0,delivered,36.8,,Inner,4.0,20,Mon,5
G002335,2025-05-26 21:40:00,District 10,returning,,Cash,7,188000.0,delivered,28.8,,Central,3.5,21,Mon,5
G002336,2025-05-26 21:49:00,District 10,member,Silver,E-wallet,6,262000.0,delivered,24.8,,Central,3.5,21,Mon,5
G002337,2025-05-27 10:22:00,District 3,new,,Cash,7,209000.0,delivered,34.6,,Central,2.8,10,Tue,5
G002338,2025-05-27 11:25:00,Thu Duc City,member,Platinum,Cash,6,247000.0,delivered,54.1,2,Outer,11.5,11,Tue,5
G002339,2025-05-27 11:35:00,Go Vap,new,,Cash,6,244000.0,delivered,51.5,3,Outer,7.9,11,Tue,5
G002340,2025-05-27 12:07:00,District 1,member,Silver,Cash,6,213000.0,delivered,33.1,,Central,2.1,12,Tue,5
G002341,2025-05-27 12:19:00,District 3,returning,,E-wallet,6,212000.0,delivered,36.2,4,Central,2.8,12,Tue,5
G002342,2025-05-27 13:39:00,Go Vap,returning,,E-wallet,8,300000.0,delivered,38.9,,Outer,7.9,13,Tue,5
G002343,2025-05-27 15:17:00,Binh Tan,new,,E-wallet,5,193000.0,delivered,44.0,1,Outer,10.8,15,Tue,5
G002344,2025-05-27 15:32:00,District 3,returning,,E-wallet,5,137000.0,delivered,26.0,,Central,2.8,15,Tue,5
G002345,2025-05-27 16:24:00,Phu Nhuan,returning,,Card,8,181000.0,delivered,23.2,,Inner,4.0,16,Tue,5
G002346,2025-05-27 19:39:00,District 1,member,Silver,Cash,4,131000.0,delivered,28.1,5,Central,2.1,19,Tue,5
G002348,2025-05-27 19:44:00,Binh Tan,returning,,Card,2,71000.0,delivered,50.9,,Outer,10.8,19,Tue,5
G002347,2025-05-27 19:44:00,District 7,new,,Card,6,206000.0,delivered,47.5,3,Inner,7.5,19,Tue,5
G002349,2025-05-27 19:50:00,District 7,returning,,Bank transfer,10,402000.0,delivered,41.4,4,Inner,7.5,19,Tue,5
G002350,2025-05-27 19:54:00,Binh Thanh,member,Silver,E-wallet,4,95000.0,delivered,37.3,5,Inner,4.6,19,Tue,5
G002351,2025-05-27 20:35:00,Thu Duc City,new,,Card,6,215000.0,delivered,64.5,,Outer,11.5,20,Tue,5
G002352,2025-05-27 22:17:00,Thu Duc City,member,Silver,E-wallet,4,147000.0,delivered,51.2,,Outer,11.5,22,Tue,5
G002353,2025-05-28 09:06:00,District 10,returning,,Cash,6,178000.0,delivered,21.9,5,Central,3.5,9,Wed,5
G002354,2025-05-28 10:14:00,Binh Thanh,member,Gold,Card,8,226000.0,delivered,28.4,,Inner,4.6,10,Wed,5
G002355,2025-05-28 10:22:00,District 7,member,Gold,E-wallet,7,306000.0,delivered,36.4,,Inner,7.5,10,Wed,5
G002356,2025-05-28 11:20:00,Binh Tan,member,Silver,Card,5,140000.0,delivered,55.0,3,Outer,10.8,11,Wed,5
G002357,2025-05-28 12:06:00,District 3,new,,Cash,6,219000.0,delivered,32.2,4,Central,2.8,12,Wed,5
G002359,2025-05-28 12:43:00,Phu Nhuan,returning,,E-wallet,3,106000.0,delivered,30.6,4,Inner,4.0,12,Wed,5
G002358,2025-05-28 12:43:00,District 1,member,Gold,Bank transfer,4,151000.0,cancelled,,,Central,2.1,12,Wed,5
G002360,2025-05-28 14:10:00,Phu Nhuan,new,,Cash,5,124000.0,delivered,24.4,4,Inner,4.0,14,Wed,5
G002361,2025-05-28 15:52:00,District 10,new,,E-wallet,14,393000.0,delivered,26.5,5,Central,3.5,15,Wed,5
G002362,2025-05-28 17:19:00,District 7,new,,Card,9,315000.0,delivered,35.3,,Inner,7.5,17,Wed,5
G002363,2025-05-28 18:01:00,District 10,returning,,Cash,4,123000.0,cancelled,,,Central,3.5,18,Wed,5
G002364,2025-05-28 18:48:00,Phu Nhuan,member,Gold,Cash,7,256000.0,delivered,34.9,4,Inner,4.0,18,Wed,5
G002365,2025-05-28 19:04:00,Thu Duc City,returning,,E-wallet,9,272000.0,delivered,51.5,3,Outer,11.5,19,Wed,5
G002366,2025-05-28 19:24:00,District 1,member,Gold,E-wallet,11,340000.0,delivered,27.2,5,Central,2.1,19,Wed,5
G002367,2025-05-28 21:16:00,Binh Thanh,member,Silver,E-wallet,7,285000.0,delivered,29.1,,Inner,4.6,21,Wed,5
G002368,2025-05-29 07:20:00,Thu Duc City,new,,E-wallet,11,242000.0,delivered,47.9,3,Outer,11.5,7,Thu,5
G002369,2025-05-29 11:02:00,District 1,returning,,Card,13,295000.0,delivered,35.1,,Central,2.1,11,Thu,5
G002370,2025-05-29 11:10:00,Go Vap,member,Silver,Card,4,141000.0,delivered,42.8,3,Outer,7.9,11,Thu,5
G002371,2025-05-29 11:55:00,District 10,member,Gold,Bank transfer,6,180000.0,delivered,41.9,4,Central,3.5,11,Thu,5
G002372,2025-05-29 12:59:00,Phu Nhuan,returning,,Cash,10,320000.0,delivered,33.2,,Inner,4.0,12,Thu,5
G002373,2025-05-29 14:06:00,Binh Thanh,new,,Card,6,162000.0,delivered,26.5,5,Inner,4.6,14,Thu,5
G002374,2025-05-29 15:37:00,Tan Binh,new,,E-wallet,8,283000.0,delivered,39.4,3,Inner,5.2,15,Thu,5
G002375,2025-05-29 16:02:00,Tan Binh,member,Platinum,E-wallet,11,536000.0,delivered,30.4,,Inner,5.2,16,Thu,5
G002376,2025-05-29 17:04:00,District 10,returning,,Cash,11,383000.0,delivered,23.0,,Central,3.5,17,Thu,5
G002377,2025-05-29 17:08:00,Thu Duc City,returning,,Cash,8,146000.0,delivered,49.0,,Outer,11.5,17,Thu,5
G002378,2025-05-29 17:13:00,District 3,member,Silver,E-wallet,4,72000.0,delivered,25.8,4,Central,2.8,17,Thu,5
G002379,2025-05-29 17:36:00,District 1,member,Silver,E-wallet,7,154000.0,delivered,22.6,,Central,2.1,17,Thu,5
G002380,2025-05-29 17:52:00,Tan Binh,returning,,Card,4,150000.0,delivered,35.0,,Inner,5.2,17,Thu,5
G002381,2025-05-29 17:58:00,District 7,returning,,Bank transfer,5,175000.0,delivered,34.6,4,Inner,7.5,17,Thu,5
G002382,2025-05-29 18:15:00,Tan Binh,returning,,E-wallet,6,156000.0,delivered,37.5,4,Inner,5.2,18,Thu,5
G002383,2025-05-29 18:19:00,District 1,new,,Bank transfer,6,139000.0,delivered,33.7,,Central,2.1,18,Thu,5
G002384,2025-05-29 18:35:00,Binh Thanh,member,Silver,E-wallet,5,207000.0,delivered,39.7,,Inner,4.6,18,Thu,5
G002385,2025-05-29 19:06:00,Go Vap,returning,,Card,4,144000.0,delivered,45.0,,Outer,7.9,19,Thu,5
G002386,2025-05-29 19:37:00,District 10,returning,,E-wallet,3,107000.0,delivered,32.7,,Central,3.5,19,Thu,5
G002387,2025-05-29 20:31:00,Binh Thanh,returning,,Bank transfer,4,62000.0,delivered,40.6,3,Inner,4.6,20,Thu,5
G002388,2025-05-29 20:52:00,Go Vap,member,Gold,Cash,4,127000.0,delivered,54.7,3,Outer,7.9,20,Thu,5
G002389,2025-05-29 21:19:00,Binh Thanh,returning,,Card,5,164000.0,delivered,27.4,4,Inner,4.6,21,Thu,5
G002390,2025-05-29 21:45:00,Binh Tan,member,Silver,Cash,11,321000.0,cancelled,,,Outer,10.8,21,Thu,5
G002391,2025-05-29 22:45:00,District 7,new,,Bank transfer,8,298000.0,delivered,38.6,3,Inner,7.5,22,Thu,5
G002392,2025-05-29 22:49:00,District 1,member,Platinum,Card,8,397000.0,delivered,23.3,5,Central,2.1,22,Thu,5
G002393,2025-05-30 08:05:00,District 3,new,,Cash,9,326000.0,delivered,21.6,5,Central,2.8,8,Fri,5
G002394,2025-05-30 13:03:00,Phu Nhuan,returning,,E-wallet,7,194000.0,delivered,30.8,5,Inner,4.0,13,Fri,5
G002395,2025-05-30 14:51:00,Binh Tan,returning,,E-wallet,7,178000.0,delivered,43.8,2,Outer,10.8,14,Fri,5
G002396,2025-05-30 15:54:00,Binh Thanh,member,Gold,E-wallet,7,232000.0,delivered,27.7,4,Inner,4.6,15,Fri,5
G002397,2025-05-30 17:07:00,Binh Tan,new,,Cash,5,137000.0,delivered,43.2,,Outer,10.8,17,Fri,5
G002398,2025-05-30 18:41:00,Thu Duc City,returning,,Bank transfer,3,105000.0,delivered,52.7,,Outer,11.5,18,Fri,5
G002399,2025-05-30 18:47:00,District 3,returning,,Card,8,228000.0,delivered,35.0,4,Central,2.8,18,Fri,5
G002400,2025-05-30 18:50:00,Go Vap,returning,,Card,6,161000.0,cancelled,,,Outer,7.9,18,Fri,5
G002401,2025-05-30 19:35:00,District 10,returning,,E-wallet,7,271000.0,delivered,32.1,5,Central,3.5,19,Fri,5
G002402,2025-05-30 19:38:00,Go Vap,member,Platinum,E-wallet,6,297000.0,delivered,47.0,,Outer,7.9,19,Fri,5
G002403,2025-05-30 19:48:00,District 1,returning,,Cash,9,312000.0,delivered,35.1,4,Central,2.1,19,Fri,5
G002404,2025-05-30 19:57:00,District 3,member,Silver,E-wallet,3,134000.0,delivered,29.9,5,Central,2.8,19,Fri,5
G002405,2025-05-30 19:59:00,Tan Binh,returning,,Cash,8,256000.0,delivered,46.1,,Inner,5.2,19,Fri,5
G002406,2025-05-30 20:06:00,District 3,member,Silver,E-wallet,5,170000.0,cancelled,,,Central,2.8,20,Fri,5
G002407,2025-05-30 20:10:00,Phu Nhuan,member,Gold,Bank transfer,9,183000.0,delivered,38.2,,Inner,4.0,20,Fri,5
G002408,2025-05-30 20:23:00,Phu Nhuan,member,Platinum,Cash,8,408000.0,delivered,38.5,4,Inner,4.0,20,Fri,5
G002409,2025-05-30 21:44:00,District 7,member,Silver,E-wallet,4,96000.0,delivered,45.3,2,Inner,7.5,21,Fri,5
G002410,2025-05-30 22:07:00,Go Vap,member,Silver,E-wallet,6,201000.0,delivered,41.3,,Outer,7.9,22,Fri,5
G002411,2025-05-31 09:15:00,District 10,returning,,E-wallet,8,312000.0,delivered,27.2,,Central,3.5,9,Sat,5
G002412,2025-05-31 09:30:00,Tan Binh,new,,Card,11,408000.0,delivered,27.0,5,Inner,5.2,9,Sat,5
G002413,2025-05-31 09:45:00,District 1,member,Gold,E-wallet,12,437000.0,delivered,19.6,,Central,2.1,9,Sat,5
G002414,2025-05-31 12:14:00,Binh Thanh,returning,,E-wallet,8,217000.0,cancelled,,,Inner,4.6,12,Sat,5
G002415,2025-05-31 12:36:00,District 7,returning,,E-wallet,14,170000.0,delivered,40.1,,Inner,7.5,12,Sat,5
G002416,2025-05-31 13:40:00,District 10,new,,E-wallet,12,441000.0,delivered,24.4,,Central,3.5,13,Sat,5
G002417,2025-05-31 13:43:00,District 1,new,,E-wallet,11,307000.0,delivered,31.4,4,Central,2.1,13,Sat,5
G002418,2025-05-31 15:28:00,Go Vap,member,Gold,Cash,8,241000.0,delivered,41.5,3,Outer,7.9,15,Sat,5
G002419,2025-05-31 16:55:00,Phu Nhuan,member,Silver,E-wallet,14,392000.0,delivered,27.8,5,Inner,4.0,16,Sat,5
G002420,2025-05-31 17:08:00,Go Vap,returning,,Card,14,403000.0,delivered,38.8,3,Outer,7.9,17,Sat,5
G002421,2025-05-31 17:33:00,District 10,returning,,E-wallet,8,224000.0,delivered,24.9,,Central,3.5,17,Sat,5
G002422,2025-05-31 17:46:00,Binh Thanh,returning,,Bank transfer,9,292000.0,delivered,32.0,5,Inner,4.6,17,Sat,5
G002423,2025-05-31 18:41:00,District 7,new,,Cash,10,176000.0,delivered,45.6,3,Inner,7.5,18,Sat,5
G002424,2025-05-31 18:57:00,Phu Nhuan,returning,,Cash,11,195000.0,delivered,33.0,5,Inner,4.0,18,Sat,5
G002425,2025-05-31 19:11:00,Phu Nhuan,member,Silver,E-wallet,11,360000.0,delivered,31.0,,Inner,4.0,19,Sat,5
G002426,2025-05-31 19:32:00,District 10,member,Gold,E-wallet,6,185000.0,delivered,40.2,2,Central,3.5,19,Sat,5
G002427,2025-05-31 19:40:00,Thu Duc City,member,Gold,Card,18,684000.0,delivered,59.4,2,Outer,11.5,19,Sat,5
G002428,2025-05-31 20:00:00,Tan Binh,returning,,Bank transfer,17,618000.0,delivered,35.4,2,Inner,5.2,20,Sat,5
G002429,2025-05-31 21:01:00,District 1,returning,,Cash,10,249000.0,delivered,21.1,5,Central,2.1,21,Sat,5
G002430,2025-05-31 21:25:00,District 1,returning,,Card,14,406000.0,delivered,25.4,,Central,2.1,21,Sat,5
G002431,2025-05-31 21:25:00,Thu Duc City,returning,,E-wallet,5,153000.0,delivered,55.0,,Outer,11.5,21,Sat,5
G002432,2025-06-01 07:32:00,District 1,returning,,E-wallet,8,284000.0,delivered,25.1,5,Central,2.1,7,Sun,6
G002433,2025-06-01 07:42:00,District 7,new,,E-wallet,11,213000.0,delivered,34.3,,Inner,7.5,7,Sun,6
G002434,2025-06-01 11:42:00,District 7,returning,,Bank transfer,5,132000.0,delivered,44.5,3,Inner,7.5,11,Sun,6
G002435,2025-06-01 12:32:00,District 1,returning,,Card,12,453000.0,delivered,30.1,3,Central,2.1,12,Sun,6
G002436,2025-06-01 13:13:00,District 7,returning,,E-wallet,15,518000.0,delivered,44.6,,Inner,7.5,13,Sun,6
G002437,2025-06-01 14:49:00,Thu Duc City,returning,,E-wallet,15,390000.0,delivered,46.2,,Outer,11.5,14,Sun,6
G002438,2025-06-01 17:20:00,Go Vap,returning,,Cash,12,520000.0,delivered,40.5,,Outer,7.9,17,Sun,6
G002439,2025-06-01 17:26:00,Thu Duc City,member,Gold,Cash,7,242000.0,cancelled,,,Outer,11.5,17,Sun,6
G002440,2025-06-01 17:33:00,Phu Nhuan,returning,,E-wallet,14,576000.0,delivered,24.7,5,Inner,4.0,17,Sun,6
G002441,2025-06-01 17:39:00,Go Vap,returning,,E-wallet,7,270000.0,delivered,37.9,3,Outer,7.9,17,Sun,6
G002442,2025-06-01 17:58:00,Go Vap,returning,,E-wallet,7,226000.0,delivered,37.2,3,Outer,7.9,17,Sun,6
G002443,2025-06-01 18:23:00,District 1,returning,,Card,3,102000.0,delivered,27.3,,Central,2.1,18,Sun,6
G002444,2025-06-01 18:24:00,Binh Thanh,returning,,E-wallet,3,87000.0,delivered,33.5,,Inner,4.6,18,Sun,6
G002445,2025-06-01 21:36:00,Tan Binh,new,,Cash,8,282000.0,delivered,26.0,3,Inner,5.2,21,Sun,6
G002446,2025-06-02 08:19:00,District 1,member,Gold,Cash,12,338000.0,delivered,22.1,,Central,2.1,8,Mon,6
G002447,2025-06-02 09:46:00,Thu Duc City,returning,,Cash,5,170000.0,delivered,49.9,2,Outer,11.5,9,Mon,6
G002448,2025-06-02 10:51:00,District 7,returning,,Bank transfer,6,158000.0,delivered,35.4,4,Inner,7.5,10,Mon,6
G002449,2025-06-02 12:41:00,District 10,returning,,Card,4,121000.0,delivered,32.4,5,Central,3.5,12,Mon,6
G002450,2025-06-02 16:05:00,District 10,member,Silver,E-wallet,5,159000.0,delivered,37.5,4,Central,3.5,16,Mon,6
G002451,2025-06-02 16:08:00,Thu Duc City,new,,Bank transfer,9,289000.0,delivered,51.1,3,Outer,11.5,16,Mon,6
G002452,2025-06-02 16:51:00,Binh Tan,member,Gold,Cash,9,324000.0,delivered,42.8,,Outer,10.8,16,Mon,6
G002453,2025-06-02 17:09:00,Phu Nhuan,returning,,Cash,13,259000.0,delivered,30.3,5,Inner,4.0,17,Mon,6
G002454,2025-06-02 17:11:00,Binh Thanh,returning,,E-wallet,9,318000.0,delivered,26.1,,Inner,4.6,17,Mon,6
G002455,2025-06-02 18:53:00,Binh Tan,new,,E-wallet,10,302000.0,cancelled,,,Outer,10.8,18,Mon,6
G002456,2025-06-02 18:55:00,District 7,returning,,Bank transfer,8,238000.0,delivered,40.5,,Inner,7.5,18,Mon,6
G002457,2025-06-02 19:10:00,Binh Thanh,returning,,Card,4,173000.0,delivered,39.7,5,Inner,4.6,19,Mon,6
G002458,2025-06-02 19:20:00,Tan Binh,member,Silver,E-wallet,9,299000.0,delivered,35.7,4,Inner,5.2,19,Mon,6
G002459,2025-06-02 19:29:00,District 1,member,Silver,Bank transfer,2,47000.0,delivered,29.9,,Central,2.1,19,Mon,6
G002460,2025-06-02 19:51:00,District 7,returning,,Bank transfer,9,288000.0,delivered,43.0,3,Inner,7.5,19,Mon,6
G002461,2025-06-02 20:23:00,Thu Duc City,returning,,E-wallet,7,187000.0,delivered,50.7,,Outer,11.5,20,Mon,6
G002462,2025-06-02 20:24:00,District 10,returning,,Cash,9,307000.0,delivered,30.9,,Central,3.5,20,Mon,6
G002463,2025-06-02 20:39:00,District 1,member,Platinum,E-wallet,6,332000.0,delivered,30.2,,Central,2.1,20,Mon,6
G002464,2025-06-02 20:59:00,District 7,returning,,Cash,9,290000.0,delivered,42.9,5,Inner,7.5,20,Mon,6
G002465,2025-06-02 22:22:00,Phu Nhuan,new,,Cash,7,226000.0,delivered,39.8,3,Inner,4.0,22,Mon,6
G002466,2025-06-02 22:27:00,Binh Tan,returning,,E-wallet,6,191000.0,delivered,46.1,3,Outer,10.8,22,Mon,6
G002467,2025-06-02 23:07:00,Binh Tan,returning,,Cash,7,263000.0,delivered,43.3,,Outer,10.8,23,Mon,6
G002468,2025-06-03 12:04:00,Go Vap,returning,,Cash,5,177000.0,delivered,53.1,,Outer,7.9,12,Tue,6
G002469,2025-06-03 13:25:00,District 1,returning,,Cash,8,216000.0,delivered,26.2,5,Central,2.1,13,Tue,6
G002470,2025-06-03 14:15:00,District 10,returning,,E-wallet,5,156000.0,delivered,29.6,,Central,3.5,14,Tue,6
G002471,2025-06-03 15:24:00,Phu Nhuan,new,,E-wallet,5,126000.0,delivered,25.1,5,Inner,4.0,15,Tue,6
G002472,2025-06-03 16:48:00,District 3,new,,E-wallet,10,268000.0,delivered,23.6,5,Central,2.8,16,Tue,6
G002473,2025-06-03 17:00:00,Binh Tan,member,Gold,Cash,9,357000.0,delivered,49.9,2,Outer,10.8,17,Tue,6
G002474,2025-06-03 18:17:00,District 1,returning,,Card,14,589000.0,delivered,37.0,,Central,2.1,18,Tue,6
G002475,2025-06-03 18:26:00,Go Vap,member,Silver,E-wallet,5,175000.0,delivered,41.2,5,Outer,7.9,18,Tue,6
G002476,2025-06-03 18:34:00,Tan Binh,member,Gold,E-wallet,5,180000.0,delivered,39.6,5,Inner,5.2,18,Tue,6
G002477,2025-06-03 19:07:00,District 3,returning,,E-wallet,8,209000.0,delivered,30.9,4,Central,2.8,19,Tue,6
G002478,2025-06-03 19:09:00,Thu Duc City,member,Platinum,Bank transfer,7,321000.0,delivered,54.0,,Outer,11.5,19,Tue,6
G002479,2025-06-03 19:24:00,Binh Tan,member,Gold,Cash,9,211000.0,delivered,51.6,,Outer,10.8,19,Tue,6
G002480,2025-06-03 19:35:00,District 10,new,,E-wallet,9,312000.0,delivered,31.6,4,Central,3.5,19,Tue,6
G002481,2025-06-03 19:59:00,Tan Binh,new,,Cash,6,,delivered,37.2,3,Inner,5.2,19,Tue,6
G002482,2025-06-03 20:12:00,District 10,returning,,E-wallet,1,30000.0,delivered,36.7,,Central,3.5,20,Tue,6
G002483,2025-06-04 10:17:00,District 7,member,Silver,Cash,10,274000.0,delivered,33.4,5,Inner,7.5,10,Wed,6
G002484,2025-06-04 11:45:00,Binh Thanh,new,,E-wallet,11,368000.0,delivered,42.3,,Inner,4.6,11,Wed,6
G002485,2025-06-04 11:47:00,District 3,new,,Cash,4,114000.0,delivered,39.0,,Central,2.8,11,Wed,6
G002486,2025-06-04 12:28:00,Tan Binh,new,,Cash,5,207000.0,delivered,47.0,2,Inner,5.2,12,Wed,6
G002487,2025-06-04 13:43:00,District 10,new,,E-wallet,6,160000.0,delivered,30.7,,Central,3.5,13,Wed,6
G002488,2025-06-04 14:12:00,Binh Tan,new,,E-wallet,5,142000.0,delivered,41.3,,Outer,10.8,14,Wed,6
G002489,2025-06-04 17:33:00,District 10,new,,Cash,9,359000.0,delivered,22.4,5,Central,3.5,17,Wed,6
G002490,2025-06-04 18:03:00,District 1,returning,,Bank transfer,9,261000.0,delivered,30.1,,Central,2.1,18,Wed,6
G002491,2025-06-04 18:27:00,Binh Thanh,returning,,Card,7,232000.0,delivered,34.4,,Inner,4.6,18,Wed,6
G002492,2025-06-04 20:57:00,Tan Binh,member,Silver,Cash,7,344000.0,delivered,44.0,,Inner,5.2,20,Wed,6
G002493,2025-06-04 21:05:00,District 1,member,Silver,Bank transfer,6,132000.0,delivered,27.7,4,Central,2.1,21,Wed,6
G002494,2025-06-04 21:09:00,Binh Thanh,new,,E-wallet,10,389000.0,delivered,42.8,2,Inner,4.6,21,Wed,6
G002495,2025-06-05 11:04:00,District 10,returning,,Card,2,74000.0,delivered,38.1,3,Central,3.5,11,Thu,6
G002496,2025-06-05 11:06:00,District 7,member,Platinum,E-wallet,8,331000.0,delivered,44.9,,Inner,7.5,11,Thu,6
G002497,2025-06-05 12:30:00,District 7,member,Platinum,Cash,6,279000.0,delivered,52.8,,Inner,7.5,12,Thu,6
G002498,2025-06-05 15:49:00,Binh Tan,new,,E-wallet,8,207000.0,delivered,44.5,3,Outer,10.8,15,Thu,6
G002499,2025-06-05 15:50:00,District 3,member,Platinum,Cash,4,252000.0,delivered,36.0,5,Central,2.8,15,Thu,6
G002500,2025-06-05 18:17:00,District 1,member,Gold,E-wallet,8,219000.0,delivered,33.5,,Central,2.1,18,Thu,6
G002501,2025-06-05 18:58:00,Go Vap,returning,,Card,8,281000.0,delivered,50.6,2,Outer,7.9,18,Thu,6
G002502,2025-06-05 20:14:00,Binh Thanh,member,Silver,E-wallet,8,226000.0,delivered,33.3,,Inner,4.6,20,Thu,6
G002503,2025-06-05 21:28:00,Binh Thanh,returning,,Cash,6,197000.0,delivered,25.7,,Inner,4.6,21,Thu,6
G002504,2025-06-06 06:23:00,District 1,new,,E-wallet,4,128000.0,delivered,23.4,,Central,2.1,6,Fri,6
G002505,2025-06-06 09:59:00,Go Vap,new,,E-wallet,9,275000.0,delivered,39.2,3,Outer,7.9,9,Fri,6
G002506,2025-06-06 11:35:00,Binh Tan,returning,,Cash,8,280000.0,delivered,51.7,3,Outer,10.8,11,Fri,6
G002507,2025-06-06 11:38:00,District 7,new,,Card,10,275000.0,delivered,43.3,3,Inner,7.5,11,Fri,6
G002508,2025-06-06 12:39:00,District 1,returning,,E-wallet,5,97000.0,delivered,26.3,5,Central,2.1,12,Fri,6
G002509,2025-06-06 13:29:00,Binh Tan,member,Gold,E-wallet,11,421000.0,delivered,42.7,4,Outer,10.8,13,Fri,6
G002510,2025-06-06 13:54:00,Binh Thanh,returning,,Cash,10,425000.0,delivered,25.0,,Inner,4.6,13,Fri,6
G002511,2025-06-06 14:21:00,Thu Duc City,new,,E-wallet,5,149000.0,delivered,44.6,3,Outer,11.5,14,Fri,6
G002512,2025-06-06 14:30:00,District 10,new,,Bank transfer,9,241000.0,delivered,27.9,,Central,3.5,14,Fri,6
G002513,2025-06-06 17:15:00,Go Vap,member,Gold,Cash,8,267000.0,delivered,35.8,4,Outer,7.9,17,Fri,6
G002514,2025-06-06 17:57:00,Phu Nhuan,member,Silver,Cash,7,238000.0,delivered,29.5,5,Inner,4.0,17,Fri,6
G002515,2025-06-06 18:02:00,District 10,returning,,Card,9,273000.0,delivered,32.0,,Central,3.5,18,Fri,6
G002516,2025-06-06 18:36:00,Binh Tan,member,Gold,E-wallet,7,177000.0,delivered,53.2,2,Outer,10.8,18,Fri,6
G002517,2025-06-06 18:42:00,Binh Thanh,new,,Bank transfer,7,175000.0,delivered,35.7,,Inner,4.6,18,Fri,6
G002518,2025-06-06 20:30:00,Tan Binh,member,Platinum,Bank transfer,7,265000.0,delivered,37.9,4,Inner,5.2,20,Fri,6
G002519,2025-06-06 21:00:00,Thu Duc City,member,Silver,Bank transfer,6,172000.0,delivered,45.7,2,Outer,11.5,21,Fri,6
G002520,2025-06-06 22:30:00,Tan Binh,member,Platinum,E-wallet,4,229000.0,delivered,28.7,4,Inner,5.2,22,Fri,6
G002521,2025-06-07 08:50:00,Thu Duc City,member,Gold,E-wallet,7,191000.0,delivered,42.4,2,Outer,11.5,8,Sat,6
G002522,2025-06-07 11:57:00,Go Vap,member,Gold,E-wallet,10,433000.0,delivered,41.8,3,Outer,7.9,11,Sat,6
G002523,2025-06-07 14:06:00,Binh Thanh,member,Silver,Cash,4,117000.0,delivered,27.1,5,Inner,4.6,14,Sat,6
G002524,2025-06-07 15:05:00,District 3,returning,,Cash,7,229000.0,delivered,24.1,,Central,2.8,15,Sat,6
G002525,2025-06-07 16:41:00,Binh Thanh,returning,,Card,8,303000.0,delivered,27.5,5,Inner,4.6,16,Sat,6
G002526,2025-06-07 17:33:00,District 3,returning,,Bank transfer,15,420000.0,delivered,27.5,,Central,2.8,17,Sat,6
G002527,2025-06-07 17:34:00,District 7,member,Gold,Card,15,388000.0,cancelled,,,Inner,7.5,17,Sat,6
G002528,2025-06-07 18:09:00,Binh Tan,returning,,E-wallet,13,478000.0,delivered,50.7,,Outer,10.8,18,Sat,6
G002529,2025-06-07 18:14:00,District 1,returning,,Card,7,286000.0,delivered,35.8,,Central,2.1,18,Sat,6
G002530,2025-06-07 18:53:00,District 1,member,Gold,Bank transfer,13,222000.0,delivered,30.1,,Central,2.1,18,Sat,6
G002531,2025-06-07 19:41:00,District 1,new,,Cash,8,249000.0,delivered,29.1,,Central,2.1,19,Sat,6
G002532,2025-06-07 20:19:00,Binh Thanh,returning,,Cash,11,427000.0,delivered,43.4,3,Inner,4.6,20,Sat,6
G002533,2025-06-07 21:26:00,Thu Duc City,returning,,Card,12,461000.0,delivered,62.4,,Outer,11.5,21,Sat,6
G002534,2025-06-07 21:45:00,Phu Nhuan,new,,Bank transfer,17,627000.0,delivered,26.6,,Inner,4.0,21,Sat,6
G002535,2025-06-07 21:52:00,Phu Nhuan,member,Silver,E-wallet,9,316000.0,delivered,30.8,,Inner,4.0,21,Sat,6
G002536,2025-06-08 12:42:00,District 7,new,,Cash,5,188000.0,delivered,43.8,,Inner,7.5,12,Sun,6
G002537,2025-06-08 12:43:00,Thu Duc City,member,Silver,E-wallet,12,431000.0,delivered,51.0,3,Outer,11.5,12,Sun,6
G002538,2025-06-08 13:19:00,Binh Thanh,returning,,E-wallet,12,478000.0,delivered,32.8,,Inner,4.6,13,Sun,6
G002539,2025-06-08 13:23:00,Tan Binh,new,,E-wallet,9,270000.0,delivered,27.0,5,Inner,5.2,13,Sun,6
G002540,2025-06-08 14:28:00,Phu Nhuan,member,Silver,Bank transfer,11,322000.0,delivered,26.4,,Inner,4.0,14,Sun,6
G002541,2025-06-08 14:55:00,Thu Duc City,returning,,E-wallet,7,209000.0,delivered,52.7,2,Outer,11.5,14,Sun,6
G002542,2025-06-08 16:37:00,Binh Tan,returning,,Cash,14,412000.0,cancelled,,,Outer,10.8,16,Sun,6
G002543,2025-06-08 17:10:00,Thu Duc City,new,,Card,4,184000.0,delivered,53.6,2,Outer,11.5,17,Sun,6
G002544,2025-06-08 17:38:00,Binh Thanh,new,,Card,12,451000.0,delivered,27.0,4,Inner,4.6,17,Sun,6
G002545,2025-06-08 17:45:00,Binh Tan,new,,Cash,8,333000.0,delivered,42.0,3,Outer,10.8,17,Sun,6
G002546,2025-06-08 18:13:00,Binh Tan,returning,,Cash,10,294000.0,cancelled,,,Outer,10.8,18,Sun,6
G002547,2025-06-08 19:40:00,Phu Nhuan,returning,,Card,10,508000.0,delivered,33.9,3,Inner,4.0,19,Sun,6
G002548,2025-06-08 19:55:00,District 10,returning,,Cash,15,384000.0,delivered,37.0,3,Central,3.5,19,Sun,6
G002549,2025-06-08 20:31:00,District 1,new,,E-wallet,7,243000.0,delivered,29.4,3,Central,2.1,20,Sun,6
G002550,2025-06-08 20:51:00,Tan Binh,member,Gold,Cash,8,300000.0,delivered,35.9,4,Inner,5.2,20,Sun,6
G002551,2025-06-08 21:13:00,District 1,returning,,Card,6,154000.0,delivered,22.3,5,Central,2.1,21,Sun,6
G002552,2025-06-09 10:43:00,District 7,member,Gold,E-wallet,7,119000.0,delivered,40.9,4,Inner,7.5,10,Mon,6
G002553,2025-06-09 11:22:00,Binh Tan,returning,,Bank transfer,9,247000.0,delivered,48.4,2,Outer,10.8,11,Mon,6
G002554,2025-06-09 13:01:00,Phu Nhuan,returning,,E-wallet,7,180000.0,delivered,29.4,4,Inner,4.0,13,Mon,6
G002555,2025-06-09 13:15:00,Binh Thanh,returning,,E-wallet,11,552000.0,delivered,35.7,,Inner,4.6,13,Mon,6
G002556,2025-06-09 14:13:00,District 1,member,Gold,E-wallet,9,354000.0,delivered,24.5,3,Central,2.1,14,Mon,6
G002557,2025-06-09 14:24:00,Binh Thanh,returning,,E-wallet,8,245000.0,delivered,33.3,4,Inner,4.6,14,Mon,6
G002558,2025-06-09 15:53:00,Thu Duc City,returning,,Card,10,318000.0,delivered,53.5,3,Outer,11.5,15,Mon,6
G002559,2025-06-09 16:12:00,Tan Binh,new,,E-wallet,5,133000.0,delivered,28.4,5,Inner,5.2,16,Mon,6
G002560,2025-06-09 17:37:00,Tan Binh,returning,,Bank transfer,6,290000.0,delivered,34.5,4,Inner,5.2,17,Mon,6
G002561,2025-06-09 17:58:00,District 7,returning,,Card,6,167000.0,delivered,35.4,,Inner,7.5,17,Mon,6
G002562,2025-06-09 18:06:00,Go Vap,returning,,E-wallet,7,231000.0,delivered,49.8,2,Outer,7.9,18,Mon,6
G002563,2025-06-09 18:54:00,Thu Duc City,returning,,E-wallet,10,275000.0,delivered,52.0,4,Outer,11.5,18,Mon,6
G002564,2025-06-09 19:26:00,District 3,returning,,Cash,6,174000.0,delivered,30.2,,Central,2.8,19,Mon,6
G002565,2025-06-09 19:37:00,Tan Binh,returning,,Cash,10,355000.0,delivered,36.2,4,Inner,5.2,19,Mon,6
G002566,2025-06-09 19:54:00,Go Vap,returning,,E-wallet,7,,delivered,42.8,4,Outer,7.9,19,Mon,6
G002567,2025-06-09 20:24:00,Binh Thanh,member,Silver,E-wallet,11,291000.0,delivered,38.0,3,Inner,4.6,20,Mon,6
G002568,2025-06-09 20:44:00,Binh Tan,returning,,E-wallet,9,260000.0,delivered,60.0,2,Outer,10.8,20,Mon,6
G002569,2025-06-10 11:22:00,District 3,member,Silver,Cash,8,332000.0,delivered,30.3,4,Central,2.8,11,Tue,6
G002570,2025-06-10 12:49:00,District 10,member,Platinum,Card,9,394000.0,delivered,33.7,,Central,3.5,12,Tue,6
G002571,2025-06-10 13:08:00,Binh Tan,member,Platinum,Card,6,312000.0,delivered,41.7,,Outer,10.8,13,Tue,6
G002572,2025-06-10 13:20:00,Tan Binh,member,Silver,Cash,6,125000.0,delivered,27.4,4,Inner,5.2,13,Tue,6
G002573,2025-06-10 15:12:00,Binh Thanh,new,,Cash,6,244000.0,delivered,29.1,3,Inner,4.6,15,Tue,6
G002574,2025-06-10 16:31:00,Binh Tan,returning,,Cash,9,184000.0,delivered,49.2,3,Outer,10.8,16,Tue,6
G002575,2025-06-10 18:10:00,District 3,returning,,Cash,6,187000.0,delivered,38.3,,Central,2.8,18,Tue,6
G002576,2025-06-10 18:11:00,Phu Nhuan,returning,,E-wallet,6,236000.0,delivered,37.2,3,Inner,4.0,18,Tue,6
G002577,2025-06-10 18:34:00,District 10,new,,Card,7,262000.0,delivered,33.3,3,Central,3.5,18,Tue,6
G002578,2025-06-10 19:18:00,District 1,returning,,E-wallet,6,140000.0,delivered,27.1,5,Central,2.1,19,Tue,6
G002579,2025-06-11 09:20:00,Tan Binh,returning,,Cash,5,212000.0,delivered,27.0,5,Inner,5.2,9,Wed,6
G002580,2025-06-11 09:30:00,Binh Thanh,member,Silver,Card,7,235000.0,delivered,34.6,,Inner,4.6,9,Wed,6
G002581,2025-06-11 10:17:00,Binh Thanh,returning,,Card,3,112000.0,delivered,34.0,,Inner,4.6,10,Wed,6
G002582,2025-06-11 10:45:00,Thu Duc City,returning,,Card,7,214000.0,delivered,43.4,4,Outer,11.5,10,Wed,6
G002583,2025-06-11 11:04:00,Binh Thanh,member,Silver,Cash,6,180000.0,delivered,40.2,,Inner,4.6,11,Wed,6
G002584,2025-06-11 12:02:00,Binh Thanh,member,Silver,E-wallet,8,265000.0,delivered,33.8,,Inner,4.6,12,Wed,6
G002585,2025-06-11 12:09:00,Binh Tan,new,,E-wallet,8,277000.0,cancelled,,,Outer,10.8,12,Wed,6
G002586,2025-06-11 12:30:00,Tan Binh,returning,,E-wallet,7,202000.0,delivered,39.8,,Inner,5.2,12,Wed,6
G002587,2025-06-11 14:05:00,District 1,returning,,Card,8,253000.0,delivered,33.0,,Central,2.1,14,Wed,6
G002588,2025-06-11 15:03:00,District 1,returning,,Card,4,128000.0,delivered,20.3,,Central,2.1,15,Wed,6
G002589,2025-06-11 16:10:00,District 3,member,Gold,E-wallet,7,190000.0,delivered,24.4,5,Central,2.8,16,Wed,6
G002590,2025-06-11 16:47:00,Go Vap,returning,,Cash,5,106000.0,delivered,33.5,5,Outer,7.9,16,Wed,6
G002591,2025-06-11 17:46:00,District 3,new,,Cash,4,159000.0,delivered,22.6,5,Central,2.8,17,Wed,6
G002592,2025-06-11 17:50:00,District 7,returning,,Cash,6,224000.0,delivered,35.0,,Inner,7.5,17,Wed,6
G002593,2025-06-11 18:20:00,Go Vap,returning,,Card,10,302000.0,delivered,48.1,3,Outer,7.9,18,Wed,6
G002594,2025-06-11 19:18:00,District 1,returning,,E-wallet,10,,delivered,32.3,4,Central,2.1,19,Wed,6
G002595,2025-06-11 20:15:00,District 3,returning,,E-wallet,6,133000.0,delivered,35.6,3,Central,2.8,20,Wed,6
G002596,2025-06-11 21:23:00,Tan Binh,returning,,E-wallet,7,246000.0,delivered,35.0,4,Inner,5.2,21,Wed,6
G002597,2025-06-11 21:34:00,District 7,member,Silver,E-wallet,5,110000.0,delivered,37.7,3,Inner,7.5,21,Wed,6
G002598,2025-06-12 08:45:00,Phu Nhuan,returning,,Bank transfer,8,222000.0,delivered,25.2,,Inner,4.0,8,Thu,6
G002599,2025-06-12 10:07:00,Binh Thanh,new,,E-wallet,4,162000.0,delivered,25.8,4,Inner,4.6,10,Thu,6
G002600,2025-06-12 12:32:00,Thu Duc City,new,,E-wallet,5,174000.0,delivered,56.6,,Outer,11.5,12,Thu,6
G002601,2025-06-12 13:55:00,Tan Binh,new,,Card,8,151000.0,delivered,25.8,5,Inner,5.2,13,Thu,6
G002602,2025-06-12 14:27:00,District 1,member,Silver,E-wallet,9,277000.0,delivered,19.4,5,Central,2.1,14,Thu,6
G002603,2025-06-12 17:10:00,Tan Binh,returning,,Card,11,366000.0,delivered,36.5,4,Inner,5.2,17,Thu,6
G002604,2025-06-12 17:30:00,Thu Duc City,returning,,Card,8,218000.0,delivered,53.2,2,Outer,11.5,17,Thu,6
G002605,2025-06-12 17:37:00,District 1,new,,Bank transfer,3,92000.0,delivered,25.2,5,Central,2.1,17,Thu,6
G002606,2025-06-12 19:47:00,Thu Duc City,new,,E-wallet,6,218000.0,delivered,52.3,2,Outer,11.5,19,Thu,6
G002607,2025-06-12 19:58:00,District 7,member,Silver,Card,6,140000.0,delivered,40.6,,Inner,7.5,19,Thu,6
G002608,2025-06-12 21:18:00,District 10,returning,,E-wallet,6,245000.0,delivered,25.6,,Central,3.5,21,Thu,6
G002609,2025-06-12 21:59:00,District 7,new,,Cash,5,120000.0,delivered,37.2,3,Inner,7.5,21,Thu,6
G002610,2025-06-13 09:24:00,Thu Duc City,returning,,Card,5,213000.0,cancelled,,,Outer,11.5,9,Fri,6
G002611,2025-06-13 09:25:00,District 10,member,Silver,Card,9,253000.0,delivered,28.8,,Central,3.5,9,Fri,6
G002612,2025-06-13 09:28:00,Thu Duc City,member,Silver,Cash,2,59000.0,delivered,44.0,2,Outer,11.5,9,Fri,6
G002613,2025-06-13 09:38:00,Binh Thanh,member,Silver,Cash,2,53000.0,delivered,29.9,5,Inner,4.6,9,Fri,6
G002614,2025-06-13 10:10:00,Tan Binh,returning,,Cash,7,276000.0,delivered,32.8,4,Inner,5.2,10,Fri,6
G002615,2025-06-13 10:57:00,Go Vap,returning,,Cash,5,182000.0,delivered,34.1,4,Outer,7.9,10,Fri,6
G002616,2025-06-13 11:41:00,Tan Binh,returning,,Cash,6,200000.0,delivered,42.7,,Inner,5.2,11,Fri,6
G002617,2025-06-13 11:51:00,Tan Binh,returning,,Card,9,356000.0,delivered,38.2,5,Inner,5.2,11,Fri,6
G002618,2025-06-13 12:54:00,District 10,new,,E-wallet,10,269000.0,delivered,32.4,,Central,3.5,12,Fri,6
G002619,2025-06-13 13:13:00,District 3,returning,,Card,8,361000.0,delivered,25.5,,Central,2.8,13,Fri,6
G002620,2025-06-13 16:11:00,Phu Nhuan,member,Gold,Bank transfer,6,157000.0,delivered,33.8,4,Inner,4.0,16,Fri,6
G002621,2025-06-13 17:06:00,Thu Duc City,member,Platinum,Cash,7,282000.0,delivered,45.2,3,Outer,11.5,17,Fri,6
G002622,2025-06-13 17:31:00,Tan Binh,member,Silver,E-wallet,13,326000.0,delivered,28.6,,Inner,5.2,17,Fri,6
G002623,2025-06-13 17:54:00,Phu Nhuan,returning,,E-wallet,6,161000.0,delivered,27.5,5,Inner,4.0,17,Fri,6
G002624,2025-06-13 18:56:00,Phu Nhuan,member,Silver,Cash,7,256000.0,delivered,34.2,,Inner,4.0,18,Fri,6
G002625,2025-06-13 18:57:00,Phu Nhuan,returning,,Card,6,207000.0,delivered,33.4,4,Inner,4.0,18,Fri,6
G002626,2025-06-13 19:04:00,District 1,member,Silver,E-wallet,7,255000.0,delivered,28.5,3,Central,2.1,19,Fri,6
G002627,2025-06-13 19:09:00,Tan Binh,member,Silver,Cash,14,350000.0,delivered,40.0,3,Inner,5.2,19,Fri,6
G002628,2025-06-13 19:22:00,Phu Nhuan,returning,,E-wallet,4,142000.0,delivered,37.5,4,Inner,4.0,19,Fri,6
G002629,2025-06-13 19:38:00,Go Vap,member,Silver,Card,6,218000.0,delivered,46.4,3,Outer,7.9,19,Fri,6
G002630,2025-06-13 19:53:00,Binh Tan,new,,E-wallet,7,214000.0,delivered,52.9,3,Outer,10.8,19,Fri,6
G002631,2025-06-13 19:56:00,Thu Duc City,returning,,Bank transfer,4,124000.0,delivered,52.7,3,Outer,11.5,19,Fri,6
G002632,2025-06-13 20:10:00,Go Vap,returning,,E-wallet,5,161000.0,delivered,48.1,2,Outer,7.9,20,Fri,6
G002633,2025-06-13 20:11:00,Binh Thanh,returning,,Cash,8,185000.0,delivered,40.7,,Inner,4.6,20,Fri,6
G002634,2025-06-13 20:22:00,Go Vap,returning,,Cash,10,469000.0,delivered,59.0,3,Outer,7.9,20,Fri,6
G002635,2025-06-13 20:24:00,Go Vap,returning,,Cash,7,274000.0,delivered,42.6,3,Outer,7.9,20,Fri,6
G002636,2025-06-13 20:45:00,District 1,member,Silver,Card,5,145000.0,delivered,35.9,,Central,2.1,20,Fri,6
G002637,2025-06-13 22:32:00,District 7,returning,,E-wallet,5,145000.0,delivered,42.8,3,Inner,7.5,22,Fri,6
G002638,2025-06-14 07:10:00,Tan Binh,member,Gold,E-wallet,8,278000.0,delivered,36.3,5,Inner,5.2,7,Sat,6
G002639,2025-06-14 10:42:00,District 7,returning,,E-wallet,11,343000.0,delivered,44.1,2,Inner,7.5,10,Sat,6
G002640,2025-06-14 10:49:00,District 10,returning,,Cash,10,384000.0,delivered,29.3,4,Central,3.5,10,Sat,6
G002641,2025-06-14 11:13:00,Binh Thanh,returning,,Bank transfer,3,96000.0,delivered,33.8,4,Inner,4.6,11,Sat,6
G002642,2025-06-14 11:53:00,District 7,returning,,Card,4,133000.0,delivered,47.0,2,Inner,7.5,11,Sat,6
G002643,2025-06-14 12:28:00,Binh Tan,returning,,Cash,10,282000.0,delivered,52.3,2,Outer,10.8,12,Sat,6
G002644,2025-06-14 13:15:00,Thu Duc City,returning,,E-wallet,9,332000.0,cancelled,,,Outer,11.5,13,Sat,6
G002645,2025-06-14 14:08:00,Tan Binh,member,Platinum,Cash,11,440000.0,delivered,31.6,4,Inner,5.2,14,Sat,6
G002646,2025-06-14 16:22:00,Phu Nhuan,returning,,E-wallet,13,386000.0,delivered,34.4,,Inner,4.0,16,Sat,6
G002647,2025-06-14 17:13:00,Tan Binh,returning,,Bank transfer,6,204000.0,delivered,36.7,4,Inner,5.2,17,Sat,6
G002648,2025-06-14 18:20:00,District 1,returning,,Cash,5,155000.0,delivered,30.8,4,Central,2.1,18,Sat,6
G002649,2025-06-14 18:58:00,District 3,member,Silver,Cash,11,309000.0,delivered,31.0,5,Central,2.8,18,Sat,6
G002650,2025-06-14 19:16:00,District 7,returning,,E-wallet,10,356000.0,cancelled,,,Inner,7.5,19,Sat,6
G002651,2025-06-14 19:30:00,Phu Nhuan,new,,E-wallet,9,434000.0,delivered,35.1,5,Inner,4.0,19,Sat,6
G002652,2025-06-14 22:20:00,District 10,new,,Bank transfer,10,369000.0,delivered,23.9,,Central,3.5,22,Sat,6
G002653,2025-06-15 07:15:00,District 3,returning,,E-wallet,12,333000.0,delivered,22.4,5,Central,2.8,7,Sun,6
G002654,2025-06-15 08:41:00,Binh Tan,member,Silver,Cash,12,462000.0,delivered,43.9,4,Outer,10.8,8,Sun,6
G002655,2025-06-15 10:57:00,District 1,member,Gold,Cash,5,170000.0,delivered,24.0,5,Central,2.1,10,Sun,6
G002656,2025-06-15 11:43:00,District 3,returning,,E-wallet,10,347000.0,delivered,35.7,,Central,2.8,11,Sun,6
G002657,2025-06-15 12:14:00,Go Vap,new,,E-wallet,19,765000.0,delivered,51.2,,Outer,7.9,12,Sun,6
G002658,2025-06-15 12:15:00,District 1,new,,E-wallet,10,448000.0,delivered,31.9,,Central,2.1,12,Sun,6
G002659,2025-06-15 12:22:00,District 1,returning,,Cash,10,302000.0,delivered,34.5,4,Central,2.1,12,Sun,6
G002660,2025-06-15 12:40:00,District 1,returning,,E-wallet,15,406000.0,delivered,29.5,5,Central,2.1,12,Sun,6
G002661,2025-06-15 13:03:00,District 10,member,Silver,Card,15,434000.0,delivered,25.5,,Central,3.5,13,Sun,6
G002662,2025-06-15 13:16:00,Phu Nhuan,new,,E-wallet,7,222000.0,delivered,32.8,5,Inner,4.0,13,Sun,6
G002663,2025-06-15 13:22:00,Go Vap,member,Silver,E-wallet,8,218000.0,delivered,39.1,3,Outer,7.9,13,Sun,6
G002664,2025-06-15 13:46:00,Tan Binh,returning,,E-wallet,7,133000.0,cancelled,,,Inner,5.2,13,Sun,6
G002665,2025-06-15 16:49:00,Thu Duc City,new,,Cash,11,335000.0,delivered,47.0,1,Outer,11.5,16,Sun,6
G002666,2025-06-15 17:01:00,District 1,new,,Bank transfer,9,307000.0,delivered,26.3,5,Central,2.1,17,Sun,6
G002667,2025-06-15 17:49:00,District 3,new,,Cash,8,308000.0,delivered,21.5,5,Central,2.8,17,Sun,6
G002668,2025-06-15 18:04:00,Phu Nhuan,member,Gold,E-wallet,8,260000.0,delivered,37.1,,Inner,4.0,18,Sun,6
G002669,2025-06-15 18:47:00,Phu Nhuan,member,Silver,E-wallet,13,191000.0,delivered,32.0,5,Inner,4.0,18,Sun,6
G002670,2025-06-15 19:32:00,Thu Duc City,returning,,E-wallet,13,462000.0,delivered,53.0,3,Outer,11.5,19,Sun,6
G002671,2025-06-15 20:27:00,Binh Tan,new,,E-wallet,13,354000.0,delivered,59.2,4,Outer,10.8,20,Sun,6
G002672,2025-06-15 23:09:00,District 1,new,,Cash,6,186000.0,delivered,22.2,,Central,2.1,23,Sun,6
G002673,2025-06-16 07:30:00,District 3,returning,,Cash,6,275000.0,delivered,24.3,4,Central,2.8,7,Mon,6
G002674,2025-06-16 08:54:00,Tan Binh,returning,,Cash,4,123000.0,delivered,29.4,,Inner,5.2,8,Mon,6
G002675,2025-06-16 10:17:00,Thu Duc City,new,,E-wallet,5,142000.0,delivered,44.4,2,Outer,11.5,10,Mon,6
G002676,2025-06-16 11:30:00,Binh Tan,member,Silver,E-wallet,12,364000.0,delivered,53.1,2,Outer,10.8,11,Mon,6
G002677,2025-06-16 11:42:00,District 10,returning,,Card,5,152000.0,delivered,34.2,4,Central,3.5,11,Mon,6
G002678,2025-06-16 11:53:00,District 7,member,Gold,Card,5,160000.0,delivered,56.4,1,Inner,7.5,11,Mon,6
G002679,2025-06-16 12:00:00,Binh Tan,member,Gold,Cash,5,144000.0,delivered,62.3,,Outer,10.8,12,Mon,6
G002680,2025-06-16 12:04:00,Binh Thanh,member,Silver,E-wallet,5,141000.0,delivered,35.1,4,Inner,4.6,12,Mon,6
G002681,2025-06-16 12:28:00,District 1,new,,E-wallet,8,290000.0,delivered,32.3,,Central,2.1,12,Mon,6
G002682,2025-06-16 13:15:00,District 3,returning,,Cash,8,302000.0,delivered,21.9,,Central,2.8,13,Mon,6
G002683,2025-06-16 13:39:00,District 10,returning,,E-wallet,7,207000.0,delivered,30.5,,Central,3.5,13,Mon,6
G002684,2025-06-16 15:07:00,Binh Thanh,returning,,Cash,7,275000.0,delivered,27.8,4,Inner,4.6,15,Mon,6
G002685,2025-06-16 17:06:00,Phu Nhuan,member,Silver,Cash,7,168000.0,delivered,26.0,5,Inner,4.0,17,Mon,6
G002686,2025-06-16 17:07:00,District 3,new,,E-wallet,7,251000.0,delivered,22.7,4,Central,2.8,17,Mon,6
G002687,2025-06-16 17:11:00,District 10,member,Gold,E-wallet,8,204000.0,delivered,25.0,4,Central,3.5,17,Mon,6
G002688,2025-06-16 18:31:00,Thu Duc City,returning,,E-wallet,12,528000.0,delivered,55.8,,Outer,11.5,18,Mon,6
G002689,2025-06-16 18:49:00,Tan Binh,member,Silver,Cash,5,193000.0,delivered,38.5,3,Inner,5.2,18,Mon,6
G002690,2025-06-16 19:06:00,District 7,returning,,Bank transfer,9,284000.0,delivered,49.8,2,Inner,7.5,19,Mon,6
G002691,2025-06-16 19:29:00,Thu Duc City,member,Platinum,Cash,5,278000.0,delivered,51.7,,Outer,11.5,19,Mon,6
G002692,2025-06-16 20:10:00,District 10,returning,,Card,7,150000.0,delivered,40.0,,Central,3.5,20,Mon,6
G002693,2025-06-16 20:38:00,District 1,returning,,E-wallet,1,25000.0,delivered,27.9,,Central,2.1,20,Mon,6
G002694,2025-06-16 20:46:00,Phu Nhuan,returning,,E-wallet,4,135000.0,delivered,40.4,4,Inner,4.0,20,Mon,6
G002695,2025-06-16 21:24:00,Go Vap,returning,,E-wallet,7,241000.0,delivered,36.4,,Outer,7.9,21,Mon,6
G002696,2025-06-16 22:30:00,Tan Binh,returning,,Card,7,269000.0,delivered,31.9,,Inner,5.2,22,Mon,6
G002697,2025-06-17 07:19:00,District 7,new,,Bank transfer,11,396000.0,delivered,34.7,4,Inner,7.5,7,Tue,6
G002698,2025-06-17 09:52:00,Go Vap,new,,E-wallet,6,167000.0,delivered,33.1,4,Outer,7.9,9,Tue,6
G002699,2025-06-17 09:57:00,District 10,member,Silver,E-wallet,4,137000.0,delivered,28.1,5,Central,3.5,9,Tue,6
G002700,2025-06-17 10:54:00,District 7,new,,Cash,6,148000.0,delivered,36.6,4,Inner,7.5,10,Tue,6
G002701,2025-06-17 11:24:00,District 3,member,Silver,E-wallet,7,209000.0,delivered,36.1,,Central,2.8,11,Tue,6
G002702,2025-06-17 12:01:00,District 1,member,Platinum,Card,5,310000.0,delivered,28.1,5,Central,2.1,12,Tue,6
G002703,2025-06-17 12:23:00,Binh Thanh,member,Silver,Cash,6,133000.0,delivered,32.3,3,Inner,4.6,12,Tue,6
G002704,2025-06-17 13:12:00,District 1,member,Silver,Cash,7,148000.0,delivered,24.0,,Central,2.1,13,Tue,6
G002705,2025-06-17 13:13:00,Phu Nhuan,new,,Card,7,279000.0,delivered,31.3,,Inner,4.0,13,Tue,6
G002706,2025-06-17 13:58:00,Phu Nhuan,member,Gold,Cash,7,158000.0,delivered,32.4,4,Inner,4.0,13,Tue,6
G002707,2025-06-17 17:41:00,Tan Binh,returning,,Card,7,229000.0,delivered,28.0,4,Inner,5.2,17,Tue,6
G002708,2025-06-17 18:54:00,Tan Binh,member,Silver,E-wallet,7,182000.0,delivered,37.4,4,Inner,5.2,18,Tue,6
G002709,2025-06-17 19:11:00,Binh Thanh,new,,E-wallet,7,177000.0,delivered,34.4,,Inner,4.6,19,Tue,6
G002710,2025-06-17 19:11:00,District 10,new,,Bank transfer,11,,delivered,43.8,3,Central,3.5,19,Tue,6
G002711,2025-06-17 19:32:00,Binh Thanh,returning,,E-wallet,6,208000.0,delivered,35.4,3,Inner,4.6,19,Tue,6
G002712,2025-06-17 19:35:00,District 3,returning,,Bank transfer,7,242000.0,delivered,33.4,,Central,2.8,19,Tue,6
G002713,2025-06-17 20:00:00,Binh Thanh,returning,,Cash,10,396000.0,delivered,33.6,5,Inner,4.6,20,Tue,6
G002714,2025-06-17 20:54:00,Thu Duc City,member,Gold,E-wallet,3,104000.0,delivered,57.5,1,Outer,11.5,20,Tue,6
G002715,2025-06-17 21:21:00,District 3,returning,,E-wallet,6,237000.0,delivered,25.0,4,Central,2.8,21,Tue,6
G002716,2025-06-17 22:47:00,Go Vap,returning,,Card,10,357000.0,delivered,34.4,3,Outer,7.9,22,Tue,6
G002717,2025-06-17 23:34:00,District 7,returning,,Cash,9,270000.0,delivered,34.6,,Inner,7.5,23,Tue,6
G002718,2025-06-18 10:03:00,District 1,returning,,Bank transfer,14,487000.0,delivered,23.2,5,Central,2.1,10,Wed,6
G002719,2025-06-18 13:49:00,Tan Binh,member,Silver,Card,8,248000.0,delivered,27.3,,Inner,5.2,13,Wed,6
G002720,2025-06-18 16:04:00,District 7,returning,,E-wallet,3,79000.0,delivered,37.9,5,Inner,7.5,16,Wed,6
G002721,2025-06-18 16:25:00,District 10,member,Gold,Cash,3,69000.0,delivered,27.5,,Central,3.5,16,Wed,6
G002722,2025-06-18 16:47:00,Thu Duc City,member,Gold,Card,8,277000.0,delivered,43.0,4,Outer,11.5,16,Wed,6
G002723,2025-06-18 18:17:00,District 7,member,Silver,E-wallet,4,162000.0,delivered,41.1,4,Inner,7.5,18,Wed,6
G002724,2025-06-18 18:34:00,Binh Thanh,new,,Card,6,224000.0,delivered,32.9,5,Inner,4.6,18,Wed,6
G002725,2025-06-18 19:14:00,Binh Tan,new,,E-wallet,12,423000.0,delivered,52.7,2,Outer,10.8,19,Wed,6
G002726,2025-06-18 19:59:00,Phu Nhuan,new,,Bank transfer,7,161000.0,delivered,34.5,,Inner,4.0,19,Wed,6
G002727,2025-06-18 20:09:00,Binh Tan,returning,,E-wallet,4,140000.0,delivered,59.5,3,Outer,10.8,20,Wed,6
G002728,2025-06-18 20:40:00,District 10,returning,,E-wallet,5,137000.0,delivered,36.7,5,Central,3.5,20,Wed,6
G002729,2025-06-18 20:54:00,Binh Thanh,member,Silver,Cash,4,115000.0,delivered,38.0,,Inner,4.6,20,Wed,6
G002730,2025-06-18 21:06:00,Binh Thanh,new,,Cash,6,286000.0,delivered,27.3,4,Inner,4.6,21,Wed,6
G002731,2025-06-18 21:14:00,Binh Thanh,returning,,Bank transfer,6,155000.0,delivered,25.4,3,Inner,4.6,21,Wed,6
G002732,2025-06-18 21:28:00,District 3,member,Silver,E-wallet,3,94000.0,delivered,23.1,5,Central,2.8,21,Wed,6
G002733,2025-06-19 06:48:00,Thu Duc City,new,,Cash,6,134000.0,delivered,44.6,,Outer,11.5,6,Thu,6
G002734,2025-06-19 06:49:00,Phu Nhuan,returning,,Cash,5,153000.0,delivered,28.9,5,Inner,4.0,6,Thu,6
G002735,2025-06-19 07:42:00,Binh Tan,member,Silver,E-wallet,4,120000.0,delivered,52.7,,Outer,10.8,7,Thu,6
G002736,2025-06-19 09:37:00,District 10,returning,,E-wallet,5,219000.0,delivered,21.5,5,Central,3.5,9,Thu,6
G002737,2025-06-19 10:16:00,Binh Tan,returning,,Bank transfer,6,163000.0,delivered,45.6,2,Outer,10.8,10,Thu,6
G002738,2025-06-19 10:57:00,Binh Tan,member,Silver,E-wallet,8,273000.0,delivered,44.1,2,Outer,10.8,10,Thu,6
G002739,2025-06-19 13:04:00,Go Vap,new,,Bank transfer,4,106000.0,delivered,39.7,4,Outer,7.9,13,Thu,6
G002740,2025-06-19 14:02:00,District 3,new,,E-wallet,13,457000.0,delivered,22.3,5,Central,2.8,14,Thu,6
G002741,2025-06-19 14:18:00,Thu Duc City,new,,Card,4,103000.0,delivered,43.3,,Outer,11.5,14,Thu,6
G002742,2025-06-19 15:36:00,Binh Thanh,new,,E-wallet,7,252000.0,delivered,28.6,4,Inner,4.6,15,Thu,6
G002743,2025-06-19 17:57:00,Thu Duc City,returning,,Cash,4,175000.0,delivered,53.1,2,Outer,11.5,17,Thu,6
G002744,2025-06-19 18:38:00,District 7,new,,Bank transfer,6,176000.0,delivered,46.0,,Inner,7.5,18,Thu,6
G002745,2025-06-19 18:45:00,District 10,returning,,Bank transfer,5,202000.0,delivered,31.2,3,Central,3.5,18,Thu,6
G002746,2025-06-19 19:07:00,District 1,returning,,E-wallet,6,206000.0,delivered,36.2,,Central,2.1,19,Thu,6
G002747,2025-06-19 19:41:00,District 1,new,,Bank transfer,8,186000.0,delivered,32.7,5,Central,2.1,19,Thu,6
G002748,2025-06-20 09:34:00,District 1,member,Silver,Cash,9,296000.0,delivered,29.6,,Central,2.1,9,Fri,6
G002749,2025-06-20 09:58:00,Tan Binh,member,Silver,Cash,9,316000.0,delivered,28.4,5,Inner,5.2,9,Fri,6
G002750,2025-06-20 10:00:00,District 10,returning,,Cash,5,201000.0,delivered,26.8,4,Central,3.5,10,Fri,6
G002751,2025-06-20 10:38:00,Thu Duc City,new,,Cash,5,153000.0,delivered,43.9,3,Outer,11.5,10,Fri,6
G002752,2025-06-20 10:45:00,Phu Nhuan,returning,,E-wallet,8,241000.0,delivered,27.5,4,Inner,4.0,10,Fri,6
G002753,2025-06-20 10:54:00,Binh Tan,returning,,E-wallet,9,306000.0,delivered,42.6,2,Outer,10.8,10,Fri,6
G002754,2025-06-20 10:56:00,Thu Duc City,member,Silver,Card,9,137000.0,cancelled,,,Outer,11.5,10,Fri,6
G002755,2025-06-20 13:27:00,Binh Tan,new,,Cash,4,142000.0,delivered,44.7,4,Outer,10.8,13,Fri,6
G002756,2025-06-20 14:30:00,Binh Tan,member,Silver,E-wallet,6,181000.0,delivered,46.5,3,Outer,10.8,14,Fri,6
G002757,2025-06-20 14:33:00,Thu Duc City,returning,,E-wallet,5,122000.0,delivered,43.0,3,Outer,11.5,14,Fri,6
G002758,2025-06-20 16:03:00,District 7,member,Silver,Cash,8,191000.0,delivered,37.8,,Inner,7.5,16,Fri,6
G002759,2025-06-20 18:04:00,Phu Nhuan,new,,Bank transfer,6,157000.0,delivered,39.5,4,Inner,4.0,18,Fri,6
G002760,2025-06-20 18:23:00,Go Vap,member,Gold,Bank transfer,6,187000.0,delivered,42.8,3,Outer,7.9,18,Fri,6
G002761,2025-06-20 18:30:00,Tan Binh,new,,E-wallet,8,378000.0,delivered,34.3,5,Inner,5.2,18,Fri,6
G002762,2025-06-20 18:37:00,Thu Duc City,new,,Bank transfer,9,174000.0,delivered,55.3,,Outer,11.5,18,Fri,6
G002763,2025-06-20 18:47:00,District 10,member,Gold,Card,8,350000.0,delivered,33.5,5,Central,3.5,18,Fri,6
G002764,2025-06-20 18:52:00,District 1,returning,,E-wallet,6,225000.0,delivered,28.8,5,Central,2.1,18,Fri,6
G002765,2025-06-20 20:10:00,Tan Binh,member,Platinum,E-wallet,6,274000.0,delivered,39.7,3,Inner,5.2,20,Fri,6
G002766,2025-06-20 20:34:00,District 7,returning,,E-wallet,4,140000.0,delivered,41.8,,Inner,7.5,20,Fri,6
G002767,2025-06-20 20:36:00,District 7,returning,,Card,4,117000.0,delivered,43.8,2,Inner,7.5,20,Fri,6
G002768,2025-06-20 20:39:00,District 7,new,,Cash,11,461000.0,delivered,46.9,,Inner,7.5,20,Fri,6
G002769,2025-06-20 21:33:00,Thu Duc City,returning,,Bank transfer,11,311000.0,delivered,46.9,,Outer,11.5,21,Fri,6
G002770,2025-06-21 06:36:00,District 3,returning,,Cash,8,201000.0,delivered,21.7,4,Central,2.8,6,Sat,6
G002771,2025-06-21 07:58:00,Thu Duc City,member,Gold,Cash,5,215000.0,delivered,46.7,,Outer,11.5,7,Sat,6
G002772,2025-06-21 10:21:00,District 3,member,Silver,Cash,9,262000.0,delivered,20.8,,Central,2.8,10,Sat,6
G002773,2025-06-21 11:21:00,Go Vap,new,,Cash,7,216000.0,delivered,41.5,4,Outer,7.9,11,Sat,6
G002774,2025-06-21 12:12:00,Thu Duc City,member,Gold,Bank transfer,14,317000.0,delivered,55.6,,Outer,11.5,12,Sat,6
G002775,2025-06-21 12:27:00,District 3,member,Silver,E-wallet,10,418000.0,delivered,32.0,3,Central,2.8,12,Sat,6
G002776,2025-06-21 12:38:00,District 7,new,,Bank transfer,4,144000.0,delivered,44.5,4,Inner,7.5,12,Sat,6
G002777,2025-06-21 12:46:00,Binh Thanh,member,Silver,Cash,8,281000.0,delivered,34.6,,Inner,4.6,12,Sat,6
G002778,2025-06-21 15:16:00,District 7,member,Silver,E-wallet,13,327000.0,delivered,44.7,4,Inner,7.5,15,Sat,6
G002779,2025-06-21 16:28:00,District 10,new,,E-wallet,8,199000.0,delivered,22.6,,Central,3.5,16,Sat,6
G002780,2025-06-21 18:43:00,Phu Nhuan,new,,E-wallet,7,211000.0,delivered,34.9,,Inner,4.0,18,Sat,6
G002781,2025-06-21 19:10:00,Tan Binh,returning,,Cash,5,176000.0,delivered,38.7,3,Inner,5.2,19,Sat,6
G002782,2025-06-21 19:59:00,District 1,new,,Cash,15,599000.0,delivered,26.3,5,Central,2.1,19,Sat,6
G002783,2025-06-21 21:33:00,Phu Nhuan,returning,,Cash,12,467000.0,delivered,25.4,,Inner,4.0,21,Sat,6
G002784,2025-06-21 23:26:00,Thu Duc City,member,Silver,Card,7,221000.0,delivered,48.9,3,Outer,11.5,23,Sat,6
G002785,2025-06-22 09:41:00,District 10,returning,,Card,11,236000.0,delivered,34.5,,Central,3.5,9,Sun,6
G002786,2025-06-22 10:06:00,Phu Nhuan,returning,,Cash,8,297000.0,delivered,36.1,3,Inner,4.0,10,Sun,6
G002787,2025-06-22 12:10:00,District 7,member,Silver,E-wallet,12,288000.0,delivered,41.9,4,Inner,7.5,12,Sun,6
G002788,2025-06-22 12:30:00,District 10,returning,,E-wallet,14,377000.0,delivered,32.7,4,Central,3.5,12,Sun,6
G002789,2025-06-22 12:52:00,Go Vap,new,,Bank transfer,16,506000.0,delivered,40.9,2,Outer,7.9,12,Sun,6
G002790,2025-06-22 12:58:00,District 7,member,Gold,E-wallet,6,239000.0,delivered,47.6,,Inner,7.5,12,Sun,6
G002791,2025-06-22 13:18:00,District 7,member,Platinum,E-wallet,10,247000.0,delivered,37.7,3,Inner,7.5,13,Sun,6
G002792,2025-06-22 14:23:00,Go Vap,member,Silver,Cash,6,197000.0,delivered,34.3,4,Outer,7.9,14,Sun,6
G002793,2025-06-22 15:04:00,Go Vap,member,Silver,Card,6,169000.0,delivered,45.9,1,Outer,7.9,15,Sun,6
G002794,2025-06-22 15:11:00,District 1,member,Silver,Cash,5,183000.0,delivered,22.3,,Central,2.1,15,Sun,6
G002795,2025-06-22 16:51:00,Binh Thanh,returning,,Cash,13,406000.0,delivered,37.3,4,Inner,4.6,16,Sun,6
G002796,2025-06-22 17:24:00,Phu Nhuan,member,Gold,Cash,11,536000.0,delivered,29.7,4,Inner,4.0,17,Sun,6
G002797,2025-06-22 20:08:00,Phu Nhuan,new,,E-wallet,10,311000.0,delivered,32.7,,Inner,4.0,20,Sun,6
G002798,2025-06-22 20:18:00,Binh Thanh,new,,Card,7,116000.0,delivered,39.8,3,Inner,4.6,20,Sun,6
G002799,2025-06-22 20:21:00,District 3,returning,,Cash,7,179000.0,delivered,34.4,3,Central,2.8,20,Sun,6
G002800,2025-06-22 20:46:00,Binh Tan,member,Platinum,Cash,7,378000.0,delivered,58.0,,Outer,10.8,20,Sun,6
G002801,2025-06-22 21:14:00,Phu Nhuan,returning,,E-wallet,7,313000.0,delivered,26.4,,Inner,4.0,21,Sun,6
G002802,2025-06-23 07:37:00,Thu Duc City,returning,,E-wallet,6,186000.0,delivered,45.7,3,Outer,11.5,7,Mon,6
G002803,2025-06-23 09:19:00,Tan Binh,returning,,E-wallet,5,124000.0,delivered,28.8,4,Inner,5.2,9,Mon,6
G002804,2025-06-23 13:47:00,District 3,returning,,Bank transfer,9,238000.0,delivered,24.3,4,Central,2.8,13,Mon,6
G002805,2025-06-23 14:29:00,Binh Tan,member,Gold,Cash,4,129000.0,delivered,43.8,3,Outer,10.8,14,Mon,6
G002806,2025-06-23 15:10:00,Thu Duc City,member,Silver,E-wallet,6,236000.0,delivered,49.2,,Outer,11.5,15,Mon,6
G002807,2025-06-23 15:16:00,District 1,new,,Bank transfer,12,526000.0,delivered,26.6,5,Central,2.1,15,Mon,6
G002808,2025-06-23 15:37:00,Thu Duc City,returning,,Cash,10,368000.0,delivered,44.5,,Outer,11.5,15,Mon,6
G002809,2025-06-23 15:54:00,Binh Tan,returning,,Cash,5,128000.0,delivered,56.4,1,Outer,10.8,15,Mon,6
G002810,2025-06-23 16:36:00,Thu Duc City,member,Gold,Cash,11,338000.0,delivered,45.5,2,Outer,11.5,16,Mon,6
G002811,2025-06-23 17:17:00,District 7,returning,,Card,8,288000.0,delivered,44.1,,Inner,7.5,17,Mon,6
G002812,2025-06-23 18:04:00,Phu Nhuan,returning,,Card,4,169000.0,delivered,34.8,4,Inner,4.0,18,Mon,6
G002813,2025-06-23 18:33:00,Phu Nhuan,returning,,E-wallet,5,160000.0,delivered,35.1,4,Inner,4.0,18,Mon,6
G002814,2025-06-23 19:26:00,Tan Binh,returning,,E-wallet,4,135000.0,delivered,35.6,4,Inner,5.2,19,Mon,6
G002815,2025-06-23 19:58:00,Phu Nhuan,new,,E-wallet,8,136000.0,delivered,31.6,3,Inner,4.0,19,Mon,6
G002816,2025-06-23 20:22:00,Tan Binh,new,,E-wallet,8,126000.0,delivered,41.8,,Inner,5.2,20,Mon,6
G002817,2025-06-23 20:54:00,Binh Tan,returning,,E-wallet,4,116000.0,delivered,49.3,3,Outer,10.8,20,Mon,6
G002818,2025-06-23 21:24:00,Phu Nhuan,member,Silver,Bank transfer,4,108000.0,delivered,23.3,5,Inner,4.0,21,Mon,6
G002819,2025-06-23 22:48:00,Tan Binh,member,Gold,E-wallet,10,362000.0,delivered,33.0,4,Inner,5.2,22,Mon,6
G002820,2025-06-24 10:14:00,District 1,returning,,E-wallet,8,277000.0,delivered,20.4,5,Central,2.1,10,Tue,6
G002821,2025-06-24 11:31:00,Tan Binh,new,,Cash,11,200000.0,cancelled,,,Inner,5.2,11,Tue,6
G002822,2025-06-24 11:44:00,Binh Thanh,new,,Cash,9,296000.0,delivered,36.8,3,Inner,4.6,11,Tue,6
G002823,2025-06-24 12:18:00,Phu Nhuan,returning,,Card,11,440000.0,delivered,41.1,,Inner,4.0,12,Tue,6
G002824,2025-06-24 12:30:00,District 7,new,,E-wallet,11,453000.0,cancelled,,,Inner,7.5,12,Tue,6
G002825,2025-06-24 12:43:00,District 7,new,,Cash,4,156000.0,delivered,46.2,,Inner,7.5,12,Tue,6
G002826,2025-06-24 14:07:00,District 3,member,Gold,Card,8,258000.0,delivered,23.1,5,Central,2.8,14,Tue,6
G002827,2025-06-24 14:45:00,Binh Tan,returning,,E-wallet,9,292000.0,delivered,42.5,,Outer,10.8,14,Tue,6
G002828,2025-06-24 17:46:00,Go Vap,member,Silver,E-wallet,7,248000.0,cancelled,,,Outer,7.9,17,Tue,6
G002829,2025-06-24 19:34:00,Binh Thanh,returning,,Cash,2,43000.0,delivered,38.1,,Inner,4.6,19,Tue,6
G002830,2025-06-24 19:49:00,Go Vap,returning,,E-wallet,2,58000.0,delivered,46.1,2,Outer,7.9,19,Tue,6
G002831,2025-06-24 20:24:00,Thu Duc City,member,Gold,E-wallet,8,223000.0,delivered,55.5,,Outer,11.5,20,Tue,6
G002832,2025-06-24 22:54:00,District 10,new,,Cash,6,172000.0,delivered,26.2,,Central,3.5,22,Tue,6
G002833,2025-06-25 07:23:00,Binh Thanh,returning,,E-wallet,6,214000.0,delivered,28.3,5,Inner,4.6,7,Wed,6
G002834,2025-06-25 09:22:00,Go Vap,member,Silver,Card,2,80000.0,delivered,36.0,3,Outer,7.9,9,Wed,6
G002835,2025-06-25 09:46:00,District 7,member,Silver,Cash,12,476000.0,delivered,33.1,,Inner,7.5,9,Wed,6
G002836,2025-06-25 11:17:00,Tan Binh,member,Gold,Bank transfer,4,130000.0,delivered,37.3,,Inner,5.2,11,Wed,6
G002837,2025-06-25 12:22:00,District 3,returning,,E-wallet,9,330000.0,delivered,41.6,,Central,2.8,12,Wed,6
G002838,2025-06-25 12:51:00,Thu Duc City,member,Gold,E-wallet,4,124000.0,delivered,59.5,1,Outer,11.5,12,Wed,6
G002839,2025-06-25 13:02:00,District 10,returning,,E-wallet,3,98000.0,delivered,24.9,4,Central,3.5,13,Wed,6
G002840,2025-06-25 13:06:00,Binh Thanh,returning,,E-wallet,1,37000.0,delivered,26.1,5,Inner,4.6,13,Wed,6
G002841,2025-06-25 14:59:00,Go Vap,member,Gold,Cash,2,37000.0,delivered,37.4,4,Outer,7.9,14,Wed,6
G002842,2025-06-25 15:09:00,Binh Thanh,member,Gold,E-wallet,10,366000.0,delivered,26.9,3,Inner,4.6,15,Wed,6
G002843,2025-06-25 15:09:00,Tan Binh,returning,,Bank transfer,5,157000.0,delivered,35.6,4,Inner,5.2,15,Wed,6
G002844,2025-06-25 16:02:00,Thu Duc City,member,Silver,E-wallet,11,432000.0,delivered,46.2,3,Outer,11.5,16,Wed,6
G002845,2025-06-25 16:52:00,District 10,returning,,E-wallet,11,385000.0,cancelled,,,Central,3.5,16,Wed,6
G002846,2025-06-25 17:49:00,Phu Nhuan,returning,,E-wallet,9,331000.0,delivered,25.2,5,Inner,4.0,17,Wed,6
G002847,2025-06-25 17:57:00,Thu Duc City,member,Platinum,E-wallet,5,228000.0,delivered,49.3,,Outer,11.5,17,Wed,6
G002848,2025-06-25 19:52:00,Binh Tan,returning,,Cash,10,284000.0,delivered,48.7,1,Outer,10.8,19,Wed,6
G002849,2025-06-26 09:52:00,Binh Thanh,returning,,Cash,10,281000.0,delivered,31.1,5,Inner,4.6,9,Thu,6
G002850,2025-06-26 10:53:00,District 3,returning,,Card,5,189000.0,delivered,25.3,5,Central,2.8,10,Thu,6
G002851,2025-06-26 12:00:00,Binh Thanh,new,,E-wallet,6,221000.0,delivered,43.5,2,Inner,4.6,12,Thu,6
G002852,2025-06-26 13:00:00,District 7,returning,,Card,6,195000.0,delivered,42.9,2,Inner,7.5,13,Thu,6
G002853,2025-06-26 13:41:00,District 7,returning,,Bank transfer,3,118000.0,delivered,32.7,,Inner,7.5,13,Thu,6
G002854,2025-06-26 14:45:00,Phu Nhuan,new,,Cash,5,114000.0,cancelled,,,Inner,4.0,14,Thu,6
G002855,2025-06-26 15:14:00,Thu Duc City,new,,E-wallet,7,246000.0,delivered,51.1,4,Outer,11.5,15,Thu,6
G002856,2025-06-26 17:41:00,Phu Nhuan,returning,,Bank transfer,8,311000.0,delivered,32.0,4,Inner,4.0,17,Thu,6
G002857,2025-06-26 18:59:00,Phu Nhuan,returning,,Card,7,274000.0,delivered,33.8,,Inner,4.0,18,Thu,6
G002858,2025-06-26 19:26:00,Go Vap,returning,,Card,7,198000.0,delivered,45.7,,Outer,7.9,19,Thu,6
G002859,2025-06-26 19:41:00,Binh Thanh,new,,Cash,8,322000.0,delivered,33.1,3,Inner,4.6,19,Thu,6
G002860,2025-06-26 19:57:00,District 3,returning,,Cash,5,102000.0,delivered,41.1,,Central,2.8,19,Thu,6
G002861,2025-06-26 20:45:00,Phu Nhuan,new,,E-wallet,8,350000.0,cancelled,,,Inner,4.0,20,Thu,6
G002862,2025-06-26 22:17:00,Tan Binh,returning,,E-wallet,8,307000.0,delivered,35.4,5,Inner,5.2,22,Thu,6
G002863,2025-06-27 09:31:00,Go Vap,new,,Bank transfer,8,270000.0,delivered,38.2,3,Outer,7.9,9,Fri,6
G002864,2025-06-27 10:31:00,Thu Duc City,member,Silver,Card,8,334000.0,delivered,51.4,2,Outer,11.5,10,Fri,6
G002865,2025-06-27 12:38:00,District 1,member,Gold,Card,5,108000.0,delivered,32.8,4,Central,2.1,12,Fri,6
G002866,2025-06-27 12:56:00,District 7,member,Silver,Bank transfer,8,178000.0,delivered,45.1,2,Inner,7.5,12,Fri,6
G002867,2025-06-27 13:25:00,District 7,member,Platinum,Cash,5,216000.0,delivered,35.8,4,Inner,7.5,13,Fri,6
G002868,2025-06-27 13:29:00,District 7,returning,,E-wallet,5,69000.0,cancelled,,,Inner,7.5,13,Fri,6
G002869,2025-06-27 14:10:00,Go Vap,new,,Cash,7,205000.0,delivered,44.2,2,Outer,7.9,14,Fri,6
G002870,2025-06-27 14:36:00,District 7,returning,,E-wallet,5,140000.0,delivered,33.3,,Inner,7.5,14,Fri,6
G002871,2025-06-27 15:00:00,District 7,member,Silver,Cash,9,312000.0,delivered,31.8,4,Inner,7.5,15,Fri,6
G002872,2025-06-27 15:52:00,Tan Binh,new,,E-wallet,6,222000.0,delivered,26.6,4,Inner,5.2,15,Fri,6
G002873,2025-06-27 16:13:00,District 7,returning,,Cash,12,432000.0,delivered,33.6,4,Inner,7.5,16,Fri,6
G002874,2025-06-27 16:17:00,Phu Nhuan,member,Silver,E-wallet,6,241000.0,delivered,30.0,,Inner,4.0,16,Fri,6
G002875,2025-06-27 16:45:00,District 1,new,,Card,10,320000.0,delivered,25.1,5,Central,2.1,16,Fri,6
G002876,2025-06-27 18:12:00,District 1,member,Gold,E-wallet,7,226000.0,delivered,26.5,,Central,2.1,18,Fri,6
G002877,2025-06-27 18:18:00,District 7,member,Silver,Cash,4,150000.0,delivered,47.0,2,Inner,7.5,18,Fri,6
G002878,2025-06-27 18:20:00,Tan Binh,member,Silver,E-wallet,5,127000.0,delivered,39.8,,Inner,5.2,18,Fri,6
G002879,2025-06-27 18:28:00,Phu Nhuan,new,,E-wallet,5,182000.0,delivered,35.9,5,Inner,4.0,18,Fri,6
G002880,2025-06-27 18:41:00,Go Vap,new,,Cash,6,139000.0,delivered,45.6,,Outer,7.9,18,Fri,6
G002881,2025-06-27 18:43:00,District 3,returning,,E-wallet,11,386000.0,delivered,30.9,,Central,2.8,18,Fri,6
G002882,2025-06-27 18:45:00,Tan Binh,returning,,E-wallet,7,267000.0,delivered,43.3,3,Inner,5.2,18,Fri,6
G002883,2025-06-27 19:41:00,Binh Thanh,returning,,Bank transfer,7,217000.0,delivered,35.2,,Inner,4.6,19,Fri,6
G002884,2025-06-27 20:08:00,District 7,new,,E-wallet,5,180000.0,delivered,48.0,3,Inner,7.5,20,Fri,6
G002885,2025-06-27 21:43:00,Tan Binh,new,,Bank transfer,7,289000.0,delivered,28.4,4,Inner,5.2,21,Fri,6
G002886,2025-06-27 22:56:00,Go Vap,returning,,Card,9,290000.0,cancelled,,,Outer,7.9,22,Fri,6
G002887,2025-06-28 07:47:00,Binh Thanh,member,Platinum,Card,10,420000.0,delivered,27.2,4,Inner,4.6,7,Sat,6
G002888,2025-06-28 08:45:00,Thu Duc City,returning,,Card,9,348000.0,delivered,53.2,2,Outer,11.5,8,Sat,6
G002889,2025-06-28 10:44:00,District 7,member,Gold,Card,7,214000.0,delivered,34.5,5,Inner,7.5,10,Sat,6
G002890,2025-06-28 12:53:00,Go Vap,member,Silver,Cash,9,357000.0,delivered,48.6,2,Outer,7.9,12,Sat,6
G002891,2025-06-28 17:16:00,District 1,new,,Card,8,266000.0,delivered,22.3,5,Central,2.1,17,Sat,6
G002892,2025-06-28 19:26:00,District 1,new,,Cash,7,144000.0,delivered,30.7,,Central,2.1,19,Sat,6
G002893,2025-06-28 19:34:00,Go Vap,returning,,Card,9,258000.0,cancelled,,,Outer,7.9,19,Sat,6
G002894,2025-06-28 19:46:00,Binh Tan,new,,Card,5,161000.0,delivered,51.7,1,Outer,10.8,19,Sat,6
G002895,2025-06-28 19:49:00,Phu Nhuan,new,,Cash,8,277000.0,delivered,40.8,2,Inner,4.0,19,Sat,6
G002896,2025-06-28 19:54:00,Thu Duc City,member,Silver,Bank transfer,9,368000.0,delivered,55.5,,Outer,11.5,19,Sat,6
G002897,2025-06-28 20:41:00,District 3,new,,Cash,13,317000.0,delivered,28.1,,Central,2.8,20,Sat,6
G002898,2025-06-28 23:02:00,District 1,new,,E-wallet,4,85000.0,delivered,24.5,,Central,2.1,23,Sat,6
G002899,2025-06-29 10:36:00,Binh Thanh,returning,,Cash,15,492000.0,delivered,27.8,,Inner,4.6,10,Sun,6
G002900,2025-06-29 11:30:00,Go Vap,returning,,E-wallet,10,309000.0,delivered,45.7,2,Outer,7.9,11,Sun,6
G002901,2025-06-29 11:36:00,District 10,member,Silver,Bank transfer,16,605000.0,delivered,47.3,,Central,3.5,11,Sun,6
G002902,2025-06-29 12:52:00,Binh Tan,returning,,E-wallet,8,350000.0,delivered,59.8,,Outer,10.8,12,Sun,6
G002903,2025-06-29 13:28:00,Binh Tan,returning,,Card,9,233000.0,delivered,41.9,,Outer,10.8,13,Sun,6
G002904,2025-06-29 13:30:00,Phu Nhuan,new,,E-wallet,6,250000.0,cancelled,,,Inner,4.0,13,Sun,6
G002905,2025-06-29 14:34:00,District 1,returning,,Cash,9,246000.0,delivered,19.2,5,Central,2.1,14,Sun,6
G002906,2025-06-29 14:50:00,District 7,returning,,Card,6,265000.0,delivered,41.3,3,Inner,7.5,14,Sun,6
G002907,2025-06-29 14:58:00,Tan Binh,returning,,E-wallet,8,279000.0,delivered,30.2,,Inner,5.2,14,Sun,6
G002908,2025-06-29 15:10:00,Binh Thanh,new,,Bank transfer,10,287000.0,delivered,31.5,5,Inner,4.6,15,Sun,6
G002909,2025-06-29 15:49:00,Tan Binh,member,Silver,Card,7,223000.0,delivered,29.5,5,Inner,5.2,15,Sun,6
G002910,2025-06-29 17:33:00,Go Vap,returning,,E-wallet,11,378000.0,delivered,42.7,2,Outer,7.9,17,Sun,6
G002911,2025-06-29 17:55:00,Binh Thanh,returning,,Cash,8,188000.0,delivered,35.2,4,Inner,4.6,17,Sun,6
G002912,2025-06-29 19:25:00,District 1,member,Silver,E-wallet,6,163000.0,delivered,29.5,4,Central,2.1,19,Sun,6
G002913,2025-06-29 19:50:00,District 7,returning,,E-wallet,8,240000.0,delivered,41.2,3,Inner,7.5,19,Sun,6
G002914,2025-06-29 19:54:00,District 3,member,Platinum,E-wallet,8,397000.0,delivered,28.2,5,Central,2.8,19,Sun,6
G002915,2025-06-29 21:47:00,District 10,member,Gold,Card,10,384000.0,delivered,29.4,,Central,3.5,21,Sun,6
G002916,2025-06-29 23:42:00,Tan Binh,new,,E-wallet,7,222000.0,delivered,45.4,2,Inner,5.2,23,Sun,6
G002917,2025-06-30 07:44:00,Binh Tan,member,Gold,Cash,9,183000.0,delivered,43.9,4,Outer,10.8,7,Mon,6
G002918,2025-06-30 08:25:00,Binh Thanh,new,,Cash,4,153000.0,delivered,26.8,4,Inner,4.6,8,Mon,6
G002919,2025-06-30 10:22:00,Tan Binh,new,,Bank transfer,5,115000.0,delivered,27.3,,Inner,5.2,10,Mon,6
G002920,2025-06-30 10:53:00,Thu Duc City,returning,,Cash,7,211000.0,delivered,45.1,,Outer,11.5,10,Mon,6
G002921,2025-06-30 11:37:00,District 1,member,Gold,Bank transfer,7,,delivered,29.3,3,Central,2.1,11,Mon,6
G002922,2025-06-30 14:45:00,District 3,member,Silver,E-wallet,7,212000.0,delivered,31.3,3,Central,2.8,14,Mon,6
G002923,2025-06-30 14:49:00,Binh Thanh,new,,E-wallet,11,252000.0,delivered,25.6,4,Inner,4.6,14,Mon,6
G002924,2025-06-30 15:37:00,Binh Tan,returning,,Cash,4,149000.0,delivered,43.9,2,Outer,10.8,15,Mon,6
G002925,2025-06-30 17:18:00,Thu Duc City,new,,Card,8,321000.0,delivered,45.1,3,Outer,11.5,17,Mon,6
G002926,2025-06-30 17:28:00,Phu Nhuan,new,,Bank transfer,3,86000.0,delivered,40.1,,Inner,4.0,17,Mon,6
G002927,2025-06-30 17:40:00,Binh Thanh,returning,,Cash,8,207000.0,delivered,26.8,,Inner,4.6,17,Mon,6
G002928,2025-06-30 17:45:00,Tan Binh,new,,Card,7,207000.0,delivered,27.8,,Inner,5.2,17,Mon,6
G002929,2025-06-30 18:23:00,District 3,member,Gold,E-wallet,9,251000.0,delivered,29.5,4,Central,2.8,18,Mon,6
G002930,2025-06-30 18:47:00,District 1,member,Silver,E-wallet,8,249000.0,delivered,32.5,,Central,2.1,18,Mon,6
G002931,2025-06-30 20:25:00,Thu Duc City,returning,,Card,10,298000.0,delivered,54.9,,Outer,11.5,20,Mon,6
G002932,2025-06-30 21:02:00,District 10,returning,,E-wallet,7,297000.0,delivered,25.9,,Central,3.5,21,Mon,6
G002933,2025-07-01 07:58:00,Phu Nhuan,returning,,Cash,8,184000.0,delivered,28.9,,Inner,4.0,7,Tue,7
G002934,2025-07-01 13:36:00,District 7,new,,Card,11,344000.0,delivered,42.4,4,Inner,7.5,13,Tue,7
G002935,2025-07-01 14:29:00,Binh Thanh,new,,E-wallet,5,190000.0,delivered,32.7,4,Inner,4.6,14,Tue,7
G002936,2025-07-01 15:33:00,Go Vap,new,,Cash,4,96000.0,delivered,36.2,4,Outer,7.9,15,Tue,7
G002937,2025-07-01 15:36:00,Thu Duc City,returning,,Bank transfer,10,282000.0,cancelled,,,Outer,11.5,15,Tue,7
G002938,2025-07-01 16:14:00,District 10,new,,E-wallet,8,298000.0,delivered,25.9,5,Central,3.5,16,Tue,7
G002939,2025-07-01 16:15:00,District 3,returning,,E-wallet,4,110000.0,delivered,24.0,5,Central,2.8,16,Tue,7
G002940,2025-07-01 17:10:00,Phu Nhuan,returning,,E-wallet,9,354000.0,delivered,30.9,,Inner,4.0,17,Tue,7
G002941,2025-07-01 17:33:00,Phu Nhuan,returning,,E-wallet,4,110000.0,delivered,28.1,3,Inner,4.0,17,Tue,7
G002942,2025-07-01 18:09:00,Thu Duc City,returning,,Bank transfer,3,72000.0,delivered,52.8,2,Outer,11.5,18,Tue,7
G002943,2025-07-01 19:15:00,Phu Nhuan,returning,,E-wallet,8,289000.0,delivered,40.3,3,Inner,4.0,19,Tue,7
G002944,2025-07-01 19:26:00,District 10,member,Gold,E-wallet,7,222000.0,delivered,36.9,4,Central,3.5,19,Tue,7
G002945,2025-07-01 20:57:00,Tan Binh,member,Platinum,E-wallet,7,347000.0,delivered,37.6,3,Inner,5.2,20,Tue,7
G002946,2025-07-01 21:15:00,Tan Binh,returning,,E-wallet,6,185000.0,delivered,26.4,5,Inner,5.2,21,Tue,7
G002947,2025-07-01 21:18:00,Phu Nhuan,returning,,E-wallet,8,200000.0,delivered,26.0,4,Inner,4.0,21,Tue,7
G002948,2025-07-01 22:32:00,Binh Thanh,member,Gold,Cash,7,254000.0,delivered,31.9,4,Inner,4.6,22,Tue,7
G002949,2025-07-02 09:37:00,District 7,new,,Cash,5,183000.0,delivered,38.7,3,Inner,7.5,9,Wed,7
G002950,2025-07-02 12:05:00,District 7,member,Gold,Card,7,251000.0,delivered,40.7,3,Inner,7.5,12,Wed,7
G002951,2025-07-02 14:09:00,District 7,returning,,E-wallet,6,211000.0,delivered,35.3,,Inner,7.5,14,Wed,7
G002952,2025-07-02 14:33:00,District 7,returning,,Bank transfer,6,178000.0,delivered,37.2,4,Inner,7.5,14,Wed,7
G002953,2025-07-02 16:38:00,Go Vap,member,Silver,Card,7,216000.0,delivered,36.4,,Outer,7.9,16,Wed,7
G002954,2025-07-02 18:24:00,Binh Thanh,returning,,Bank transfer,11,280000.0,delivered,35.5,4,Inner,4.6,18,Wed,7
G002955,2025-07-02 20:31:00,Go Vap,member,Silver,E-wallet,6,208000.0,delivered,51.6,,Outer,7.9,20,Wed,7
G002956,2025-07-03 09:17:00,Go Vap,returning,,Card,6,213000.0,delivered,35.5,,Outer,7.9,9,Thu,7
G002957,2025-07-03 09:23:00,Go Vap,new,,E-wallet,4,100000.0,delivered,39.1,3,Outer,7.9,9,Thu,7
G002958,2025-07-03 09:40:00,Tan Binh,returning,,Card,7,207000.0,delivered,47.6,3,Inner,5.2,9,Thu,7
G002959,2025-07-03 10:31:00,Tan Binh,returning,,Cash,7,236000.0,delivered,26.7,5,Inner,5.2,10,Thu,7
G002960,2025-07-03 12:26:00,Thu Duc City,returning,,E-wallet,5,213000.0,delivered,53.1,2,Outer,11.5,12,Thu,7
G002961,2025-07-03 12:31:00,Binh Thanh,returning,,Cash,7,228000.0,delivered,36.7,,Inner,4.6,12,Thu,7
G002962,2025-07-03 12:43:00,District 1,member,Gold,E-wallet,8,255000.0,delivered,26.7,,Central,2.1,12,Thu,7
G002963,2025-07-03 14:03:00,Binh Tan,member,Platinum,E-wallet,8,265000.0,delivered,44.6,3,Outer,10.8,14,Thu,7
G002964,2025-07-03 18:43:00,Thu Duc City,returning,,Card,2,77000.0,delivered,62.3,2,Outer,11.5,18,Thu,7
G002965,2025-07-03 19:00:00,District 1,member,Gold,E-wallet,7,225000.0,cancelled,,,Central,2.1,19,Thu,7
G002966,2025-07-03 19:52:00,District 7,member,Silver,E-wallet,9,304000.0,delivered,52.0,,Inner,7.5,19,Thu,7
G002967,2025-07-03 20:41:00,Binh Thanh,new,,Cash,9,303000.0,delivered,35.1,,Inner,4.6,20,Thu,7
G002968,2025-07-03 21:21:00,Go Vap,returning,,Cash,12,409000.0,delivered,39.7,4,Outer,7.9,21,Thu,7
G002969,2025-07-04 08:40:00,Phu Nhuan,member,Silver,E-wallet,9,267000.0,delivered,25.9,,Inner,4.0,8,Fri,7
G002970,2025-07-04 12:14:00,Thu Duc City,returning,,Card,4,101000.0,delivered,53.2,,Outer,11.5,12,Fri,7
G002971,2025-07-04 12:36:00,Binh Thanh,returning,,E-wallet,4,99000.0,delivered,34.6,,Inner,4.6,12,Fri,7
G002972,2025-07-04 12:51:00,Binh Thanh,returning,,E-wallet,11,209000.0,delivered,33.8,5,Inner,4.6,12,Fri,7
G002973,2025-07-04 13:00:00,Binh Thanh,returning,,Cash,6,202000.0,delivered,31.5,4,Inner,4.6,13,Fri,7
G002974,2025-07-04 13:44:00,Binh Tan,new,,E-wallet,4,166000.0,delivered,42.3,3,Outer,10.8,13,Fri,7
G002975,2025-07-04 15:30:00,District 7,returning,,Card,6,180000.0,delivered,31.9,,Inner,7.5,15,Fri,7
G002976,2025-07-04 18:41:00,Binh Tan,new,,Bank transfer,11,248000.0,delivered,57.2,2,Outer,10.8,18,Fri,7
G002977,2025-07-04 19:04:00,Go Vap,returning,,Bank transfer,4,153000.0,delivered,46.4,,Outer,7.9,19,Fri,7
G002978,2025-07-04 19:12:00,Thu Duc City,member,Gold,Cash,6,157000.0,delivered,56.6,,Outer,11.5,19,Fri,7
G002979,2025-07-04 19:32:00,Thu Duc City,member,Silver,Cash,5,164000.0,delivered,51.7,,Outer,11.5,19,Fri,7
G002980,2025-07-04 23:31:00,Thu Duc City,returning,,Card,5,136000.0,delivered,55.6,,Outer,11.5,23,Fri,7
G002981,2025-07-05 10:01:00,District 7,new,,E-wallet,10,274000.0,delivered,35.6,3,Inner,7.5,10,Sat,7
G002982,2025-07-05 10:41:00,Phu Nhuan,returning,,Bank transfer,3,75000.0,delivered,24.3,3,Inner,4.0,10,Sat,7
G002983,2025-07-05 11:09:00,Thu Duc City,returning,,Cash,6,210000.0,delivered,67.8,2,Outer,11.5,11,Sat,7
G002984,2025-07-05 12:06:00,District 7,member,Gold,E-wallet,11,355000.0,delivered,41.5,,Inner,7.5,12,Sat,7
G002985,2025-07-05 12:29:00,Binh Thanh,new,,E-wallet,7,214000.0,delivered,35.7,4,Inner,4.6,12,Sat,7
G002986,2025-07-05 13:05:00,Binh Tan,member,Silver,Cash,9,349000.0,delivered,58.6,3,Outer,10.8,13,Sat,7
G002987,2025-07-05 14:07:00,Binh Thanh,member,Silver,E-wallet,16,464000.0,cancelled,,,Inner,4.6,14,Sat,7
G002988,2025-07-05 15:24:00,Go Vap,new,,Cash,3,111000.0,delivered,38.8,,Outer,7.9,15,Sat,7
G002989,2025-07-05 15:46:00,Binh Thanh,new,,E-wallet,8,162000.0,delivered,34.7,4,Inner,4.6,15,Sat,7
G002990,2025-07-05 16:16:00,District 3,returning,,E-wallet,13,474000.0,delivered,27.2,,Central,2.8,16,Sat,7
G002991,2025-07-05 17:00:00,District 1,member,Gold,E-wallet,14,514000.0,delivered,22.5,4,Central,2.1,17,Sat,7
G002992,2025-07-05 17:51:00,District 7,new,,Cash,11,378000.0,delivered,36.2,,Inner,7.5,17,Sat,7
G002993,2025-07-05 18:53:00,District 10,returning,,E-wallet,8,307000.0,delivered,35.5,4,Central,3.5,18,Sat,7
G002994,2025-07-05 19:38:00,Thu Duc City,returning,,Cash,9,359000.0,delivered,60.7,,Outer,11.5,19,Sat,7
G002995,2025-07-05 20:12:00,District 3,returning,,Card,10,350000.0,delivered,29.4,5,Central,2.8,20,Sat,7
G002996,2025-07-05 20:38:00,District 7,returning,,Cash,15,473000.0,delivered,43.4,4,Inner,7.5,20,Sat,7
G002997,2025-07-05 20:50:00,District 1,returning,,Card,8,239000.0,delivered,27.0,,Central,2.1,20,Sat,7
G002998,2025-07-05 21:30:00,Binh Tan,returning,,Bank transfer,9,280000.0,delivered,45.1,,Outer,10.8,21,Sat,7
G002999,2025-07-05 21:30:00,Tan Binh,returning,,E-wallet,5,168000.0,delivered,30.1,4,Inner,5.2,21,Sat,7
G003000,2025-07-05 21:55:00,District 7,new,,E-wallet,9,362000.0,delivered,33.2,,Inner,7.5,21,Sat,7
G003001,2025-07-05 22:49:00,Phu Nhuan,returning,,E-wallet,10,390000.0,delivered,28.6,3,Inner,4.0,22,Sat,7
G003002,2025-07-06 09:20:00,District 3,returning,,E-wallet,8,348000.0,delivered,25.1,,Central,2.8,9,Sun,7
G003003,2025-07-06 10:23:00,Thu Duc City,member,Silver,Card,12,301000.0,delivered,49.1,,Outer,11.5,10,Sun,7
G003004,2025-07-06 17:29:00,Phu Nhuan,returning,,Card,13,513000.0,delivered,23.8,4,Inner,4.0,17,Sun,7
G003005,2025-07-06 18:20:00,Thu Duc City,returning,,Cash,9,316000.0,delivered,50.6,,Outer,11.5,18,Sun,7
G003006,2025-07-06 20:27:00,District 7,member,Gold,Card,9,360000.0,delivered,40.5,,Inner,7.5,20,Sun,7
G003007,2025-07-06 21:57:00,Binh Thanh,member,Silver,E-wallet,13,396000.0,delivered,25.8,,Inner,4.6,21,Sun,7
G003008,2025-07-06 22:09:00,District 7,returning,,E-wallet,12,280000.0,delivered,36.6,,Inner,7.5,22,Sun,7
G003009,2025-07-06 23:32:00,Binh Tan,returning,,E-wallet,9,300000.0,delivered,46.5,1,Outer,10.8,23,Sun,7
G003010,2025-07-07 09:26:00,Tan Binh,new,,E-wallet,5,191000.0,delivered,29.8,4,Inner,5.2,9,Mon,7
G003011,2025-07-07 10:27:00,Thu Duc City,returning,,E-wallet,10,403000.0,delivered,46.1,3,Outer,11.5,10,Mon,7
G003012,2025-07-07 11:14:00,District 10,returning,,E-wallet,3,70000.0,delivered,34.5,3,Central,3.5,11,Mon,7
G003013,2025-07-07 12:21:00,Binh Tan,returning,,E-wallet,9,269000.0,delivered,62.2,1,Outer,10.8,12,Mon,7
G003014,2025-07-07 12:36:00,Go Vap,member,Gold,E-wallet,7,176000.0,delivered,44.3,3,Outer,7.9,12,Mon,7
G003015,2025-07-07 13:53:00,Phu Nhuan,returning,,E-wallet,8,342000.0,delivered,31.2,,Inner,4.0,13,Mon,7
G003016,2025-07-07 14:18:00,Binh Tan,member,Silver,E-wallet,5,162000.0,delivered,48.6,,Outer,10.8,14,Mon,7
G003017,2025-07-07 16:33:00,District 7,member,Silver,E-wallet,5,142000.0,delivered,41.4,2,Inner,7.5,16,Mon,7
G003018,2025-07-07 18:34:00,District 3,new,,Cash,7,231000.0,delivered,33.6,4,Central,2.8,18,Mon,7
G003019,2025-07-07 18:59:00,Thu Duc City,new,,Bank transfer,9,427000.0,delivered,53.8,3,Outer,11.5,18,Mon,7
G003020,2025-07-07 19:21:00,Tan Binh,returning,,Card,7,152000.0,delivered,44.6,2,Inner,5.2,19,Mon,7
G003021,2025-07-07 21:24:00,District 1,new,,Cash,7,272000.0,delivered,21.1,5,Central,2.1,21,Mon,7
G003022,2025-07-07 21:52:00,Binh Thanh,returning,,E-wallet,10,382000.0,delivered,30.7,4,Inner,4.6,21,Mon,7
G003023,2025-07-08 08:44:00,Thu Duc City,new,,Card,9,250000.0,delivered,46.5,,Outer,11.5,8,Tue,7
G003024,2025-07-08 08:59:00,Binh Tan,member,Silver,E-wallet,8,181000.0,delivered,41.7,3,Outer,10.8,8,Tue,7
G003025,2025-07-08 11:43:00,District 1,member,Silver,Bank transfer,8,259000.0,delivered,28.2,3,Central,2.1,11,Tue,7
G003026,2025-07-08 12:10:00,Binh Tan,new,,E-wallet,4,154000.0,delivered,52.2,2,Outer,10.8,12,Tue,7
G003027,2025-07-08 12:41:00,District 10,returning,,E-wallet,7,238000.0,delivered,34.3,3,Central,3.5,12,Tue,7
G003028,2025-07-08 12:44:00,Thu Duc City,returning,,Card,5,196000.0,delivered,54.4,2,Outer,11.5,12,Tue,7
G003029,2025-07-08 12:45:00,Binh Thanh,new,,E-wallet,6,184000.0,delivered,39.5,3,Inner,4.6,12,Tue,7
G003030,2025-07-08 15:22:00,District 3,returning,,E-wallet,8,248000.0,delivered,24.4,,Central,2.8,15,Tue,7
G003031,2025-07-08 17:16:00,Thu Duc City,new,,E-wallet,6,252000.0,delivered,49.8,2,Outer,11.5,17,Tue,7
G003032,2025-07-08 17:36:00,District 3,returning,,Card,8,186000.0,delivered,31.9,,Central,2.8,17,Tue,7
G003033,2025-07-08 18:04:00,Phu Nhuan,returning,,E-wallet,8,204000.0,delivered,34.6,5,Inner,4.0,18,Tue,7
G003034,2025-07-08 18:06:00,District 3,member,Gold,E-wallet,6,172000.0,delivered,40.2,,Central,2.8,18,Tue,7
G003035,2025-07-08 18:23:00,Tan Binh,member,Silver,E-wallet,3,93000.0,cancelled,,,Inner,5.2,18,Tue,7
G003036,2025-07-08 18:43:00,Tan Binh,member,Silver,Cash,13,497000.0,delivered,45.8,4,Inner,5.2,18,Tue,7
G003037,2025-07-08 18:44:00,District 1,returning,,Cash,5,194000.0,delivered,27.1,,Central,2.1,18,Tue,7
G003038,2025-07-08 18:52:00,Binh Thanh,returning,,Cash,6,213000.0,cancelled,,,Inner,4.6,18,Tue,7
G003039,2025-07-08 19:09:00,Phu Nhuan,member,Platinum,Bank transfer,7,307000.0,delivered,36.4,3,Inner,4.0,19,Tue,7
G003040,2025-07-08 19:22:00,Binh Thanh,returning,,Card,8,222000.0,delivered,33.6,4,Inner,4.6,19,Tue,7
G003041,2025-07-08 19:54:00,Go Vap,returning,,Card,7,243000.0,delivered,56.7,3,Outer,7.9,19,Tue,7
G003042,2025-07-08 20:09:00,District 1,new,,Cash,8,203000.0,delivered,26.6,,Central,2.1,20,Tue,7
G003043,2025-07-08 23:48:00,District 3,returning,,E-wallet,7,207000.0,delivered,20.9,5,Central,2.8,23,Tue,7
G003044,2025-07-09 09:35:00,Phu Nhuan,returning,,Card,10,395000.0,delivered,30.9,,Inner,4.0,9,Wed,7
G003045,2025-07-09 09:50:00,District 10,returning,,Bank transfer,7,140000.0,delivered,30.4,,Central,3.5,9,Wed,7
G003046,2025-07-09 10:57:00,Binh Thanh,returning,,Card,9,227000.0,cancelled,,,Inner,4.6,10,Wed,7
G003047,2025-07-09 11:32:00,Go Vap,new,,E-wallet,6,224000.0,delivered,49.4,3,Outer,7.9,11,Wed,7
G003048,2025-07-09 12:01:00,Thu Duc City,returning,,Cash,6,212000.0,delivered,50.7,,Outer,11.5,12,Wed,7
G003049,2025-07-09 13:44:00,Tan Binh,new,,Cash,6,128000.0,cancelled,,,Inner,5.2,13,Wed,7
G003050,2025-07-09 13:58:00,District 7,member,Silver,E-wallet,7,177000.0,delivered,35.1,5,Inner,7.5,13,Wed,7
G003051,2025-07-09 14:38:00,Tan Binh,new,,E-wallet,15,555000.0,delivered,29.2,4,Inner,5.2,14,Wed,7
G003052,2025-07-09 17:37:00,District 10,returning,,Card,5,132000.0,delivered,38.3,,Central,3.5,17,Wed,7
G003053,2025-07-09 18:00:00,District 10,member,Platinum,Cash,7,240000.0,delivered,34.7,3,Central,3.5,18,Wed,7
G003054,2025-07-09 18:43:00,District 10,member,Gold,Cash,4,201000.0,delivered,34.8,5,Central,3.5,18,Wed,7
G003055,2025-07-09 18:47:00,Tan Binh,returning,,Card,6,194000.0,delivered,41.3,2,Inner,5.2,18,Wed,7
G003056,2025-07-09 19:12:00,Thu Duc City,returning,,E-wallet,6,213000.0,delivered,54.6,3,Outer,11.5,19,Wed,7
G003057,2025-07-09 20:37:00,District 10,member,Silver,E-wallet,6,165000.0,delivered,33.7,4,Central,3.5,20,Wed,7
G003058,2025-07-09 21:21:00,District 10,returning,,E-wallet,8,170000.0,delivered,25.0,5,Central,3.5,21,Wed,7
G003059,2025-07-09 21:28:00,Phu Nhuan,returning,,Bank transfer,7,229000.0,delivered,30.5,4,Inner,4.0,21,Wed,7
G003060,2025-07-09 21:44:00,Binh Tan,returning,,E-wallet,11,445000.0,delivered,41.8,2,Outer,10.8,21,Wed,7
G003061,2025-07-10 12:06:00,District 7,returning,,Card,13,416000.0,delivered,41.7,3,Inner,7.5,12,Thu,7
G003062,2025-07-10 12:49:00,District 7,returning,,Card,10,351000.0,delivered,40.4,2,Inner,7.5,12,Thu,7
G003063,2025-07-10 13:23:00,District 1,member,Gold,Bank transfer,5,251000.0,delivered,27.2,5,Central,2.1,13,Thu,7
G003064,2025-07-10 15:38:00,District 1,new,,E-wallet,5,142000.0,delivered,24.0,5,Central,2.1,15,Thu,7
G003065,2025-07-10 15:38:00,District 3,returning,,Bank transfer,9,302000.0,delivered,21.1,5,Central,2.8,15,Thu,7
G003066,2025-07-10 18:29:00,Go Vap,returning,,Bank transfer,4,111000.0,delivered,50.1,,Outer,7.9,18,Thu,7
G003067,2025-07-10 19:47:00,Tan Binh,returning,,E-wallet,8,255000.0,delivered,38.8,3,Inner,5.2,19,Thu,7
G003068,2025-07-10 20:09:00,District 3,member,Silver,E-wallet,9,195000.0,delivered,28.7,5,Central,2.8,20,Thu,7
G003069,2025-07-10 20:18:00,District 3,new,,Card,6,136000.0,delivered,31.5,5,Central,2.8,20,Thu,7
G003070,2025-07-10 20:50:00,District 7,returning,,Cash,13,479000.0,delivered,42.9,3,Inner,7.5,20,Thu,7
G003071,2025-07-10 21:44:00,Binh Tan,member,Silver,E-wallet,8,297000.0,delivered,50.2,,Outer,10.8,21,Thu,7
G003072,2025-07-11 06:01:00,District 7,returning,,E-wallet,11,291000.0,delivered,39.7,,Inner,7.5,6,Fri,7
G003073,2025-07-11 06:10:00,District 1,new,,Cash,6,207000.0,delivered,20.0,4,Central,2.1,6,Fri,7
G003074,2025-07-11 10:36:00,Go Vap,new,,Card,8,220000.0,delivered,37.3,3,Outer,7.9,10,Fri,7
G003075,2025-07-11 11:54:00,Binh Thanh,returning,,Card,5,192000.0,delivered,38.2,,Inner,4.6,11,Fri,7
G003076,2025-07-11 12:17:00,Thu Duc City,returning,,E-wallet,4,140000.0,delivered,53.6,1,Outer,11.5,12,Fri,7
G003077,2025-07-11 12:41:00,Thu Duc City,returning,,E-wallet,9,289000.0,delivered,57.7,3,Outer,11.5,12,Fri,7
G003078,2025-07-11 13:19:00,Go Vap,new,,Cash,7,157000.0,delivered,33.8,2,Outer,7.9,13,Fri,7
G003079,2025-07-11 13:55:00,Phu Nhuan,member,Gold,E-wallet,6,227000.0,delivered,30.1,,Inner,4.0,13,Fri,7
G003080,2025-07-11 14:16:00,District 1,returning,,E-wallet,12,384000.0,delivered,21.9,5,Central,2.1,14,Fri,7
G003081,2025-07-11 16:53:00,Binh Thanh,returning,,E-wallet,11,259000.0,delivered,36.3,5,Inner,4.6,16,Fri,7
G003082,2025-07-11 17:10:00,District 1,returning,,Cash,7,245000.0,delivered,21.5,,Central,2.1,17,Fri,7
G003083,2025-07-11 18:03:00,District 3,new,,Card,7,190000.0,delivered,35.0,,Central,2.8,18,Fri,7
G003084,2025-07-11 18:05:00,Phu Nhuan,new,,Cash,7,219000.0,delivered,39.5,3,Inner,4.0,18,Fri,7
G003085,2025-07-11 18:36:00,Thu Duc City,new,,Cash,7,160000.0,delivered,54.6,2,Outer,11.5,18,Fri,7
G003086,2025-07-11 19:21:00,District 7,member,Silver,Cash,11,244000.0,delivered,45.9,3,Inner,7.5,19,Fri,7
G003087,2025-07-11 19:48:00,Phu Nhuan,returning,,Bank transfer,6,151000.0,delivered,37.4,3,Inner,4.0,19,Fri,7
G003088,2025-07-11 21:25:00,Phu Nhuan,returning,,Cash,8,156000.0,delivered,27.2,,Inner,4.0,21,Fri,7
G003089,2025-07-11 21:55:00,District 3,new,,Cash,8,258000.0,cancelled,,,Central,2.8,21,Fri,7
G003090,2025-07-11 23:38:00,District 1,new,,E-wallet,7,150000.0,delivered,24.3,,Central,2.1,23,Fri,7
G003091,2025-07-12 08:33:00,Binh Thanh,member,Silver,Bank transfer,11,320000.0,delivered,32.0,4,Inner,4.6,8,Sat,7
G003092,2025-07-12 10:59:00,Phu Nhuan,returning,,E-wallet,15,567000.0,delivered,24.1,4,Inner,4.0,10,Sat,7
G003093,2025-07-12 12:12:00,Binh Thanh,returning,,Cash,8,229000.0,delivered,36.1,,Inner,4.6,12,Sat,7
G003094,2025-07-12 12:25:00,District 1,new,,E-wallet,6,182000.0,delivered,31.8,,Central,2.1,12,Sat,7
G003095,2025-07-12 12:33:00,Go Vap,returning,,E-wallet,11,499000.0,delivered,44.9,,Outer,7.9,12,Sat,7
G003096,2025-07-12 14:08:00,District 10,returning,,E-wallet,5,193000.0,delivered,23.3,5,Central,3.5,14,Sat,7
G003097,2025-07-12 14:25:00,District 10,new,,E-wallet,11,416000.0,delivered,25.7,,Central,3.5,14,Sat,7
G003098,2025-07-12 17:04:00,Binh Thanh,returning,,Bank transfer,9,342000.0,delivered,29.4,,Inner,4.6,17,Sat,7
G003099,2025-07-12 18:56:00,Phu Nhuan,returning,,E-wallet,10,411000.0,delivered,35.9,4,Inner,4.0,18,Sat,7
G003100,2025-07-12 19:48:00,District 1,member,Silver,Card,8,226000.0,delivered,28.6,4,Central,2.1,19,Sat,7
G003101,2025-07-12 19:49:00,Binh Tan,returning,,Cash,11,376000.0,delivered,56.7,,Outer,10.8,19,Sat,7
G003102,2025-07-12 20:22:00,Binh Thanh,member,Gold,E-wallet,8,223000.0,delivered,34.0,,Inner,4.6,20,Sat,7
G003103,2025-07-12 21:13:00,District 3,returning,,E-wallet,8,317000.0,delivered,22.7,4,Central,2.8,21,Sat,7
G003104,2025-07-13 10:45:00,Go Vap,member,Silver,E-wallet,7,138000.0,cancelled,,,Outer,7.9,10,Sun,7
G003105,2025-07-13 10:51:00,Tan Binh,returning,,E-wallet,7,260000.0,delivered,38.9,,Inner,5.2,10,Sun,7
G003106,2025-07-13 12:01:00,Thu Duc City,member,Silver,E-wallet,7,208000.0,delivered,53.6,2,Outer,11.5,12,Sun,7
G003107,2025-07-13 12:54:00,Thu Duc City,returning,,Cash,10,266000.0,delivered,54.9,2,Outer,11.5,12,Sun,7
G003108,2025-07-13 13:10:00,Tan Binh,returning,,Cash,7,243000.0,delivered,36.3,4,Inner,5.2,13,Sun,7
G003109,2025-07-13 13:14:00,District 10,returning,,E-wallet,16,589000.0,cancelled,,,Central,3.5,13,Sun,7
G003110,2025-07-13 14:12:00,Go Vap,returning,,Cash,14,401000.0,delivered,48.5,4,Outer,7.9,14,Sun,7
G003111,2025-07-13 14:52:00,Thu Duc City,returning,,E-wallet,9,192000.0,delivered,42.9,3,Outer,11.5,14,Sun,7
G003112,2025-07-13 15:42:00,District 7,member,Gold,E-wallet,14,454000.0,delivered,34.7,,Inner,7.5,15,Sun,7
G003113,2025-07-13 16:10:00,Thu Duc City,member,Silver,Card,10,417000.0,delivered,43.8,1,Outer,11.5,16,Sun,7
G003114,2025-07-13 17:05:00,Phu Nhuan,returning,,Bank transfer,11,511000.0,delivered,26.8,5,Inner,4.0,17,Sun,7
G003115,2025-07-13 17:13:00,Go Vap,member,Silver,E-wallet,12,326000.0,delivered,35.1,3,Outer,7.9,17,Sun,7
G003116,2025-07-13 21:29:00,Thu Duc City,new,,Card,12,484000.0,delivered,51.1,,Outer,11.5,21,Sun,7
G003117,2025-07-14 09:18:00,District 7,member,Silver,E-wallet,7,248000.0,delivered,43.3,4,Inner,7.5,9,Mon,7
G003118,2025-07-14 10:01:00,Go Vap,returning,,Card,9,279000.0,delivered,34.2,,Outer,7.9,10,Mon,7
G003119,2025-07-14 10:58:00,Thu Duc City,returning,,Cash,6,228000.0,delivered,44.3,2,Outer,11.5,10,Mon,7
G003120,2025-07-14 11:49:00,Thu Duc City,returning,,Card,5,208000.0,delivered,56.9,1,Outer,11.5,11,Mon,7
G003121,2025-07-14 12:32:00,Go Vap,returning,,Bank transfer,8,171000.0,delivered,44.6,,Outer,7.9,12,Mon,7
G003122,2025-07-14 12:39:00,District 10,new,,E-wallet,7,179000.0,delivered,31.7,,Central,3.5,12,Mon,7
G003123,2025-07-14 16:27:00,Tan Binh,member,Silver,E-wallet,9,306000.0,delivered,31.2,5,Inner,5.2,16,Mon,7
G003124,2025-07-14 17:18:00,District 10,returning,,E-wallet,3,113000.0,delivered,24.4,,Central,3.5,17,Mon,7
G003125,2025-07-14 17:33:00,District 7,returning,,Bank transfer,11,318000.0,delivered,32.9,,Inner,7.5,17,Mon,7
G003126,2025-07-14 17:53:00,Binh Tan,new,,Card,4,104000.0,delivered,41.3,,Outer,10.8,17,Mon,7
G003127,2025-07-14 18:33:00,District 7,member,Silver,E-wallet,9,211000.0,delivered,43.0,3,Inner,7.5,18,Mon,7
G003128,2025-07-14 18:50:00,District 1,returning,,Cash,10,400000.0,delivered,28.0,5,Central,2.1,18,Mon,7
G003129,2025-07-14 18:52:00,Phu Nhuan,new,,E-wallet,6,177000.0,delivered,32.9,5,Inner,4.0,18,Mon,7
G003130,2025-07-14 19:29:00,Tan Binh,new,,E-wallet,10,332000.0,delivered,55.5,,Inner,5.2,19,Mon,7
G003131,2025-07-14 19:31:00,Binh Tan,new,,Cash,9,286000.0,delivered,56.6,,Outer,10.8,19,Mon,7
G003132,2025-07-14 19:49:00,Binh Thanh,returning,,E-wallet,5,225000.0,delivered,36.4,3,Inner,4.6,19,Mon,7
G003133,2025-07-14 19:51:00,Thu Duc City,returning,,Bank transfer,11,340000.0,delivered,58.3,,Outer,11.5,19,Mon,7
G003134,2025-07-14 21:31:00,District 1,returning,,Card,5,141000.0,delivered,29.8,5,Central,2.1,21,Mon,7
G003135,2025-07-15 11:16:00,Tan Binh,new,,Card,8,308000.0,delivered,45.5,2,Inner,5.2,11,Tue,7
G003136,2025-07-15 11:56:00,District 1,new,,Cash,7,245000.0,delivered,27.9,5,Central,2.1,11,Tue,7
G003137,2025-07-15 14:39:00,Tan Binh,returning,,Bank transfer,13,364000.0,delivered,33.6,,Inner,5.2,14,Tue,7
G003138,2025-07-15 16:06:00,Go Vap,member,Platinum,E-wallet,8,318000.0,delivered,33.5,4,Outer,7.9,16,Tue,7
G003139,2025-07-15 17:08:00,Go Vap,member,Gold,Card,5,132000.0,delivered,43.0,,Outer,7.9,17,Tue,7
G003140,2025-07-15 18:32:00,Binh Thanh,member,Gold,Cash,7,176000.0,delivered,34.9,,Inner,4.6,18,Tue,7
G003141,2025-07-15 19:13:00,Binh Thanh,new,,Cash,5,138000.0,delivered,38.2,3,Inner,4.6,19,Tue,7
G003142,2025-07-15 19:42:00,District 3,returning,,E-wallet,5,150000.0,delivered,32.8,,Central,2.8,19,Tue,7
G003143,2025-07-15 20:06:00,District 3,returning,,E-wallet,5,113000.0,delivered,35.5,3,Central,2.8,20,Tue,7
G003144,2025-07-15 20:58:00,District 3,member,Silver,Card,7,157000.0,cancelled,,,Central,2.8,20,Tue,7
G003145,2025-07-16 07:33:00,District 3,returning,,E-wallet,7,330000.0,delivered,22.2,5,Central,2.8,7,Wed,7
G003146,2025-07-16 10:25:00,Thu Duc City,member,Gold,Cash,10,315000.0,delivered,45.3,,Outer,11.5,10,Wed,7
G003147,2025-07-16 12:34:00,District 10,returning,,E-wallet,4,86000.0,delivered,36.8,3,Central,3.5,12,Wed,7
G003148,2025-07-16 12:57:00,Go Vap,returning,,Bank transfer,12,296000.0,delivered,43.4,,Outer,7.9,12,Wed,7
G003149,2025-07-16 13:55:00,Tan Binh,new,,E-wallet,9,318000.0,delivered,37.0,,Inner,5.2,13,Wed,7
G003150,2025-07-16 14:00:00,District 10,new,,E-wallet,4,139000.0,delivered,29.7,,Central,3.5,14,Wed,7
G003151,2025-07-16 15:00:00,Thu Duc City,returning,,Cash,5,202000.0,delivered,45.6,,Outer,11.5,15,Wed,7
G003152,2025-07-16 15:07:00,District 7,member,Silver,Cash,7,237000.0,delivered,45.0,2,Inner,7.5,15,Wed,7
G003153,2025-07-16 17:18:00,Binh Tan,new,,Bank transfer,6,145000.0,delivered,43.4,4,Outer,10.8,17,Wed,7
G003154,2025-07-16 17:29:00,District 7,new,,E-wallet,6,227000.0,delivered,34.9,4,Inner,7.5,17,Wed,7
G003155,2025-07-16 19:13:00,Tan Binh,new,,Cash,6,139000.0,delivered,46.3,3,Inner,5.2,19,Wed,7
G003156,2025-07-16 21:18:00,Tan Binh,member,Silver,E-wallet,7,174000.0,delivered,36.0,3,Inner,5.2,21,Wed,7
G003157,2025-07-17 11:16:00,Tan Binh,returning,,E-wallet,6,210000.0,delivered,34.9,,Inner,5.2,11,Thu,7
G003158,2025-07-17 11:50:00,Thu Duc City,new,,Bank transfer,5,163000.0,delivered,53.0,,Outer,11.5,11,Thu,7
G003159,2025-07-17 13:18:00,District 1,new,,Bank transfer,5,136000.0,delivered,34.7,,Central,2.1,13,Thu,7
G003160,2025-07-17 13:47:00,Phu Nhuan,returning,,E-wallet,6,215000.0,delivered,26.6,5,Inner,4.0,13,Thu,7
G003161,2025-07-17 16:33:00,Binh Tan,new,,E-wallet,7,171000.0,delivered,42.7,2,Outer,10.8,16,Thu,7
G003162,2025-07-17 18:46:00,Thu Duc City,member,Gold,Card,7,244000.0,delivered,50.7,,Outer,11.5,18,Thu,7
G003163,2025-07-17 19:06:00,Tan Binh,member,Platinum,Cash,4,204000.0,delivered,36.8,,Inner,5.2,19,Thu,7
G003164,2025-07-17 19:38:00,Tan Binh,member,Gold,Cash,7,184000.0,delivered,34.2,4,Inner,5.2,19,Thu,7
G003165,2025-07-17 19:51:00,District 1,returning,,Cash,6,119000.0,cancelled,,,Central,2.1,19,Thu,7
G003166,2025-07-17 20:36:00,Thu Duc City,new,,Bank transfer,2,48000.0,delivered,63.6,2,Outer,11.5,20,Thu,7
G003167,2025-07-17 20:49:00,Phu Nhuan,new,,E-wallet,11,363000.0,delivered,42.6,4,Inner,4.0,20,Thu,7
G003168,2025-07-17 20:59:00,Thu Duc City,member,Gold,Cash,8,170000.0,delivered,58.9,2,Outer,11.5,20,Thu,7
G003169,2025-07-17 21:34:00,District 7,member,Silver,Cash,7,249000.0,delivered,36.3,4,Inner,7.5,21,Thu,7
G003170,2025-07-17 21:55:00,District 7,member,Silver,E-wallet,7,238000.0,delivered,36.0,4,Inner,7.5,21,Thu,7
G003171,2025-07-18 07:34:00,Thu Duc City,returning,,Cash,6,195000.0,delivered,43.7,,Outer,11.5,7,Fri,7
G003172,2025-07-18 08:59:00,Binh Thanh,returning,,E-wallet,5,130000.0,delivered,32.3,3,Inner,4.6,8,Fri,7
G003173,2025-07-18 09:15:00,District 1,member,Silver,Cash,8,266000.0,cancelled,,,Central,2.1,9,Fri,7
G003174,2025-07-18 10:02:00,Go Vap,new,,E-wallet,9,324000.0,delivered,35.6,,Outer,7.9,10,Fri,7
G003175,2025-07-18 10:50:00,Binh Tan,new,,Cash,9,242000.0,delivered,41.1,,Outer,10.8,10,Fri,7
G003176,2025-07-18 11:40:00,Tan Binh,member,Silver,Bank transfer,13,527000.0,delivered,37.3,4,Inner,5.2,11,Fri,7
G003177,2025-07-18 13:46:00,District 1,member,Gold,E-wallet,7,276000.0,delivered,21.1,4,Central,2.1,13,Fri,7
G003178,2025-07-18 19:30:00,Thu Duc City,returning,,E-wallet,9,283000.0,delivered,59.3,,Outer,11.5,19,Fri,7
G003179,2025-07-19 07:08:00,Thu Duc City,returning,,Card,9,192000.0,delivered,47.9,4,Outer,11.5,7,Sat,7
G003180,2025-07-19 08:21:00,Tan Binh,member,Platinum,E-wallet,7,298000.0,cancelled,,,Inner,5.2,8,Sat,7
G003181,2025-07-19 09:24:00,Binh Thanh,new,,Cash,15,715000.0,delivered,32.0,4,Inner,4.6,9,Sat,7
G003182,2025-07-19 11:44:00,District 1,member,Silver,Cash,9,234000.0,delivered,30.9,3,Central,2.1,11,Sat,7
G003183,2025-07-19 12:02:00,Go Vap,new,,Card,12,241000.0,delivered,44.0,2,Outer,7.9,12,Sat,7
G003184,2025-07-19 12:05:00,District 1,returning,,E-wallet,10,158000.0,delivered,31.6,,Central,2.1,12,Sat,7
G003185,2025-07-19 12:15:00,District 7,returning,,Cash,14,631000.0,delivered,43.9,3,Inner,7.5,12,Sat,7
G003186,2025-07-19 13:11:00,District 10,member,Gold,E-wallet,7,241000.0,delivered,21.7,5,Central,3.5,13,Sat,7
G003187,2025-07-19 13:22:00,Binh Tan,returning,,E-wallet,10,366000.0,delivered,45.7,3,Outer,10.8,13,Sat,7
G003188,2025-07-19 14:55:00,District 1,member,Gold,Bank transfer,12,301000.0,delivered,27.4,,Central,2.1,14,Sat,7
G003189,2025-07-19 16:00:00,Tan Binh,new,,E-wallet,11,351000.0,delivered,28.9,,Inner,5.2,16,Sat,7
G003190,2025-07-19 17:52:00,Binh Tan,new,,E-wallet,9,317000.0,delivered,41.2,3,Outer,10.8,17,Sat,7
G003191,2025-07-19 18:43:00,Binh Thanh,returning,,E-wallet,8,253000.0,delivered,35.2,5,Inner,4.6,18,Sat,7
G003192,2025-07-19 18:47:00,Phu Nhuan,member,Gold,E-wallet,11,304000.0,delivered,41.9,4,Inner,4.0,18,Sat,7
G003193,2025-07-19 19:07:00,District 7,returning,,Cash,11,322000.0,delivered,46.5,,Inner,7.5,19,Sat,7
G003194,2025-07-19 19:20:00,Go Vap,member,Gold,Cash,12,435000.0,delivered,46.5,3,Outer,7.9,19,Sat,7
G003195,2025-07-19 19:26:00,District 10,returning,,Cash,13,410000.0,delivered,41.6,2,Central,3.5,19,Sat,7
G003196,2025-07-19 19:56:00,Binh Tan,returning,,E-wallet,6,136000.0,delivered,55.0,4,Outer,10.8,19,Sat,7
G003197,2025-07-19 20:18:00,Tan Binh,new,,Card,16,505000.0,delivered,34.6,3,Inner,5.2,20,Sat,7
G003198,2025-07-19 20:56:00,Thu Duc City,returning,,E-wallet,13,498000.0,delivered,61.9,2,Outer,11.5,20,Sat,7
G003199,2025-07-20 08:52:00,District 1,returning,,Cash,9,360000.0,delivered,24.7,,Central,2.1,8,Sun,7
G003200,2025-07-20 10:26:00,Tan Binh,member,Silver,Card,10,377000.0,delivered,26.6,4,Inner,5.2,10,Sun,7
G003201,2025-07-20 10:33:00,Go Vap,member,Gold,Cash,8,354000.0,delivered,37.7,,Outer,7.9,10,Sun,7
G003202,2025-07-20 11:29:00,District 10,returning,,E-wallet,7,193000.0,delivered,31.6,,Central,3.5,11,Sun,7
G003203,2025-07-20 11:51:00,District 1,returning,,E-wallet,14,376000.0,delivered,29.7,4,Central,2.1,11,Sun,7
G003204,2025-07-20 12:29:00,District 7,member,Silver,Cash,17,529000.0,delivered,40.1,5,Inner,7.5,12,Sun,7
G003205,2025-07-20 13:08:00,Binh Thanh,returning,,E-wallet,17,351000.0,delivered,35.9,3,Inner,4.6,13,Sun,7
G003206,2025-07-20 14:10:00,District 3,returning,,Cash,8,237000.0,delivered,20.8,4,Central,2.8,14,Sun,7
G003207,2025-07-20 14:54:00,District 7,member,Gold,E-wallet,7,261000.0,delivered,41.2,,Inner,7.5,14,Sun,7
G003208,2025-07-20 14:57:00,District 10,new,,Cash,14,478000.0,delivered,32.7,5,Central,3.5,14,Sun,7
G003209,2025-07-20 15:05:00,District 7,returning,,Bank transfer,9,250000.0,delivered,38.2,3,Inner,7.5,15,Sun,7
G003210,2025-07-20 15:06:00,District 1,new,,Cash,11,318000.0,delivered,17.8,,Central,2.1,15,Sun,7
G003211,2025-07-20 16:06:00,Thu Duc City,returning,,E-wallet,5,185000.0,delivered,51.2,,Outer,11.5,16,Sun,7
G003212,2025-07-20 17:01:00,District 3,member,Silver,E-wallet,17,545000.0,delivered,33.9,,Central,2.8,17,Sun,7
G003213,2025-07-20 19:30:00,Binh Thanh,returning,,Cash,6,232000.0,delivered,40.1,3,Inner,4.6,19,Sun,7
G003214,2025-07-21 08:49:00,District 7,returning,,E-wallet,5,141000.0,delivered,39.3,3,Inner,7.5,8,Mon,7
G003215,2025-07-21 11:48:00,Tan Binh,new,,Card,6,192000.0,delivered,38.8,3,Inner,5.2,11,Mon,7
G003216,2025-07-21 12:43:00,Binh Tan,returning,,Card,8,297000.0,delivered,51.7,,Outer,10.8,12,Mon,7
G003217,2025-07-21 13:30:00,District 3,returning,,E-wallet,11,433000.0,delivered,22.6,4,Central,2.8,13,Mon,7
G003218,2025-07-21 15:01:00,Binh Tan,returning,,E-wallet,10,226000.0,delivered,45.8,3,Outer,10.8,15,Mon,7
G003219,2025-07-21 15:18:00,Tan Binh,returning,,Cash,11,582000.0,delivered,36.5,3,Inner,5.2,15,Mon,7
G003220,2025-07-21 16:59:00,Thu Duc City,new,,Bank transfer,9,300000.0,delivered,44.1,2,Outer,11.5,16,Mon,7
G003221,2025-07-21 17:34:00,Thu Duc City,returning,,E-wallet,2,68000.0,delivered,54.4,,Outer,11.5,17,Mon,7
G003222,2025-07-21 18:40:00,Tan Binh,returning,,Cash,10,173000.0,delivered,42.8,3,Inner,5.2,18,Mon,7
G003223,2025-07-21 18:47:00,Tan Binh,returning,,E-wallet,4,157000.0,delivered,41.2,4,Inner,5.2,18,Mon,7
G003224,2025-07-21 21:18:00,Binh Thanh,returning,,Cash,5,129000.0,delivered,34.3,,Inner,4.6,21,Mon,7
G003225,2025-07-21 21:46:00,Thu Duc City,member,Silver,E-wallet,12,265000.0,delivered,50.0,2,Outer,11.5,21,Mon,7
G003226,2025-07-21 23:53:00,District 1,returning,,E-wallet,10,396000.0,delivered,19.7,,Central,2.1,23,Mon,7
G003227,2025-07-22 06:08:00,Binh Thanh,returning,,Bank transfer,8,246000.0,delivered,27.7,,Inner,4.6,6,Tue,7
G003228,2025-07-22 11:17:00,Thu Duc City,returning,,Card,9,361000.0,delivered,62.9,3,Outer,11.5,11,Tue,7
G003229,2025-07-22 12:26:00,Thu Duc City,member,Gold,E-wallet,9,208000.0,delivered,56.3,,Outer,11.5,12,Tue,7
G003230,2025-07-22 13:22:00,District 1,returning,,Card,8,264000.0,delivered,18.9,,Central,2.1,13,Tue,7
G003231,2025-07-22 16:57:00,Binh Tan,returning,,Cash,6,239000.0,delivered,45.5,,Outer,10.8,16,Tue,7
G003232,2025-07-22 18:21:00,District 7,member,Silver,Bank transfer,7,253000.0,delivered,44.5,3,Inner,7.5,18,Tue,7
G003233,2025-07-22 18:39:00,District 7,new,,E-wallet,6,189000.0,delivered,41.1,3,Inner,7.5,18,Tue,7
G003234,2025-07-22 18:49:00,Thu Duc City,returning,,E-wallet,8,240000.0,delivered,51.7,3,Outer,11.5,18,Tue,7
G003235,2025-07-22 19:10:00,Binh Tan,returning,,E-wallet,10,427000.0,delivered,55.9,3,Outer,10.8,19,Tue,7
G003236,2025-07-22 20:02:00,District 10,returning,,E-wallet,8,284000.0,delivered,35.3,,Central,3.5,20,Tue,7
G003237,2025-07-22 20:05:00,Go Vap,returning,,E-wallet,6,229000.0,delivered,45.3,2,Outer,7.9,20,Tue,7
G003238,2025-07-22 20:05:00,Binh Tan,member,Silver,Bank transfer,4,140000.0,delivered,53.5,,Outer,10.8,20,Tue,7
G003239,2025-07-22 20:53:00,District 3,returning,,Bank transfer,6,245000.0,delivered,33.5,,Central,2.8,20,Tue,7
G003240,2025-07-22 20:57:00,Thu Duc City,member,Silver,Bank transfer,4,127000.0,delivered,54.8,,Outer,11.5,20,Tue,7
G003241,2025-07-23 11:40:00,Go Vap,member,Platinum,E-wallet,8,445000.0,delivered,40.9,3,Outer,7.9,11,Wed,7
G003242,2025-07-23 11:45:00,Phu Nhuan,new,,Bank transfer,8,321000.0,delivered,36.4,4,Inner,4.0,11,Wed,7
G003243,2025-07-23 12:14:00,Binh Tan,returning,,Bank transfer,7,276000.0,delivered,50.9,,Outer,10.8,12,Wed,7
G003244,2025-07-23 12:27:00,Thu Duc City,returning,,E-wallet,5,131000.0,delivered,56.2,2,Outer,11.5,12,Wed,7
G003245,2025-07-23 12:34:00,Phu Nhuan,member,Silver,E-wallet,7,221000.0,delivered,43.2,2,Inner,4.0,12,Wed,7
G003246,2025-07-23 14:53:00,Tan Binh,returning,,E-wallet,9,301000.0,delivered,35.2,,Inner,5.2,14,Wed,7
G003247,2025-07-23 14:59:00,Thu Duc City,member,Platinum,E-wallet,8,318000.0,delivered,48.3,,Outer,11.5,14,Wed,7
G003248,2025-07-23 15:04:00,Binh Thanh,returning,,Cash,9,186000.0,delivered,29.6,,Inner,4.6,15,Wed,7
G003249,2025-07-23 17:03:00,Binh Thanh,member,Silver,E-wallet,11,347000.0,delivered,31.4,,Inner,4.6,17,Wed,7
G003250,2025-07-23 17:04:00,Binh Tan,new,,E-wallet,7,314000.0,delivered,57.2,2,Outer,10.8,17,Wed,7
G003251,2025-07-23 17:48:00,Phu Nhuan,new,,E-wallet,10,356000.0,delivered,26.8,4,Inner,4.0,17,Wed,7
G003252,2025-07-23 18:32:00,Binh Thanh,new,,Bank transfer,4,143000.0,delivered,40.9,4,Inner,4.6,18,Wed,7
G003253,2025-07-23 18:58:00,Binh Thanh,member,Silver,Cash,11,285000.0,delivered,35.6,4,Inner,4.6,18,Wed,7
G003254,2025-07-23 19:18:00,District 1,returning,,Cash,4,112000.0,delivered,25.7,5,Central,2.1,19,Wed,7
G003255,2025-07-23 20:53:00,Thu Duc City,member,Silver,Card,4,123000.0,delivered,56.7,3,Outer,11.5,20,Wed,7
G003256,2025-07-23 20:56:00,Binh Thanh,returning,,Bank transfer,6,239000.0,delivered,47.8,,Inner,4.6,20,Wed,7
G003257,2025-07-23 21:49:00,Thu Duc City,member,Silver,Cash,6,180000.0,delivered,47.0,2,Outer,11.5,21,Wed,7
G003258,2025-07-23 22:04:00,Binh Thanh,new,,Bank transfer,4,139000.0,delivered,31.2,,Inner,4.6,22,Wed,7
G003259,2025-07-24 10:28:00,Tan Binh,returning,,Bank transfer,8,346000.0,delivered,34.2,,Inner,5.2,10,Thu,7
G003260,2025-07-24 10:31:00,Binh Tan,member,Gold,E-wallet,5,210000.0,cancelled,,,Outer,10.8,10,Thu,7
G003261,2025-07-24 10:54:00,District 7,member,Silver,Cash,8,311000.0,delivered,47.0,,Inner,7.5,10,Thu,7
G003262,2025-07-24 11:34:00,District 3,new,,E-wallet,5,140000.0,delivered,39.3,,Central,2.8,11,Thu,7
G003263,2025-07-24 13:36:00,Phu Nhuan,returning,,E-wallet,10,279000.0,delivered,32.7,4,Inner,4.0,13,Thu,7
G003264,2025-07-24 14:10:00,Thu Duc City,returning,,Bank transfer,7,234000.0,delivered,48.1,3,Outer,11.5,14,Thu,7
G003265,2025-07-24 15:56:00,Thu Duc City,member,Silver,E-wallet,9,280000.0,delivered,45.7,2,Outer,11.5,15,Thu,7
G003266,2025-07-24 18:46:00,Go Vap,returning,,E-wallet,3,87000.0,delivered,44.1,,Outer,7.9,18,Thu,7
G003267,2025-07-24 19:38:00,District 7,returning,,E-wallet,5,120000.0,delivered,44.0,3,Inner,7.5,19,Thu,7
G003268,2025-07-24 19:47:00,Binh Thanh,member,Gold,E-wallet,4,164000.0,delivered,38.9,,Inner,4.6,19,Thu,7
G003269,2025-07-24 19:49:00,District 1,returning,,Cash,5,157000.0,delivered,25.9,,Central,2.1,19,Thu,7
G003270,2025-07-24 19:57:00,District 10,new,,E-wallet,8,296000.0,delivered,34.2,4,Central,3.5,19,Thu,7
G003271,2025-07-24 20:40:00,Binh Tan,member,Silver,E-wallet,6,188000.0,delivered,50.3,,Outer,10.8,20,Thu,7
G003272,2025-07-24 20:57:00,District 7,new,,Cash,9,194000.0,delivered,42.0,4,Inner,7.5,20,Thu,7
G003273,2025-07-24 21:19:00,District 10,new,,Bank transfer,10,172000.0,delivered,24.5,,Central,3.5,21,Thu,7
G003274,2025-07-24 21:57:00,Phu Nhuan,returning,,Cash,8,249000.0,delivered,27.2,,Inner,4.0,21,Thu,7
G003275,2025-07-24 22:29:00,District 3,returning,,Cash,12,305000.0,delivered,26.6,,Central,2.8,22,Thu,7
G003276,2025-07-25 06:49:00,Thu Duc City,returning,,E-wallet,5,138000.0,delivered,46.3,,Outer,11.5,6,Fri,7
G003277,2025-07-25 08:41:00,Phu Nhuan,member,Silver,E-wallet,6,222000.0,delivered,25.3,5,Inner,4.0,8,Fri,7
G003278,2025-07-25 11:08:00,Binh Tan,returning,,Cash,6,184000.0,cancelled,,,Outer,10.8,11,Fri,7
G003279,2025-07-25 11:35:00,Binh Tan,returning,,Card,7,259000.0,delivered,53.4,,Outer,10.8,11,Fri,7
G003280,2025-07-25 11:42:00,Go Vap,new,,Bank transfer,7,230000.0,cancelled,,,Outer,7.9,11,Fri,7
G003281,2025-07-25 11:50:00,Tan Binh,member,Silver,Bank transfer,5,162000.0,cancelled,,,Inner,5.2,11,Fri,7
G003282,2025-07-25 12:16:00,District 7,member,Silver,E-wallet,7,254000.0,delivered,41.4,,Inner,7.5,12,Fri,7
G003283,2025-07-25 12:22:00,Tan Binh,returning,,E-wallet,8,307000.0,delivered,36.5,,Inner,5.2,12,Fri,7
G003284,2025-07-25 14:14:00,District 7,new,,Card,3,74000.0,delivered,48.4,,Inner,7.5,14,Fri,7
G003285,2025-07-25 14:33:00,District 3,returning,,Cash,10,411000.0,delivered,21.0,,Central,2.8,14,Fri,7
G003286,2025-07-25 14:45:00,Binh Tan,returning,,Cash,6,179000.0,delivered,45.3,3,Outer,10.8,14,Fri,7
G003287,2025-07-25 15:59:00,Thu Duc City,member,Silver,Bank transfer,6,240000.0,delivered,46.1,3,Outer,11.5,15,Fri,7
G003288,2025-07-25 16:55:00,District 1,new,,Bank transfer,6,177000.0,cancelled,,,Central,2.1,16,Fri,7
G003289,2025-07-25 18:52:00,Thu Duc City,member,Silver,Card,11,309000.0,delivered,55.9,,Outer,11.5,18,Fri,7
G003290,2025-07-25 18:58:00,District 7,returning,,Card,8,275000.0,delivered,55.5,,Inner,7.5,18,Fri,7
G003291,2025-07-25 19:18:00,Go Vap,new,,Card,12,391000.0,delivered,45.2,,Outer,7.9,19,Fri,7
G003292,2025-07-25 19:20:00,District 7,new,,Cash,8,299000.0,delivered,47.1,2,Inner,7.5,19,Fri,7
G003293,2025-07-25 19:53:00,Go Vap,returning,,E-wallet,7,165000.0,delivered,44.5,3,Outer,7.9,19,Fri,7
G003294,2025-07-25 19:56:00,Tan Binh,new,,E-wallet,7,286000.0,delivered,43.3,3,Inner,5.2,19,Fri,7
G003295,2025-07-25 20:14:00,Thu Duc City,new,,E-wallet,10,417000.0,delivered,58.5,3,Outer,11.5,20,Fri,7
G003296,2025-07-25 20:16:00,Tan Binh,member,Platinum,Bank transfer,10,389000.0,delivered,37.8,,Inner,5.2,20,Fri,7
G003297,2025-07-25 20:33:00,Binh Tan,returning,,E-wallet,7,207000.0,delivered,,,Outer,10.8,20,Fri,7
G003298,2025-07-25 23:14:00,Phu Nhuan,returning,,Cash,11,270000.0,cancelled,,,Inner,4.0,23,Fri,7
G003299,2025-07-26 14:16:00,District 3,returning,,E-wallet,12,367000.0,delivered,21.6,5,Central,2.8,14,Sat,7
G003300,2025-07-26 14:29:00,Thu Duc City,returning,,Card,9,223000.0,delivered,52.2,2,Outer,11.5,14,Sat,7
G003301,2025-07-26 17:35:00,Thu Duc City,new,,E-wallet,10,246000.0,delivered,42.4,,Outer,11.5,17,Sat,7
G003302,2025-07-26 18:16:00,Go Vap,member,Gold,E-wallet,21,651000.0,delivered,44.7,,Outer,7.9,18,Sat,7
G003303,2025-07-26 20:41:00,District 1,returning,,Cash,13,504000.0,delivered,28.2,4,Central,2.1,20,Sat,7
G003304,2025-07-26 21:07:00,Binh Thanh,returning,,Card,10,237000.0,delivered,27.9,5,Inner,4.6,21,Sat,7
G003305,2025-07-26 21:59:00,Thu Duc City,returning,,Cash,17,733000.0,delivered,46.5,,Outer,11.5,21,Sat,7
G003306,2025-07-26 23:46:00,Tan Binh,member,Gold,E-wallet,14,441000.0,delivered,30.4,,Inner,5.2,23,Sat,7
G003307,2025-07-27 09:25:00,District 1,new,,E-wallet,8,383000.0,delivered,21.4,,Central,2.1,9,Sun,7
G003308,2025-07-27 09:42:00,Go Vap,member,Silver,Cash,8,190000.0,delivered,33.9,3,Outer,7.9,9,Sun,7
G003309,2025-07-27 10:22:00,Tan Binh,new,,Bank transfer,15,586000.0,delivered,34.0,,Inner,5.2,10,Sun,7
G003310,2025-07-27 12:23:00,Thu Duc City,returning,,E-wallet,7,117000.0,delivered,52.6,,Outer,11.5,12,Sun,7
G003311,2025-07-27 13:15:00,Go Vap,new,,Cash,9,286000.0,delivered,40.1,3,Outer,7.9,13,Sun,7
G003312,2025-07-27 15:12:00,Binh Thanh,member,Gold,Cash,16,409000.0,delivered,24.6,4,Inner,4.6,15,Sun,7
G003313,2025-07-27 17:26:00,Thu Duc City,new,,Cash,9,336000.0,delivered,46.9,3,Outer,11.5,17,Sun,7
G003314,2025-07-27 17:40:00,Thu Duc City,returning,,Cash,15,424000.0,delivered,47.4,2,Outer,11.5,17,Sun,7
G003315,2025-07-27 18:21:00,Thu Duc City,returning,,Cash,17,672000.0,delivered,57.3,1,Outer,11.5,18,Sun,7
G003316,2025-07-27 18:48:00,Binh Tan,member,Platinum,Card,12,557000.0,delivered,53.3,,Outer,10.8,18,Sun,7
G003317,2025-07-27 19:05:00,District 7,member,Silver,Cash,10,260000.0,delivered,40.6,,Inner,7.5,19,Sun,7
G003318,2025-07-27 19:05:00,District 10,returning,,Card,11,266000.0,delivered,32.6,5,Central,3.5,19,Sun,7
G003319,2025-07-27 19:20:00,Binh Tan,member,Gold,E-wallet,10,458000.0,delivered,52.0,,Outer,10.8,19,Sun,7
G003320,2025-07-27 20:13:00,Phu Nhuan,new,,E-wallet,9,336000.0,delivered,33.5,4,Inner,4.0,20,Sun,7
G003321,2025-07-27 20:19:00,Binh Thanh,member,Silver,Cash,12,434000.0,delivered,33.4,5,Inner,4.6,20,Sun,7
G003322,2025-07-27 21:12:00,Thu Duc City,new,,Card,17,537000.0,delivered,43.1,,Outer,11.5,21,Sun,7
G003323,2025-07-27 21:34:00,District 7,member,Gold,Card,11,548000.0,delivered,36.4,4,Inner,7.5,21,Sun,7
G003324,2025-07-27 21:39:00,Go Vap,member,Silver,Card,7,254000.0,delivered,37.1,3,Outer,7.9,21,Sun,7
G003325,2025-07-27 21:40:00,District 3,member,Silver,E-wallet,11,426000.0,delivered,22.3,5,Central,2.8,21,Sun,7
G003326,2025-07-27 22:40:00,Binh Thanh,returning,,Card,4,184000.0,delivered,28.0,,Inner,4.6,22,Sun,7
G003327,2025-07-28 09:02:00,Binh Tan,returning,,E-wallet,5,,delivered,44.1,4,Outer,10.8,9,Mon,7
G003328,2025-07-28 10:31:00,Thu Duc City,returning,,E-wallet,7,207000.0,delivered,46.4,,Outer,11.5,10,Mon,7
G003329,2025-07-28 10:56:00,Binh Thanh,returning,,Card,5,205000.0,delivered,33.3,4,Inner,4.6,10,Mon,7
G003330,2025-07-28 11:28:00,District 3,new,,Cash,7,245000.0,delivered,29.6,5,Central,2.8,11,Mon,7
G003331,2025-07-28 12:29:00,Binh Thanh,new,,Bank transfer,11,422000.0,cancelled,,,Inner,4.6,12,Mon,7
G003332,2025-07-28 13:57:00,Binh Thanh,returning,,Cash,1,33000.0,delivered,27.6,4,Inner,4.6,13,Mon,7
G003333,2025-07-28 14:18:00,Binh Tan,member,Silver,Cash,6,223000.0,delivered,47.5,3,Outer,10.8,14,Mon,7
G003334,2025-07-28 16:07:00,Binh Tan,returning,,Cash,7,260000.0,delivered,44.7,,Outer,10.8,16,Mon,7
G003335,2025-07-28 16:35:00,Phu Nhuan,returning,,Bank transfer,10,287000.0,delivered,35.2,,Inner,4.0,16,Mon,7
G003336,2025-07-28 17:00:00,Phu Nhuan,returning,,E-wallet,12,348000.0,delivered,29.3,5,Inner,4.0,17,Mon,7
G003337,2025-07-28 17:08:00,District 7,member,Silver,E-wallet,8,306000.0,delivered,38.1,4,Inner,7.5,17,Mon,7
G003338,2025-07-28 18:36:00,Binh Thanh,new,,E-wallet,11,492000.0,delivered,38.0,,Inner,4.6,18,Mon,7
G003339,2025-07-28 18:46:00,Thu Duc City,member,Silver,E-wallet,11,382000.0,delivered,58.0,2,Outer,11.5,18,Mon,7
G003340,2025-07-28 20:25:00,District 3,returning,,Bank transfer,7,244000.0,delivered,34.7,4,Central,2.8,20,Mon,7
G003341,2025-07-28 21:31:00,Binh Thanh,member,Silver,Cash,6,246000.0,delivered,27.0,,Inner,4.6,21,Mon,7
G003342,2025-07-28 21:46:00,Thu Duc City,returning,,Cash,6,157000.0,delivered,49.7,2,Outer,11.5,21,Mon,7
G003343,2025-07-29 11:07:00,Binh Thanh,member,Silver,E-wallet,7,274000.0,delivered,36.0,3,Inner,4.6,11,Tue,7
G003344,2025-07-29 12:09:00,District 3,member,Silver,Cash,10,359000.0,cancelled,,,Central,2.8,12,Tue,7
G003345,2025-07-29 12:27:00,Thu Duc City,returning,,Cash,5,166000.0,delivered,59.1,2,Outer,11.5,12,Tue,7
G003346,2025-07-29 12:51:00,Tan Binh,member,Silver,E-wallet,9,364000.0,delivered,40.2,4,Inner,5.2,12,Tue,7
G003347,2025-07-29 13:24:00,Binh Tan,new,,Card,12,370000.0,delivered,43.0,3,Outer,10.8,13,Tue,7
G003348,2025-07-29 13:50:00,District 7,member,Silver,Cash,9,318000.0,delivered,38.9,2,Inner,7.5,13,Tue,7
G003349,2025-07-29 13:57:00,Tan Binh,returning,,Cash,9,331000.0,delivered,29.4,3,Inner,5.2,13,Tue,7
G003350,2025-07-29 14:11:00,Tan Binh,returning,,Card,7,213000.0,delivered,29.9,,Inner,5.2,14,Tue,7
G003351,2025-07-29 14:55:00,Binh Thanh,member,Silver,E-wallet,5,168000.0,delivered,29.4,,Inner,4.6,14,Tue,7
G003353,2025-07-29 17:20:00,Go Vap,new,,E-wallet,5,183000.0,delivered,41.5,3,Outer,7.9,17,Tue,7
G003352,2025-07-29 17:20:00,Binh Tan,new,,Cash,4,138000.0,delivered,66.4,,Outer,10.8,17,Tue,7
G003354,2025-07-29 17:38:00,Phu Nhuan,new,,E-wallet,11,278000.0,delivered,25.6,5,Inner,4.0,17,Tue,7
G003355,2025-07-29 18:02:00,District 3,returning,,Card,11,371000.0,delivered,34.7,4,Central,2.8,18,Tue,7
G003356,2025-07-29 18:20:00,District 10,member,Platinum,Card,7,359000.0,delivered,32.5,,Central,3.5,18,Tue,7
G003358,2025-07-29 19:42:00,District 3,member,Silver,E-wallet,7,297000.0,delivered,32.6,,Central,2.8,19,Tue,7
G003357,2025-07-29 19:42:00,Tan Binh,returning,,E-wallet,6,175000.0,delivered,35.9,5,Inner,5.2,19,Tue,7
G003359,2025-07-29 20:32:00,Thu Duc City,returning,,Card,5,175000.0,delivered,55.4,3,Outer,11.5,20,Tue,7
G003360,2025-07-29 23:41:00,Binh Thanh,new,,Card,6,206000.0,delivered,30.1,4,Inner,4.6,23,Tue,7
G003361,2025-07-30 10:42:00,Thu Duc City,member,Silver,E-wallet,9,361000.0,delivered,51.3,2,Outer,11.5,10,Wed,7
G003362,2025-07-30 12:21:00,Thu Duc City,member,Silver,E-wallet,7,207000.0,delivered,50.9,2,Outer,11.5,12,Wed,7
G003363,2025-07-30 12:51:00,District 7,member,Silver,E-wallet,10,279000.0,delivered,41.9,3,Inner,7.5,12,Wed,7
G003364,2025-07-30 13:24:00,Tan Binh,member,Platinum,E-wallet,5,257000.0,delivered,27.6,5,Inner,5.2,13,Wed,7
G003365,2025-07-30 13:26:00,Thu Duc City,new,,E-wallet,10,171000.0,delivered,49.2,2,Outer,11.5,13,Wed,7
G003366,2025-07-30 13:38:00,Thu Duc City,returning,,E-wallet,9,182000.0,delivered,44.2,3,Outer,11.5,13,Wed,7
G003367,2025-07-30 13:49:00,Binh Thanh,returning,,E-wallet,4,125000.0,delivered,37.0,4,Inner,4.6,13,Wed,7
G003368,2025-07-30 14:03:00,Tan Binh,member,Gold,Card,9,287000.0,cancelled,,,Inner,5.2,14,Wed,7
G003369,2025-07-30 15:10:00,Thu Duc City,returning,,Card,7,260000.0,delivered,48.2,2,Outer,11.5,15,Wed,7
G003370,2025-07-30 16:55:00,Thu Duc City,returning,,E-wallet,5,145000.0,delivered,45.3,3,Outer,11.5,16,Wed,7
G003371,2025-07-30 17:22:00,Binh Thanh,returning,,Bank transfer,8,265000.0,delivered,29.1,5,Inner,4.6,17,Wed,7
G003372,2025-07-30 17:53:00,District 3,returning,,E-wallet,7,230000.0,delivered,28.6,,Central,2.8,17,Wed,7
G003373,2025-07-30 18:09:00,Phu Nhuan,member,Platinum,E-wallet,7,258000.0,delivered,34.6,4,Inner,4.0,18,Wed,7
G003374,2025-07-30 19:00:00,Binh Thanh,new,,E-wallet,7,257000.0,delivered,35.1,4,Inner,4.6,19,Wed,7
G003375,2025-07-30 20:56:00,District 7,returning,,Cash,11,346000.0,delivered,46.9,,Inner,7.5,20,Wed,7
G003376,2025-07-30 21:03:00,Phu Nhuan,returning,,Bank transfer,8,302000.0,delivered,43.7,3,Inner,4.0,21,Wed,7
G003377,2025-07-30 21:06:00,District 7,member,Silver,Cash,6,202000.0,delivered,38.5,4,Inner,7.5,21,Wed,7
G003378,2025-07-30 21:23:00,District 7,new,,Card,9,305000.0,delivered,32.7,,Inner,7.5,21,Wed,7
G003379,2025-07-30 21:27:00,District 1,new,,Cash,4,125000.0,delivered,23.7,5,Central,2.1,21,Wed,7
G003380,2025-07-30 22:23:00,Phu Nhuan,member,Silver,E-wallet,5,147000.0,delivered,28.0,,Inner,4.0,22,Wed,7
G003381,2025-07-31 09:54:00,District 10,returning,,E-wallet,8,289000.0,delivered,29.0,5,Central,3.5,9,Thu,7
G003382,2025-07-31 11:30:00,Tan Binh,returning,,Cash,2,48000.0,delivered,42.6,,Inner,5.2,11,Thu,7
G003383,2025-07-31 12:31:00,Binh Thanh,returning,,E-wallet,4,148000.0,delivered,34.5,4,Inner,4.6,12,Thu,7
G003384,2025-07-31 14:07:00,Binh Tan,member,Silver,Card,11,364000.0,delivered,46.9,,Outer,10.8,14,Thu,7
G003385,2025-07-31 17:03:00,Thu Duc City,returning,,Card,5,,delivered,42.5,,Outer,11.5,17,Thu,7
G003386,2025-07-31 18:11:00,District 7,new,,E-wallet,5,138000.0,delivered,45.4,2,Inner,7.5,18,Thu,7
G003387,2025-07-31 20:22:00,Tan Binh,returning,,Bank transfer,9,209000.0,delivered,41.4,3,Inner,5.2,20,Thu,7
G003388,2025-07-31 20:50:00,District 3,new,,E-wallet,6,232000.0,delivered,42.9,,Central,2.8,20,Thu,7
G003389,2025-07-31 21:26:00,Go Vap,returning,,E-wallet,3,73000.0,cancelled,,,Outer,7.9,21,Thu,7
G003390,2025-07-31 22:18:00,Phu Nhuan,returning,,Card,8,253000.0,delivered,28.6,,Inner,4.0,22,Thu,7
G003391,2025-07-31 22:37:00,Phu Nhuan,member,Platinum,E-wallet,9,360000.0,delivered,37.8,,Inner,4.0,22,Thu,7
G003392,2025-07-31 22:47:00,District 10,new,,E-wallet,8,218000.0,delivered,28.5,5,Central,3.5,22,Thu,7
G003393,2025-08-01 12:11:00,Tan Binh,returning,,Card,8,283000.0,delivered,42.1,3,Inner,5.2,12,Fri,8
G003394,2025-08-01 13:18:00,District 1,returning,,Bank transfer,8,286000.0,delivered,21.9,4,Central,2.1,13,Fri,8
G003395,2025-08-01 13:51:00,Tan Binh,member,Silver,E-wallet,9,397000.0,delivered,39.8,3,Inner,5.2,13,Fri,8
G003396,2025-08-01 14:15:00,District 7,returning,,E-wallet,8,199000.0,delivered,37.2,,Inner,7.5,14,Fri,8
G003397,2025-08-01 16:58:00,Binh Thanh,new,,Card,9,288000.0,delivered,27.9,4,Inner,4.6,16,Fri,8
G003398,2025-08-01 17:36:00,District 7,returning,,Bank transfer,7,229000.0,delivered,34.6,,Inner,7.5,17,Fri,8
G003399,2025-08-01 18:08:00,Binh Thanh,new,,Cash,2,86000.0,delivered,39.9,3,Inner,4.6,18,Fri,8
G003400,2025-08-01 18:57:00,Binh Thanh,member,Silver,E-wallet,10,249000.0,delivered,36.5,,Inner,4.6,18,Fri,8
G003401,2025-08-01 19:29:00,District 1,member,Silver,E-wallet,9,385000.0,delivered,34.8,,Central,2.1,19,Fri,8
G003402,2025-08-01 20:05:00,District 3,new,,Card,7,266000.0,delivered,35.4,4,Central,2.8,20,Fri,8
G003403,2025-08-01 20:07:00,Thu Duc City,member,Gold,E-wallet,6,202000.0,delivered,51.9,2,Outer,11.5,20,Fri,8
G003404,2025-08-01 20:14:00,Binh Tan,returning,,Cash,5,117000.0,delivered,50.9,4,Outer,10.8,20,Fri,8
G003405,2025-08-01 20:22:00,Tan Binh,returning,,E-wallet,5,198000.0,delivered,52.7,,Inner,5.2,20,Fri,8
G003406,2025-08-01 20:45:00,Tan Binh,new,,E-wallet,8,237000.0,delivered,41.5,3,Inner,5.2,20,Fri,8
G003407,2025-08-01 21:05:00,Go Vap,returning,,Bank transfer,7,162000.0,cancelled,,,Outer,7.9,21,Fri,8
G003408,2025-08-01 21:49:00,District 7,returning,,E-wallet,6,233000.0,delivered,34.9,5,Inner,7.5,21,Fri,8
G003409,2025-08-01 21:52:00,District 10,returning,,Card,5,157000.0,delivered,31.1,5,Central,3.5,21,Fri,8
G003410,2025-08-01 23:44:00,Tan Binh,returning,,E-wallet,9,269000.0,delivered,28.7,4,Inner,5.2,23,Fri,8
G003411,2025-08-02 08:13:00,Phu Nhuan,returning,,E-wallet,8,302000.0,delivered,36.9,4,Inner,4.0,8,Sat,8
G003412,2025-08-02 09:25:00,Binh Thanh,member,Silver,E-wallet,9,341000.0,delivered,32.8,5,Inner,4.6,9,Sat,8
G003413,2025-08-02 10:24:00,District 7,returning,,Card,5,115000.0,cancelled,,,Inner,7.5,10,Sat,8
G003414,2025-08-02 12:40:00,Binh Tan,returning,,E-wallet,15,665000.0,delivered,63.6,1,Outer,10.8,12,Sat,8
G003415,2025-08-02 14:20:00,Tan Binh,new,,Cash,9,329000.0,delivered,36.9,5,Inner,5.2,14,Sat,8
G003416,2025-08-02 15:12:00,District 3,member,Gold,Card,9,193000.0,delivered,20.7,,Central,2.8,15,Sat,8
G003417,2025-08-02 15:25:00,District 10,returning,,Card,10,272000.0,delivered,33.0,4,Central,3.5,15,Sat,8
G003418,2025-08-02 16:37:00,Binh Thanh,returning,,E-wallet,12,506000.0,delivered,36.6,3,Inner,4.6,16,Sat,8
G003419,2025-08-02 17:05:00,Binh Thanh,returning,,E-wallet,15,448000.0,delivered,37.3,4,Inner,4.6,17,Sat,8
G003420,2025-08-02 17:36:00,Binh Thanh,member,Silver,Cash,10,256000.0,delivered,28.0,,Inner,4.6,17,Sat,8
G003421,2025-08-02 18:10:00,Tan Binh,returning,,E-wallet,6,127000.0,delivered,41.6,3,Inner,5.2,18,Sat,8
G003422,2025-08-02 18:25:00,District 7,new,,E-wallet,11,419000.0,delivered,53.6,3,Inner,7.5,18,Sat,8
G003423,2025-08-02 19:38:00,District 7,returning,,E-wallet,15,502000.0,delivered,41.3,3,Inner,7.5,19,Sat,8
G003424,2025-08-02 20:29:00,District 3,returning,,Bank transfer,7,305000.0,cancelled,,,Central,2.8,20,Sat,8
G003425,2025-08-02 21:18:00,District 3,member,Silver,E-wallet,11,190000.0,delivered,24.6,5,Central,2.8,21,Sat,8
G003426,2025-08-02 21:33:00,Binh Tan,new,,Cash,15,354000.0,delivered,42.7,3,Outer,10.8,21,Sat,8
G003427,2025-08-03 08:14:00,Phu Nhuan,member,Silver,Cash,6,211000.0,delivered,27.3,5,Inner,4.0,8,Sun,8
G003428,2025-08-03 10:11:00,District 3,member,Silver,Cash,16,578000.0,delivered,25.9,5,Central,2.8,10,Sun,8
G003429,2025-08-03 10:13:00,Tan Binh,returning,,E-wallet,11,324000.0,delivered,31.7,4,Inner,5.2,10,Sun,8
G003430,2025-08-03 10:23:00,Thu Duc City,member,Gold,Cash,11,411000.0,delivered,44.0,3,Outer,11.5,10,Sun,8
G003431,2025-08-03 11:00:00,District 3,returning,,Cash,6,116000.0,delivered,30.0,5,Central,2.8,11,Sun,8
G003432,2025-08-03 11:26:00,District 10,new,,Cash,5,177000.0,delivered,31.8,4,Central,3.5,11,Sun,8
G003433,2025-08-03 14:41:00,District 3,returning,,E-wallet,8,278000.0,delivered,23.7,,Central,2.8,14,Sun,8
G003434,2025-08-03 14:51:00,Phu Nhuan,returning,,Cash,10,407000.0,delivered,25.2,4,Inner,4.0,14,Sun,8
G003435,2025-08-03 16:52:00,Binh Tan,returning,,E-wallet,19,907000.0,delivered,41.9,3,Outer,10.8,16,Sun,8
G003436,2025-08-03 17:02:00,District 7,returning,,Cash,9,176000.0,delivered,32.4,4,Inner,7.5,17,Sun,8
G003437,2025-08-03 18:23:00,Binh Thanh,member,Silver,E-wallet,7,130000.0,delivered,36.8,,Inner,4.6,18,Sun,8
G003438,2025-08-03 18:26:00,Phu Nhuan,returning,,Bank transfer,7,301000.0,delivered,33.2,,Inner,4.0,18,Sun,8
G003439,2025-08-03 18:36:00,Thu Duc City,returning,,Cash,12,217000.0,delivered,56.4,2,Outer,11.5,18,Sun,8
G003440,2025-08-03 18:59:00,District 3,new,,Cash,13,391000.0,delivered,37.5,2,Central,2.8,18,Sun,8
G003441,2025-08-03 20:06:00,District 3,returning,,E-wallet,9,296000.0,delivered,33.8,5,Central,2.8,20,Sun,8
G003442,2025-08-03 20:08:00,District 1,member,Silver,E-wallet,6,195000.0,delivered,33.5,4,Central,2.1,20,Sun,8
G003443,2025-08-03 20:26:00,Thu Duc City,returning,,E-wallet,13,534000.0,delivered,51.8,3,Outer,11.5,20,Sun,8
G003444,2025-08-03 20:43:00,Tan Binh,returning,,E-wallet,13,441000.0,delivered,37.3,3,Inner,5.2,20,Sun,8
G003445,2025-08-03 20:45:00,Go Vap,returning,,E-wallet,10,356000.0,delivered,43.7,2,Outer,7.9,20,Sun,8
G003446,2025-08-03 21:39:00,District 7,returning,,Card,11,356000.0,delivered,38.0,3,Inner,7.5,21,Sun,8
G003447,2025-08-03 22:09:00,Tan Binh,new,,E-wallet,9,353000.0,delivered,31.7,4,Inner,5.2,22,Sun,8
G003448,2025-08-04 07:54:00,Thu Duc City,new,,Bank transfer,11,499000.0,cancelled,,,Outer,11.5,7,Mon,8
G003449,2025-08-04 08:40:00,Thu Duc City,member,Silver,Cash,7,91000.0,delivered,45.0,,Outer,11.5,8,Mon,8
G003450,2025-08-04 09:54:00,District 3,member,Silver,E-wallet,14,502000.0,delivered,21.5,,Central,2.8,9,Mon,8
G003451,2025-08-04 10:29:00,District 1,returning,,E-wallet,11,365000.0,delivered,23.1,4,Central,2.1,10,Mon,8
G003452,2025-08-04 11:59:00,Phu Nhuan,returning,,Card,7,303000.0,delivered,36.4,5,Inner,4.0,11,Mon,8
G003453,2025-08-04 12:40:00,District 1,new,,Cash,6,210000.0,delivered,30.5,5,Central,2.1,12,Mon,8
G003454,2025-08-04 16:28:00,Go Vap,member,Gold,E-wallet,10,227000.0,delivered,35.1,5,Outer,7.9,16,Mon,8
G003455,2025-08-04 17:31:00,District 3,member,Silver,E-wallet,9,331000.0,delivered,25.1,3,Central,2.8,17,Mon,8
G003456,2025-08-04 17:44:00,District 7,member,Gold,E-wallet,7,282000.0,delivered,35.4,4,Inner,7.5,17,Mon,8
G003457,2025-08-04 18:06:00,Phu Nhuan,member,Silver,E-wallet,9,273000.0,delivered,32.4,,Inner,4.0,18,Mon,8
G003458,2025-08-04 18:10:00,Binh Tan,returning,,E-wallet,8,156000.0,delivered,56.5,,Outer,10.8,18,Mon,8
G003459,2025-08-04 18:28:00,Tan Binh,returning,,Bank transfer,9,283000.0,delivered,51.5,,Inner,5.2,18,Mon,8
G003460,2025-08-04 20:36:00,Binh Thanh,returning,,E-wallet,8,243000.0,delivered,39.9,3,Inner,4.6,20,Mon,8
G003461,2025-08-05 07:28:00,Binh Tan,member,Silver,Bank transfer,6,162000.0,delivered,42.6,4,Outer,10.8,7,Tue,8
G003462,2025-08-05 11:07:00,District 3,member,Platinum,Bank transfer,7,355000.0,delivered,31.6,3,Central,2.8,11,Tue,8
G003463,2025-08-05 11:14:00,Thu Duc City,returning,,Card,6,187000.0,cancelled,,,Outer,11.5,11,Tue,8
G003464,2025-08-05 12:01:00,Tan Binh,returning,,Bank transfer,6,210000.0,delivered,43.9,2,Inner,5.2,12,Tue,8
G003465,2025-08-05 12:32:00,Tan Binh,new,,Cash,7,200000.0,delivered,42.4,3,Inner,5.2,12,Tue,8
G003466,2025-08-05 12:38:00,District 7,member,Platinum,Cash,5,243000.0,delivered,45.3,,Inner,7.5,12,Tue,8
G003467,2025-08-05 13:12:00,Thu Duc City,new,,E-wallet,10,414000.0,delivered,48.7,3,Outer,11.5,13,Tue,8
G003468,2025-08-05 13:17:00,Tan Binh,returning,,E-wallet,1,40000.0,delivered,40.7,3,Inner,5.2,13,Tue,8
G003469,2025-08-05 13:35:00,Phu Nhuan,returning,,E-wallet,3,68000.0,delivered,23.1,5,Inner,4.0,13,Tue,8
G003470,2025-08-05 17:30:00,Phu Nhuan,member,Gold,E-wallet,7,227000.0,delivered,26.7,,Inner,4.0,17,Tue,8
G003471,2025-08-05 19:20:00,Binh Thanh,returning,,E-wallet,5,155000.0,cancelled,,,Inner,4.6,19,Tue,8
G003472,2025-08-05 20:09:00,Binh Tan,member,Gold,Card,8,268000.0,delivered,53.5,4,Outer,10.8,20,Tue,8
G003473,2025-08-05 20:12:00,District 1,new,,E-wallet,8,314000.0,delivered,27.5,4,Central,2.1,20,Tue,8
G003474,2025-08-06 09:32:00,District 3,member,Gold,Card,7,390000.0,cancelled,,,Central,2.8,9,Wed,8
G003475,2025-08-06 09:59:00,Thu Duc City,returning,,Cash,9,320000.0,delivered,45.7,,Outer,11.5,9,Wed,8
G003476,2025-08-06 11:56:00,District 1,returning,,Bank transfer,6,242000.0,delivered,28.6,5,Central,2.1,11,Wed,8
G003477,2025-08-06 12:14:00,Binh Thanh,new,,Cash,3,90000.0,delivered,39.2,2,Inner,4.6,12,Wed,8
G003478,2025-08-06 12:22:00,District 7,new,,Bank transfer,5,143000.0,delivered,43.1,3,Inner,7.5,12,Wed,8
G003479,2025-08-06 13:02:00,Binh Thanh,returning,,Cash,8,336000.0,delivered,34.0,,Inner,4.6,13,Wed,8
G003480,2025-08-06 13:29:00,District 3,returning,,Bank transfer,5,163000.0,delivered,24.1,4,Central,2.8,13,Wed,8
G003481,2025-08-06 14:09:00,Binh Thanh,new,,E-wallet,4,,delivered,27.4,5,Inner,4.6,14,Wed,8
G003482,2025-08-06 15:48:00,District 10,member,Silver,E-wallet,10,271000.0,delivered,31.9,,Central,3.5,15,Wed,8
G003483,2025-08-06 15:56:00,Go Vap,member,Gold,E-wallet,9,371000.0,delivered,35.0,4,Outer,7.9,15,Wed,8
G003484,2025-08-06 18:01:00,Go Vap,new,,E-wallet,9,390000.0,delivered,43.0,3,Outer,7.9,18,Wed,8
G003485,2025-08-06 18:09:00,Binh Thanh,returning,,Cash,6,122000.0,cancelled,,,Inner,4.6,18,Wed,8
G003486,2025-08-06 18:56:00,Binh Tan,new,,Card,2,57000.0,delivered,52.3,3,Outer,10.8,18,Wed,8
G003487,2025-08-06 19:21:00,Thu Duc City,returning,,E-wallet,7,246000.0,delivered,52.2,,Outer,11.5,19,Wed,8
G003488,2025-08-06 19:41:00,District 3,member,Silver,E-wallet,6,191000.0,delivered,34.2,,Central,2.8,19,Wed,8
G003489,2025-08-06 19:48:00,Phu Nhuan,new,,Card,6,145000.0,delivered,32.5,4,Inner,4.0,19,Wed,8
G003490,2025-08-06 20:59:00,District 7,new,,Cash,5,149000.0,delivered,44.4,1,Inner,7.5,20,Wed,8
G003491,2025-08-06 21:20:00,District 3,new,,E-wallet,5,175000.0,cancelled,,,Central,2.8,21,Wed,8
G003492,2025-08-06 22:33:00,District 1,new,,E-wallet,8,223000.0,delivered,24.1,,Central,2.1,22,Wed,8
G003493,2025-08-06 22:48:00,Tan Binh,returning,,E-wallet,6,186000.0,delivered,29.2,,Inner,5.2,22,Wed,8
G003494,2025-08-07 07:41:00,District 10,member,Silver,Cash,5,228000.0,delivered,27.2,5,Central,3.5,7,Thu,8
G003495,2025-08-07 08:14:00,Binh Tan,returning,,Card,10,342000.0,delivered,45.6,3,Outer,10.8,8,Thu,8
G003496,2025-08-07 08:39:00,Binh Tan,new,,E-wallet,5,216000.0,delivered,40.4,,Outer,10.8,8,Thu,8
G003497,2025-08-07 09:11:00,District 7,returning,,Bank transfer,7,306000.0,delivered,36.4,,Inner,7.5,9,Thu,8
G003498,2025-08-07 09:26:00,Go Vap,returning,,E-wallet,7,184000.0,delivered,40.3,,Outer,7.9,9,Thu,8
G003499,2025-08-07 10:35:00,Go Vap,member,Silver,E-wallet,10,277000.0,delivered,36.1,4,Outer,7.9,10,Thu,8
G003500,2025-08-07 10:59:00,Phu Nhuan,member,Platinum,E-wallet,4,242000.0,delivered,30.1,5,Inner,4.0,10,Thu,8
G003501,2025-08-07 10:59:00,Thu Duc City,returning,,Bank transfer,4,136000.0,delivered,46.5,,Outer,11.5,10,Thu,8
G003502,2025-08-07 11:03:00,Tan Binh,returning,,Cash,4,151000.0,delivered,39.6,4,Inner,5.2,11,Thu,8
G003503,2025-08-07 11:55:00,Go Vap,member,Gold,Card,2,70000.0,delivered,46.8,2,Outer,7.9,11,Thu,8
G003504,2025-08-07 11:58:00,District 3,returning,,Card,13,477000.0,delivered,33.9,,Central,2.8,11,Thu,8
G003505,2025-08-07 12:25:00,Go Vap,new,,Cash,6,218000.0,delivered,45.0,2,Outer,7.9,12,Thu,8
G003506,2025-08-07 13:01:00,Thu Duc City,member,Gold,E-wallet,3,94000.0,cancelled,,,Outer,11.5,13,Thu,8
G003507,2025-08-07 13:55:00,Binh Thanh,returning,,Bank transfer,10,310000.0,delivered,29.5,,Inner,4.6,13,Thu,8
G003508,2025-08-07 14:17:00,District 1,returning,,E-wallet,6,189000.0,delivered,19.7,5,Central,2.1,14,Thu,8
G003509,2025-08-07 14:54:00,Thu Duc City,returning,,Bank transfer,2,37000.0,cancelled,,,Outer,11.5,14,Thu,8
G003510,2025-08-07 16:30:00,District 3,returning,,Card,8,230000.0,delivered,31.7,3,Central,2.8,16,Thu,8
G003511,2025-08-07 17:06:00,District 7,member,Silver,E-wallet,9,300000.0,delivered,38.4,4,Inner,7.5,17,Thu,8
G003512,2025-08-07 17:42:00,Go Vap,returning,,E-wallet,6,204000.0,delivered,39.9,3,Outer,7.9,17,Thu,8
G003513,2025-08-07 19:57:00,Tan Binh,returning,,Card,9,530000.0,delivered,45.9,3,Inner,5.2,19,Thu,8
G003514,2025-08-07 20:38:00,Phu Nhuan,returning,,E-wallet,4,95000.0,delivered,36.5,5,Inner,4.0,20,Thu,8
G003515,2025-08-07 21:08:00,Thu Duc City,returning,,E-wallet,9,341000.0,delivered,45.4,4,Outer,11.5,21,Thu,8
G003516,2025-08-07 21:12:00,District 3,returning,,Bank transfer,5,104000.0,delivered,30.4,4,Central,2.8,21,Thu,8
G003517,2025-08-07 22:27:00,District 1,new,,Cash,7,246000.0,delivered,18.9,5,Central,2.1,22,Thu,8
G003518,2025-08-07 22:40:00,Go Vap,new,,Card,5,116000.0,delivered,34.5,5,Outer,7.9,22,Thu,8
G003519,2025-08-08 08:18:00,District 7,returning,,E-wallet,8,292000.0,cancelled,,,Inner,7.5,8,Fri,8
G003520,2025-08-08 10:35:00,Go Vap,member,Silver,E-wallet,7,282000.0,delivered,37.6,3,Outer,7.9,10,Fri,8
G003521,2025-08-08 12:01:00,Thu Duc City,returning,,E-wallet,4,117000.0,delivered,52.2,2,Outer,11.5,12,Fri,8
G003522,2025-08-08 12:27:00,District 3,returning,,E-wallet,8,188000.0,delivered,29.8,4,Central,2.8,12,Fri,8
G003523,2025-08-08 13:41:00,District 10,member,Silver,Bank transfer,12,316000.0,delivered,25.4,,Central,3.5,13,Fri,8
G003524,2025-08-08 14:49:00,District 1,member,Silver,Card,8,386000.0,delivered,21.7,4,Central,2.1,14,Fri,8
G003525,2025-08-08 14:55:00,Tan Binh,new,,E-wallet,11,202000.0,delivered,33.0,4,Inner,5.2,14,Fri,8
G003526,2025-08-08 15:13:00,Tan Binh,new,,E-wallet,9,150000.0,delivered,31.0,5,Inner,5.2,15,Fri,8
G003527,2025-08-08 16:44:00,Phu Nhuan,member,Platinum,Card,6,322000.0,delivered,23.3,4,Inner,4.0,16,Fri,8
G003528,2025-08-08 16:53:00,District 7,returning,,Bank transfer,7,212000.0,delivered,37.7,,Inner,7.5,16,Fri,8
G003529,2025-08-08 17:13:00,District 1,returning,,Bank transfer,6,191000.0,delivered,19.2,,Central,2.1,17,Fri,8
G003530,2025-08-08 18:11:00,Binh Tan,returning,,E-wallet,10,325000.0,delivered,49.1,3,Outer,10.8,18,Fri,8
G003531,2025-08-08 18:44:00,Phu Nhuan,returning,,Cash,4,105000.0,delivered,34.3,5,Inner,4.0,18,Fri,8
G003532,2025-08-08 19:42:00,District 3,member,Silver,Card,6,274000.0,delivered,46.6,2,Central,2.8,19,Fri,8
G003533,2025-08-08 20:19:00,District 1,new,,E-wallet,7,169000.0,cancelled,,,Central,2.1,20,Fri,8
G003534,2025-08-08 21:34:00,District 1,new,,Cash,5,159000.0,delivered,23.9,,Central,2.1,21,Fri,8
G003535,2025-08-08 21:53:00,Binh Thanh,member,Gold,E-wallet,8,314000.0,delivered,33.8,4,Inner,4.6,21,Fri,8
G003536,2025-08-09 08:51:00,Phu Nhuan,returning,,Cash,11,456000.0,delivered,27.7,4,Inner,4.0,8,Sat,8
G003537,2025-08-09 09:02:00,District 1,new,,E-wallet,10,361000.0,delivered,19.3,4,Central,2.1,9,Sat,8
G003538,2025-08-09 09:17:00,District 10,returning,,E-wallet,11,385000.0,delivered,27.3,4,Central,3.5,9,Sat,8
G003539,2025-08-09 10:43:00,Thu Duc City,returning,,E-wallet,10,276000.0,delivered,51.9,2,Outer,11.5,10,Sat,8
G003540,2025-08-09 11:31:00,District 7,returning,,Card,11,178000.0,delivered,42.1,4,Inner,7.5,11,Sat,8
G003541,2025-08-09 11:32:00,District 3,returning,,Cash,7,247000.0,delivered,31.1,4,Central,2.8,11,Sat,8
G003542,2025-08-09 11:32:00,District 3,new,,E-wallet,6,195000.0,delivered,30.8,3,Central,2.8,11,Sat,8
G003543,2025-08-09 11:56:00,Thu Duc City,returning,,E-wallet,11,396000.0,delivered,55.0,3,Outer,11.5,11,Sat,8
G003544,2025-08-09 12:13:00,Go Vap,member,Gold,E-wallet,7,211000.0,delivered,46.3,3,Outer,7.9,12,Sat,8
G003545,2025-08-09 12:21:00,District 3,member,Silver,E-wallet,10,319000.0,cancelled,,,Central,2.8,12,Sat,8
G003546,2025-08-09 12:26:00,Go Vap,member,Gold,E-wallet,11,459000.0,delivered,43.5,3,Outer,7.9,12,Sat,8
G003547,2025-08-09 13:17:00,Phu Nhuan,returning,,Cash,12,243000.0,delivered,23.6,5,Inner,4.0,13,Sat,8
G003548,2025-08-09 13:18:00,Binh Thanh,member,Silver,E-wallet,20,699000.0,delivered,31.3,4,Inner,4.6,13,Sat,8
G003549,2025-08-09 13:49:00,District 3,member,Silver,E-wallet,9,286000.0,delivered,28.8,5,Central,2.8,13,Sat,8
G003550,2025-08-09 17:28:00,Go Vap,returning,,Cash,9,342000.0,delivered,44.8,3,Outer,7.9,17,Sat,8
G003551,2025-08-09 18:34:00,Phu Nhuan,member,Silver,E-wallet,7,181000.0,delivered,33.2,4,Inner,4.0,18,Sat,8
G003552,2025-08-09 19:50:00,Go Vap,member,Silver,E-wallet,7,227000.0,delivered,48.1,,Outer,7.9,19,Sat,8
G003553,2025-08-09 20:24:00,Thu Duc City,member,Silver,Card,10,389000.0,delivered,51.3,2,Outer,11.5,20,Sat,8
G003554,2025-08-09 20:25:00,Tan Binh,new,,Bank transfer,13,522000.0,delivered,34.3,,Inner,5.2,20,Sat,8
G003555,2025-08-09 21:14:00,Phu Nhuan,new,,E-wallet,9,273000.0,delivered,32.2,4,Inner,4.0,21,Sat,8
G003556,2025-08-09 21:25:00,District 1,member,Silver,Bank transfer,10,300000.0,delivered,27.1,5,Central,2.1,21,Sat,8
G003557,2025-08-10 07:43:00,District 10,returning,,E-wallet,9,328000.0,delivered,26.3,,Central,3.5,7,Sun,8
G003558,2025-08-10 07:52:00,Binh Tan,returning,,Card,7,219000.0,delivered,42.1,,Outer,10.8,7,Sun,8
G003559,2025-08-10 08:26:00,Thu Duc City,returning,,E-wallet,6,125000.0,delivered,47.2,3,Outer,11.5,8,Sun,8
G003560,2025-08-10 08:29:00,District 1,returning,,Bank transfer,10,361000.0,delivered,19.8,5,Central,2.1,8,Sun,8
G003561,2025-08-10 09:07:00,Binh Tan,member,Silver,Card,13,363000.0,delivered,41.9,,Outer,10.8,9,Sun,8
G003562,2025-08-10 09:44:00,Tan Binh,returning,,Card,11,262000.0,delivered,32.3,4,Inner,5.2,9,Sun,8
G003563,2025-08-10 09:50:00,Go Vap,new,,E-wallet,9,316000.0,delivered,44.5,3,Outer,7.9,9,Sun,8
G003564,2025-08-10 10:30:00,Tan Binh,member,Silver,Card,7,270000.0,delivered,30.3,,Inner,5.2,10,Sun,8
G003565,2025-08-10 11:32:00,District 10,member,Gold,E-wallet,8,326000.0,delivered,38.6,,Central,3.5,11,Sun,8
G003566,2025-08-10 12:32:00,District 1,new,,E-wallet,11,305000.0,cancelled,,,Central,2.1,12,Sun,8
G003567,2025-08-10 12:40:00,District 10,new,,Cash,5,195000.0,delivered,38.0,,Central,3.5,12,Sun,8
G003568,2025-08-10 14:01:00,Tan Binh,new,,Cash,9,292000.0,delivered,32.9,5,Inner,5.2,14,Sun,8
G003569,2025-08-10 14:32:00,District 7,member,Gold,Cash,5,150000.0,delivered,35.1,5,Inner,7.5,14,Sun,8
G003570,2025-08-10 16:53:00,District 3,new,,Cash,7,260000.0,delivered,22.9,,Central,2.8,16,Sun,8
G003571,2025-08-10 17:07:00,District 7,returning,,E-wallet,8,260000.0,delivered,58.3,,Inner,7.5,17,Sun,8
G003572,2025-08-10 17:22:00,Tan Binh,new,,E-wallet,8,251000.0,delivered,28.0,4,Inner,5.2,17,Sun,8
G003573,2025-08-10 18:16:00,Go Vap,returning,,Bank transfer,9,212000.0,delivered,44.0,2,Outer,7.9,18,Sun,8
G003574,2025-08-10 18:55:00,District 1,member,Gold,Cash,11,236000.0,delivered,33.1,,Central,2.1,18,Sun,8
G003575,2025-08-10 19:19:00,District 7,member,Silver,Cash,17,465000.0,delivered,54.7,,Inner,7.5,19,Sun,8
G003576,2025-08-10 19:59:00,Go Vap,new,,Card,13,402000.0,cancelled,,,Outer,7.9,19,Sun,8
G003577,2025-08-10 22:55:00,Binh Tan,member,Silver,E-wallet,12,147000.0,delivered,48.8,2,Outer,10.8,22,Sun,8
G003578,2025-08-11 09:38:00,District 7,new,,E-wallet,3,63000.0,delivered,34.4,3,Inner,7.5,9,Mon,8
G003579,2025-08-11 10:02:00,Phu Nhuan,member,Gold,E-wallet,7,278000.0,delivered,28.8,5,Inner,4.0,10,Mon,8
G003580,2025-08-11 10:58:00,District 1,returning,,E-wallet,5,182000.0,delivered,19.7,4,Central,2.1,10,Mon,8
G003581,2025-08-11 11:13:00,Phu Nhuan,returning,,Bank transfer,6,227000.0,delivered,38.4,3,Inner,4.0,11,Mon,8
G003582,2025-08-11 11:29:00,Phu Nhuan,member,Silver,Card,9,303000.0,delivered,39.5,2,Inner,4.0,11,Mon,8
G003583,2025-08-11 11:54:00,Thu Duc City,new,,Card,11,376000.0,delivered,50.5,,Outer,11.5,11,Mon,8
G003584,2025-08-11 12:16:00,District 7,member,Silver,Cash,6,201000.0,delivered,48.7,2,Inner,7.5,12,Mon,8
G003585,2025-08-11 12:40:00,District 7,member,Silver,Card,8,320000.0,delivered,47.3,,Inner,7.5,12,Mon,8
G003586,2025-08-11 12:43:00,District 1,new,,E-wallet,9,,delivered,31.3,,Central,2.1,12,Mon,8
G003587,2025-08-11 13:47:00,Go Vap,new,,Card,12,358000.0,delivered,41.9,3,Outer,7.9,13,Mon,8
G003588,2025-08-11 14:48:00,District 10,returning,,E-wallet,7,240000.0,delivered,21.8,4,Central,3.5,14,Mon,8
G003589,2025-08-11 15:17:00,District 10,member,Silver,Bank transfer,8,261000.0,delivered,27.9,,Central,3.5,15,Mon,8
G003590,2025-08-11 17:38:00,Binh Thanh,member,Gold,Card,9,409000.0,delivered,31.4,3,Inner,4.6,17,Mon,8
G003591,2025-08-11 18:35:00,Phu Nhuan,member,Silver,Card,8,178000.0,delivered,37.5,3,Inner,4.0,18,Mon,8
G003592,2025-08-11 18:49:00,Tan Binh,member,Silver,E-wallet,10,274000.0,delivered,42.7,3,Inner,5.2,18,Mon,8
G003593,2025-08-11 19:05:00,Thu Duc City,returning,,E-wallet,8,265000.0,delivered,55.9,2,Outer,11.5,19,Mon,8
G003594,2025-08-11 20:48:00,District 7,returning,,Cash,6,175000.0,delivered,47.7,3,Inner,7.5,20,Mon,8
G003595,2025-08-11 21:40:00,District 10,returning,,E-wallet,7,223000.0,delivered,27.0,5,Central,3.5,21,Mon,8
G003596,2025-08-11 21:44:00,Binh Thanh,returning,,Cash,15,468000.0,delivered,32.7,,Inner,4.6,21,Mon,8
G003597,2025-08-11 21:49:00,Tan Binh,returning,,Cash,10,211000.0,cancelled,,,Inner,5.2,21,Mon,8
G003598,2025-08-12 08:37:00,District 3,member,Gold,Cash,8,282000.0,delivered,30.6,5,Central,2.8,8,Tue,8
G003599,2025-08-12 08:58:00,District 3,member,Silver,E-wallet,3,105000.0,delivered,31.6,4,Central,2.8,8,Tue,8
G003600,2025-08-12 15:38:00,District 3,member,Silver,Cash,6,151000.0,delivered,20.7,5,Central,2.8,15,Tue,8
G003601,2025-08-12 16:15:00,Binh Tan,new,,E-wallet,4,123000.0,delivered,42.1,4,Outer,10.8,16,Tue,8
G003602,2025-08-12 17:14:00,Tan Binh,member,Silver,Bank transfer,10,304000.0,delivered,29.3,4,Inner,5.2,17,Tue,8
G003603,2025-08-12 17:19:00,Thu Duc City,member,Gold,Cash,3,103000.0,delivered,52.1,3,Outer,11.5,17,Tue,8
G003604,2025-08-12 17:34:00,District 10,returning,,Card,7,228000.0,delivered,24.1,3,Central,3.5,17,Tue,8
G003605,2025-08-12 18:47:00,Binh Tan,returning,,E-wallet,9,295000.0,delivered,50.6,2,Outer,10.8,18,Tue,8
G003606,2025-08-12 18:54:00,Thu Duc City,new,,E-wallet,6,151000.0,delivered,51.7,,Outer,11.5,18,Tue,8
G003607,2025-08-12 19:19:00,Thu Duc City,returning,,E-wallet,8,233000.0,delivered,58.0,2,Outer,11.5,19,Tue,8
G003608,2025-08-12 19:26:00,Binh Tan,member,Gold,E-wallet,5,122000.0,delivered,54.5,4,Outer,10.8,19,Tue,8
G003609,2025-08-12 20:08:00,District 7,returning,,Bank transfer,7,212000.0,delivered,54.5,2,Inner,7.5,20,Tue,8
G003610,2025-08-12 22:00:00,Tan Binh,returning,,E-wallet,8,244000.0,delivered,28.8,5,Inner,5.2,22,Tue,8
G003611,2025-08-12 22:08:00,Tan Binh,returning,,Card,9,312000.0,delivered,36.7,3,Inner,5.2,22,Tue,8
G003612,2025-08-12 22:28:00,Binh Thanh,new,,Bank transfer,11,276000.0,delivered,24.5,,Inner,4.6,22,Tue,8
G003613,2025-08-12 22:39:00,Phu Nhuan,returning,,E-wallet,6,163000.0,delivered,26.4,,Inner,4.0,22,Tue,8
G003614,2025-08-12 23:49:00,District 7,new,,Cash,7,240000.0,delivered,33.7,,Inner,7.5,23,Tue,8
G003615,2025-08-13 09:09:00,District 3,member,Silver,Card,6,106000.0,delivered,26.7,5,Central,2.8,9,Wed,8
G003616,2025-08-13 10:02:00,Phu Nhuan,new,,Card,5,148000.0,delivered,28.0,4,Inner,4.0,10,Wed,8
G003617,2025-08-13 10:28:00,Tan Binh,returning,,Cash,7,265000.0,delivered,34.6,4,Inner,5.2,10,Wed,8
G003618,2025-08-13 11:16:00,Binh Tan,returning,,Bank transfer,4,148000.0,delivered,53.0,2,Outer,10.8,11,Wed,8
G003619,2025-08-13 12:27:00,District 7,returning,,E-wallet,8,237000.0,delivered,42.3,3,Inner,7.5,12,Wed,8
G003620,2025-08-13 13:46:00,Phu Nhuan,new,,Cash,5,210000.0,delivered,40.1,4,Inner,4.0,13,Wed,8
G003621,2025-08-13 15:41:00,Tan Binh,member,Silver,E-wallet,7,189000.0,delivered,38.6,4,Inner,5.2,15,Wed,8
G003622,2025-08-13 18:15:00,Thu Duc City,returning,,Bank transfer,8,301000.0,delivered,54.6,2,Outer,11.5,18,Wed,8
G003623,2025-08-13 18:40:00,Binh Thanh,member,Silver,Card,3,114000.0,cancelled,,,Inner,4.6,18,Wed,8
G003624,2025-08-13 19:28:00,Binh Thanh,returning,,Card,8,131000.0,cancelled,,,Inner,4.6,19,Wed,8
G003625,2025-08-13 19:40:00,Tan Binh,returning,,Cash,8,332000.0,delivered,43.5,4,Inner,5.2,19,Wed,8
G003626,2025-08-13 20:43:00,District 3,new,,Cash,9,288000.0,cancelled,,,Central,2.8,20,Wed,8
G003627,2025-08-13 21:02:00,Go Vap,new,,E-wallet,12,360000.0,delivered,35.3,,Outer,7.9,21,Wed,8
G003628,2025-08-13 21:58:00,Tan Binh,returning,,E-wallet,9,340000.0,delivered,27.3,5,Inner,5.2,21,Wed,8
G003629,2025-08-14 09:40:00,District 1,returning,,E-wallet,4,104000.0,delivered,34.8,,Central,2.1,9,Thu,8
G003630,2025-08-14 10:29:00,Thu Duc City,member,Silver,E-wallet,11,310000.0,delivered,57.2,2,Outer,11.5,10,Thu,8
G003631,2025-08-14 13:21:00,Phu Nhuan,new,,E-wallet,12,483000.0,delivered,25.9,5,Inner,4.0,13,Thu,8
G003632,2025-08-14 13:25:00,Binh Thanh,member,Silver,Cash,6,212000.0,delivered,26.0,4,Inner,4.6,13,Thu,8
G003633,2025-08-14 13:47:00,District 10,returning,,E-wallet,7,222000.0,delivered,32.4,4,Central,3.5,13,Thu,8
G003634,2025-08-14 17:12:00,Thu Duc City,returning,,E-wallet,8,280000.0,cancelled,,,Outer,11.5,17,Thu,8
G003635,2025-08-14 17:31:00,District 3,returning,,Cash,8,280000.0,delivered,22.1,4,Central,2.8,17,Thu,8
G003636,2025-08-14 17:54:00,Binh Tan,returning,,Bank transfer,7,304000.0,cancelled,,,Outer,10.8,17,Thu,8
G003637,2025-08-14 19:26:00,District 1,new,,E-wallet,3,103000.0,delivered,26.6,5,Central,2.1,19,Thu,8
G003638,2025-08-14 19:55:00,District 7,returning,,Card,5,159000.0,delivered,55.1,2,Inner,7.5,19,Thu,8
G003639,2025-08-14 20:30:00,Thu Duc City,new,,Cash,9,302000.0,delivered,55.1,2,Outer,11.5,20,Thu,8
G003640,2025-08-15 06:17:00,District 1,returning,,Card,4,164000.0,delivered,27.9,,Central,2.1,6,Fri,8
G003641,2025-08-15 09:08:00,Go Vap,new,,E-wallet,4,139000.0,delivered,39.9,,Outer,7.9,9,Fri,8
G003642,2025-08-15 09:36:00,District 7,returning,,E-wallet,6,209000.0,delivered,38.5,,Inner,7.5,9,Fri,8
G003643,2025-08-15 09:47:00,Tan Binh,returning,,Card,9,218000.0,delivered,27.1,5,Inner,5.2,9,Fri,8
G003644,2025-08-15 10:47:00,District 10,returning,,E-wallet,4,154000.0,delivered,22.2,4,Central,3.5,10,Fri,8
G003645,2025-08-15 10:57:00,District 7,returning,,E-wallet,7,334000.0,cancelled,,,Inner,7.5,10,Fri,8
G003646,2025-08-15 11:28:00,Tan Binh,returning,,Cash,6,212000.0,delivered,40.1,,Inner,5.2,11,Fri,8
G003647,2025-08-15 11:54:00,District 1,returning,,Card,10,399000.0,delivered,34.1,,Central,2.1,11,Fri,8
G003648,2025-08-15 12:29:00,Binh Tan,returning,,Card,9,294000.0,delivered,53.5,2,Outer,10.8,12,Fri,8
G003649,2025-08-15 12:33:00,Go Vap,member,Platinum,Bank transfer,6,342000.0,delivered,41.9,3,Outer,7.9,12,Fri,8
G003650,2025-08-15 12:40:00,Go Vap,member,Gold,Card,5,71000.0,delivered,48.0,2,Outer,7.9,12,Fri,8
G003651,2025-08-15 14:26:00,Binh Thanh,member,Silver,E-wallet,7,169000.0,delivered,31.1,4,Inner,4.6,14,Fri,8
G003652,2025-08-15 14:56:00,District 1,returning,,E-wallet,5,196000.0,cancelled,,,Central,2.1,14,Fri,8
G003653,2025-08-15 18:00:00,District 3,returning,,Cash,8,284000.0,delivered,35.2,4,Central,2.8,18,Fri,8
G003654,2025-08-15 18:03:00,Phu Nhuan,new,,E-wallet,8,97000.0,delivered,31.8,,Inner,4.0,18,Fri,8
G003655,2025-08-15 18:22:00,Binh Thanh,new,,E-wallet,6,153000.0,delivered,34.1,3,Inner,4.6,18,Fri,8
G003656,2025-08-15 20:24:00,District 7,member,Platinum,Card,7,233000.0,delivered,47.3,,Inner,7.5,20,Fri,8
G003657,2025-08-15 21:12:00,Go Vap,member,Silver,Cash,6,185000.0,delivered,34.7,,Outer,7.9,21,Fri,8
G003658,2025-08-15 21:29:00,District 7,member,Gold,Card,7,254000.0,delivered,36.9,4,Inner,7.5,21,Fri,8
G003659,2025-08-15 21:30:00,District 7,member,Platinum,E-wallet,6,216000.0,delivered,32.1,4,Inner,7.5,21,Fri,8
G003660,2025-08-15 21:41:00,Thu Duc City,member,Silver,E-wallet,6,162000.0,delivered,51.4,1,Outer,11.5,21,Fri,8
G003661,2025-08-15 21:46:00,Binh Tan,member,Silver,Cash,9,319000.0,delivered,43.8,2,Outer,10.8,21,Fri,8
G003662,2025-08-15 23:09:00,Binh Thanh,member,Silver,E-wallet,9,311000.0,delivered,36.9,4,Inner,4.6,23,Fri,8
G003663,2025-08-16 10:22:00,Tan Binh,member,Platinum,Bank transfer,8,360000.0,delivered,35.4,,Inner,5.2,10,Sat,8
G003664,2025-08-16 10:59:00,District 10,member,Gold,E-wallet,6,276000.0,delivered,28.0,4,Central,3.5,10,Sat,8
G003665,2025-08-16 12:14:00,Tan Binh,returning,,Bank transfer,7,244000.0,delivered,39.1,,Inner,5.2,12,Sat,8
G003666,2025-08-16 13:00:00,Binh Tan,member,Gold,E-wallet,6,169000.0,delivered,45.0,2,Outer,10.8,13,Sat,8
G003667,2025-08-16 15:57:00,Phu Nhuan,returning,,Card,6,156000.0,delivered,25.2,4,Inner,4.0,15,Sat,8
G003668,2025-08-16 16:45:00,District 7,member,Platinum,Cash,10,496000.0,delivered,37.7,,Inner,7.5,16,Sat,8
G003669,2025-08-16 18:01:00,Binh Thanh,new,,Cash,12,283000.0,delivered,36.0,4,Inner,4.6,18,Sat,8
G003670,2025-08-16 18:18:00,District 1,member,Silver,Card,10,387000.0,delivered,35.6,,Central,2.1,18,Sat,8
G003671,2025-08-16 19:01:00,Go Vap,returning,,E-wallet,15,500000.0,delivered,48.5,3,Outer,7.9,19,Sat,8
G003672,2025-08-16 19:09:00,Go Vap,new,,Card,8,247000.0,delivered,46.0,,Outer,7.9,19,Sat,8
G003673,2025-08-16 19:28:00,Thu Duc City,new,,Cash,9,252000.0,delivered,54.4,1,Outer,11.5,19,Sat,8
G003674,2025-08-16 19:43:00,Thu Duc City,returning,,Card,8,197000.0,delivered,59.0,3,Outer,11.5,19,Sat,8
G003675,2025-08-16 20:27:00,Go Vap,member,Silver,E-wallet,9,374000.0,delivered,43.6,,Outer,7.9,20,Sat,8
G003676,2025-08-16 20:31:00,Binh Thanh,new,,E-wallet,12,459000.0,delivered,32.3,4,Inner,4.6,20,Sat,8
G003677,2025-08-16 21:19:00,Go Vap,returning,,E-wallet,13,557000.0,delivered,41.8,3,Outer,7.9,21,Sat,8
G003678,2025-08-16 21:27:00,District 1,returning,,E-wallet,11,424000.0,delivered,22.6,,Central,2.1,21,Sat,8
G003679,2025-08-16 21:31:00,District 7,new,,E-wallet,15,393000.0,delivered,33.0,4,Inner,7.5,21,Sat,8
G003680,2025-08-16 22:20:00,Binh Tan,member,Silver,E-wallet,9,281000.0,delivered,43.6,4,Outer,10.8,22,Sat,8
G003681,2025-08-17 08:33:00,Binh Tan,returning,,Card,4,87000.0,delivered,51.9,2,Outer,10.8,8,Sun,8
G003682,2025-08-17 10:19:00,District 7,member,Silver,Cash,8,271000.0,delivered,37.3,4,Inner,7.5,10,Sun,8
G003683,2025-08-17 11:15:00,Binh Thanh,new,,Card,9,330000.0,delivered,36.5,,Inner,4.6,11,Sun,8
G003684,2025-08-17 11:18:00,Go Vap,returning,,Bank transfer,9,257000.0,delivered,43.4,3,Outer,7.9,11,Sun,8
G003685,2025-08-17 12:34:00,Binh Thanh,returning,,E-wallet,8,246000.0,delivered,36.7,,Inner,4.6,12,Sun,8
G003686,2025-08-17 14:55:00,Binh Tan,returning,,Card,11,288000.0,delivered,45.8,1,Outer,10.8,14,Sun,8
G003687,2025-08-17 15:25:00,Tan Binh,returning,,Card,13,454000.0,delivered,35.3,3,Inner,5.2,15,Sun,8
G003688,2025-08-17 17:54:00,Binh Thanh,returning,,E-wallet,16,362000.0,delivered,27.7,,Inner,4.6,17,Sun,8
G003689,2025-08-17 18:03:00,Thu Duc City,new,,E-wallet,10,341000.0,delivered,59.1,1,Outer,11.5,18,Sun,8
G003690,2025-08-17 18:52:00,District 3,member,Silver,E-wallet,9,279000.0,delivered,33.1,,Central,2.8,18,Sun,8
G003691,2025-08-17 18:58:00,Go Vap,member,Silver,E-wallet,6,222000.0,delivered,45.7,3,Outer,7.9,18,Sun,8
G003692,2025-08-17 20:44:00,Go Vap,member,Gold,E-wallet,8,320000.0,cancelled,,,Outer,7.9,20,Sun,8
G003693,2025-08-18 06:29:00,District 1,returning,,E-wallet,7,183000.0,delivered,30.1,5,Central,2.1,6,Mon,8
G003694,2025-08-18 07:54:00,District 1,new,,Bank transfer,5,190000.0,delivered,18.3,4,Central,2.1,7,Mon,8
G003695,2025-08-18 09:42:00,Phu Nhuan,returning,,Card,7,201000.0,delivered,27.5,,Inner,4.0,9,Mon,8
G003696,2025-08-18 11:44:00,Thu Duc City,member,Gold,E-wallet,6,156000.0,delivered,59.8,3,Outer,11.5,11,Mon,8
G003697,2025-08-18 14:31:00,District 10,returning,,E-wallet,6,162000.0,delivered,30.7,4,Central,3.5,14,Mon,8
G003698,2025-08-18 18:18:00,Phu Nhuan,returning,,E-wallet,7,124000.0,delivered,36.8,,Inner,4.0,18,Mon,8
G003699,2025-08-18 18:53:00,District 10,new,,E-wallet,6,146000.0,delivered,35.0,,Central,3.5,18,Mon,8
G003700,2025-08-18 19:48:00,Thu Duc City,returning,,Cash,8,263000.0,delivered,60.0,,Outer,11.5,19,Mon,8
G003701,2025-08-18 19:50:00,Binh Tan,member,Silver,Card,4,116000.0,cancelled,,,Outer,10.8,19,Mon,8
G003702,2025-08-18 20:34:00,Tan Binh,returning,,E-wallet,7,204000.0,delivered,44.9,2,Inner,5.2,20,Mon,8
G003703,2025-08-19 08:34:00,Tan Binh,member,Silver,E-wallet,5,87000.0,delivered,30.0,4,Inner,5.2,8,Tue,8
G003704,2025-08-19 10:08:00,District 1,returning,,Bank transfer,11,269000.0,delivered,19.5,5,Central,2.1,10,Tue,8
G003705,2025-08-19 10:14:00,District 10,returning,,Cash,7,239000.0,delivered,23.0,5,Central,3.5,10,Tue,8
G003706,2025-08-19 10:44:00,Thu Duc City,returning,,E-wallet,6,208000.0,delivered,53.3,2,Outer,11.5,10,Tue,8
G003707,2025-08-19 11:11:00,District 3,member,Silver,Cash,11,361000.0,delivered,29.9,4,Central,2.8,11,Tue,8
G003708,2025-08-19 11:36:00,Thu Duc City,returning,,E-wallet,12,489000.0,delivered,60.5,4,Outer,11.5,11,Tue,8
G003709,2025-08-19 13:28:00,Binh Thanh,new,,Card,8,236000.0,delivered,32.6,4,Inner,4.6,13,Tue,8
G003710,2025-08-19 15:44:00,Tan Binh,new,,Bank transfer,4,176000.0,delivered,28.8,5,Inner,5.2,15,Tue,8
G003711,2025-08-19 17:11:00,District 3,returning,,Card,6,199000.0,delivered,35.4,,Central,2.8,17,Tue,8
G003712,2025-08-19 17:35:00,Tan Binh,returning,,E-wallet,6,105000.0,delivered,26.2,,Inner,5.2,17,Tue,8
G003713,2025-08-19 17:51:00,District 3,new,,E-wallet,7,167000.0,delivered,26.9,5,Central,2.8,17,Tue,8
G003714,2025-08-19 18:47:00,District 3,new,,Cash,2,64000.0,delivered,30.1,5,Central,2.8,18,Tue,8
G003715,2025-08-19 19:08:00,Binh Thanh,member,Silver,E-wallet,10,383000.0,delivered,38.8,3,Inner,4.6,19,Tue,8
G003716,2025-08-19 19:52:00,Binh Thanh,member,Silver,Bank transfer,3,123000.0,delivered,42.9,,Inner,4.6,19,Tue,8
G003717,2025-08-20 08:25:00,District 1,returning,,Bank transfer,4,198000.0,delivered,19.8,5,Central,2.1,8,Wed,8
G003718,2025-08-20 11:05:00,Thu Duc City,member,Silver,E-wallet,8,292000.0,delivered,51.6,1,Outer,11.5,11,Wed,8
G003719,2025-08-20 11:09:00,Tan Binh,returning,,E-wallet,7,243000.0,delivered,35.9,3,Inner,5.2,11,Wed,8
G003720,2025-08-20 12:00:00,Thu Duc City,returning,,Card,4,111000.0,delivered,51.6,2,Outer,11.5,12,Wed,8
G003721,2025-08-20 12:45:00,District 1,new,,Bank transfer,3,100000.0,delivered,31.3,,Central,2.1,12,Wed,8
G003722,2025-08-20 13:07:00,Binh Tan,member,Platinum,E-wallet,6,199000.0,cancelled,,,Outer,10.8,13,Wed,8
G003723,2025-08-20 14:49:00,Go Vap,returning,,E-wallet,4,162000.0,delivered,34.5,,Outer,7.9,14,Wed,8
G003724,2025-08-20 14:58:00,Go Vap,member,Silver,Card,8,314000.0,delivered,40.3,,Outer,7.9,14,Wed,8
G003725,2025-08-20 16:02:00,Go Vap,returning,,Bank transfer,6,204000.0,delivered,53.7,2,Outer,7.9,16,Wed,8
G003726,2025-08-20 16:18:00,Thu Duc City,new,,Cash,7,154000.0,delivered,44.6,,Outer,11.5,16,Wed,8
G003727,2025-08-20 18:13:00,Binh Tan,returning,,Cash,5,181000.0,delivered,54.8,,Outer,10.8,18,Wed,8
G003728,2025-08-20 19:16:00,Go Vap,returning,,Card,6,263000.0,delivered,46.3,,Outer,7.9,19,Wed,8
G003729,2025-08-20 19:38:00,District 10,member,Silver,E-wallet,8,272000.0,delivered,33.5,4,Central,3.5,19,Wed,8
G003730,2025-08-20 19:57:00,Thu Duc City,returning,,E-wallet,13,333000.0,delivered,55.0,,Outer,11.5,19,Wed,8
G003731,2025-08-20 20:05:00,District 7,member,Silver,E-wallet,9,263000.0,delivered,43.7,,Inner,7.5,20,Wed,8
G003732,2025-08-20 21:42:00,District 7,returning,,Cash,7,220000.0,delivered,36.3,3,Inner,7.5,21,Wed,8
G003733,2025-08-20 21:52:00,District 10,returning,,E-wallet,6,218000.0,delivered,24.9,,Central,3.5,21,Wed,8
G003734,2025-08-21 07:24:00,Thu Duc City,new,,Bank transfer,8,255000.0,delivered,47.2,1,Outer,11.5,7,Thu,8
G003735,2025-08-21 08:28:00,Binh Thanh,new,,E-wallet,6,153000.0,delivered,48.1,,Inner,4.6,8,Thu,8
G003736,2025-08-21 08:39:00,Phu Nhuan,returning,,E-wallet,6,212000.0,delivered,28.8,5,Inner,4.0,8,Thu,8
G003737,2025-08-21 10:05:00,Binh Tan,returning,,E-wallet,7,247000.0,delivered,50.8,2,Outer,10.8,10,Thu,8
G003738,2025-08-21 10:31:00,District 3,new,,Cash,7,214000.0,delivered,24.1,5,Central,2.8,10,Thu,8
G003739,2025-08-21 10:55:00,Binh Tan,new,,Cash,9,355000.0,delivered,42.0,,Outer,10.8,10,Thu,8
G003740,2025-08-21 11:33:00,District 1,new,,Cash,12,524000.0,delivered,34.0,4,Central,2.1,11,Thu,8
G003741,2025-08-21 12:47:00,Go Vap,member,Platinum,E-wallet,6,219000.0,delivered,47.5,2,Outer,7.9,12,Thu,8
G003742,2025-08-21 12:53:00,Binh Thanh,returning,,Cash,10,332000.0,delivered,40.5,2,Inner,4.6,12,Thu,8
G003743,2025-08-21 16:17:00,District 7,member,Silver,E-wallet,6,160000.0,delivered,34.7,4,Inner,7.5,16,Thu,8
G003744,2025-08-21 16:32:00,Tan Binh,member,Silver,E-wallet,3,95000.0,delivered,34.1,4,Inner,5.2,16,Thu,8
G003745,2025-08-21 16:33:00,Binh Tan,returning,,Cash,6,259000.0,delivered,44.6,,Outer,10.8,16,Thu,8
G003746,2025-08-21 17:15:00,District 1,returning,,Bank transfer,5,189000.0,delivered,27.7,4,Central,2.1,17,Thu,8
G003747,2025-08-21 18:13:00,District 3,new,,E-wallet,9,295000.0,delivered,38.5,,Central,2.8,18,Thu,8
G003748,2025-08-21 18:19:00,District 7,returning,,E-wallet,6,175000.0,delivered,49.7,3,Inner,7.5,18,Thu,8
G003750,2025-08-21 19:03:00,Tan Binh,returning,,Cash,8,241000.0,delivered,47.6,3,Inner,5.2,19,Thu,8
G003749,2025-08-21 19:03:00,Tan Binh,returning,,E-wallet,9,236000.0,delivered,36.7,4,Inner,5.2,19,Thu,8
G003751,2025-08-21 19:09:00,Go Vap,member,Gold,E-wallet,6,182000.0,cancelled,,,Outer,7.9,19,Thu,8
G003752,2025-08-21 19:17:00,Go Vap,returning,,Card,4,145000.0,delivered,42.2,3,Outer,7.9,19,Thu,8
G003753,2025-08-21 19:32:00,District 1,new,,Cash,13,505000.0,cancelled,,,Central,2.1,19,Thu,8
G003754,2025-08-21 19:33:00,District 7,member,Silver,Bank transfer,12,430000.0,delivered,45.0,2,Inner,7.5,19,Thu,8
G003755,2025-08-21 19:42:00,District 10,returning,,E-wallet,3,75000.0,delivered,34.5,5,Central,3.5,19,Thu,8
G003756,2025-08-21 19:43:00,District 7,member,Gold,E-wallet,6,137000.0,delivered,42.1,,Inner,7.5,19,Thu,8
G003757,2025-08-21 20:00:00,District 7,new,,E-wallet,2,47000.0,delivered,57.2,2,Inner,7.5,20,Thu,8
G003758,2025-08-21 20:07:00,District 3,new,,E-wallet,6,139000.0,delivered,34.4,,Central,2.8,20,Thu,8
G003759,2025-08-21 21:10:00,Go Vap,new,,Bank transfer,4,114000.0,delivered,46.0,3,Outer,7.9,21,Thu,8
G003760,2025-08-22 08:26:00,Phu Nhuan,returning,,Card,6,195000.0,delivered,25.9,,Inner,4.0,8,Fri,8
G003761,2025-08-22 10:33:00,Tan Binh,member,Silver,E-wallet,9,304000.0,delivered,27.1,5,Inner,5.2,10,Fri,8
G003762,2025-08-22 12:05:00,Go Vap,new,,Cash,7,229000.0,delivered,43.0,3,Outer,7.9,12,Fri,8
G003763,2025-08-22 12:45:00,District 7,returning,,Bank transfer,6,167000.0,delivered,44.1,,Inner,7.5,12,Fri,8
G003764,2025-08-22 13:12:00,District 7,new,,E-wallet,3,99000.0,delivered,35.6,4,Inner,7.5,13,Fri,8
G003765,2025-08-22 14:51:00,District 1,new,,Cash,6,188000.0,delivered,24.0,,Central,2.1,14,Fri,8
G003766,2025-08-22 15:03:00,Phu Nhuan,member,Gold,Card,7,257000.0,delivered,35.5,4,Inner,4.0,15,Fri,8
G003767,2025-08-22 17:05:00,Phu Nhuan,new,,E-wallet,11,430000.0,delivered,30.8,,Inner,4.0,17,Fri,8
G003768,2025-08-22 17:10:00,Thu Duc City,new,,Bank transfer,4,145000.0,delivered,56.9,3,Outer,11.5,17,Fri,8
G003769,2025-08-22 17:21:00,Tan Binh,returning,,Card,9,379000.0,delivered,26.0,3,Inner,5.2,17,Fri,8
G003770,2025-08-22 17:23:00,Binh Thanh,member,Platinum,Card,6,292000.0,delivered,25.6,,Inner,4.6,17,Fri,8
G003771,2025-08-22 17:41:00,Thu Duc City,member,Platinum,E-wallet,11,530000.0,delivered,51.7,3,Outer,11.5,17,Fri,8
G003772,2025-08-22 18:42:00,Phu Nhuan,new,,Cash,6,184000.0,delivered,31.5,4,Inner,4.0,18,Fri,8
G003773,2025-08-22 19:02:00,District 3,returning,,Card,7,285000.0,delivered,30.6,,Central,2.8,19,Fri,8
G003774,2025-08-22 19:17:00,Phu Nhuan,member,Gold,Card,9,272000.0,delivered,45.7,4,Inner,4.0,19,Fri,8
G003775,2025-08-22 19:17:00,District 7,member,Silver,E-wallet,9,428000.0,delivered,47.9,2,Inner,7.5,19,Fri,8
G003776,2025-08-22 20:08:00,District 1,returning,,Cash,9,274000.0,delivered,37.0,4,Central,2.1,20,Fri,8
G003778,2025-08-22 22:39:00,District 10,returning,,Card,8,275000.0,delivered,23.3,5,Central,3.5,22,Fri,8
G003777,2025-08-22 22:39:00,Thu Duc City,new,,Card,7,191000.0,delivered,47.7,,Outer,11.5,22,Fri,8
G003779,2025-08-23 06:51:00,District 7,new,,Bank transfer,19,593000.0,delivered,34.4,,Inner,7.5,6,Sat,8
G003780,2025-08-23 09:00:00,Phu Nhuan,member,Silver,E-wallet,12,399000.0,delivered,24.5,4,Inner,4.0,9,Sat,8
G003781,2025-08-23 09:32:00,Binh Thanh,member,Silver,E-wallet,10,261000.0,delivered,39.9,4,Inner,4.6,9,Sat,8
G003782,2025-08-23 12:27:00,District 7,member,Platinum,E-wallet,12,446000.0,delivered,47.3,2,Inner,7.5,12,Sat,8
G003783,2025-08-23 12:31:00,Binh Tan,new,,Cash,9,383000.0,delivered,57.1,,Outer,10.8,12,Sat,8
G003784,2025-08-23 12:33:00,Tan Binh,returning,,Card,13,462000.0,delivered,38.5,,Inner,5.2,12,Sat,8
G003785,2025-08-23 12:40:00,Go Vap,returning,,Bank transfer,11,221000.0,delivered,43.6,,Outer,7.9,12,Sat,8
G003786,2025-08-23 13:03:00,District 3,member,Silver,Card,13,341000.0,delivered,21.0,4,Central,2.8,13,Sat,8
G003787,2025-08-23 18:19:00,Tan Binh,returning,,E-wallet,8,345000.0,delivered,35.1,,Inner,5.2,18,Sat,8
G003788,2025-08-23 19:09:00,District 10,returning,,Bank transfer,11,252000.0,delivered,32.0,4,Central,3.5,19,Sat,8
G003789,2025-08-23 19:11:00,Binh Tan,returning,,E-wallet,10,407000.0,delivered,54.7,1,Outer,10.8,19,Sat,8
G003790,2025-08-23 19:30:00,District 3,new,,Card,12,342000.0,delivered,39.1,3,Central,2.8,19,Sat,8
G003791,2025-08-23 20:02:00,Thu Duc City,new,,E-wallet,6,161000.0,delivered,53.3,2,Outer,11.5,20,Sat,8
G003792,2025-08-23 20:32:00,Tan Binh,returning,,E-wallet,11,413000.0,delivered,37.1,4,Inner,5.2,20,Sat,8
G003793,2025-08-23 23:48:00,District 7,returning,,E-wallet,6,189000.0,delivered,32.6,5,Inner,7.5,23,Sat,8
G003794,2025-08-24 07:16:00,Thu Duc City,new,,Bank transfer,11,305000.0,cancelled,,,Outer,11.5,7,Sun,8
G003795,2025-08-24 07:56:00,District 3,new,,Bank transfer,14,382000.0,delivered,29.1,,Central,2.8,7,Sun,8
G003796,2025-08-24 08:38:00,District 10,member,Silver,Cash,10,355000.0,delivered,24.0,5,Central,3.5,8,Sun,8
G003797,2025-08-24 09:50:00,Tan Binh,member,Silver,E-wallet,13,310000.0,delivered,31.5,4,Inner,5.2,9,Sun,8
G003798,2025-08-24 10:54:00,District 10,returning,,E-wallet,8,323000.0,delivered,32.1,,Central,3.5,10,Sun,8
G003799,2025-08-24 11:31:00,District 7,member,Silver,Card,10,310000.0,delivered,43.9,4,Inner,7.5,11,Sun,8
G003800,2025-08-24 11:53:00,Binh Thanh,new,,E-wallet,8,224000.0,delivered,39.8,2,Inner,4.6,11,Sun,8
G003801,2025-08-24 11:53:00,District 7,returning,,E-wallet,9,248000.0,delivered,48.5,2,Inner,7.5,11,Sun,8
G003802,2025-08-24 11:54:00,District 7,new,,E-wallet,13,457000.0,delivered,40.6,3,Inner,7.5,11,Sun,8
G003803,2025-08-24 12:09:00,District 7,member,Gold,E-wallet,10,503000.0,delivered,45.8,,Inner,7.5,12,Sun,8
G003804,2025-08-24 12:09:00,District 10,returning,,Cash,10,392000.0,delivered,35.2,,Central,3.5,12,Sun,8
G003805,2025-08-24 15:15:00,Go Vap,new,,E-wallet,10,337000.0,delivered,39.3,4,Outer,7.9,15,Sun,8
G003806,2025-08-24 16:33:00,District 1,member,Silver,Cash,11,332000.0,delivered,18.4,4,Central,2.1,16,Sun,8
G003807,2025-08-24 16:59:00,District 7,member,Gold,Cash,5,197000.0,delivered,35.4,4,Inner,7.5,16,Sun,8
G003808,2025-08-24 17:02:00,District 7,returning,,Card,10,453000.0,delivered,34.3,4,Inner,7.5,17,Sun,8
G003809,2025-08-24 19:00:00,Thu Duc City,returning,,E-wallet,15,275000.0,delivered,60.5,3,Outer,11.5,19,Sun,8
G003810,2025-08-24 20:32:00,Go Vap,member,Silver,E-wallet,14,351000.0,delivered,42.8,,Outer,7.9,20,Sun,8
G003811,2025-08-24 20:41:00,District 10,new,,E-wallet,10,361000.0,delivered,29.7,4,Central,3.5,20,Sun,8
G003812,2025-08-24 20:52:00,District 3,returning,,Bank transfer,9,315000.0,delivered,32.8,4,Central,2.8,20,Sun,8
G003813,2025-08-24 20:53:00,Binh Tan,returning,,Cash,11,356000.0,delivered,51.8,,Outer,10.8,20,Sun,8
G003814,2025-08-24 20:55:00,District 3,member,Gold,Bank transfer,11,429000.0,delivered,36.6,,Central,2.8,20,Sun,8
G003815,2025-08-24 21:34:00,Binh Tan,member,Gold,E-wallet,6,182000.0,delivered,53.1,3,Outer,10.8,21,Sun,8
G003816,2025-08-25 10:20:00,Phu Nhuan,new,,E-wallet,8,327000.0,delivered,29.1,4,Inner,4.0,10,Mon,8
G003817,2025-08-25 11:25:00,District 7,returning,,Card,10,272000.0,cancelled,,,Inner,7.5,11,Mon,8
G003818,2025-08-25 12:16:00,District 10,member,Silver,Cash,5,142000.0,delivered,36.0,4,Central,3.5,12,Mon,8
G003819,2025-08-25 12:17:00,District 3,member,Gold,Cash,6,288000.0,delivered,35.7,4,Central,2.8,12,Mon,8
G003820,2025-08-25 12:48:00,Phu Nhuan,member,Silver,E-wallet,12,346000.0,delivered,44.9,,Inner,4.0,12,Mon,8
G003821,2025-08-25 12:57:00,District 1,member,Silver,E-wallet,4,110000.0,delivered,27.7,,Central,2.1,12,Mon,8
G003822,2025-08-25 13:00:00,Tan Binh,returning,,E-wallet,5,148000.0,delivered,33.9,4,Inner,5.2,13,Mon,8
G003823,2025-08-25 13:01:00,District 3,returning,,E-wallet,7,159000.0,delivered,20.5,,Central,2.8,13,Mon,8
G003824,2025-08-25 14:47:00,District 3,returning,,Bank transfer,8,301000.0,delivered,21.9,5,Central,2.8,14,Mon,8
G003825,2025-08-25 15:37:00,District 1,returning,,E-wallet,11,489000.0,delivered,23.6,,Central,2.1,15,Mon,8
G003826,2025-08-25 16:08:00,Binh Thanh,member,Silver,Cash,9,291000.0,delivered,32.0,3,Inner,4.6,16,Mon,8
G003827,2025-08-25 16:24:00,Tan Binh,returning,,E-wallet,6,109000.0,delivered,27.6,4,Inner,5.2,16,Mon,8
G003828,2025-08-25 17:56:00,District 1,returning,,Card,10,314000.0,delivered,31.1,5,Central,2.1,17,Mon,8
G003829,2025-08-25 18:12:00,District 7,member,Gold,Cash,9,218000.0,delivered,40.8,5,Inner,7.5,18,Mon,8
G003830,2025-08-25 19:40:00,Thu Duc City,member,Silver,Card,7,210000.0,delivered,53.8,2,Outer,11.5,19,Mon,8
G003831,2025-08-25 20:28:00,Phu Nhuan,returning,,Cash,7,188000.0,delivered,35.6,4,Inner,4.0,20,Mon,8
G003832,2025-08-25 20:33:00,District 7,member,Silver,E-wallet,6,227000.0,delivered,45.5,2,Inner,7.5,20,Mon,8
G003833,2025-08-25 20:46:00,Thu Duc City,new,,Bank transfer,7,194000.0,delivered,61.8,2,Outer,11.5,20,Mon,8
G003834,2025-08-25 20:47:00,Phu Nhuan,new,,Cash,5,185000.0,delivered,39.1,3,Inner,4.0,20,Mon,8
G003835,2025-08-25 21:02:00,District 7,returning,,Card,9,282000.0,delivered,33.0,4,Inner,7.5,21,Mon,8
G003836,2025-08-26 09:56:00,Phu Nhuan,member,Silver,E-wallet,7,253000.0,delivered,28.1,5,Inner,4.0,9,Tue,8
G003837,2025-08-26 11:32:00,District 10,returning,,Bank transfer,5,210000.0,delivered,30.6,,Central,3.5,11,Tue,8
G003838,2025-08-26 11:49:00,District 1,new,,Cash,4,108000.0,cancelled,,,Central,2.1,11,Tue,8
G003839,2025-08-26 14:51:00,District 1,new,,Cash,7,268000.0,cancelled,,,Central,2.1,14,Tue,8
G003840,2025-08-26 16:18:00,Go Vap,returning,,Card,8,192000.0,delivered,42.8,,Outer,7.9,16,Tue,8
G003841,2025-08-26 16:45:00,District 3,returning,,E-wallet,8,169000.0,delivered,29.3,,Central,2.8,16,Tue,8
G003842,2025-08-26 17:50:00,District 1,returning,,E-wallet,11,386000.0,delivered,20.2,,Central,2.1,17,Tue,8
G003843,2025-08-26 17:55:00,District 10,returning,,Card,6,109000.0,delivered,23.3,,Central,3.5,17,Tue,8
G003844,2025-08-26 18:24:00,Thu Duc City,new,,Card,8,264000.0,delivered,52.6,,Outer,11.5,18,Tue,8
G003845,2025-08-26 19:32:00,Binh Tan,returning,,Bank transfer,5,191000.0,delivered,63.1,2,Outer,10.8,19,Tue,8
G003846,2025-08-26 19:46:00,District 3,member,Silver,Cash,5,228000.0,delivered,32.7,,Central,2.8,19,Tue,8
G003847,2025-08-26 20:13:00,Tan Binh,returning,,Card,6,228000.0,delivered,38.9,4,Inner,5.2,20,Tue,8
G003848,2025-08-26 20:13:00,District 7,member,Platinum,E-wallet,11,514000.0,delivered,45.6,,Inner,7.5,20,Tue,8
G003849,2025-08-26 20:17:00,District 1,returning,,Cash,4,106000.0,delivered,32.3,4,Central,2.1,20,Tue,8
G003850,2025-08-26 20:33:00,Binh Tan,returning,,Card,4,135000.0,delivered,50.1,1,Outer,10.8,20,Tue,8
G003851,2025-08-27 10:01:00,Binh Thanh,returning,,E-wallet,7,271000.0,delivered,29.5,,Inner,4.6,10,Wed,8
G003852,2025-08-27 11:36:00,Go Vap,member,Gold,Card,6,190000.0,cancelled,,,Outer,7.9,11,Wed,8
G003853,2025-08-27 12:01:00,Thu Duc City,returning,,E-wallet,10,317000.0,delivered,52.9,3,Outer,11.5,12,Wed,8
G003854,2025-08-27 12:10:00,District 1,returning,,E-wallet,5,140000.0,delivered,32.0,4,Central,2.1,12,Wed,8
G003855,2025-08-27 12:29:00,Go Vap,new,,E-wallet,3,92000.0,delivered,47.5,2,Outer,7.9,12,Wed,8
G003856,2025-08-27 16:34:00,Binh Thanh,member,Gold,Card,8,273000.0,delivered,24.2,5,Inner,4.6,16,Wed,8
G003857,2025-08-27 16:52:00,Thu Duc City,member,Silver,E-wallet,9,321000.0,delivered,48.3,,Outer,11.5,16,Wed,8
G003858,2025-08-27 18:19:00,Thu Duc City,member,Platinum,E-wallet,10,408000.0,delivered,55.6,1,Outer,11.5,18,Wed,8
G003859,2025-08-27 18:48:00,Thu Duc City,new,,E-wallet,10,273000.0,cancelled,,,Outer,11.5,18,Wed,8
G003860,2025-08-27 19:35:00,Tan Binh,returning,,E-wallet,9,306000.0,delivered,37.5,3,Inner,5.2,19,Wed,8
G003861,2025-08-27 19:48:00,Tan Binh,member,Silver,Cash,8,246000.0,delivered,37.6,4,Inner,5.2,19,Wed,8
G003862,2025-08-27 20:42:00,Go Vap,member,Gold,E-wallet,5,197000.0,delivered,41.2,,Outer,7.9,20,Wed,8
G003863,2025-08-27 20:47:00,District 1,returning,,E-wallet,10,365000.0,delivered,38.2,3,Central,2.1,20,Wed,8
G003864,2025-08-27 20:48:00,District 10,member,Silver,Cash,12,335000.0,delivered,34.1,4,Central,3.5,20,Wed,8
G003865,2025-08-27 21:43:00,Tan Binh,new,,Card,9,208000.0,delivered,31.4,,Inner,5.2,21,Wed,8
G003866,2025-08-28 06:31:00,District 3,new,,E-wallet,8,355000.0,delivered,20.2,,Central,2.8,6,Thu,8
G003867,2025-08-28 09:05:00,Thu Duc City,member,Silver,E-wallet,7,250000.0,delivered,43.8,3,Outer,11.5,9,Thu,8
G003868,2025-08-28 09:06:00,District 7,returning,,E-wallet,6,205000.0,delivered,35.3,3,Inner,7.5,9,Thu,8
G003869,2025-08-28 09:16:00,Thu Duc City,returning,,Card,9,319000.0,cancelled,,,Outer,11.5,9,Thu,8
G003870,2025-08-28 09:17:00,Binh Thanh,returning,,Card,7,143000.0,delivered,28.6,,Inner,4.6,9,Thu,8
G003871,2025-08-28 11:51:00,Tan Binh,member,Platinum,Card,5,262000.0,delivered,40.8,3,Inner,5.2,11,Thu,8
G003872,2025-08-28 12:19:00,Go Vap,returning,,E-wallet,6,106000.0,delivered,48.4,,Outer,7.9,12,Thu,8
G003873,2025-08-28 13:05:00,District 7,member,Gold,E-wallet,5,231000.0,delivered,32.8,,Inner,7.5,13,Thu,8
G003874,2025-08-28 13:55:00,Go Vap,returning,,Card,8,220000.0,delivered,34.4,4,Outer,7.9,13,Thu,8
G003875,2025-08-28 13:57:00,Binh Thanh,returning,,Cash,5,227000.0,delivered,26.1,,Inner,4.6,13,Thu,8
G003876,2025-08-28 15:24:00,District 7,new,,Bank transfer,9,286000.0,cancelled,,,Inner,7.5,15,Thu,8
G003877,2025-08-28 17:08:00,Tan Binh,member,Gold,E-wallet,10,344000.0,delivered,31.8,5,Inner,5.2,17,Thu,8
G003878,2025-08-28 17:42:00,District 1,new,,E-wallet,4,77000.0,delivered,25.9,,Central,2.1,17,Thu,8
G003879,2025-08-28 18:27:00,Thu Duc City,returning,,Card,9,242000.0,delivered,55.1,2,Outer,11.5,18,Thu,8
G003880,2025-08-28 19:19:00,Binh Thanh,member,Gold,E-wallet,9,278000.0,delivered,33.8,,Inner,4.6,19,Thu,8
G003881,2025-08-28 20:22:00,Go Vap,new,,E-wallet,6,253000.0,delivered,44.2,4,Outer,7.9,20,Thu,8
G003882,2025-08-29 08:25:00,Phu Nhuan,member,Gold,E-wallet,7,242000.0,delivered,41.1,,Inner,4.0,8,Fri,8
G003883,2025-08-29 12:06:00,District 1,returning,,Bank transfer,12,350000.0,delivered,32.9,,Central,2.1,12,Fri,8
G003884,2025-08-29 12:22:00,Go Vap,returning,,Bank transfer,9,288000.0,delivered,47.1,4,Outer,7.9,12,Fri,8
G003885,2025-08-29 12:26:00,Binh Thanh,member,Gold,E-wallet,4,129000.0,delivered,34.0,5,Inner,4.6,12,Fri,8
G003886,2025-08-29 12:59:00,Binh Tan,new,,Card,4,141000.0,delivered,52.9,,Outer,10.8,12,Fri,8
G003887,2025-08-29 13:51:00,Binh Thanh,member,Silver,Cash,7,225000.0,delivered,31.9,5,Inner,4.6,13,Fri,8
G003888,2025-08-29 14:21:00,Tan Binh,member,Gold,E-wallet,1,27000.0,delivered,29.7,,Inner,5.2,14,Fri,8
G003889,2025-08-29 15:25:00,Thu Duc City,member,Silver,E-wallet,9,255000.0,delivered,44.9,3,Outer,11.5,15,Fri,8
G003890,2025-08-29 15:34:00,Thu Duc City,new,,Card,6,156000.0,delivered,45.5,,Outer,11.5,15,Fri,8
G003891,2025-08-29 16:03:00,District 1,returning,,E-wallet,11,383000.0,delivered,29.4,,Central,2.1,16,Fri,8
G003892,2025-08-29 17:09:00,Binh Thanh,member,Silver,E-wallet,6,200000.0,delivered,38.2,2,Inner,4.6,17,Fri,8
G003893,2025-08-29 17:12:00,Go Vap,new,,E-wallet,9,274000.0,delivered,34.3,4,Outer,7.9,17,Fri,8
G003894,2025-08-29 17:34:00,District 7,returning,,E-wallet,8,203000.0,delivered,35.5,3,Inner,7.5,17,Fri,8
G003895,2025-08-29 17:50:00,Tan Binh,member,Platinum,Bank transfer,7,270000.0,delivered,29.7,3,Inner,5.2,17,Fri,8
G003896,2025-08-29 18:41:00,Binh Thanh,returning,,Bank transfer,7,237000.0,delivered,36.8,4,Inner,4.6,18,Fri,8
G003897,2025-08-29 18:44:00,Thu Duc City,new,,Card,8,238000.0,delivered,53.1,,Outer,11.5,18,Fri,8
G003898,2025-08-29 19:30:00,Binh Thanh,member,Silver,Bank transfer,9,264000.0,delivered,34.2,,Inner,4.6,19,Fri,8
G003899,2025-08-29 20:44:00,Thu Duc City,returning,,E-wallet,7,297000.0,delivered,62.9,,Outer,11.5,20,Fri,8
G003900,2025-08-29 21:33:00,District 10,returning,,E-wallet,3,102000.0,delivered,22.0,,Central,3.5,21,Fri,8
G003901,2025-08-29 22:09:00,Tan Binh,returning,,Card,6,162000.0,delivered,30.2,5,Inner,5.2,22,Fri,8
G003902,2025-08-29 22:38:00,Binh Tan,new,,Bank transfer,8,343000.0,delivered,42.2,4,Outer,10.8,22,Fri,8
G003903,2025-08-29 23:55:00,Tan Binh,member,Silver,Cash,6,264000.0,delivered,29.4,4,Inner,5.2,23,Fri,8
G003904,2025-08-30 07:12:00,Thu Duc City,member,Silver,Cash,6,,delivered,48.9,1,Outer,11.5,7,Sat,8
G003905,2025-08-30 10:44:00,Binh Tan,returning,,E-wallet,10,347000.0,delivered,44.7,,Outer,10.8,10,Sat,8
G003906,2025-08-30 11:01:00,Binh Tan,returning,,E-wallet,10,252000.0,delivered,50.7,1,Outer,10.8,11,Sat,8
G003907,2025-08-30 11:26:00,District 7,member,Silver,E-wallet,6,154000.0,delivered,40.7,4,Inner,7.5,11,Sat,8
G003908,2025-08-30 12:45:00,Thu Duc City,returning,,Bank transfer,8,281000.0,delivered,59.1,2,Outer,11.5,12,Sat,8
G003909,2025-08-30 16:31:00,District 7,returning,,Card,4,152000.0,delivered,41.2,3,Inner,7.5,16,Sat,8
G003910,2025-08-30 18:28:00,District 10,member,Silver,Card,12,315000.0,delivered,35.8,4,Central,3.5,18,Sat,8
G003911,2025-08-30 19:16:00,District 1,member,Silver,E-wallet,10,406000.0,delivered,27.6,,Central,2.1,19,Sat,8
G003912,2025-08-30 20:14:00,Thu Duc City,returning,,E-wallet,11,325000.0,delivered,52.9,,Outer,11.5,20,Sat,8
G003913,2025-08-30 20:24:00,Go Vap,member,Silver,E-wallet,8,261000.0,delivered,45.7,,Outer,7.9,20,Sat,8
G003914,2025-08-30 21:09:00,District 10,new,,Bank transfer,12,514000.0,delivered,23.2,,Central,3.5,21,Sat,8
G003915,2025-08-30 21:36:00,District 1,member,Silver,E-wallet,12,479000.0,delivered,22.5,5,Central,2.1,21,Sat,8
G003916,2025-08-31 08:43:00,Thu Duc City,returning,,E-wallet,9,251000.0,delivered,44.8,2,Outer,11.5,8,Sun,8
G003917,2025-08-31 11:04:00,Thu Duc City,new,,E-wallet,8,209000.0,delivered,53.2,,Outer,11.5,11,Sun,8
G003918,2025-08-31 11:18:00,District 10,new,,Card,9,224000.0,delivered,31.2,4,Central,3.5,11,Sun,8
G003919,2025-08-31 11:30:00,Tan Binh,new,,Cash,7,196000.0,cancelled,,,Inner,5.2,11,Sun,8
G003920,2025-08-31 11:59:00,District 7,returning,,Cash,10,239000.0,delivered,49.8,3,Inner,7.5,11,Sun,8
G003921,2025-08-31 12:08:00,Binh Tan,returning,,Card,18,404000.0,delivered,53.5,,Outer,10.8,12,Sun,8
G003922,2025-08-31 12:16:00,Tan Binh,member,Silver,Card,10,295000.0,delivered,37.1,,Inner,5.2,12,Sun,8
G003923,2025-08-31 13:43:00,District 10,member,Silver,Card,11,491000.0,delivered,25.9,,Central,3.5,13,Sun,8
G003924,2025-08-31 15:02:00,District 10,returning,,Cash,6,153000.0,delivered,34.9,5,Central,3.5,15,Sun,8
G003925,2025-08-31 18:31:00,Go Vap,member,Silver,E-wallet,7,153000.0,delivered,44.9,,Outer,7.9,18,Sun,8
G003926,2025-08-31 18:32:00,Phu Nhuan,new,,E-wallet,12,451000.0,delivered,46.8,,Inner,4.0,18,Sun,8
G003927,2025-08-31 19:29:00,Binh Tan,returning,,E-wallet,9,266000.0,delivered,56.0,,Outer,10.8,19,Sun,8
G003928,2025-08-31 20:25:00,Binh Thanh,returning,,Cash,19,487000.0,delivered,42.8,,Inner,4.6,20,Sun,8
G003929,2025-08-31 20:50:00,Binh Thanh,new,,Cash,11,309000.0,delivered,35.8,5,Inner,4.6,20,Sun,8
G003930,2025-08-31 21:25:00,Binh Thanh,returning,,Bank transfer,10,346000.0,delivered,29.1,5,Inner,4.6,21,Sun,8
G003931,2025-08-31 21:53:00,Go Vap,returning,,Card,11,269000.0,delivered,34.9,4,Outer,7.9,21,Sun,8
G003932,2025-08-31 21:56:00,Phu Nhuan,returning,,Cash,10,360000.0,delivered,27.0,,Inner,4.0,21,Sun,8
G003933,2025-09-01 11:20:00,Binh Thanh,new,,Bank transfer,8,116000.0,delivered,37.5,4,Inner,4.6,11,Mon,9
G003934,2025-09-01 12:44:00,Thu Duc City,member,Gold,E-wallet,10,263000.0,delivered,55.0,,Outer,11.5,12,Mon,9
G003935,2025-09-01 13:34:00,Binh Thanh,returning,,Cash,9,284000.0,delivered,28.5,5,Inner,4.6,13,Mon,9
G003936,2025-09-01 15:20:00,Binh Thanh,returning,,E-wallet,9,160000.0,delivered,33.6,2,Inner,4.6,15,Mon,9
G003937,2025-09-01 17:17:00,Tan Binh,returning,,E-wallet,9,299000.0,delivered,29.5,,Inner,5.2,17,Mon,9
G003938,2025-09-01 17:24:00,Tan Binh,returning,,E-wallet,8,194000.0,delivered,28.5,4,Inner,5.2,17,Mon,9
G003939,2025-09-01 20:43:00,Go Vap,returning,,E-wallet,9,341000.0,delivered,44.9,,Outer,7.9,20,Mon,9
G003940,2025-09-01 21:34:00,Go Vap,returning,,E-wallet,8,293000.0,delivered,35.7,2,Outer,7.9,21,Mon,9
G003941,2025-09-01 21:46:00,Phu Nhuan,new,,Cash,8,279000.0,delivered,26.4,5,Inner,4.0,21,Mon,9
G003942,2025-09-01 21:58:00,Binh Thanh,new,,E-wallet,6,210000.0,delivered,25.7,5,Inner,4.6,21,Mon,9
G003943,2025-09-01 22:40:00,Binh Thanh,returning,,Cash,2,67000.0,delivered,32.0,5,Inner,4.6,22,Mon,9
G003944,2025-09-02 06:26:00,District 10,member,Platinum,E-wallet,7,319000.0,delivered,40.3,,Central,3.5,6,Tue,9
G003945,2025-09-02 08:28:00,Thu Duc City,returning,,E-wallet,5,157000.0,delivered,50.8,,Outer,11.5,8,Tue,9
G003946,2025-09-02 08:52:00,District 7,member,Silver,E-wallet,13,477000.0,delivered,46.2,2,Inner,7.5,8,Tue,9
G003947,2025-09-02 09:18:00,Thu Duc City,member,Gold,Bank transfer,4,111000.0,delivered,47.8,,Outer,11.5,9,Tue,9
G003948,2025-09-02 11:06:00,Binh Thanh,member,Silver,E-wallet,5,170000.0,delivered,38.7,5,Inner,4.6,11,Tue,9
G003949,2025-09-02 12:57:00,District 7,member,Gold,Bank transfer,4,141000.0,delivered,47.6,,Inner,7.5,12,Tue,9
G003950,2025-09-02 13:22:00,Binh Thanh,new,,E-wallet,5,210000.0,delivered,31.4,5,Inner,4.6,13,Tue,9
G003951,2025-09-02 14:14:00,Tan Binh,member,Gold,E-wallet,9,244000.0,delivered,31.0,3,Inner,5.2,14,Tue,9
G003952,2025-09-02 14:44:00,District 1,new,,E-wallet,9,267000.0,delivered,18.4,,Central,2.1,14,Tue,9
G003953,2025-09-02 16:26:00,District 10,member,Gold,Bank transfer,10,315000.0,delivered,26.4,4,Central,3.5,16,Tue,9
G003954,2025-09-02 17:08:00,Binh Thanh,returning,,E-wallet,9,294000.0,cancelled,,,Inner,4.6,17,Tue,9
G003955,2025-09-02 19:03:00,District 3,returning,,E-wallet,6,194000.0,delivered,38.1,3,Central,2.8,19,Tue,9
G003956,2025-09-02 19:05:00,Binh Thanh,new,,E-wallet,8,261000.0,delivered,34.3,4,Inner,4.6,19,Tue,9
G003957,2025-09-02 19:42:00,District 10,returning,,Bank transfer,7,262000.0,delivered,30.1,,Central,3.5,19,Tue,9
G003958,2025-09-02 19:47:00,Binh Thanh,new,,E-wallet,7,194000.0,delivered,41.9,3,Inner,4.6,19,Tue,9
G003959,2025-09-02 20:25:00,Thu Duc City,member,Gold,E-wallet,6,185000.0,delivered,56.0,,Outer,11.5,20,Tue,9
G003960,2025-09-02 20:38:00,District 1,new,,Card,6,153000.0,delivered,32.7,5,Central,2.1,20,Tue,9
G003961,2025-09-02 20:43:00,District 3,member,Gold,Cash,5,155000.0,delivered,32.2,,Central,2.8,20,Tue,9
G003962,2025-09-03 10:32:00,District 3,new,,E-wallet,8,235000.0,delivered,25.3,5,Central,2.8,10,Wed,9
G003963,2025-09-03 10:56:00,Binh Tan,returning,,E-wallet,10,287000.0,cancelled,,,Outer,10.8,10,Wed,9
G003964,2025-09-03 11:15:00,Binh Tan,member,Silver,E-wallet,7,188000.0,delivered,50.2,,Outer,10.8,11,Wed,9
G003965,2025-09-03 12:47:00,Thu Duc City,returning,,Bank transfer,4,120000.0,delivered,60.5,2,Outer,11.5,12,Wed,9
G003966,2025-09-03 14:04:00,Go Vap,returning,,E-wallet,5,,delivered,42.4,,Outer,7.9,14,Wed,9
G003967,2025-09-03 14:13:00,Binh Thanh,returning,,Cash,13,384000.0,delivered,31.2,,Inner,4.6,14,Wed,9
G003968,2025-09-03 16:31:00,Phu Nhuan,new,,E-wallet,14,373000.0,delivered,45.5,,Inner,4.0,16,Wed,9
G003969,2025-09-03 18:14:00,District 7,member,Platinum,E-wallet,10,413000.0,delivered,49.8,2,Inner,7.5,18,Wed,9
G003970,2025-09-03 18:23:00,Thu Duc City,member,Gold,Cash,8,277000.0,delivered,58.9,,Outer,11.5,18,Wed,9
G003971,2025-09-03 19:17:00,Binh Thanh,returning,,Card,2,76000.0,delivered,40.7,4,Inner,4.6,19,Wed,9
G003972,2025-09-03 19:24:00,Binh Thanh,returning,,Cash,8,221000.0,delivered,36.1,,Inner,4.6,19,Wed,9
G003973,2025-09-03 19:25:00,Thu Duc City,returning,,E-wallet,4,173000.0,delivered,64.6,,Outer,11.5,19,Wed,9
G003974,2025-09-03 19:47:00,Tan Binh,returning,,Card,4,152000.0,delivered,37.3,4,Inner,5.2,19,Wed,9
G003975,2025-09-03 20:23:00,District 1,returning,,Card,7,240000.0,delivered,34.1,5,Central,2.1,20,Wed,9
G003976,2025-09-03 20:36:00,District 7,returning,,E-wallet,9,291000.0,delivered,56.0,,Inner,7.5,20,Wed,9
G003977,2025-09-03 20:50:00,District 10,member,Platinum,E-wallet,6,291000.0,delivered,33.4,4,Central,3.5,20,Wed,9
G003978,2025-09-03 21:30:00,District 7,returning,,Cash,8,191000.0,delivered,36.0,3,Inner,7.5,21,Wed,9
G003979,2025-09-04 07:25:00,Binh Thanh,returning,,Bank transfer,5,168000.0,delivered,25.9,5,Inner,4.6,7,Thu,9
G003980,2025-09-04 10:21:00,Binh Tan,new,,Card,5,160000.0,delivered,49.1,2,Outer,10.8,10,Thu,9
G003981,2025-09-04 10:29:00,District 1,returning,,E-wallet,8,308000.0,delivered,19.5,,Central,2.1,10,Thu,9
G003982,2025-09-04 11:56:00,District 7,new,,Bank transfer,7,150000.0,delivered,44.7,,Inner,7.5,11,Thu,9
G003983,2025-09-04 12:03:00,Binh Thanh,new,,Bank transfer,7,164000.0,delivered,34.8,,Inner,4.6,12,Thu,9
G003984,2025-09-04 13:02:00,Thu Duc City,member,Silver,E-wallet,8,223000.0,delivered,46.3,4,Outer,11.5,13,Thu,9
G003985,2025-09-04 13:53:00,District 1,returning,,Card,10,211000.0,delivered,22.5,4,Central,2.1,13,Thu,9
G003986,2025-09-04 16:06:00,Thu Duc City,returning,,E-wallet,7,231000.0,delivered,49.3,2,Outer,11.5,16,Thu,9
G003987,2025-09-04 17:19:00,District 7,returning,,E-wallet,5,111000.0,delivered,35.4,,Inner,7.5,17,Thu,9
G003988,2025-09-04 18:24:00,Binh Tan,member,Gold,E-wallet,7,244000.0,delivered,65.8,1,Outer,10.8,18,Thu,9
G003990,2025-09-04 18:55:00,Thu Duc City,returning,,E-wallet,11,335000.0,delivered,55.1,,Outer,11.5,18,Thu,9
G003989,2025-09-04 18:55:00,Thu Duc City,new,,Card,6,203000.0,delivered,65.1,2,Outer,11.5,18,Thu,9
G003991,2025-09-04 19:37:00,Thu Duc City,member,Gold,Card,8,265000.0,delivered,55.5,,Outer,11.5,19,Thu,9
G003992,2025-09-04 19:56:00,Thu Duc City,returning,,Card,10,263000.0,delivered,53.8,,Outer,11.5,19,Thu,9
G003993,2025-09-04 20:48:00,Binh Tan,new,,Card,7,227000.0,delivered,54.0,3,Outer,10.8,20,Thu,9
G003994,2025-09-04 20:54:00,Tan Binh,returning,,Card,9,212000.0,delivered,47.1,3,Inner,5.2,20,Thu,9
G003995,2025-09-04 21:22:00,Tan Binh,member,Silver,Bank transfer,4,109000.0,delivered,41.9,4,Inner,5.2,21,Thu,9
G003996,2025-09-05 09:34:00,Phu Nhuan,new,,E-wallet,3,141000.0,delivered,25.9,,Inner,4.0,9,Fri,9
G003997,2025-09-05 11:22:00,Thu Duc City,member,Gold,E-wallet,5,132000.0,delivered,54.8,2,Outer,11.5,11,Fri,9
G003998,2025-09-05 12:07:00,District 10,member,Silver,Cash,9,347000.0,delivered,33.7,,Central,3.5,12,Fri,9
G003999,2025-09-05 12:35:00,Go Vap,returning,,E-wallet,7,133000.0,delivered,47.1,2,Outer,7.9,12,Fri,9
G004000,2025-09-05 13:30:00,Binh Thanh,member,Gold,Bank transfer,3,127000.0,delivered,28.0,,Inner,4.6,13,Fri,9
G004001,2025-09-05 14:14:00,Go Vap,new,,E-wallet,7,145000.0,delivered,37.5,,Outer,7.9,14,Fri,9
G004002,2025-09-05 15:51:00,Phu Nhuan,returning,,Card,3,117000.0,delivered,33.6,5,Inner,4.0,15,Fri,9
G004003,2025-09-05 16:20:00,District 1,member,Platinum,E-wallet,6,320000.0,delivered,26.1,4,Central,2.1,16,Fri,9
G004004,2025-09-05 16:56:00,District 3,member,Silver,E-wallet,8,233000.0,delivered,28.1,4,Central,2.8,16,Fri,9
G004005,2025-09-05 18:15:00,District 1,member,Gold,E-wallet,9,278000.0,delivered,28.7,4,Central,2.1,18,Fri,9
G004006,2025-09-05 19:02:00,Tan Binh,returning,,Bank transfer,6,192000.0,delivered,38.9,4,Inner,5.2,19,Fri,9
G004007,2025-09-05 19:03:00,Binh Tan,member,Gold,Bank transfer,10,353000.0,delivered,51.0,,Outer,10.8,19,Fri,9
G004008,2025-09-05 21:18:00,District 3,new,,Bank transfer,9,284000.0,delivered,21.1,,Central,2.8,21,Fri,9
G004009,2025-09-06 08:34:00,District 10,returning,,Cash,15,376000.0,delivered,23.3,4,Central,3.5,8,Sat,9
G004010,2025-09-06 10:02:00,Tan Binh,member,Gold,E-wallet,11,261000.0,delivered,28.6,4,Inner,5.2,10,Sat,9
G004011,2025-09-06 10:48:00,Binh Thanh,returning,,E-wallet,13,328000.0,delivered,25.6,5,Inner,4.6,10,Sat,9
G004012,2025-09-06 12:14:00,Binh Tan,member,Silver,E-wallet,7,334000.0,delivered,56.4,2,Outer,10.8,12,Sat,9
G004013,2025-09-06 12:39:00,Binh Thanh,member,Gold,E-wallet,8,269000.0,delivered,38.1,4,Inner,4.6,12,Sat,9
G004014,2025-09-06 13:50:00,Tan Binh,member,Silver,Card,5,196000.0,cancelled,,,Inner,5.2,13,Sat,9
G004015,2025-09-06 15:06:00,Go Vap,new,,Bank transfer,15,613000.0,delivered,35.5,,Outer,7.9,15,Sat,9
G004016,2025-09-06 15:33:00,District 7,returning,,E-wallet,12,434000.0,delivered,35.4,,Inner,7.5,15,Sat,9
G004017,2025-09-06 15:48:00,District 7,member,Silver,Card,7,219000.0,delivered,44.1,3,Inner,7.5,15,Sat,9
G004018,2025-09-06 17:55:00,District 1,member,Silver,E-wallet,14,452000.0,delivered,24.0,,Central,2.1,17,Sat,9
G004019,2025-09-06 19:04:00,Tan Binh,returning,,E-wallet,12,353000.0,delivered,37.9,4,Inner,5.2,19,Sat,9
G004020,2025-09-06 19:35:00,District 10,returning,,Cash,6,196000.0,delivered,37.3,,Central,3.5,19,Sat,9
G004021,2025-09-06 19:39:00,Tan Binh,returning,,E-wallet,13,527000.0,delivered,43.1,2,Inner,5.2,19,Sat,9
G004022,2025-09-06 20:24:00,Binh Thanh,new,,E-wallet,8,185000.0,delivered,35.4,5,Inner,4.6,20,Sat,9
G004023,2025-09-06 20:49:00,Go Vap,new,,Cash,16,406000.0,delivered,41.8,,Outer,7.9,20,Sat,9
G004024,2025-09-06 21:19:00,District 1,returning,,Bank transfer,8,248000.0,delivered,21.2,4,Central,2.1,21,Sat,9
G004025,2025-09-07 06:08:00,Go Vap,member,Silver,E-wallet,11,370000.0,delivered,44.5,,Outer,7.9,6,Sun,9
G004026,2025-09-07 10:18:00,Binh Tan,new,,E-wallet,5,154000.0,delivered,46.2,3,Outer,10.8,10,Sun,9
G004027,2025-09-07 12:29:00,Phu Nhuan,returning,,Cash,9,213000.0,cancelled,,,Inner,4.0,12,Sun,9
G004028,2025-09-07 12:34:00,District 7,returning,,Cash,12,377000.0,delivered,44.5,,Inner,7.5,12,Sun,9
G004029,2025-09-07 13:11:00,Thu Duc City,returning,,Bank transfer,11,351000.0,delivered,46.0,,Outer,11.5,13,Sun,9
G004030,2025-09-07 13:19:00,Binh Thanh,returning,,E-wallet,15,479000.0,delivered,27.4,5,Inner,4.6,13,Sun,9
G004031,2025-09-07 13:27:00,District 7,new,,E-wallet,6,183000.0,delivered,36.8,4,Inner,7.5,13,Sun,9
G004032,2025-09-07 14:25:00,Tan Binh,new,,E-wallet,13,232000.0,delivered,29.5,5,Inner,5.2,14,Sun,9
G004033,2025-09-07 17:27:00,Phu Nhuan,new,,E-wallet,9,273000.0,delivered,30.5,4,Inner,4.0,17,Sun,9
G004034,2025-09-07 18:11:00,District 3,new,,E-wallet,14,544000.0,delivered,34.6,4,Central,2.8,18,Sun,9
G004035,2025-09-07 18:33:00,Binh Tan,member,Silver,Cash,6,203000.0,delivered,48.8,,Outer,10.8,18,Sun,9
G004036,2025-09-07 18:51:00,District 10,returning,,E-wallet,10,304000.0,delivered,36.6,4,Central,3.5,18,Sun,9
G004037,2025-09-07 19:44:00,Phu Nhuan,new,,Bank transfer,10,291000.0,delivered,32.4,,Inner,4.0,19,Sun,9
G004038,2025-09-07 19:51:00,District 1,member,Gold,E-wallet,10,442000.0,delivered,29.8,4,Central,2.1,19,Sun,9
G004039,2025-09-07 20:12:00,Go Vap,returning,,E-wallet,14,543000.0,delivered,52.8,3,Outer,7.9,20,Sun,9
G004040,2025-09-07 20:45:00,Thu Duc City,new,,Card,9,243000.0,delivered,56.4,2,Outer,11.5,20,Sun,9
G004041,2025-09-07 20:51:00,District 7,returning,,E-wallet,13,450000.0,delivered,45.5,4,Inner,7.5,20,Sun,9
G004042,2025-09-07 20:58:00,Phu Nhuan,new,,Bank transfer,15,672000.0,delivered,36.8,4,Inner,4.0,20,Sun,9
G004043,2025-09-07 21:09:00,Binh Tan,new,,E-wallet,11,353000.0,delivered,42.4,3,Outer,10.8,21,Sun,9
G004044,2025-09-07 22:32:00,District 1,new,,Cash,6,194000.0,delivered,19.1,,Central,2.1,22,Sun,9
G004045,2025-09-07 23:51:00,District 10,returning,,Bank transfer,10,304000.0,delivered,33.5,4,Central,3.5,23,Sun,9
G004046,2025-09-08 07:18:00,Phu Nhuan,member,Gold,Bank transfer,8,266000.0,delivered,26.1,,Inner,4.0,7,Mon,9
G004047,2025-09-08 09:12:00,Binh Tan,returning,,E-wallet,7,245000.0,delivered,42.6,2,Outer,10.8,9,Mon,9
G004048,2025-09-08 10:30:00,Go Vap,member,Silver,E-wallet,6,203000.0,delivered,32.8,,Outer,7.9,10,Mon,9
G004049,2025-09-08 10:49:00,District 1,returning,,E-wallet,5,149000.0,delivered,18.2,5,Central,2.1,10,Mon,9
G004050,2025-09-08 11:47:00,Binh Thanh,returning,,E-wallet,11,439000.0,delivered,50.7,3,Inner,4.6,11,Mon,9
G004051,2025-09-08 12:13:00,District 1,new,,E-wallet,6,252000.0,delivered,29.9,,Central,2.1,12,Mon,9
G004052,2025-09-08 13:46:00,Tan Binh,returning,,E-wallet,5,133000.0,delivered,26.3,3,Inner,5.2,13,Mon,9
G004053,2025-09-08 13:54:00,District 7,returning,,E-wallet,4,161000.0,delivered,34.1,5,Inner,7.5,13,Mon,9
G004054,2025-09-08 15:15:00,Tan Binh,returning,,Bank transfer,7,224000.0,delivered,32.9,,Inner,5.2,15,Mon,9
G004055,2025-09-08 17:44:00,Thu Duc City,member,Gold,Cash,4,109000.0,delivered,48.2,2,Outer,11.5,17,Mon,9
G004056,2025-09-08 18:52:00,Thu Duc City,returning,,Cash,8,191000.0,delivered,56.1,2,Outer,11.5,18,Mon,9
G004057,2025-09-08 19:51:00,Go Vap,member,Silver,Cash,17,715000.0,cancelled,,,Outer,7.9,19,Mon,9
G004058,2025-09-08 20:11:00,Tan Binh,member,Silver,Cash,7,223000.0,delivered,35.3,3,Inner,5.2,20,Mon,9
G004059,2025-09-08 21:44:00,District 1,member,Silver,E-wallet,13,547000.0,delivered,20.2,,Central,2.1,21,Mon,9
G004060,2025-09-08 21:46:00,District 7,new,,Card,10,312000.0,delivered,36.0,4,Inner,7.5,21,Mon,9
G004061,2025-09-08 22:03:00,District 7,member,Platinum,Card,9,241000.0,delivered,35.5,5,Inner,7.5,22,Mon,9
G004062,2025-09-08 22:05:00,Thu Duc City,member,Gold,Cash,9,283000.0,delivered,52.3,3,Outer,11.5,22,Mon,9
G004063,2025-09-08 22:48:00,Tan Binh,member,Gold,Cash,2,63000.0,delivered,29.0,,Inner,5.2,22,Mon,9
G004064,2025-09-09 06:15:00,District 3,member,Silver,Bank transfer,5,125000.0,delivered,21.9,5,Central,2.8,6,Tue,9
G004065,2025-09-09 10:18:00,District 10,new,,E-wallet,12,412000.0,delivered,23.9,5,Central,3.5,10,Tue,9
G004066,2025-09-09 10:56:00,Go Vap,new,,E-wallet,6,205000.0,delivered,34.9,,Outer,7.9,10,Tue,9
G004067,2025-09-09 14:44:00,District 7,returning,,Card,7,297000.0,delivered,36.9,,Inner,7.5,14,Tue,9
G004068,2025-09-09 15:19:00,Thu Duc City,member,Gold,Card,6,163000.0,delivered,46.6,2,Outer,11.5,15,Tue,9
G004069,2025-09-09 16:25:00,Binh Tan,member,Silver,E-wallet,5,168000.0,delivered,56.5,2,Outer,10.8,16,Tue,9
G004070,2025-09-09 17:03:00,District 3,new,,Bank transfer,9,218000.0,delivered,29.3,5,Central,2.8,17,Tue,9
G004071,2025-09-09 17:21:00,District 7,new,,E-wallet,8,189000.0,delivered,38.4,2,Inner,7.5,17,Tue,9
G004072,2025-09-09 17:24:00,District 1,new,,E-wallet,11,324000.0,delivered,20.1,5,Central,2.1,17,Tue,9
G004073,2025-09-09 17:32:00,District 7,returning,,E-wallet,3,69000.0,delivered,35.6,3,Inner,7.5,17,Tue,9
G004074,2025-09-09 17:33:00,Go Vap,member,Silver,Cash,5,135000.0,delivered,37.0,,Outer,7.9,17,Tue,9
G004075,2025-09-09 19:08:00,Binh Thanh,returning,,Cash,8,247000.0,delivered,37.2,4,Inner,4.6,19,Tue,9
G004076,2025-09-09 19:13:00,Tan Binh,member,Silver,Cash,4,107000.0,cancelled,,,Inner,5.2,19,Tue,9
G004077,2025-09-09 19:25:00,District 7,member,Platinum,E-wallet,5,250000.0,delivered,57.5,2,Inner,7.5,19,Tue,9
G004078,2025-09-09 19:26:00,District 1,member,Gold,Bank transfer,10,317000.0,delivered,28.5,5,Central,2.1,19,Tue,9
G004079,2025-09-09 19:52:00,District 1,new,,Card,10,239000.0,delivered,30.8,5,Central,2.1,19,Tue,9
G004080,2025-09-09 20:41:00,Thu Duc City,member,Platinum,E-wallet,4,216000.0,delivered,53.9,,Outer,11.5,20,Tue,9
G004081,2025-09-09 21:05:00,Phu Nhuan,returning,,E-wallet,3,111000.0,delivered,28.8,,Inner,4.0,21,Tue,9
G004082,2025-09-09 21:07:00,District 1,member,Gold,E-wallet,10,267000.0,delivered,24.4,,Central,2.1,21,Tue,9
G004083,2025-09-09 21:31:00,District 10,returning,,Card,6,194000.0,delivered,23.5,4,Central,3.5,21,Tue,9
G004084,2025-09-09 22:34:00,Binh Tan,member,Silver,Cash,16,622000.0,delivered,48.3,,Outer,10.8,22,Tue,9
G004085,2025-09-10 10:22:00,District 7,member,Silver,E-wallet,13,326000.0,delivered,45.6,4,Inner,7.5,10,Wed,9
G004086,2025-09-10 11:11:00,Binh Tan,returning,,E-wallet,8,213000.0,delivered,50.5,3,Outer,10.8,11,Wed,9
G004087,2025-09-10 13:16:00,Phu Nhuan,returning,,E-wallet,8,201000.0,delivered,35.8,5,Inner,4.0,13,Wed,9
G004088,2025-09-10 15:15:00,Phu Nhuan,member,Gold,Cash,8,353000.0,delivered,24.0,5,Inner,4.0,15,Wed,9
G004089,2025-09-10 18:01:00,Go Vap,member,Silver,E-wallet,4,149000.0,delivered,42.5,4,Outer,7.9,18,Wed,9
G004090,2025-09-10 18:21:00,Tan Binh,returning,,E-wallet,6,211000.0,delivered,38.0,,Inner,5.2,18,Wed,9
G004091,2025-09-10 18:27:00,District 1,returning,,E-wallet,7,203000.0,delivered,28.5,5,Central,2.1,18,Wed,9
G004092,2025-09-10 20:53:00,District 10,returning,,Cash,8,237000.0,delivered,32.5,,Central,3.5,20,Wed,9
G004093,2025-09-10 21:22:00,District 7,new,,Cash,6,149000.0,delivered,41.1,,Inner,7.5,21,Wed,9
G004094,2025-09-11 08:55:00,District 7,returning,,Bank transfer,6,164000.0,delivered,41.8,,Inner,7.5,8,Thu,9
G004095,2025-09-11 09:59:00,District 1,member,Silver,E-wallet,8,203000.0,delivered,33.6,4,Central,2.1,9,Thu,9
G004096,2025-09-11 10:42:00,District 1,returning,,Bank transfer,7,139000.0,delivered,24.1,,Central,2.1,10,Thu,9
G004097,2025-09-11 11:17:00,Thu Duc City,returning,,Card,7,222000.0,delivered,53.2,1,Outer,11.5,11,Thu,9
G004098,2025-09-11 12:09:00,District 3,member,Silver,E-wallet,7,223000.0,delivered,30.3,5,Central,2.8,12,Thu,9
G004099,2025-09-11 12:36:00,Binh Thanh,returning,,E-wallet,7,154000.0,delivered,41.3,3,Inner,4.6,12,Thu,9
G004100,2025-09-11 13:06:00,District 7,member,Silver,E-wallet,6,158000.0,delivered,44.1,3,Inner,7.5,13,Thu,9
G004101,2025-09-11 13:42:00,District 1,new,,Cash,8,259000.0,delivered,24.5,5,Central,2.1,13,Thu,9
G004102,2025-09-11 16:55:00,Tan Binh,new,,E-wallet,7,205000.0,delivered,29.1,4,Inner,5.2,16,Thu,9
G004103,2025-09-11 19:01:00,District 1,returning,,Bank transfer,8,106000.0,delivered,29.7,5,Central,2.1,19,Thu,9
G004104,2025-09-11 19:07:00,Go Vap,new,,Card,5,197000.0,delivered,44.5,3,Outer,7.9,19,Thu,9
G004105,2025-09-11 19:30:00,Binh Tan,new,,Card,5,117000.0,delivered,49.9,3,Outer,10.8,19,Thu,9
G004106,2025-09-11 21:13:00,Tan Binh,returning,,Card,5,198000.0,delivered,29.9,4,Inner,5.2,21,Thu,9
G004107,2025-09-11 21:58:00,Tan Binh,returning,,Bank transfer,10,325000.0,delivered,28.2,4,Inner,5.2,21,Thu,9
G004108,2025-09-12 09:53:00,District 3,returning,,Cash,3,121000.0,delivered,23.4,5,Central,2.8,9,Fri,9
G004109,2025-09-12 11:57:00,District 3,new,,E-wallet,12,405000.0,delivered,31.5,,Central,2.8,11,Fri,9
G004110,2025-09-12 12:27:00,Thu Duc City,member,Gold,Bank transfer,6,229000.0,delivered,51.2,2,Outer,11.5,12,Fri,9
G004111,2025-09-12 13:29:00,Thu Duc City,new,,Cash,6,269000.0,delivered,47.4,,Outer,11.5,13,Fri,9
G004112,2025-09-12 16:11:00,Thu Duc City,new,,Card,3,90000.0,delivered,46.3,3,Outer,11.5,16,Fri,9
G004113,2025-09-12 16:26:00,Binh Tan,member,Gold,E-wallet,7,257000.0,delivered,41.3,1,Outer,10.8,16,Fri,9
G004114,2025-09-12 16:44:00,Binh Tan,member,Silver,E-wallet,7,245000.0,delivered,46.5,2,Outer,10.8,16,Fri,9
G004115,2025-09-12 17:42:00,Tan Binh,returning,,Card,3,98000.0,delivered,35.0,4,Inner,5.2,17,Fri,9
G004116,2025-09-12 17:46:00,Binh Thanh,returning,,Cash,6,187000.0,delivered,30.9,,Inner,4.6,17,Fri,9
G004117,2025-09-12 18:17:00,Binh Thanh,new,,E-wallet,12,265000.0,delivered,32.7,4,Inner,4.6,18,Fri,9
G004118,2025-09-12 18:22:00,Thu Duc City,returning,,E-wallet,8,241000.0,delivered,51.2,,Outer,11.5,18,Fri,9
G004119,2025-09-12 19:40:00,District 3,new,,E-wallet,6,212000.0,delivered,29.1,5,Central,2.8,19,Fri,9
G004120,2025-09-12 20:11:00,Binh Thanh,new,,E-wallet,4,90000.0,delivered,39.5,,Inner,4.6,20,Fri,9
G004121,2025-09-12 20:21:00,Thu Duc City,member,Silver,E-wallet,7,125000.0,delivered,53.5,1,Outer,11.5,20,Fri,9
G004122,2025-09-12 22:24:00,Binh Thanh,returning,,Cash,11,432000.0,delivered,29.6,4,Inner,4.6,22,Fri,9
G004123,2025-09-12 22:52:00,Tan Binh,member,Platinum,E-wallet,11,595000.0,delivered,31.3,,Inner,5.2,22,Fri,9
G004124,2025-09-13 12:07:00,Tan Binh,member,Silver,Cash,14,545000.0,delivered,43.2,,Inner,5.2,12,Sat,9
G004125,2025-09-13 12:09:00,Phu Nhuan,new,,Cash,13,508000.0,delivered,35.3,,Inner,4.0,12,Sat,9
G004126,2025-09-13 12:16:00,Binh Thanh,returning,,Cash,16,642000.0,delivered,33.4,4,Inner,4.6,12,Sat,9
G004127,2025-09-13 12:30:00,Binh Tan,member,Silver,Cash,10,363000.0,delivered,55.2,2,Outer,10.8,12,Sat,9
G004128,2025-09-13 13:33:00,District 1,member,Silver,E-wallet,10,392000.0,delivered,19.5,,Central,2.1,13,Sat,9
G004129,2025-09-13 13:53:00,District 3,new,,Bank transfer,9,157000.0,delivered,21.7,5,Central,2.8,13,Sat,9
G004130,2025-09-13 15:30:00,Go Vap,member,Gold,E-wallet,13,397000.0,delivered,41.0,3,Outer,7.9,15,Sat,9
G004131,2025-09-13 15:45:00,District 10,new,,E-wallet,6,206000.0,delivered,28.0,4,Central,3.5,15,Sat,9
G004132,2025-09-13 16:29:00,Thu Duc City,returning,,E-wallet,10,374000.0,delivered,47.2,2,Outer,11.5,16,Sat,9
G004133,2025-09-13 16:33:00,Thu Duc City,returning,,Bank transfer,12,265000.0,cancelled,,,Outer,11.5,16,Sat,9
G004134,2025-09-13 17:19:00,Binh Tan,member,Gold,E-wallet,11,288000.0,delivered,44.1,,Outer,10.8,17,Sat,9
G004135,2025-09-13 18:22:00,District 3,new,,E-wallet,14,321000.0,delivered,30.9,3,Central,2.8,18,Sat,9
G004136,2025-09-13 18:41:00,Go Vap,returning,,E-wallet,12,476000.0,delivered,41.4,,Outer,7.9,18,Sat,9
G004137,2025-09-13 19:05:00,District 10,member,Silver,Cash,11,309000.0,delivered,30.4,5,Central,3.5,19,Sat,9
G004138,2025-09-13 19:48:00,Thu Duc City,new,,Bank transfer,7,263000.0,delivered,56.6,,Outer,11.5,19,Sat,9
G004139,2025-09-13 20:22:00,Binh Thanh,returning,,Cash,8,191000.0,delivered,40.5,3,Inner,4.6,20,Sat,9
G004140,2025-09-13 20:34:00,District 7,member,Silver,E-wallet,6,164000.0,delivered,46.0,1,Inner,7.5,20,Sat,9
G004141,2025-09-13 21:16:00,Tan Binh,new,,E-wallet,7,242000.0,delivered,31.3,,Inner,5.2,21,Sat,9
G004142,2025-09-13 21:40:00,Go Vap,returning,,Card,5,183000.0,delivered,42.8,,Outer,7.9,21,Sat,9
G004144,2025-09-13 21:46:00,Tan Binh,returning,,Bank transfer,14,533000.0,delivered,32.0,3,Inner,5.2,21,Sat,9
G004143,2025-09-13 21:46:00,District 3,returning,,Cash,9,265000.0,delivered,21.6,5,Central,2.8,21,Sat,9
G004145,2025-09-13 22:28:00,Tan Binh,new,,Cash,12,436000.0,delivered,28.0,,Inner,5.2,22,Sat,9
G004146,2025-09-14 09:11:00,District 7,returning,,E-wallet,9,270000.0,delivered,34.5,4,Inner,7.5,9,Sun,9
G004147,2025-09-14 09:25:00,Phu Nhuan,member,Silver,E-wallet,10,272000.0,delivered,23.7,4,Inner,4.0,9,Sun,9
G004148,2025-09-14 10:25:00,Thu Duc City,member,Silver,E-wallet,7,110000.0,cancelled,,,Outer,11.5,10,Sun,9
G004149,2025-09-14 11:29:00,Binh Tan,new,,E-wallet,9,361000.0,delivered,63.7,2,Outer,10.8,11,Sun,9
G004150,2025-09-14 12:11:00,Thu Duc City,new,,Bank transfer,12,328000.0,delivered,59.4,,Outer,11.5,12,Sun,9
G004151,2025-09-14 12:59:00,Thu Duc City,member,Silver,Bank transfer,12,330000.0,delivered,56.8,,Outer,11.5,12,Sun,9
G004152,2025-09-14 13:07:00,District 7,member,Silver,E-wallet,15,636000.0,delivered,36.1,,Inner,7.5,13,Sun,9
G004153,2025-09-14 13:19:00,Go Vap,member,Platinum,Cash,8,324000.0,delivered,43.9,3,Outer,7.9,13,Sun,9
G004154,2025-09-14 13:41:00,District 7,returning,,E-wallet,11,430000.0,delivered,35.7,5,Inner,7.5,13,Sun,9
G004155,2025-09-14 16:05:00,Binh Thanh,returning,,E-wallet,14,536000.0,delivered,25.2,5,Inner,4.6,16,Sun,9
G004156,2025-09-14 16:57:00,District 10,returning,,E-wallet,13,326000.0,delivered,21.8,,Central,3.5,16,Sun,9
G004157,2025-09-14 18:02:00,Thu Duc City,new,,Card,13,410000.0,delivered,54.3,,Outer,11.5,18,Sun,9
G004158,2025-09-14 18:31:00,Phu Nhuan,member,Gold,Card,11,330000.0,delivered,30.8,,Inner,4.0,18,Sun,9
G004159,2025-09-14 18:37:00,District 1,returning,,Card,9,339000.0,delivered,29.3,5,Central,2.1,18,Sun,9
G004160,2025-09-14 18:38:00,Go Vap,returning,,Cash,8,319000.0,delivered,48.2,3,Outer,7.9,18,Sun,9
G004161,2025-09-14 18:49:00,Phu Nhuan,new,,Bank transfer,8,238000.0,delivered,31.7,4,Inner,4.0,18,Sun,9
G004162,2025-09-14 19:13:00,District 7,new,,Card,8,204000.0,delivered,44.8,2,Inner,7.5,19,Sun,9
G004163,2025-09-14 19:30:00,Binh Tan,new,,Card,12,536000.0,delivered,52.7,3,Outer,10.8,19,Sun,9
G004164,2025-09-14 19:44:00,Thu Duc City,returning,,Cash,7,,delivered,50.5,3,Outer,11.5,19,Sun,9
G004165,2025-09-14 22:09:00,Go Vap,new,,Cash,7,194000.0,delivered,40.8,,Outer,7.9,22,Sun,9
G004166,2025-09-15 07:05:00,Tan Binh,returning,,Cash,11,345000.0,delivered,26.4,5,Inner,5.2,7,Mon,9
G004167,2025-09-15 08:34:00,Binh Tan,returning,,E-wallet,15,554000.0,delivered,54.4,3,Outer,10.8,8,Mon,9
G004168,2025-09-15 11:47:00,Phu Nhuan,new,,Card,3,93000.0,delivered,36.1,4,Inner,4.0,11,Mon,9
G004169,2025-09-15 11:57:00,Go Vap,member,Silver,Card,13,488000.0,delivered,48.4,,Outer,7.9,11,Mon,9
G004170,2025-09-15 13:39:00,District 3,member,Platinum,E-wallet,6,210000.0,delivered,24.9,5,Central,2.8,13,Mon,9
G004171,2025-09-15 16:19:00,District 1,returning,,Card,9,223000.0,delivered,30.0,4,Central,2.1,16,Mon,9
G004172,2025-09-15 17:52:00,Phu Nhuan,returning,,E-wallet,4,117000.0,delivered,25.0,5,Inner,4.0,17,Mon,9
G004173,2025-09-15 17:53:00,District 3,new,,Bank transfer,8,254000.0,delivered,25.5,5,Central,2.8,17,Mon,9
G004174,2025-09-15 18:03:00,District 1,new,,E-wallet,3,115000.0,delivered,31.0,4,Central,2.1,18,Mon,9
G004175,2025-09-15 19:43:00,Tan Binh,returning,,Bank transfer,6,137000.0,delivered,37.0,3,Inner,5.2,19,Mon,9
G004176,2025-09-15 21:09:00,Tan Binh,member,Silver,Cash,8,280000.0,delivered,31.7,,Inner,5.2,21,Mon,9
G004177,2025-09-16 09:08:00,District 7,returning,,E-wallet,6,200000.0,delivered,35.1,4,Inner,7.5,9,Tue,9
G004178,2025-09-16 09:26:00,District 1,member,Silver,E-wallet,9,265000.0,delivered,19.9,5,Central,2.1,9,Tue,9
G004179,2025-09-16 09:51:00,District 10,returning,,Cash,9,147000.0,delivered,33.7,4,Central,3.5,9,Tue,9
G004180,2025-09-16 10:06:00,Go Vap,returning,,Cash,5,191000.0,delivered,35.8,4,Outer,7.9,10,Tue,9
G004181,2025-09-16 12:18:00,Tan Binh,returning,,E-wallet,11,369000.0,delivered,37.9,3,Inner,5.2,12,Tue,9
G004182,2025-09-16 12:43:00,Tan Binh,member,Silver,Card,6,165000.0,delivered,35.9,4,Inner,5.2,12,Tue,9
G004183,2025-09-16 13:12:00,Tan Binh,member,Silver,Cash,7,278000.0,delivered,27.0,5,Inner,5.2,13,Tue,9
G004184,2025-09-16 17:08:00,Binh Tan,returning,,Card,3,89000.0,delivered,45.5,,Outer,10.8,17,Tue,9
G004185,2025-09-16 18:14:00,District 3,member,Silver,E-wallet,4,103000.0,delivered,33.7,4,Central,2.8,18,Tue,9
G004186,2025-09-16 18:52:00,District 7,returning,,Cash,8,165000.0,delivered,41.2,3,Inner,7.5,18,Tue,9
G004187,2025-09-16 19:30:00,Go Vap,returning,,Bank transfer,5,203000.0,delivered,42.6,3,Outer,7.9,19,Tue,9
G004188,2025-09-16 20:08:00,Tan Binh,returning,,E-wallet,2,53000.0,delivered,40.2,,Inner,5.2,20,Tue,9
G004189,2025-09-16 20:25:00,Binh Thanh,new,,E-wallet,8,269000.0,delivered,35.7,4,Inner,4.6,20,Tue,9
G004190,2025-09-16 20:28:00,District 7,member,Silver,Card,9,166000.0,delivered,45.8,2,Inner,7.5,20,Tue,9
G004191,2025-09-16 20:53:00,District 1,new,,Cash,6,168000.0,cancelled,,,Central,2.1,20,Tue,9
G004192,2025-09-16 22:26:00,District 10,returning,,E-wallet,9,315000.0,delivered,24.3,4,Central,3.5,22,Tue,9
G004193,2025-09-17 12:54:00,Phu Nhuan,returning,,Card,6,154000.0,delivered,32.1,4,Inner,4.0,12,Wed,9
G004194,2025-09-17 13:32:00,District 10,member,Silver,E-wallet,7,251000.0,delivered,22.6,,Central,3.5,13,Wed,9
G004195,2025-09-17 14:15:00,District 1,member,Silver,Cash,5,120000.0,delivered,31.5,4,Central,2.1,14,Wed,9
G004196,2025-09-17 15:30:00,Binh Tan,returning,,E-wallet,6,200000.0,delivered,52.6,1,Outer,10.8,15,Wed,9
G004197,2025-09-17 17:28:00,District 3,returning,,E-wallet,9,246000.0,delivered,21.2,,Central,2.8,17,Wed,9
G004198,2025-09-17 17:37:00,District 1,member,Silver,E-wallet,13,618000.0,delivered,19.4,5,Central,2.1,17,Wed,9
G004199,2025-09-17 17:52:00,Go Vap,new,,E-wallet,9,240000.0,delivered,44.1,3,Outer,7.9,17,Wed,9
G004200,2025-09-17 18:16:00,Tan Binh,returning,,E-wallet,4,124000.0,cancelled,,,Inner,5.2,18,Wed,9
G004201,2025-09-17 19:04:00,District 7,new,,Bank transfer,7,260000.0,delivered,41.4,1,Inner,7.5,19,Wed,9
G004202,2025-09-17 19:24:00,District 3,returning,,Card,6,256000.0,delivered,35.9,,Central,2.8,19,Wed,9
G004203,2025-09-17 19:27:00,Thu Duc City,member,Gold,Cash,7,171000.0,delivered,52.0,2,Outer,11.5,19,Wed,9
G004204,2025-09-17 20:16:00,Tan Binh,returning,,Cash,5,159000.0,delivered,37.6,3,Inner,5.2,20,Wed,9
G004205,2025-09-17 21:40:00,Go Vap,member,Gold,Bank transfer,4,188000.0,cancelled,,,Outer,7.9,21,Wed,9
G004206,2025-09-17 22:04:00,Thu Duc City,returning,,E-wallet,9,235000.0,delivered,44.5,3,Outer,11.5,22,Wed,9
G004207,2025-09-18 06:24:00,Go Vap,member,Silver,Cash,5,180000.0,delivered,36.9,,Outer,7.9,6,Thu,9
G004208,2025-09-18 08:04:00,District 1,new,,E-wallet,8,189000.0,delivered,23.6,5,Central,2.1,8,Thu,9
G004209,2025-09-18 09:31:00,Thu Duc City,new,,E-wallet,9,328000.0,delivered,53.3,3,Outer,11.5,9,Thu,9
G004210,2025-09-18 09:55:00,District 10,new,,E-wallet,7,254000.0,delivered,26.4,4,Central,3.5,9,Thu,9
G004211,2025-09-18 10:19:00,Go Vap,returning,,E-wallet,7,300000.0,delivered,56.4,,Outer,7.9,10,Thu,9
G004212,2025-09-18 13:44:00,Go Vap,returning,,E-wallet,10,468000.0,delivered,34.9,,Outer,7.9,13,Thu,9
G004213,2025-09-18 14:56:00,Binh Thanh,member,Gold,Cash,6,202000.0,delivered,28.6,3,Inner,4.6,14,Thu,9
G004214,2025-09-18 19:07:00,Tan Binh,member,Silver,Cash,9,326000.0,delivered,47.6,3,Inner,5.2,19,Thu,9
G004215,2025-09-18 19:14:00,Phu Nhuan,returning,,Cash,12,280000.0,delivered,35.8,3,Inner,4.0,19,Thu,9
G004216,2025-09-18 20:20:00,District 3,returning,,Card,8,316000.0,delivered,37.6,2,Central,2.8,20,Thu,9
G004217,2025-09-18 20:42:00,District 3,returning,,E-wallet,6,246000.0,delivered,30.7,4,Central,2.8,20,Thu,9
G004218,2025-09-18 20:59:00,District 1,new,,Card,3,78000.0,delivered,29.4,4,Central,2.1,20,Thu,9
G004219,2025-09-18 22:59:00,Thu Duc City,member,Silver,E-wallet,6,115000.0,delivered,55.1,2,Outer,11.5,22,Thu,9
G004220,2025-09-18 23:28:00,District 7,new,,E-wallet,8,254000.0,delivered,45.8,1,Inner,7.5,23,Thu,9
G004221,2025-09-19 07:34:00,Binh Thanh,member,Gold,E-wallet,3,60000.0,delivered,28.9,,Inner,4.6,7,Fri,9
G004222,2025-09-19 11:05:00,District 7,new,,Bank transfer,8,254000.0,delivered,47.2,,Inner,7.5,11,Fri,9
G004223,2025-09-19 11:24:00,District 1,new,,E-wallet,7,296000.0,delivered,36.3,4,Central,2.1,11,Fri,9
G004224,2025-09-19 11:39:00,Binh Thanh,new,,Card,10,479000.0,delivered,36.3,4,Inner,4.6,11,Fri,9
G004225,2025-09-19 11:43:00,Thu Duc City,new,,Cash,6,188000.0,delivered,59.5,2,Outer,11.5,11,Fri,9
G004226,2025-09-19 12:43:00,Phu Nhuan,member,Silver,E-wallet,6,124000.0,delivered,36.9,,Inner,4.0,12,Fri,9
G004227,2025-09-19 14:59:00,Phu Nhuan,new,,E-wallet,12,363000.0,delivered,27.0,3,Inner,4.0,14,Fri,9
G004228,2025-09-19 16:18:00,Go Vap,new,,Card,9,389000.0,delivered,42.5,1,Outer,7.9,16,Fri,9
G004229,2025-09-19 17:57:00,Phu Nhuan,returning,,Cash,2,51000.0,delivered,26.2,5,Inner,4.0,17,Fri,9
G004230,2025-09-19 18:44:00,Tan Binh,returning,,E-wallet,4,116000.0,delivered,38.7,,Inner,5.2,18,Fri,9
G004231,2025-09-19 19:28:00,Binh Thanh,member,Silver,E-wallet,13,462000.0,delivered,41.1,3,Inner,4.6,19,Fri,9
G004232,2025-09-19 19:57:00,Binh Thanh,returning,,E-wallet,7,231000.0,delivered,42.6,3,Inner,4.6,19,Fri,9
G004233,2025-09-19 19:58:00,Go Vap,member,Silver,E-wallet,7,281000.0,delivered,41.3,3,Outer,7.9,19,Fri,9
G004234,2025-09-19 20:34:00,Phu Nhuan,new,,E-wallet,4,87000.0,delivered,36.3,,Inner,4.0,20,Fri,9
G004235,2025-09-19 21:52:00,District 7,new,,E-wallet,7,254000.0,delivered,32.8,,Inner,7.5,21,Fri,9
G004236,2025-09-19 21:57:00,Tan Binh,returning,,Bank transfer,7,252000.0,delivered,27.1,4,Inner,5.2,21,Fri,9
G004237,2025-09-20 07:47:00,District 3,returning,,E-wallet,16,634000.0,delivered,21.6,,Central,2.8,7,Sat,9
G004238,2025-09-20 08:34:00,District 7,returning,,Card,17,572000.0,delivered,33.9,5,Inner,7.5,8,Sat,9
G004239,2025-09-20 09:43:00,District 7,returning,,E-wallet,8,177000.0,delivered,33.6,4,Inner,7.5,9,Sat,9
G004240,2025-09-20 09:57:00,Binh Thanh,returning,,E-wallet,11,356000.0,cancelled,,,Inner,4.6,9,Sat,9
G004241,2025-09-20 11:01:00,Phu Nhuan,returning,,Card,12,469000.0,delivered,40.3,,Inner,4.0,11,Sat,9
G004242,2025-09-20 11:11:00,District 7,member,Gold,E-wallet,13,567000.0,delivered,41.1,,Inner,7.5,11,Sat,9
G004243,2025-09-20 11:40:00,District 7,returning,,E-wallet,10,410000.0,delivered,47.4,,Inner,7.5,11,Sat,9
G004244,2025-09-20 11:57:00,Binh Tan,new,,Card,12,402000.0,delivered,51.8,1,Outer,10.8,11,Sat,9
G004245,2025-09-20 13:17:00,Tan Binh,returning,,E-wallet,7,254000.0,delivered,29.2,4,Inner,5.2,13,Sat,9
G004246,2025-09-20 14:04:00,District 3,returning,,Bank transfer,7,193000.0,delivered,22.3,4,Central,2.8,14,Sat,9
G004247,2025-09-20 15:26:00,Go Vap,member,Silver,E-wallet,10,243000.0,delivered,33.2,3,Outer,7.9,15,Sat,9
G004248,2025-09-20 16:01:00,District 10,member,Gold,E-wallet,14,541000.0,delivered,23.9,4,Central,3.5,16,Sat,9
G004249,2025-09-20 16:03:00,Phu Nhuan,member,Gold,Card,8,292000.0,delivered,23.9,,Inner,4.0,16,Sat,9
G004250,2025-09-20 16:10:00,District 7,new,,Card,8,242000.0,delivered,34.6,4,Inner,7.5,16,Sat,9
G004251,2025-09-20 18:17:00,Phu Nhuan,returning,,E-wallet,9,216000.0,cancelled,,,Inner,4.0,18,Sat,9
G004252,2025-09-20 19:46:00,District 3,new,,E-wallet,11,423000.0,delivered,32.3,4,Central,2.8,19,Sat,9
G004253,2025-09-20 20:37:00,District 7,member,Silver,E-wallet,6,116000.0,cancelled,,,Inner,7.5,20,Sat,9
G004254,2025-09-20 20:55:00,Binh Tan,member,Gold,Card,18,520000.0,cancelled,,,Outer,10.8,20,Sat,9
G004255,2025-09-20 21:19:00,Tan Binh,returning,,E-wallet,11,278000.0,delivered,34.1,,Inner,5.2,21,Sat,9
G004256,2025-09-20 22:44:00,Go Vap,returning,,E-wallet,4,106000.0,delivered,37.9,3,Outer,7.9,22,Sat,9
G004257,2025-09-21 09:04:00,Binh Thanh,returning,,E-wallet,14,384000.0,delivered,35.7,3,Inner,4.6,9,Sun,9
G004258,2025-09-21 10:15:00,Binh Thanh,new,,E-wallet,9,301000.0,delivered,30.0,,Inner,4.6,10,Sun,9
G004259,2025-09-21 10:51:00,District 7,returning,,E-wallet,7,228000.0,delivered,43.7,5,Inner,7.5,10,Sun,9
G004260,2025-09-21 12:48:00,Thu Duc City,new,,E-wallet,6,133000.0,delivered,52.4,,Outer,11.5,12,Sun,9
G004261,2025-09-21 12:59:00,District 7,member,Silver,E-wallet,7,189000.0,delivered,43.9,,Inner,7.5,12,Sun,9
G004262,2025-09-21 15:22:00,District 7,member,Platinum,E-wallet,11,464000.0,cancelled,,,Inner,7.5,15,Sun,9
G004263,2025-09-21 16:06:00,District 1,member,Gold,E-wallet,10,247000.0,delivered,21.1,5,Central,2.1,16,Sun,9
G004264,2025-09-21 16:32:00,District 10,new,,Bank transfer,11,303000.0,delivered,23.7,,Central,3.5,16,Sun,9
G004265,2025-09-21 16:36:00,Thu Duc City,returning,,Cash,12,391000.0,delivered,43.3,4,Outer,11.5,16,Sun,9
G004266,2025-09-21 16:44:00,District 3,member,Gold,E-wallet,4,156000.0,delivered,27.2,5,Central,2.8,16,Sun,9
G004267,2025-09-21 17:08:00,District 10,new,,E-wallet,11,349000.0,delivered,33.5,,Central,3.5,17,Sun,9
G004268,2025-09-21 17:44:00,District 10,new,,Card,12,466000.0,delivered,26.3,4,Central,3.5,17,Sun,9
G004269,2025-09-21 18:28:00,Go Vap,returning,,Card,9,233000.0,delivered,56.3,3,Outer,7.9,18,Sun,9
G004270,2025-09-21 18:32:00,District 10,returning,,E-wallet,10,409000.0,delivered,33.8,4,Central,3.5,18,Sun,9
G004271,2025-09-21 18:53:00,Tan Binh,returning,,Cash,7,256000.0,delivered,37.5,3,Inner,5.2,18,Sun,9
G004272,2025-09-21 19:40:00,District 1,returning,,Bank transfer,3,65000.0,delivered,27.3,,Central,2.1,19,Sun,9
G004273,2025-09-21 20:22:00,Phu Nhuan,new,,E-wallet,7,244000.0,delivered,37.5,3,Inner,4.0,20,Sun,9
G004274,2025-09-21 20:33:00,District 3,new,,E-wallet,11,331000.0,delivered,29.4,4,Central,2.8,20,Sun,9
G004275,2025-09-21 21:13:00,Tan Binh,returning,,Bank transfer,7,223000.0,delivered,32.5,4,Inner,5.2,21,Sun,9
G004276,2025-09-21 22:02:00,District 10,member,Gold,E-wallet,8,233000.0,delivered,23.2,5,Central,3.5,22,Sun,9
G004277,2025-09-22 06:16:00,Binh Thanh,new,,Cash,8,360000.0,delivered,31.6,,Inner,4.6,6,Mon,9
G004278,2025-09-22 09:38:00,Tan Binh,returning,,Card,6,196000.0,delivered,28.6,,Inner,5.2,9,Mon,9
G004279,2025-09-22 09:59:00,District 3,member,Platinum,Card,8,314000.0,delivered,33.8,,Central,2.8,9,Mon,9
G004280,2025-09-22 10:15:00,Thu Duc City,member,Platinum,E-wallet,10,440000.0,delivered,54.7,,Outer,11.5,10,Mon,9
G004281,2025-09-22 11:09:00,Tan Binh,new,,Card,4,101000.0,delivered,45.2,,Inner,5.2,11,Mon,9
G004282,2025-09-22 12:30:00,Thu Duc City,new,,Cash,7,274000.0,delivered,50.5,,Outer,11.5,12,Mon,9
G004283,2025-09-22 13:00:00,District 7,member,Silver,Cash,5,151000.0,delivered,40.3,4,Inner,7.5,13,Mon,9
G004284,2025-09-22 13:07:00,District 1,member,Silver,Card,12,371000.0,delivered,18.2,5,Central,2.1,13,Mon,9
G004286,2025-09-22 13:08:00,Binh Thanh,member,Silver,Card,4,99000.0,delivered,30.8,4,Inner,4.6,13,Mon,9
G004285,2025-09-22 13:08:00,Binh Tan,new,,Cash,10,360000.0,delivered,42.8,3,Outer,10.8,13,Mon,9
G004287,2025-09-22 14:14:00,Thu Duc City,member,Gold,Bank transfer,6,178000.0,delivered,45.2,2,Outer,11.5,14,Mon,9
G004288,2025-09-22 14:46:00,District 7,member,Silver,E-wallet,4,189000.0,delivered,34.7,5,Inner,7.5,14,Mon,9
G004289,2025-09-22 16:08:00,Thu Duc City,member,Gold,Cash,4,150000.0,delivered,46.3,2,Outer,11.5,16,Mon,9
G004290,2025-09-22 16:29:00,District 7,returning,,Cash,4,145000.0,delivered,35.0,,Inner,7.5,16,Mon,9
G004291,2025-09-22 16:44:00,Tan Binh,returning,,Cash,5,150000.0,delivered,32.7,5,Inner,5.2,16,Mon,9
G004292,2025-09-22 17:17:00,District 7,new,,Card,10,251000.0,delivered,35.4,5,Inner,7.5,17,Mon,9
G004293,2025-09-22 18:07:00,Binh Thanh,member,Silver,E-wallet,8,303000.0,delivered,37.4,,Inner,4.6,18,Mon,9
G004294,2025-09-22 18:11:00,District 7,member,Silver,E-wallet,9,269000.0,delivered,44.4,4,Inner,7.5,18,Mon,9
G004295,2025-09-22 18:22:00,District 1,member,Silver,Card,4,119000.0,delivered,30.4,4,Central,2.1,18,Mon,9
G004296,2025-09-22 19:26:00,District 1,member,Silver,E-wallet,8,185000.0,cancelled,,,Central,2.1,19,Mon,9
G004297,2025-09-22 19:34:00,Tan Binh,returning,,Card,7,204000.0,delivered,41.0,3,Inner,5.2,19,Mon,9
G004298,2025-09-22 21:13:00,Go Vap,member,Silver,Card,7,261000.0,delivered,35.5,,Outer,7.9,21,Mon,9
G004299,2025-09-22 21:21:00,Thu Duc City,member,Silver,E-wallet,6,140000.0,delivered,47.1,3,Outer,11.5,21,Mon,9
G004300,2025-09-22 21:34:00,Phu Nhuan,member,Gold,E-wallet,7,330000.0,delivered,25.3,4,Inner,4.0,21,Mon,9
G004301,2025-09-23 09:09:00,Thu Duc City,new,,Bank transfer,12,389000.0,delivered,46.3,,Outer,11.5,9,Tue,9
G004302,2025-09-23 09:44:00,Go Vap,new,,Cash,9,369000.0,delivered,36.7,3,Outer,7.9,9,Tue,9
G004303,2025-09-23 11:43:00,Phu Nhuan,member,Platinum,Bank transfer,7,280000.0,delivered,37.5,,Inner,4.0,11,Tue,9
G004304,2025-09-23 12:32:00,District 7,returning,,Card,8,250000.0,delivered,49.9,3,Inner,7.5,12,Tue,9
G004305,2025-09-23 12:39:00,District 7,returning,,Bank transfer,3,83000.0,delivered,44.5,,Inner,7.5,12,Tue,9
G004306,2025-09-23 13:02:00,Binh Tan,member,Platinum,E-wallet,9,390000.0,delivered,44.6,2,Outer,10.8,13,Tue,9
G004307,2025-09-23 14:17:00,District 3,returning,,Cash,10,185000.0,delivered,25.7,5,Central,2.8,14,Tue,9
G004308,2025-09-23 17:47:00,Go Vap,member,Silver,Card,8,254000.0,delivered,37.9,,Outer,7.9,17,Tue,9
G004309,2025-09-23 19:20:00,District 10,member,Silver,Cash,3,79000.0,delivered,29.7,,Central,3.5,19,Tue,9
G004310,2025-09-23 19:30:00,District 3,returning,,E-wallet,6,199000.0,delivered,33.3,4,Central,2.8,19,Tue,9
G004311,2025-09-23 19:42:00,Phu Nhuan,returning,,E-wallet,10,392000.0,delivered,35.1,3,Inner,4.0,19,Tue,9
G004313,2025-09-23 19:58:00,District 7,returning,,Card,5,162000.0,delivered,59.6,2,Inner,7.5,19,Tue,9
G004312,2025-09-23 19:58:00,Thu Duc City,member,Silver,E-wallet,6,211000.0,delivered,53.7,2,Outer,11.5,19,Tue,9
G004314,2025-09-23 21:18:00,Tan Binh,returning,,Card,3,76000.0,delivered,32.8,3,Inner,5.2,21,Tue,9
G004315,2025-09-23 21:21:00,Binh Thanh,returning,,E-wallet,8,281000.0,delivered,25.2,5,Inner,4.6,21,Tue,9
G004316,2025-09-23 21:35:00,Binh Tan,returning,,E-wallet,6,266000.0,delivered,45.1,3,Outer,10.8,21,Tue,9
G004317,2025-09-23 22:19:00,Tan Binh,returning,,E-wallet,3,88000.0,delivered,37.6,,Inner,5.2,22,Tue,9
G004318,2025-09-24 07:43:00,District 7,new,,E-wallet,7,275000.0,delivered,32.7,,Inner,7.5,7,Wed,9
G004319,2025-09-24 09:11:00,Go Vap,new,,E-wallet,10,355000.0,delivered,44.3,1,Outer,7.9,9,Wed,9
G004320,2025-09-24 09:22:00,District 10,member,Silver,Card,10,303000.0,delivered,32.8,,Central,3.5,9,Wed,9
G004321,2025-09-24 12:48:00,Thu Duc City,returning,,Bank transfer,3,109000.0,delivered,55.4,2,Outer,11.5,12,Wed,9
G004322,2025-09-24 13:02:00,District 1,new,,Cash,9,289000.0,delivered,27.4,5,Central,2.1,13,Wed,9
G004323,2025-09-24 13:44:00,District 1,member,Gold,Cash,7,115000.0,delivered,27.2,5,Central,2.1,13,Wed,9
G004324,2025-09-24 15:56:00,Thu Duc City,returning,,Card,5,221000.0,delivered,47.1,,Outer,11.5,15,Wed,9
G004325,2025-09-24 16:09:00,Binh Thanh,returning,,Card,8,212000.0,delivered,24.6,5,Inner,4.6,16,Wed,9
G004326,2025-09-24 18:11:00,Thu Duc City,returning,,Card,9,331000.0,delivered,58.1,,Outer,11.5,18,Wed,9
G004327,2025-09-24 18:20:00,Go Vap,new,,Card,8,200000.0,delivered,42.9,3,Outer,7.9,18,Wed,9
G004328,2025-09-24 19:54:00,Phu Nhuan,new,,Cash,4,106000.0,delivered,34.6,4,Inner,4.0,19,Wed,9
G004329,2025-09-24 19:55:00,District 3,returning,,E-wallet,5,232000.0,delivered,31.1,4,Central,2.8,19,Wed,9
G004330,2025-09-24 20:19:00,Thu Duc City,returning,,E-wallet,15,484000.0,delivered,54.2,2,Outer,11.5,20,Wed,9
G004331,2025-09-24 21:15:00,Go Vap,returning,,E-wallet,8,249000.0,delivered,35.4,4,Outer,7.9,21,Wed,9
G004332,2025-09-24 21:43:00,Go Vap,returning,,Bank transfer,8,215000.0,delivered,35.1,,Outer,7.9,21,Wed,9
G004333,2025-09-25 09:57:00,District 1,new,,Card,9,352000.0,delivered,32.8,5,Central,2.1,9,Thu,9
G004334,2025-09-25 10:42:00,Phu Nhuan,member,Silver,Cash,10,358000.0,delivered,32.6,,Inner,4.0,10,Thu,9
G004335,2025-09-25 11:06:00,Phu Nhuan,returning,,Cash,11,349000.0,delivered,37.0,3,Inner,4.0,11,Thu,9
G004336,2025-09-25 11:21:00,Go Vap,new,,Cash,12,217000.0,delivered,45.8,2,Outer,7.9,11,Thu,9
G004337,2025-09-25 13:33:00,Phu Nhuan,returning,,E-wallet,4,131000.0,delivered,32.5,,Inner,4.0,13,Thu,9
G004338,2025-09-25 14:37:00,District 7,returning,,Bank transfer,6,186000.0,delivered,36.6,3,Inner,7.5,14,Thu,9
G004339,2025-09-25 16:37:00,Go Vap,returning,,E-wallet,7,241000.0,delivered,39.3,,Outer,7.9,16,Thu,9
G004340,2025-09-25 16:41:00,Binh Thanh,returning,,E-wallet,7,216000.0,delivered,33.0,4,Inner,4.6,16,Thu,9
G004341,2025-09-25 18:34:00,District 1,new,,Cash,13,481000.0,cancelled,,,Central,2.1,18,Thu,9
G004342,2025-09-25 20:48:00,Binh Thanh,new,,E-wallet,7,244000.0,delivered,37.1,3,Inner,4.6,20,Thu,9
G004343,2025-09-25 22:15:00,Tan Binh,returning,,Cash,7,131000.0,delivered,27.1,5,Inner,5.2,22,Thu,9
G004344,2025-09-26 09:22:00,Binh Tan,member,Gold,Card,6,170000.0,cancelled,,,Outer,10.8,9,Fri,9
G004345,2025-09-26 12:50:00,District 10,new,,Card,8,226000.0,delivered,33.6,,Central,3.5,12,Fri,9
G004346,2025-09-26 13:00:00,Phu Nhuan,new,,E-wallet,7,190000.0,delivered,24.0,4,Inner,4.0,13,Fri,9
G004347,2025-09-26 13:02:00,Binh Thanh,returning,,Cash,7,238000.0,delivered,30.3,4,Inner,4.6,13,Fri,9
G004348,2025-09-26 17:14:00,Go Vap,member,Silver,E-wallet,10,393000.0,cancelled,,,Outer,7.9,17,Fri,9
G004349,2025-09-26 19:57:00,Phu Nhuan,new,,Cash,9,317000.0,delivered,35.5,4,Inner,4.0,19,Fri,9
G004350,2025-09-26 20:35:00,District 7,member,Gold,E-wallet,7,151000.0,delivered,44.6,3,Inner,7.5,20,Fri,9
G004351,2025-09-26 22:04:00,Thu Duc City,member,Gold,Card,10,247000.0,delivered,49.1,,Outer,11.5,22,Fri,9
G004352,2025-09-27 07:49:00,District 1,returning,,Cash,7,196000.0,delivered,22.4,4,Central,2.1,7,Sat,9
G004353,2025-09-27 08:34:00,Tan Binh,member,Silver,Card,14,591000.0,delivered,31.7,4,Inner,5.2,8,Sat,9
G004354,2025-09-27 09:20:00,Tan Binh,member,Platinum,E-wallet,14,611000.0,cancelled,,,Inner,5.2,9,Sat,9
G004355,2025-09-27 10:00:00,Tan Binh,returning,,E-wallet,16,482000.0,delivered,37.6,,Inner,5.2,10,Sat,9
G004356,2025-09-27 11:36:00,District 1,returning,,Bank transfer,9,225000.0,delivered,26.9,,Central,2.1,11,Sat,9
G004357,2025-09-27 13:02:00,District 10,returning,,E-wallet,7,144000.0,delivered,22.3,,Central,3.5,13,Sat,9
G004358,2025-09-27 14:59:00,Tan Binh,returning,,E-wallet,9,257000.0,delivered,45.4,2,Inner,5.2,14,Sat,9
G004359,2025-09-27 15:38:00,District 1,member,Gold,E-wallet,10,335000.0,delivered,20.7,5,Central,2.1,15,Sat,9
G004360,2025-09-27 16:28:00,Tan Binh,new,,E-wallet,12,304000.0,delivered,33.9,4,Inner,5.2,16,Sat,9
G004361,2025-09-27 16:40:00,District 3,returning,,Bank transfer,17,427000.0,delivered,21.8,5,Central,2.8,16,Sat,9
G004362,2025-09-27 16:44:00,Tan Binh,new,,Cash,9,256000.0,delivered,44.0,2,Inner,5.2,16,Sat,9
G004363,2025-09-27 17:06:00,District 3,returning,,E-wallet,7,262000.0,delivered,26.3,5,Central,2.8,17,Sat,9
G004364,2025-09-27 17:27:00,Binh Thanh,member,Platinum,Cash,15,552000.0,delivered,24.7,,Inner,4.6,17,Sat,9
G004365,2025-09-27 18:14:00,District 3,member,Silver,E-wallet,10,419000.0,delivered,30.2,5,Central,2.8,18,Sat,9
G004366,2025-09-27 18:38:00,Go Vap,returning,,E-wallet,14,584000.0,delivered,48.7,1,Outer,7.9,18,Sat,9
G004367,2025-09-27 19:06:00,District 7,new,,E-wallet,11,279000.0,cancelled,,,Inner,7.5,19,Sat,9
G004368,2025-09-27 20:33:00,Go Vap,member,Gold,E-wallet,5,172000.0,delivered,47.4,2,Outer,7.9,20,Sat,9
G004369,2025-09-27 20:56:00,District 3,returning,,E-wallet,12,440000.0,cancelled,,,Central,2.8,20,Sat,9
G004370,2025-09-28 07:30:00,Binh Thanh,new,,E-wallet,13,471000.0,delivered,26.3,,Inner,4.6,7,Sun,9
G004371,2025-09-28 07:54:00,Phu Nhuan,new,,Cash,14,428000.0,delivered,29.2,4,Inner,4.0,7,Sun,9
G004372,2025-09-28 09:48:00,District 7,new,,Cash,5,191000.0,delivered,35.1,,Inner,7.5,9,Sun,9
G004373,2025-09-28 10:16:00,Go Vap,returning,,Cash,11,372000.0,delivered,34.1,,Outer,7.9,10,Sun,9
G004374,2025-09-28 12:38:00,District 7,returning,,E-wallet,11,349000.0,cancelled,,,Inner,7.5,12,Sun,9
G004375,2025-09-28 15:12:00,Binh Tan,member,Silver,E-wallet,9,237000.0,delivered,45.9,3,Outer,10.8,15,Sun,9
G004376,2025-09-28 15:15:00,Binh Thanh,member,Silver,E-wallet,12,380000.0,delivered,31.9,,Inner,4.6,15,Sun,9
G004377,2025-09-28 15:25:00,District 3,returning,,E-wallet,10,366000.0,delivered,24.5,5,Central,2.8,15,Sun,9
G004378,2025-09-28 15:30:00,District 10,member,Platinum,E-wallet,10,298000.0,delivered,25.3,,Central,3.5,15,Sun,9
G004379,2025-09-28 17:22:00,Binh Thanh,new,,Card,10,383000.0,delivered,29.7,,Inner,4.6,17,Sun,9
G004380,2025-09-28 17:37:00,District 7,returning,,E-wallet,7,274000.0,delivered,40.0,2,Inner,7.5,17,Sun,9
G004381,2025-09-28 17:39:00,Thu Duc City,returning,,E-wallet,12,429000.0,delivered,51.1,3,Outer,11.5,17,Sun,9
G004382,2025-09-28 17:52:00,Thu Duc City,member,Silver,Bank transfer,10,323000.0,delivered,48.0,1,Outer,11.5,17,Sun,9
G004383,2025-09-28 18:12:00,Tan Binh,returning,,E-wallet,11,271000.0,delivered,35.6,,Inner,5.2,18,Sun,9
G004384,2025-09-28 19:24:00,Go Vap,returning,,Bank transfer,10,395000.0,delivered,47.8,3,Outer,7.9,19,Sun,9
G004385,2025-09-28 20:12:00,District 3,returning,,E-wallet,12,378000.0,delivered,31.2,4,Central,2.8,20,Sun,9
G004386,2025-09-28 21:30:00,Tan Binh,returning,,E-wallet,16,509000.0,delivered,31.8,4,Inner,5.2,21,Sun,9
G004387,2025-09-28 22:12:00,Go Vap,returning,,Bank transfer,10,326000.0,delivered,38.5,3,Outer,7.9,22,Sun,9
G004388,2025-09-29 06:55:00,Phu Nhuan,member,Gold,E-wallet,8,205000.0,delivered,34.4,,Inner,4.0,6,Mon,9
G004389,2025-09-29 10:23:00,Binh Thanh,returning,,E-wallet,3,136000.0,delivered,27.5,5,Inner,4.6,10,Mon,9
G004390,2025-09-29 10:27:00,Binh Tan,returning,,E-wallet,5,199000.0,delivered,41.3,,Outer,10.8,10,Mon,9
G004391,2025-09-29 11:35:00,Phu Nhuan,new,,Bank transfer,5,159000.0,delivered,39.5,5,Inner,4.0,11,Mon,9
G004392,2025-09-29 12:15:00,District 1,returning,,Cash,3,70000.0,delivered,29.0,5,Central,2.1,12,Mon,9
G004393,2025-09-29 12:19:00,Go Vap,member,Platinum,E-wallet,7,260000.0,delivered,45.5,1,Outer,7.9,12,Mon,9
G004394,2025-09-29 12:32:00,Thu Duc City,returning,,E-wallet,9,236000.0,delivered,60.6,3,Outer,11.5,12,Mon,9
G004395,2025-09-29 12:57:00,Binh Thanh,returning,,Cash,4,79000.0,delivered,40.2,4,Inner,4.6,12,Mon,9
G004396,2025-09-29 13:38:00,District 7,returning,,Cash,6,160000.0,delivered,32.7,,Inner,7.5,13,Mon,9
G004397,2025-09-29 14:52:00,Thu Duc City,returning,,Bank transfer,7,208000.0,delivered,47.8,4,Outer,11.5,14,Mon,9
G004398,2025-09-29 15:04:00,Tan Binh,returning,,E-wallet,6,203000.0,delivered,33.0,5,Inner,5.2,15,Mon,9
G004399,2025-09-29 15:09:00,Go Vap,returning,,Cash,8,289000.0,delivered,35.0,,Outer,7.9,15,Mon,9
G004400,2025-09-29 18:23:00,Thu Duc City,returning,,E-wallet,3,127000.0,delivered,50.1,3,Outer,11.5,18,Mon,9
G004401,2025-09-29 19:01:00,District 1,returning,,E-wallet,11,263000.0,delivered,29.7,,Central,2.1,19,Mon,9
G004402,2025-09-29 19:04:00,District 3,member,Gold,E-wallet,3,99000.0,delivered,32.5,3,Central,2.8,19,Mon,9
G004403,2025-09-29 19:59:00,District 7,member,Silver,E-wallet,4,99000.0,delivered,41.0,3,Inner,7.5,19,Mon,9
G004404,2025-09-29 20:18:00,Thu Duc City,new,,Card,9,259000.0,delivered,55.7,2,Outer,11.5,20,Mon,9
G004405,2025-09-29 20:57:00,Phu Nhuan,returning,,Card,5,188000.0,delivered,39.5,2,Inner,4.0,20,Mon,9
G004406,2025-09-29 21:44:00,Binh Thanh,returning,,E-wallet,7,155000.0,delivered,33.5,4,Inner,4.6,21,Mon,9
G004407,2025-09-30 10:25:00,District 3,new,,Card,10,332000.0,cancelled,,,Central,2.8,10,Tue,9
G004408,2025-09-30 11:15:00,Phu Nhuan,returning,,E-wallet,7,253000.0,delivered,40.0,3,Inner,4.0,11,Tue,9
G004409,2025-09-30 12:20:00,Phu Nhuan,returning,,E-wallet,8,248000.0,delivered,31.9,4,Inner,4.0,12,Tue,9
G004410,2025-09-30 12:34:00,District 7,returning,,Cash,10,403000.0,delivered,50.6,2,Inner,7.5,12,Tue,9
G004411,2025-09-30 13:48:00,Go Vap,new,,Card,10,290000.0,delivered,37.4,4,Outer,7.9,13,Tue,9
G004412,2025-09-30 13:48:00,District 1,new,,E-wallet,10,260000.0,delivered,25.5,5,Central,2.1,13,Tue,9
G004413,2025-09-30 13:59:00,Binh Thanh,member,Gold,Cash,5,187000.0,delivered,26.2,4,Inner,4.6,13,Tue,9
G004414,2025-09-30 15:31:00,Phu Nhuan,returning,,E-wallet,11,388000.0,delivered,31.4,4,Inner,4.0,15,Tue,9
G004415,2025-09-30 17:07:00,Tan Binh,returning,,Card,11,266000.0,delivered,28.3,,Inner,5.2,17,Tue,9
G004416,2025-09-30 17:17:00,District 7,member,Silver,E-wallet,4,164000.0,delivered,38.7,4,Inner,7.5,17,Tue,9
G004417,2025-09-30 17:23:00,Binh Tan,returning,,E-wallet,10,346000.0,delivered,46.8,,Outer,10.8,17,Tue,9
G004418,2025-09-30 18:52:00,Tan Binh,new,,E-wallet,7,219000.0,delivered,38.4,,Inner,5.2,18,Tue,9
G004419,2025-09-30 19:00:00,District 7,returning,,Cash,8,183000.0,delivered,41.6,2,Inner,7.5,19,Tue,9
G004420,2025-09-30 19:13:00,District 3,member,Silver,E-wallet,6,249000.0,delivered,36.1,,Central,2.8,19,Tue,9
G004421,2025-09-30 19:47:00,Go Vap,member,Gold,E-wallet,6,157000.0,delivered,43.2,,Outer,7.9,19,Tue,9
G004422,2025-09-30 19:51:00,District 10,new,,E-wallet,10,254000.0,delivered,32.7,,Central,3.5,19,Tue,9
G004423,2025-09-30 20:12:00,District 1,returning,,E-wallet,6,247000.0,delivered,34.8,,Central,2.1,20,Tue,9
G004424,2025-09-30 21:36:00,Phu Nhuan,member,Silver,Cash,13,490000.0,delivered,27.6,,Inner,4.0,21,Tue,9
G004425,2025-09-30 21:48:00,District 1,returning,,E-wallet,4,145000.0,delivered,24.5,5,Central,2.1,21,Tue,9
G004426,2025-09-30 23:06:00,District 7,new,,E-wallet,8,177000.0,delivered,35.4,,Inner,7.5,23,Tue,9
G004427,2025-10-01 09:39:00,District 3,returning,,E-wallet,9,357000.0,delivered,20.8,5,Central,2.8,9,Wed,10
G004428,2025-10-01 10:09:00,Phu Nhuan,new,,Bank transfer,5,189000.0,delivered,33.9,,Inner,4.0,10,Wed,10
G004429,2025-10-01 11:23:00,Binh Tan,returning,,Cash,10,328000.0,cancelled,,,Outer,10.8,11,Wed,10
G004430,2025-10-01 11:50:00,District 10,member,Silver,Card,6,192000.0,delivered,32.6,,Central,3.5,11,Wed,10
G004431,2025-10-01 12:11:00,Thu Duc City,new,,Cash,12,584000.0,delivered,56.5,2,Outer,11.5,12,Wed,10
G004432,2025-10-01 12:19:00,Tan Binh,returning,,E-wallet,7,201000.0,delivered,40.2,4,Inner,5.2,12,Wed,10
G004433,2025-10-01 17:00:00,District 10,returning,,E-wallet,3,102000.0,cancelled,,,Central,3.5,17,Wed,10
G004434,2025-10-01 18:38:00,Binh Thanh,member,Gold,E-wallet,8,195000.0,delivered,34.5,4,Inner,4.6,18,Wed,10
G004435,2025-10-01 18:42:00,Tan Binh,new,,E-wallet,8,198000.0,delivered,42.8,,Inner,5.2,18,Wed,10
G004436,2025-10-01 20:11:00,Thu Duc City,returning,,Cash,6,222000.0,delivered,67.8,3,Outer,11.5,20,Wed,10
G004437,2025-10-01 20:31:00,Phu Nhuan,returning,,E-wallet,8,261000.0,delivered,39.1,4,Inner,4.0,20,Wed,10
G004438,2025-10-01 21:47:00,District 7,returning,,Cash,9,304000.0,delivered,49.8,2,Inner,7.5,21,Wed,10
G004439,2025-10-02 08:43:00,Tan Binh,returning,,Bank transfer,6,186000.0,delivered,33.7,4,Inner,5.2,8,Thu,10
G004440,2025-10-02 09:02:00,District 3,member,Gold,Card,6,134000.0,delivered,23.5,4,Central,2.8,9,Thu,10
G004441,2025-10-02 14:00:00,Binh Thanh,returning,,E-wallet,11,286000.0,delivered,34.4,4,Inner,4.6,14,Thu,10
G004442,2025-10-02 15:11:00,Thu Duc City,member,Silver,E-wallet,11,345000.0,delivered,46.8,,Outer,11.5,15,Thu,10
G004443,2025-10-02 15:32:00,District 3,returning,,Cash,8,253000.0,delivered,22.2,4,Central,2.8,15,Thu,10
G004444,2025-10-02 15:39:00,Binh Thanh,returning,,Card,7,290000.0,delivered,29.5,,Inner,4.6,15,Thu,10
G004445,2025-10-02 15:44:00,District 1,member,Silver,Cash,7,193000.0,delivered,21.0,,Central,2.1,15,Thu,10
G004446,2025-10-02 17:26:00,Thu Duc City,returning,,E-wallet,8,312000.0,delivered,52.4,2,Outer,11.5,17,Thu,10
G004447,2025-10-02 17:50:00,District 10,returning,,Bank transfer,6,147000.0,delivered,25.6,,Central,3.5,17,Thu,10
G004448,2025-10-02 18:11:00,District 7,returning,,E-wallet,7,181000.0,delivered,46.0,,Inner,7.5,18,Thu,10
G004449,2025-10-02 19:05:00,Thu Duc City,member,Platinum,Bank transfer,5,251000.0,cancelled,,,Outer,11.5,19,Thu,10
G004450,2025-10-02 19:24:00,Binh Tan,returning,,E-wallet,5,154000.0,delivered,59.9,2,Outer,10.8,19,Thu,10
G004451,2025-10-02 19:30:00,District 1,returning,,Bank transfer,9,253000.0,delivered,34.8,4,Central,2.1,19,Thu,10
G004452,2025-10-02 19:35:00,Thu Duc City,returning,,Cash,10,334000.0,delivered,58.4,2,Outer,11.5,19,Thu,10
G004453,2025-10-02 20:44:00,District 1,new,,E-wallet,5,179000.0,delivered,29.0,5,Central,2.1,20,Thu,10
G004454,2025-10-02 20:52:00,Binh Tan,returning,,E-wallet,7,239000.0,cancelled,,,Outer,10.8,20,Thu,10
G004455,2025-10-02 21:21:00,Thu Duc City,returning,,Card,8,219000.0,delivered,48.6,,Outer,11.5,21,Thu,10
G004456,2025-10-02 21:33:00,Go Vap,returning,,Cash,11,468000.0,delivered,34.3,4,Outer,7.9,21,Thu,10
G004457,2025-10-02 23:27:00,District 10,member,Platinum,E-wallet,5,252000.0,delivered,25.2,,Central,3.5,23,Thu,10
G004458,2025-10-03 07:34:00,Binh Thanh,returning,,E-wallet,9,279000.0,delivered,34.3,3,Inner,4.6,7,Fri,10
G004459,2025-10-03 07:49:00,District 7,returning,,Cash,9,259000.0,delivered,38.7,2,Inner,7.5,7,Fri,10
G004460,2025-10-03 08:44:00,Tan Binh,returning,,Bank transfer,4,158000.0,delivered,37.1,3,Inner,5.2,8,Fri,10
G004461,2025-10-03 11:10:00,Binh Thanh,member,Gold,E-wallet,12,345000.0,delivered,36.8,4,Inner,4.6,11,Fri,10
G004462,2025-10-03 11:36:00,Thu Duc City,returning,,E-wallet,3,102000.0,delivered,54.2,3,Outer,11.5,11,Fri,10
G004463,2025-10-03 12:03:00,Binh Thanh,new,,Card,9,343000.0,delivered,34.8,4,Inner,4.6,12,Fri,10
G004464,2025-10-03 12:09:00,Binh Tan,new,,E-wallet,4,66000.0,delivered,57.5,2,Outer,10.8,12,Fri,10
G004465,2025-10-03 12:57:00,District 1,new,,E-wallet,6,203000.0,cancelled,,,Central,2.1,12,Fri,10
G004466,2025-10-03 13:27:00,Thu Duc City,returning,,E-wallet,4,86000.0,cancelled,,,Outer,11.5,13,Fri,10
G004467,2025-10-03 13:42:00,District 7,member,Gold,E-wallet,7,187000.0,delivered,33.0,4,Inner,7.5,13,Fri,10
G004468,2025-10-03 14:07:00,Tan Binh,returning,,E-wallet,4,138000.0,delivered,41.0,,Inner,5.2,14,Fri,10
G004469,2025-10-03 14:39:00,District 10,new,,Cash,5,199000.0,delivered,25.3,,Central,3.5,14,Fri,10
G004470,2025-10-03 14:54:00,Binh Thanh,new,,Bank transfer,12,354000.0,delivered,26.9,,Inner,4.6,14,Fri,10
G004471,2025-10-03 15:10:00,Binh Thanh,returning,,Cash,11,335000.0,delivered,27.1,,Inner,4.6,15,Fri,10
G004472,2025-10-03 15:40:00,Phu Nhuan,member,Silver,Cash,4,165000.0,delivered,26.2,5,Inner,4.0,15,Fri,10
G004473,2025-10-03 18:44:00,Binh Tan,returning,,Cash,5,174000.0,delivered,53.3,,Outer,10.8,18,Fri,10
G004474,2025-10-03 19:07:00,Tan Binh,new,,E-wallet,10,297000.0,delivered,40.6,2,Inner,5.2,19,Fri,10
G004475,2025-10-03 19:40:00,Binh Thanh,new,,E-wallet,12,321000.0,delivered,35.9,3,Inner,4.6,19,Fri,10
G004476,2025-10-03 19:56:00,Tan Binh,new,,Card,5,114000.0,delivered,40.8,3,Inner,5.2,19,Fri,10
G004477,2025-10-03 19:59:00,Phu Nhuan,new,,Bank transfer,9,198000.0,delivered,38.1,5,Inner,4.0,19,Fri,10
G004478,2025-10-03 20:00:00,Binh Tan,returning,,Bank transfer,9,313000.0,delivered,60.2,2,Outer,10.8,20,Fri,10
G004479,2025-10-03 20:35:00,Thu Duc City,new,,E-wallet,7,155000.0,delivered,51.8,4,Outer,11.5,20,Fri,10
G004480,2025-10-03 20:55:00,District 7,new,,E-wallet,13,341000.0,delivered,43.4,4,Inner,7.5,20,Fri,10
G004481,2025-10-03 21:39:00,Phu Nhuan,returning,,Card,6,156000.0,delivered,28.2,5,Inner,4.0,21,Fri,10
G004482,2025-10-03 21:53:00,Binh Tan,member,Silver,Bank transfer,8,358000.0,delivered,50.0,4,Outer,10.8,21,Fri,10
G004483,2025-10-03 23:32:00,District 1,returning,,E-wallet,5,138000.0,delivered,21.2,5,Central,2.1,23,Fri,10
G004484,2025-10-04 11:13:00,District 3,returning,,E-wallet,6,220000.0,cancelled,,,Central,2.8,11,Sat,10
G004485,2025-10-04 11:32:00,Tan Binh,member,Silver,E-wallet,13,326000.0,delivered,34.4,5,Inner,5.2,11,Sat,10
G004486,2025-10-04 12:10:00,Tan Binh,new,,Cash,11,309000.0,delivered,34.7,3,Inner,5.2,12,Sat,10
G004487,2025-10-04 13:42:00,Tan Binh,new,,Card,7,154000.0,delivered,29.1,5,Inner,5.2,13,Sat,10
G004488,2025-10-04 15:18:00,Binh Thanh,member,Silver,E-wallet,9,345000.0,delivered,31.2,,Inner,4.6,15,Sat,10
G004489,2025-10-04 16:21:00,District 10,returning,,E-wallet,9,248000.0,delivered,25.6,,Central,3.5,16,Sat,10
G004490,2025-10-04 17:18:00,Binh Thanh,returning,,E-wallet,9,297000.0,delivered,30.2,5,Inner,4.6,17,Sat,10
G004491,2025-10-04 19:37:00,District 3,returning,,Card,15,409000.0,delivered,36.6,4,Central,2.8,19,Sat,10
G004492,2025-10-04 20:29:00,Tan Binh,member,Silver,Card,12,249000.0,delivered,46.8,1,Inner,5.2,20,Sat,10
G004493,2025-10-04 20:33:00,District 1,new,,E-wallet,8,182000.0,delivered,32.3,,Central,2.1,20,Sat,10
G004494,2025-10-04 21:30:00,District 3,new,,Cash,9,380000.0,delivered,20.5,5,Central,2.8,21,Sat,10
G004495,2025-10-04 21:54:00,Go Vap,member,Silver,E-wallet,8,243000.0,delivered,38.3,,Outer,7.9,21,Sat,10
G004496,2025-10-05 09:50:00,Tan Binh,returning,,Cash,10,323000.0,delivered,30.6,4,Inner,5.2,9,Sun,10
G004497,2025-10-05 10:22:00,Binh Thanh,returning,,E-wallet,7,225000.0,delivered,27.4,,Inner,4.6,10,Sun,10
G004498,2025-10-05 10:51:00,District 3,member,Silver,Card,8,250000.0,delivered,26.5,,Central,2.8,10,Sun,10
G004499,2025-10-05 11:02:00,Go Vap,member,Silver,E-wallet,10,187000.0,delivered,42.8,,Outer,7.9,11,Sun,10
G004500,2025-10-05 11:06:00,Binh Tan,returning,,Card,11,440000.0,delivered,56.5,,Outer,10.8,11,Sun,10
G004501,2025-10-05 13:09:00,Thu Duc City,member,Silver,E-wallet,11,345000.0,delivered,48.2,3,Outer,11.5,13,Sun,10
G004502,2025-10-05 15:40:00,District 7,returning,,Cash,5,184000.0,delivered,36.1,4,Inner,7.5,15,Sun,10
G004503,2025-10-05 17:00:00,Binh Tan,returning,,Cash,10,296000.0,delivered,43.4,,Outer,10.8,17,Sun,10
G004504,2025-10-05 18:15:00,District 3,returning,,Card,9,275000.0,delivered,34.0,,Central,2.8,18,Sun,10
G004505,2025-10-05 18:31:00,District 7,returning,,Cash,16,576000.0,delivered,47.5,3,Inner,7.5,18,Sun,10
G004506,2025-10-05 18:54:00,Phu Nhuan,member,Gold,Card,11,357000.0,delivered,34.1,4,Inner,4.0,18,Sun,10
G004507,2025-10-05 19:10:00,Binh Tan,new,,Cash,12,250000.0,delivered,49.1,,Outer,10.8,19,Sun,10
G004508,2025-10-05 19:21:00,Phu Nhuan,returning,,Cash,13,416000.0,delivered,37.2,,Inner,4.0,19,Sun,10
G004509,2025-10-05 19:37:00,District 1,returning,,E-wallet,8,302000.0,delivered,28.4,5,Central,2.1,19,Sun,10
G004510,2025-10-05 19:49:00,District 7,new,,E-wallet,12,366000.0,delivered,44.2,2,Inner,7.5,19,Sun,10
G004511,2025-10-05 20:50:00,Phu Nhuan,new,,E-wallet,13,381000.0,delivered,38.0,,Inner,4.0,20,Sun,10
G004512,2025-10-06 09:13:00,Phu Nhuan,member,Silver,E-wallet,10,350000.0,delivered,23.2,3,Inner,4.0,9,Mon,10
G004513,2025-10-06 10:21:00,District 1,returning,,E-wallet,9,117000.0,delivered,27.4,4,Central,2.1,10,Mon,10
G004514,2025-10-06 12:45:00,Thu Duc City,member,Silver,Card,6,180000.0,delivered,57.3,2,Outer,11.5,12,Mon,10
G004515,2025-10-06 12:52:00,Tan Binh,new,,E-wallet,7,200000.0,delivered,37.4,3,Inner,5.2,12,Mon,10
G004516,2025-10-06 13:28:00,District 1,new,,E-wallet,5,203000.0,delivered,23.5,5,Central,2.1,13,Mon,10
G004517,2025-10-06 15:54:00,Thu Duc City,returning,,E-wallet,16,608000.0,delivered,44.6,,Outer,11.5,15,Mon,10
G004518,2025-10-06 16:51:00,Binh Thanh,returning,,Card,6,113000.0,delivered,31.7,,Inner,4.6,16,Mon,10
G004519,2025-10-06 18:35:00,Binh Thanh,returning,,Card,3,72000.0,delivered,39.0,3,Inner,4.6,18,Mon,10
G004520,2025-10-06 19:43:00,Phu Nhuan,returning,,Card,9,268000.0,delivered,33.1,4,Inner,4.0,19,Mon,10
G004521,2025-10-06 20:28:00,Tan Binh,returning,,Cash,8,190000.0,delivered,40.1,3,Inner,5.2,20,Mon,10
G004522,2025-10-06 22:44:00,Go Vap,returning,,Bank transfer,3,116000.0,delivered,44.6,,Outer,7.9,22,Mon,10
G004523,2025-10-07 10:05:00,Thu Duc City,returning,,Bank transfer,5,202000.0,delivered,43.2,,Outer,11.5,10,Tue,10
G004524,2025-10-07 12:06:00,Binh Thanh,member,Gold,E-wallet,4,161000.0,delivered,36.6,,Inner,4.6,12,Tue,10
G004525,2025-10-07 12:26:00,Phu Nhuan,returning,,Card,3,83000.0,delivered,34.3,4,Inner,4.0,12,Tue,10
G004526,2025-10-07 12:34:00,District 1,returning,,Bank transfer,3,77000.0,delivered,26.6,5,Central,2.1,12,Tue,10
G004527,2025-10-07 12:38:00,Phu Nhuan,returning,,E-wallet,7,216000.0,delivered,38.2,,Inner,4.0,12,Tue,10
G004528,2025-10-07 13:00:00,Binh Thanh,returning,,E-wallet,8,266000.0,delivered,28.8,4,Inner,4.6,13,Tue,10
G004529,2025-10-07 13:33:00,District 1,new,,Card,5,190000.0,delivered,23.4,5,Central,2.1,13,Tue,10
G004530,2025-10-07 13:44:00,Binh Thanh,new,,E-wallet,8,288000.0,delivered,36.2,,Inner,4.6,13,Tue,10
G004531,2025-10-07 15:06:00,Thu Duc City,member,Silver,E-wallet,7,242000.0,delivered,42.2,3,Outer,11.5,15,Tue,10
G004532,2025-10-07 19:12:00,Binh Tan,member,Silver,Card,2,72000.0,delivered,56.9,1,Outer,10.8,19,Tue,10
G004533,2025-10-07 19:22:00,Tan Binh,new,,Card,9,227000.0,delivered,33.8,4,Inner,5.2,19,Tue,10
G004534,2025-10-07 19:32:00,Go Vap,member,Platinum,E-wallet,7,292000.0,delivered,45.3,,Outer,7.9,19,Tue,10
G004535,2025-10-07 19:43:00,Thu Duc City,returning,,Card,7,271000.0,delivered,50.5,2,Outer,11.5,19,Tue,10
G004536,2025-10-07 19:58:00,District 3,member,Silver,E-wallet,10,431000.0,delivered,32.0,3,Central,2.8,19,Tue,10
G004537,2025-10-07 20:00:00,Thu Duc City,member,Silver,Cash,4,127000.0,delivered,54.2,3,Outer,11.5,20,Tue,10
G004538,2025-10-07 21:06:00,Binh Thanh,returning,,E-wallet,5,160000.0,delivered,28.0,,Inner,4.6,21,Tue,10
G004539,2025-10-07 21:23:00,District 10,member,Silver,E-wallet,6,181000.0,cancelled,,,Central,3.5,21,Tue,10
G004540,2025-10-08 12:56:00,Phu Nhuan,member,Gold,E-wallet,6,176000.0,delivered,37.3,3,Inner,4.0,12,Wed,10
G004541,2025-10-08 13:14:00,Thu Duc City,new,,E-wallet,6,173000.0,delivered,50.2,,Outer,11.5,13,Wed,10
G004542,2025-10-08 15:22:00,Phu Nhuan,member,Gold,Bank transfer,9,317000.0,delivered,33.3,5,Inner,4.0,15,Wed,10
G004543,2025-10-08 17:00:00,Thu Duc City,returning,,E-wallet,8,208000.0,delivered,45.2,3,Outer,11.5,17,Wed,10
G004544,2025-10-08 17:59:00,Phu Nhuan,returning,,Card,5,203000.0,delivered,25.8,4,Inner,4.0,17,Wed,10
G004545,2025-10-08 18:11:00,District 3,returning,,E-wallet,5,185000.0,delivered,32.4,5,Central,2.8,18,Wed,10
G004546,2025-10-08 18:47:00,District 3,new,,Card,3,97000.0,delivered,33.9,,Central,2.8,18,Wed,10
G004547,2025-10-08 18:55:00,District 10,returning,,E-wallet,5,157000.0,delivered,32.9,4,Central,3.5,18,Wed,10
G004548,2025-10-08 20:01:00,District 3,returning,,Card,4,147000.0,delivered,28.9,4,Central,2.8,20,Wed,10
G004549,2025-10-08 20:09:00,Binh Thanh,new,,Cash,9,291000.0,delivered,34.0,5,Inner,4.6,20,Wed,10
G004550,2025-10-09 11:26:00,Go Vap,returning,,E-wallet,5,186000.0,delivered,53.6,2,Outer,7.9,11,Thu,10
G004551,2025-10-09 12:11:00,District 7,member,Gold,E-wallet,3,125000.0,delivered,44.2,3,Inner,7.5,12,Thu,10
G004552,2025-10-09 12:48:00,District 10,returning,,E-wallet,7,163000.0,delivered,34.4,4,Central,3.5,12,Thu,10
G004553,2025-10-09 13:14:00,District 10,returning,,E-wallet,9,220000.0,delivered,27.0,5,Central,3.5,13,Thu,10
G004554,2025-10-09 13:16:00,District 10,returning,,E-wallet,5,119000.0,delivered,21.7,5,Central,3.5,13,Thu,10
G004555,2025-10-09 17:39:00,Binh Thanh,member,Gold,Cash,9,300000.0,delivered,39.7,,Inner,4.6,17,Thu,10
G004556,2025-10-09 18:18:00,Binh Tan,returning,,E-wallet,10,320000.0,delivered,55.9,2,Outer,10.8,18,Thu,10
G004557,2025-10-09 18:52:00,District 3,member,Silver,Cash,7,234000.0,delivered,29.3,,Central,2.8,18,Thu,10
G004558,2025-10-09 19:18:00,Binh Thanh,returning,,E-wallet,8,296000.0,delivered,39.0,,Inner,4.6,19,Thu,10
G004559,2025-10-09 20:03:00,District 7,returning,,Bank transfer,9,178000.0,delivered,41.8,4,Inner,7.5,20,Thu,10
G004560,2025-10-09 20:19:00,Tan Binh,new,,E-wallet,7,221000.0,delivered,39.2,3,Inner,5.2,20,Thu,10
G004561,2025-10-09 22:06:00,Tan Binh,returning,,Bank transfer,3,120000.0,delivered,30.3,5,Inner,5.2,22,Thu,10
G004562,2025-10-09 22:20:00,District 1,new,,Bank transfer,8,254000.0,delivered,24.8,5,Central,2.1,22,Thu,10
G004563,2025-10-10 06:54:00,Binh Thanh,returning,,Cash,3,124000.0,delivered,25.1,5,Inner,4.6,6,Fri,10
G004564,2025-10-10 10:40:00,District 3,returning,,E-wallet,6,165000.0,delivered,22.3,4,Central,2.8,10,Fri,10
G004565,2025-10-10 11:12:00,Go Vap,new,,E-wallet,11,519000.0,delivered,48.8,2,Outer,7.9,11,Fri,10
G004566,2025-10-10 11:41:00,District 3,returning,,Cash,10,321000.0,delivered,32.5,4,Central,2.8,11,Fri,10
G004567,2025-10-10 13:57:00,Tan Binh,returning,,E-wallet,7,166000.0,delivered,28.7,,Inner,5.2,13,Fri,10
G004568,2025-10-10 15:31:00,District 1,member,Silver,Bank transfer,6,214000.0,delivered,25.6,,Central,2.1,15,Fri,10
G004569,2025-10-10 15:38:00,Binh Tan,new,,Cash,6,207000.0,delivered,42.3,3,Outer,10.8,15,Fri,10
G004570,2025-10-10 16:38:00,District 3,member,Platinum,E-wallet,6,309000.0,delivered,19.7,5,Central,2.8,16,Fri,10
G004571,2025-10-10 16:57:00,Go Vap,member,Platinum,E-wallet,8,324000.0,delivered,38.6,2,Outer,7.9,16,Fri,10
G004572,2025-10-10 17:05:00,Phu Nhuan,returning,,Bank transfer,7,281000.0,delivered,31.7,4,Inner,4.0,17,Fri,10
G004573,2025-10-10 19:14:00,Tan Binh,returning,,Card,11,384000.0,delivered,34.8,,Inner,5.2,19,Fri,10
G004574,2025-10-10 19:30:00,Thu Duc City,member,Silver,E-wallet,10,219000.0,delivered,58.2,1,Outer,11.5,19,Fri,10
G004575,2025-10-10 21:32:00,Phu Nhuan,returning,,Card,7,157000.0,delivered,22.9,,Inner,4.0,21,Fri,10
G004576,2025-10-11 08:28:00,Tan Binh,new,,Card,11,234000.0,delivered,31.3,,Inner,5.2,8,Sat,10
G004577,2025-10-11 10:27:00,Binh Tan,returning,,E-wallet,9,324000.0,delivered,55.5,3,Outer,10.8,10,Sat,10
G004578,2025-10-11 10:31:00,Thu Duc City,member,Silver,Cash,14,331000.0,delivered,45.6,1,Outer,11.5,10,Sat,10
G004579,2025-10-11 10:53:00,District 10,member,Silver,Bank transfer,11,531000.0,delivered,22.5,,Central,3.5,10,Sat,10
G004580,2025-10-11 11:20:00,District 10,new,,Bank transfer,9,365000.0,delivered,30.6,4,Central,3.5,11,Sat,10
G004581,2025-10-11 12:54:00,District 1,new,,Cash,13,319000.0,delivered,33.1,4,Central,2.1,12,Sat,10
G004582,2025-10-11 14:55:00,Tan Binh,returning,,Cash,12,405000.0,delivered,28.9,4,Inner,5.2,14,Sat,10
G004583,2025-10-11 16:25:00,District 1,new,,E-wallet,10,436000.0,delivered,29.4,,Central,2.1,16,Sat,10
G004584,2025-10-11 17:13:00,Thu Duc City,new,,Card,8,338000.0,cancelled,,,Outer,11.5,17,Sat,10
G004585,2025-10-11 17:16:00,Thu Duc City,member,Gold,Bank transfer,14,458000.0,delivered,45.3,,Outer,11.5,17,Sat,10
G004586,2025-10-11 17:49:00,Thu Duc City,new,,Cash,8,262000.0,delivered,43.3,4,Outer,11.5,17,Sat,10
G004587,2025-10-11 18:05:00,Phu Nhuan,new,,E-wallet,10,304000.0,delivered,31.9,,Inner,4.0,18,Sat,10
G004588,2025-10-11 18:19:00,Binh Tan,member,Silver,E-wallet,12,381000.0,delivered,51.0,2,Outer,10.8,18,Sat,10
G004589,2025-10-11 18:50:00,Thu Duc City,member,Platinum,E-wallet,8,348000.0,delivered,50.9,1,Outer,11.5,18,Sat,10
G004590,2025-10-11 19:33:00,Go Vap,returning,,Card,7,255000.0,delivered,41.1,3,Outer,7.9,19,Sat,10
G004591,2025-10-11 19:58:00,Phu Nhuan,returning,,Cash,11,317000.0,delivered,33.6,4,Inner,4.0,19,Sat,10
G004592,2025-10-11 20:47:00,District 10,member,Silver,Cash,6,185000.0,delivered,31.4,4,Central,3.5,20,Sat,10
G004593,2025-10-11 21:33:00,Tan Binh,member,Silver,Bank transfer,12,282000.0,delivered,29.4,3,Inner,5.2,21,Sat,10
G004594,2025-10-11 22:16:00,Binh Thanh,returning,,Card,6,194000.0,delivered,24.6,5,Inner,4.6,22,Sat,10
G004595,2025-10-12 10:47:00,District 7,member,Platinum,Card,11,353000.0,delivered,36.4,2,Inner,7.5,10,Sun,10
G004596,2025-10-12 10:56:00,Binh Tan,member,Silver,Cash,9,189000.0,delivered,45.4,3,Outer,10.8,10,Sun,10
G004597,2025-10-12 11:37:00,District 10,new,,Card,9,263000.0,delivered,32.8,,Central,3.5,11,Sun,10
G004598,2025-10-12 12:33:00,Phu Nhuan,new,,E-wallet,12,324000.0,delivered,38.6,,Inner,4.0,12,Sun,10
G004599,2025-10-12 12:49:00,District 1,member,Gold,Bank transfer,8,346000.0,delivered,29.7,3,Central,2.1,12,Sun,10
G004600,2025-10-12 14:41:00,District 7,returning,,Cash,6,202000.0,delivered,37.8,,Inner,7.5,14,Sun,10
G004601,2025-10-12 16:10:00,Thu Duc City,member,Gold,Card,6,165000.0,delivered,49.2,3,Outer,11.5,16,Sun,10
G004602,2025-10-12 18:04:00,Binh Tan,returning,,Bank transfer,15,169000.0,delivered,54.3,3,Outer,10.8,18,Sun,10
G004603,2025-10-12 18:14:00,Binh Thanh,member,Gold,Cash,11,500000.0,delivered,32.9,5,Inner,4.6,18,Sun,10
G004604,2025-10-12 18:41:00,District 7,member,Silver,Cash,17,564000.0,delivered,44.2,3,Inner,7.5,18,Sun,10
G004605,2025-10-12 19:17:00,Go Vap,returning,,E-wallet,12,389000.0,delivered,41.0,,Outer,7.9,19,Sun,10
G004606,2025-10-12 21:48:00,District 1,new,,E-wallet,12,199000.0,delivered,30.6,3,Central,2.1,21,Sun,10
G004607,2025-10-13 10:14:00,District 7,returning,,Cash,4,84000.0,delivered,45.6,,Inner,7.5,10,Mon,10
G004608,2025-10-13 10:17:00,Phu Nhuan,returning,,E-wallet,5,116000.0,delivered,26.1,4,Inner,4.0,10,Mon,10
G004609,2025-10-13 10:26:00,District 7,new,,Card,5,183000.0,delivered,35.1,5,Inner,7.5,10,Mon,10
G004610,2025-10-13 11:04:00,District 1,new,,Card,9,269000.0,delivered,30.4,,Central,2.1,11,Mon,10
G004611,2025-10-13 11:29:00,Binh Tan,member,Silver,Cash,4,113000.0,delivered,56.8,,Outer,10.8,11,Mon,10
G004612,2025-10-13 11:55:00,Binh Tan,member,Silver,Cash,7,166000.0,delivered,52.7,4,Outer,10.8,11,Mon,10
G004613,2025-10-13 12:11:00,District 10,new,,Card,9,271000.0,delivered,40.0,4,Central,3.5,12,Mon,10
G004614,2025-10-13 12:34:00,District 1,returning,,Bank transfer,6,139000.0,delivered,26.0,5,Central,2.1,12,Mon,10
G004615,2025-10-13 12:41:00,District 10,returning,,Cash,6,157000.0,delivered,32.3,4,Central,3.5,12,Mon,10
G004616,2025-10-13 13:31:00,Thu Duc City,member,Platinum,Cash,9,380000.0,delivered,44.7,4,Outer,11.5,13,Mon,10
G004617,2025-10-13 17:29:00,Go Vap,returning,,E-wallet,7,146000.0,delivered,33.8,,Outer,7.9,17,Mon,10
G004618,2025-10-13 18:21:00,Thu Duc City,returning,,Bank transfer,6,287000.0,delivered,51.6,,Outer,11.5,18,Mon,10
G004619,2025-10-13 18:24:00,Binh Thanh,member,Silver,E-wallet,9,265000.0,delivered,48.2,,Inner,4.6,18,Mon,10
G004620,2025-10-13 19:41:00,Thu Duc City,new,,E-wallet,4,96000.0,delivered,53.6,2,Outer,11.5,19,Mon,10
G004621,2025-10-13 19:44:00,Binh Tan,returning,,Card,10,296000.0,delivered,51.5,1,Outer,10.8,19,Mon,10
G004622,2025-10-13 19:52:00,District 1,returning,,Bank transfer,7,167000.0,delivered,32.8,,Central,2.1,19,Mon,10
G004623,2025-10-13 19:54:00,Binh Tan,new,,E-wallet,8,218000.0,delivered,59.0,3,Outer,10.8,19,Mon,10
G004624,2025-10-13 19:59:00,District 1,member,Gold,E-wallet,10,238000.0,delivered,28.8,5,Central,2.1,19,Mon,10
G004625,2025-10-13 20:29:00,District 7,new,,E-wallet,5,148000.0,delivered,50.7,,Inner,7.5,20,Mon,10
G004626,2025-10-13 22:24:00,Binh Thanh,returning,,E-wallet,5,145000.0,delivered,31.0,,Inner,4.6,22,Mon,10
G004627,2025-10-14 07:17:00,Binh Thanh,returning,,Card,9,313000.0,delivered,26.9,,Inner,4.6,7,Tue,10
G004628,2025-10-14 09:01:00,District 7,returning,,Cash,5,85000.0,delivered,37.6,3,Inner,7.5,9,Tue,10
G004629,2025-10-14 09:36:00,Phu Nhuan,returning,,E-wallet,11,336000.0,delivered,29.6,,Inner,4.0,9,Tue,10
G004630,2025-10-14 09:41:00,District 3,member,Silver,Cash,10,349000.0,delivered,24.0,5,Central,2.8,9,Tue,10
G004631,2025-10-14 10:58:00,Phu Nhuan,new,,Cash,6,199000.0,delivered,26.0,,Inner,4.0,10,Tue,10
G004632,2025-10-14 11:13:00,Phu Nhuan,member,Gold,E-wallet,7,196000.0,delivered,31.9,4,Inner,4.0,11,Tue,10
G004633,2025-10-14 11:17:00,District 7,member,Platinum,E-wallet,8,377000.0,delivered,45.1,3,Inner,7.5,11,Tue,10
G004634,2025-10-14 11:27:00,Binh Thanh,returning,,Cash,5,154000.0,cancelled,,,Inner,4.6,11,Tue,10
G004635,2025-10-14 12:11:00,District 10,new,,Card,5,185000.0,delivered,39.4,2,Central,3.5,12,Tue,10
G004636,2025-10-14 13:32:00,Binh Tan,returning,,E-wallet,8,194000.0,delivered,43.8,3,Outer,10.8,13,Tue,10
G004637,2025-10-14 13:53:00,Binh Thanh,member,Gold,Cash,7,157000.0,delivered,24.7,,Inner,4.6,13,Tue,10
G004638,2025-10-14 15:00:00,Go Vap,new,,E-wallet,5,155000.0,delivered,38.3,3,Outer,7.9,15,Tue,10
G004639,2025-10-14 16:35:00,Go Vap,returning,,E-wallet,11,317000.0,delivered,37.3,4,Outer,7.9,16,Tue,10
G004640,2025-10-14 17:00:00,Binh Thanh,new,,Card,10,400000.0,delivered,26.0,,Inner,4.6,17,Tue,10
G004641,2025-10-14 18:01:00,District 3,member,Gold,E-wallet,6,211000.0,delivered,28.2,,Central,2.8,18,Tue,10
G004642,2025-10-14 18:09:00,Phu Nhuan,member,Silver,Bank transfer,9,330000.0,delivered,32.4,4,Inner,4.0,18,Tue,10
G004643,2025-10-14 18:17:00,Thu Duc City,returning,,E-wallet,12,343000.0,delivered,51.5,3,Outer,11.5,18,Tue,10
G004644,2025-10-14 18:59:00,Binh Thanh,new,,Cash,7,252000.0,delivered,33.5,,Inner,4.6,18,Tue,10
G004645,2025-10-14 19:34:00,District 7,member,Platinum,Cash,9,359000.0,delivered,45.1,,Inner,7.5,19,Tue,10
G004646,2025-10-14 19:46:00,Binh Thanh,member,Silver,Cash,2,76000.0,delivered,41.6,,Inner,4.6,19,Tue,10
G004647,2025-10-14 19:54:00,Thu Duc City,new,,Cash,9,298000.0,cancelled,,,Outer,11.5,19,Tue,10
G004648,2025-10-14 21:58:00,District 7,returning,,Bank transfer,9,322000.0,delivered,36.7,4,Inner,7.5,21,Tue,10
G004649,2025-10-15 10:17:00,Tan Binh,member,Gold,Card,6,185000.0,delivered,31.6,4,Inner,5.2,10,Wed,10
G004650,2025-10-15 10:53:00,Thu Duc City,new,,E-wallet,8,327000.0,delivered,47.2,,Outer,11.5,10,Wed,10
G004651,2025-10-15 11:58:00,Binh Thanh,returning,,E-wallet,3,72000.0,delivered,45.9,3,Inner,4.6,11,Wed,10
G004652,2025-10-15 12:15:00,Binh Thanh,member,Gold,E-wallet,5,,delivered,37.9,5,Inner,4.6,12,Wed,10
G004653,2025-10-15 13:31:00,Thu Duc City,returning,,Bank transfer,8,240000.0,delivered,53.2,3,Outer,11.5,13,Wed,10
G004654,2025-10-15 15:59:00,District 10,new,,E-wallet,8,149000.0,delivered,25.9,,Central,3.5,15,Wed,10
G004655,2025-10-15 17:04:00,Binh Thanh,new,,Card,5,174000.0,delivered,25.3,,Inner,4.6,17,Wed,10
G004656,2025-10-15 18:00:00,District 3,returning,,E-wallet,5,177000.0,delivered,32.9,4,Central,2.8,18,Wed,10
G004657,2025-10-15 18:16:00,Thu Duc City,returning,,E-wallet,7,271000.0,delivered,59.1,,Outer,11.5,18,Wed,10
G004658,2025-10-15 18:48:00,Phu Nhuan,returning,,E-wallet,8,212000.0,delivered,35.8,,Inner,4.0,18,Wed,10
G004659,2025-10-15 19:19:00,Thu Duc City,returning,,E-wallet,12,479000.0,delivered,50.8,,Outer,11.5,19,Wed,10
G004660,2025-10-15 19:26:00,Thu Duc City,member,Gold,E-wallet,6,203000.0,delivered,51.9,2,Outer,11.5,19,Wed,10
G004661,2025-10-15 19:41:00,Phu Nhuan,returning,,Cash,6,271000.0,delivered,45.4,3,Inner,4.0,19,Wed,10
G004663,2025-10-15 20:05:00,District 10,member,Silver,Card,5,143000.0,delivered,33.9,3,Central,3.5,20,Wed,10
G004662,2025-10-15 20:05:00,Thu Duc City,returning,,Cash,9,300000.0,delivered,55.6,,Outer,11.5,20,Wed,10
G004664,2025-10-15 20:47:00,Binh Thanh,returning,,E-wallet,6,171000.0,delivered,33.4,4,Inner,4.6,20,Wed,10
G004665,2025-10-15 21:38:00,Thu Duc City,new,,Card,8,340000.0,delivered,46.7,,Outer,11.5,21,Wed,10
G004666,2025-10-15 22:55:00,Binh Thanh,returning,,E-wallet,11,392000.0,delivered,31.7,4,Inner,4.6,22,Wed,10
G004667,2025-10-15 23:21:00,Thu Duc City,returning,,Bank transfer,10,240000.0,delivered,47.9,3,Outer,11.5,23,Wed,10
G004668,2025-10-16 10:40:00,Tan Binh,member,Platinum,E-wallet,7,292000.0,delivered,29.0,,Inner,5.2,10,Thu,10
G004669,2025-10-16 11:39:00,District 7,new,,E-wallet,3,79000.0,cancelled,,,Inner,7.5,11,Thu,10
G004670,2025-10-16 12:08:00,District 10,member,Gold,Cash,9,289000.0,delivered,50.2,2,Central,3.5,12,Thu,10
G004671,2025-10-16 12:10:00,Go Vap,member,Silver,Card,4,169000.0,delivered,57.1,2,Outer,7.9,12,Thu,10
G004672,2025-10-16 12:27:00,District 7,returning,,E-wallet,4,98000.0,delivered,51.5,2,Inner,7.5,12,Thu,10
G004673,2025-10-16 13:09:00,District 7,returning,,Bank transfer,6,174000.0,delivered,36.4,3,Inner,7.5,13,Thu,10
G004674,2025-10-16 13:21:00,Binh Thanh,returning,,Cash,11,388000.0,delivered,25.8,4,Inner,4.6,13,Thu,10
G004675,2025-10-16 13:58:00,District 10,member,Gold,Card,8,272000.0,cancelled,,,Central,3.5,13,Thu,10
G004676,2025-10-16 14:09:00,Binh Thanh,returning,,Bank transfer,3,107000.0,delivered,33.8,5,Inner,4.6,14,Thu,10
G004677,2025-10-16 14:25:00,Go Vap,returning,,E-wallet,4,159000.0,delivered,40.5,3,Outer,7.9,14,Thu,10
G004678,2025-10-16 14:28:00,District 1,member,Silver,Cash,10,451000.0,delivered,25.0,5,Central,2.1,14,Thu,10
G004679,2025-10-16 15:42:00,Go Vap,returning,,E-wallet,2,81000.0,delivered,41.6,,Outer,7.9,15,Thu,10
G004680,2025-10-16 17:46:00,Tan Binh,new,,Bank transfer,14,281000.0,delivered,28.1,5,Inner,5.2,17,Thu,10
G004681,2025-10-16 19:10:00,Tan Binh,returning,,E-wallet,9,372000.0,delivered,35.1,5,Inner,5.2,19,Thu,10
G004682,2025-10-16 19:14:00,Go Vap,returning,,E-wallet,9,220000.0,delivered,44.0,2,Outer,7.9,19,Thu,10
G004683,2025-10-16 19:25:00,District 10,new,,E-wallet,7,204000.0,delivered,44.8,2,Central,3.5,19,Thu,10
G004684,2025-10-16 19:58:00,Binh Tan,member,Silver,Card,8,209000.0,delivered,52.0,,Outer,10.8,19,Thu,10
G004685,2025-10-16 20:27:00,Tan Binh,returning,,Cash,1,30000.0,delivered,44.7,,Inner,5.2,20,Thu,10
G004686,2025-10-16 21:48:00,District 7,member,Silver,Card,7,227000.0,delivered,33.8,,Inner,7.5,21,Thu,10
G004687,2025-10-17 10:38:00,Tan Binh,new,,E-wallet,6,221000.0,delivered,27.4,,Inner,5.2,10,Fri,10
G004688,2025-10-17 12:03:00,District 3,returning,,E-wallet,4,145000.0,delivered,31.0,4,Central,2.8,12,Fri,10
G004689,2025-10-17 12:58:00,District 7,returning,,Card,9,407000.0,delivered,42.6,4,Inner,7.5,12,Fri,10
G004690,2025-10-17 15:43:00,Binh Thanh,returning,,Cash,10,325000.0,delivered,27.4,4,Inner,4.6,15,Fri,10
G004691,2025-10-17 19:44:00,Binh Tan,new,,E-wallet,4,112000.0,delivered,48.7,2,Outer,10.8,19,Fri,10
G004692,2025-10-17 21:11:00,District 10,member,Silver,Bank transfer,7,200000.0,delivered,33.7,5,Central,3.5,21,Fri,10
G004693,2025-10-17 21:19:00,Binh Tan,returning,,E-wallet,8,213000.0,delivered,46.4,,Outer,10.8,21,Fri,10
G004694,2025-10-17 22:13:00,District 3,returning,,E-wallet,9,199000.0,delivered,20.3,5,Central,2.8,22,Fri,10
G004695,2025-10-17 22:29:00,District 1,returning,,Card,9,425000.0,delivered,22.9,5,Central,2.1,22,Fri,10
G004696,2025-10-17 22:41:00,Thu Duc City,returning,,E-wallet,9,298000.0,delivered,42.5,2,Outer,11.5,22,Fri,10
G004697,2025-10-17 22:43:00,District 1,returning,,E-wallet,6,136000.0,delivered,20.0,5,Central,2.1,22,Fri,10
G004698,2025-10-18 06:30:00,Binh Thanh,returning,,Card,9,168000.0,delivered,36.9,,Inner,4.6,6,Sat,10
G004699,2025-10-18 10:34:00,Go Vap,new,,E-wallet,5,132000.0,delivered,37.2,,Outer,7.9,10,Sat,10
G004700,2025-10-18 10:53:00,Phu Nhuan,member,Platinum,Cash,9,359000.0,delivered,27.9,,Inner,4.0,10,Sat,10
G004701,2025-10-18 11:14:00,Binh Thanh,member,Gold,E-wallet,9,298000.0,delivered,36.2,5,Inner,4.6,11,Sat,10
G004702,2025-10-18 11:25:00,District 3,member,Silver,E-wallet,8,193000.0,delivered,32.1,4,Central,2.8,11,Sat,10
G004703,2025-10-18 11:39:00,Binh Thanh,member,Silver,E-wallet,10,270000.0,delivered,33.9,3,Inner,4.6,11,Sat,10
G004704,2025-10-18 12:38:00,Thu Duc City,returning,,E-wallet,7,178000.0,delivered,58.5,,Outer,11.5,12,Sat,10
G004705,2025-10-18 12:44:00,Binh Tan,member,Silver,E-wallet,11,248000.0,delivered,56.5,,Outer,10.8,12,Sat,10
G004706,2025-10-18 13:04:00,Go Vap,returning,,E-wallet,17,490000.0,delivered,39.5,4,Outer,7.9,13,Sat,10
G004707,2025-10-18 15:12:00,District 1,member,Platinum,E-wallet,8,312000.0,cancelled,,,Central,2.1,15,Sat,10
G004708,2025-10-18 17:46:00,Go Vap,returning,,E-wallet,9,339000.0,delivered,34.5,4,Outer,7.9,17,Sat,10
G004709,2025-10-18 17:52:00,Thu Duc City,returning,,E-wallet,8,213000.0,delivered,51.1,2,Outer,11.5,17,Sat,10
G004710,2025-10-18 19:05:00,Thu Duc City,member,Silver,E-wallet,9,308000.0,delivered,57.9,1,Outer,11.5,19,Sat,10
G004711,2025-10-18 19:14:00,Thu Duc City,new,,E-wallet,10,392000.0,delivered,59.7,,Outer,11.5,19,Sat,10
G004712,2025-10-19 07:09:00,District 1,new,,Cash,11,365000.0,delivered,28.2,5,Central,2.1,7,Sun,10
G004713,2025-10-19 11:19:00,Binh Thanh,new,,Bank transfer,12,351000.0,delivered,34.5,4,Inner,4.6,11,Sun,10
G004714,2025-10-19 15:25:00,District 7,returning,,Card,7,160000.0,delivered,36.4,,Inner,7.5,15,Sun,10
G004715,2025-10-19 17:52:00,District 7,returning,,Cash,15,674000.0,delivered,35.6,4,Inner,7.5,17,Sun,10
G004716,2025-10-19 18:19:00,Binh Thanh,new,,E-wallet,13,335000.0,cancelled,,,Inner,4.6,18,Sun,10
G004717,2025-10-19 18:45:00,District 3,member,Gold,E-wallet,7,236000.0,delivered,30.4,5,Central,2.8,18,Sun,10
G004718,2025-10-19 19:22:00,Binh Tan,returning,,E-wallet,10,266000.0,cancelled,,,Outer,10.8,19,Sun,10
G004719,2025-10-19 19:24:00,Tan Binh,new,,Card,11,418000.0,delivered,37.4,,Inner,5.2,19,Sun,10
G004720,2025-10-19 19:38:00,Binh Thanh,returning,,Cash,8,254000.0,delivered,36.8,,Inner,4.6,19,Sun,10
G004721,2025-10-19 19:50:00,Binh Tan,new,,Card,10,485000.0,delivered,51.4,3,Outer,10.8,19,Sun,10
G004722,2025-10-19 21:47:00,District 3,returning,,Cash,10,331000.0,delivered,31.1,,Central,2.8,21,Sun,10
G004723,2025-10-19 21:48:00,Tan Binh,new,,E-wallet,9,361000.0,delivered,35.1,3,Inner,5.2,21,Sun,10
G004724,2025-10-19 22:49:00,District 10,new,,Bank transfer,14,534000.0,delivered,27.8,5,Central,3.5,22,Sun,10
G004725,2025-10-20 09:26:00,District 1,returning,,E-wallet,11,305000.0,delivered,20.3,5,Central,2.1,9,Mon,10
G004726,2025-10-20 09:56:00,Thu Duc City,new,,E-wallet,8,266000.0,delivered,46.2,,Outer,11.5,9,Mon,10
G004727,2025-10-20 10:18:00,Thu Duc City,member,Gold,Bank transfer,7,232000.0,delivered,45.3,3,Outer,11.5,10,Mon,10
G004728,2025-10-20 11:50:00,District 1,returning,,Card,6,125000.0,delivered,29.7,4,Central,2.1,11,Mon,10
G004729,2025-10-20 12:23:00,Thu Duc City,returning,,E-wallet,5,124000.0,delivered,54.3,2,Outer,11.5,12,Mon,10
G004730,2025-10-20 12:36:00,Phu Nhuan,new,,E-wallet,5,109000.0,delivered,37.3,,Inner,4.0,12,Mon,10
G004731,2025-10-20 12:53:00,Binh Thanh,returning,,E-wallet,6,181000.0,delivered,38.2,,Inner,4.6,12,Mon,10
G004732,2025-10-20 14:54:00,District 3,member,Platinum,E-wallet,7,373000.0,delivered,25.7,,Central,2.8,14,Mon,10
G004733,2025-10-20 16:16:00,Tan Binh,returning,,Cash,5,118000.0,cancelled,,,Inner,5.2,16,Mon,10
G004734,2025-10-20 19:29:00,District 3,new,,Card,8,258000.0,delivered,35.8,3,Central,2.8,19,Mon,10
G004735,2025-10-20 20:14:00,Thu Duc City,new,,Cash,4,149000.0,delivered,51.3,3,Outer,11.5,20,Mon,10
G004736,2025-10-20 20:26:00,Thu Duc City,returning,,Cash,2,71000.0,delivered,54.0,,Outer,11.5,20,Mon,10
G004737,2025-10-20 21:50:00,Phu Nhuan,returning,,Bank transfer,9,361000.0,delivered,23.0,,Inner,4.0,21,Mon,10
G004738,2025-10-20 22:31:00,Phu Nhuan,returning,,Cash,5,138000.0,delivered,24.4,,Inner,4.0,22,Mon,10
G004739,2025-10-21 07:00:00,Thu Duc City,new,,E-wallet,6,157000.0,delivered,54.2,2,Outer,11.5,7,Tue,10
G004740,2025-10-21 07:09:00,Binh Tan,member,Silver,E-wallet,8,250000.0,delivered,44.9,3,Outer,10.8,7,Tue,10
G004741,2025-10-21 10:49:00,Thu Duc City,returning,,E-wallet,3,105000.0,delivered,52.1,,Outer,11.5,10,Tue,10
G004742,2025-10-21 11:45:00,Phu Nhuan,member,Silver,E-wallet,10,337000.0,delivered,32.1,5,Inner,4.0,11,Tue,10
G004743,2025-10-21 12:05:00,Thu Duc City,new,,E-wallet,7,254000.0,delivered,59.7,2,Outer,11.5,12,Tue,10
G004744,2025-10-21 12:44:00,Thu Duc City,member,Silver,Cash,9,301000.0,delivered,51.1,,Outer,11.5,12,Tue,10
G004745,2025-10-21 16:47:00,Thu Duc City,member,Silver,E-wallet,8,280000.0,delivered,45.4,,Outer,11.5,16,Tue,10
G004746,2025-10-21 19:50:00,Go Vap,returning,,Card,8,312000.0,delivered,50.6,,Outer,7.9,19,Tue,10
G004747,2025-10-21 19:55:00,Go Vap,returning,,E-wallet,10,495000.0,delivered,45.6,,Outer,7.9,19,Tue,10
G004748,2025-10-21 21:44:00,District 10,new,,E-wallet,7,185000.0,delivered,23.9,5,Central,3.5,21,Tue,10
G004749,2025-10-22 07:41:00,District 7,returning,,Cash,5,181000.0,delivered,35.8,4,Inner,7.5,7,Wed,10
G004750,2025-10-22 07:47:00,Go Vap,new,,Cash,5,132000.0,delivered,37.6,3,Outer,7.9,7,Wed,10
G004751,2025-10-22 11:13:00,Thu Duc City,returning,,E-wallet,10,318000.0,delivered,63.7,,Outer,11.5,11,Wed,10
G004752,2025-10-22 11:56:00,Go Vap,returning,,E-wallet,4,148000.0,delivered,43.9,2,Outer,7.9,11,Wed,10
G004753,2025-10-22 12:01:00,District 10,returning,,Card,5,167000.0,cancelled,,,Central,3.5,12,Wed,10
G004754,2025-10-22 12:15:00,District 3,new,,Card,10,386000.0,delivered,33.0,,Central,2.8,12,Wed,10
G004755,2025-10-22 13:28:00,Go Vap,new,,Cash,8,194000.0,delivered,33.2,,Outer,7.9,13,Wed,10
G004756,2025-10-22 14:29:00,District 7,new,,E-wallet,6,166000.0,delivered,35.5,,Inner,7.5,14,Wed,10
G004757,2025-10-22 14:35:00,Go Vap,returning,,Bank transfer,11,402000.0,delivered,38.9,2,Outer,7.9,14,Wed,10
G004758,2025-10-22 15:01:00,Tan Binh,member,Silver,E-wallet,3,120000.0,delivered,31.4,,Inner,5.2,15,Wed,10
G004759,2025-10-22 17:03:00,District 7,returning,,E-wallet,9,295000.0,delivered,41.5,,Inner,7.5,17,Wed,10
G004760,2025-10-22 18:09:00,Go Vap,new,,E-wallet,4,114000.0,delivered,43.6,3,Outer,7.9,18,Wed,10
G004761,2025-10-22 18:24:00,Thu Duc City,returning,,Card,7,261000.0,delivered,52.8,,Outer,11.5,18,Wed,10
G004762,2025-10-22 18:30:00,Binh Thanh,returning,,Card,6,211000.0,delivered,33.8,3,Inner,4.6,18,Wed,10
G004763,2025-10-22 18:49:00,Thu Duc City,member,Silver,E-wallet,7,263000.0,delivered,53.6,1,Outer,11.5,18,Wed,10
G004764,2025-10-22 21:02:00,Thu Duc City,returning,,Bank transfer,5,155000.0,delivered,48.7,3,Outer,11.5,21,Wed,10
G004765,2025-10-22 22:40:00,District 7,returning,,Card,7,209000.0,delivered,36.8,,Inner,7.5,22,Wed,10
G004766,2025-10-22 22:59:00,Go Vap,new,,E-wallet,8,276000.0,delivered,47.1,,Outer,7.9,22,Wed,10
G004767,2025-10-23 12:44:00,District 1,returning,,Bank transfer,4,131000.0,delivered,32.6,5,Central,2.1,12,Thu,10
G004768,2025-10-23 13:45:00,Tan Binh,new,,E-wallet,6,172000.0,delivered,29.4,5,Inner,5.2,13,Thu,10
G004769,2025-10-23 14:46:00,District 1,member,Gold,E-wallet,7,257000.0,delivered,23.0,4,Central,2.1,14,Thu,10
G004770,2025-10-23 14:48:00,Binh Thanh,member,Platinum,E-wallet,7,350000.0,delivered,31.9,,Inner,4.6,14,Thu,10
G004771,2025-10-23 15:03:00,Go Vap,new,,E-wallet,3,121000.0,delivered,37.9,,Outer,7.9,15,Thu,10
G004772,2025-10-23 15:38:00,District 3,member,Silver,Cash,6,261000.0,delivered,29.2,5,Central,2.8,15,Thu,10
G004773,2025-10-23 16:06:00,Tan Binh,member,Silver,E-wallet,4,81000.0,delivered,34.9,4,Inner,5.2,16,Thu,10
G004774,2025-10-23 16:19:00,Thu Duc City,new,,Bank transfer,9,312000.0,delivered,48.0,2,Outer,11.5,16,Thu,10
G004775,2025-10-23 18:36:00,Tan Binh,returning,,E-wallet,11,369000.0,cancelled,,,Inner,5.2,18,Thu,10
G004776,2025-10-23 19:42:00,Phu Nhuan,member,Silver,E-wallet,6,161000.0,delivered,34.4,,Inner,4.0,19,Thu,10
G004777,2025-10-23 20:31:00,Binh Thanh,member,Gold,E-wallet,11,264000.0,delivered,34.0,3,Inner,4.6,20,Thu,10
G004778,2025-10-23 20:54:00,Thu Duc City,member,Silver,E-wallet,12,400000.0,delivered,66.0,2,Outer,11.5,20,Thu,10
G004779,2025-10-23 21:15:00,Binh Thanh,member,Silver,E-wallet,6,185000.0,delivered,31.7,,Inner,4.6,21,Thu,10
G004780,2025-10-23 21:19:00,Go Vap,member,Gold,Bank transfer,9,263000.0,delivered,35.1,,Outer,7.9,21,Thu,10
G004781,2025-10-23 22:26:00,District 1,returning,,E-wallet,6,254000.0,delivered,24.6,,Central,2.1,22,Thu,10
G004782,2025-10-24 07:54:00,Phu Nhuan,new,,E-wallet,7,230000.0,delivered,26.9,,Inner,4.0,7,Fri,10
G004783,2025-10-24 11:19:00,District 1,returning,,E-wallet,8,244000.0,delivered,33.9,4,Central,2.1,11,Fri,10
G004784,2025-10-24 12:44:00,District 3,returning,,Cash,6,105000.0,delivered,30.7,,Central,2.8,12,Fri,10
G004785,2025-10-24 12:47:00,Go Vap,member,Gold,E-wallet,9,198000.0,delivered,45.7,,Outer,7.9,12,Fri,10
G004786,2025-10-24 12:56:00,District 3,returning,,E-wallet,7,187000.0,delivered,31.7,,Central,2.8,12,Fri,10
G004787,2025-10-24 14:19:00,District 10,new,,E-wallet,8,269000.0,delivered,23.6,4,Central,3.5,14,Fri,10
G004788,2025-10-24 15:39:00,District 1,member,Silver,E-wallet,5,130000.0,delivered,23.9,,Central,2.1,15,Fri,10
G004789,2025-10-24 15:42:00,Go Vap,returning,,E-wallet,5,171000.0,delivered,36.5,5,Outer,7.9,15,Fri,10
G004790,2025-10-24 17:30:00,Binh Thanh,returning,,E-wallet,4,128000.0,delivered,27.5,4,Inner,4.6,17,Fri,10
G004791,2025-10-24 18:49:00,Binh Tan,returning,,E-wallet,9,209000.0,delivered,58.3,4,Outer,10.8,18,Fri,10
G004792,2025-10-24 19:16:00,Binh Thanh,member,Silver,E-wallet,5,131000.0,delivered,33.6,,Inner,4.6,19,Fri,10
G004793,2025-10-24 20:23:00,District 7,returning,,E-wallet,9,307000.0,delivered,52.4,2,Inner,7.5,20,Fri,10
G004794,2025-10-24 20:26:00,Tan Binh,new,,E-wallet,11,333000.0,delivered,35.8,3,Inner,5.2,20,Fri,10
G004795,2025-10-24 21:16:00,District 1,new,,Cash,14,668000.0,delivered,23.3,,Central,2.1,21,Fri,10
G004796,2025-10-24 21:16:00,Binh Tan,member,Gold,E-wallet,9,352000.0,delivered,45.4,4,Outer,10.8,21,Fri,10
G004797,2025-10-24 22:11:00,District 1,returning,,E-wallet,10,316000.0,delivered,26.2,5,Central,2.1,22,Fri,10
G004798,2025-10-24 22:53:00,District 10,member,Gold,E-wallet,9,266000.0,delivered,26.6,,Central,3.5,22,Fri,10
G004799,2025-10-25 10:01:00,Binh Thanh,returning,,E-wallet,6,192000.0,delivered,27.5,4,Inner,4.6,10,Sat,10
G004800,2025-10-25 12:10:00,Tan Binh,member,Gold,E-wallet,9,283000.0,delivered,39.2,,Inner,5.2,12,Sat,10
G004801,2025-10-25 13:18:00,Go Vap,returning,,Bank transfer,10,364000.0,delivered,34.8,5,Outer,7.9,13,Sat,10
G004802,2025-10-25 16:29:00,District 7,new,,E-wallet,11,172000.0,delivered,36.6,,Inner,7.5,16,Sat,10
G004803,2025-10-25 17:27:00,District 1,new,,E-wallet,13,269000.0,delivered,24.5,3,Central,2.1,17,Sat,10
G004804,2025-10-25 18:18:00,District 7,member,Platinum,E-wallet,12,524000.0,delivered,45.1,,Inner,7.5,18,Sat,10
G004805,2025-10-25 18:19:00,Go Vap,returning,,Card,12,438000.0,delivered,48.7,3,Outer,7.9,18,Sat,10
G004806,2025-10-25 19:30:00,District 7,member,Silver,Bank transfer,15,455000.0,delivered,40.9,,Inner,7.5,19,Sat,10
G004807,2025-10-25 19:34:00,Phu Nhuan,new,,Cash,12,557000.0,delivered,36.9,3,Inner,4.0,19,Sat,10
G004808,2025-10-25 20:14:00,Binh Thanh,returning,,Bank transfer,7,244000.0,delivered,32.9,,Inner,4.6,20,Sat,10
G004809,2025-10-25 20:29:00,District 7,new,,Card,9,248000.0,delivered,39.9,4,Inner,7.5,20,Sat,10
G004810,2025-10-25 20:44:00,District 1,new,,E-wallet,7,209000.0,cancelled,,,Central,2.1,20,Sat,10
G004811,2025-10-25 21:08:00,Tan Binh,new,,Card,5,151000.0,delivered,30.0,4,Inner,5.2,21,Sat,10
G004812,2025-10-25 22:26:00,District 10,new,,Bank transfer,8,333000.0,delivered,23.5,,Central,3.5,22,Sat,10
G004813,2025-10-26 10:50:00,Binh Thanh,new,,E-wallet,9,373000.0,delivered,27.0,4,Inner,4.6,10,Sun,10
G004814,2025-10-26 11:07:00,Tan Binh,returning,,E-wallet,6,163000.0,delivered,35.7,,Inner,5.2,11,Sun,10
G004815,2025-10-26 12:48:00,Thu Duc City,returning,,E-wallet,16,392000.0,delivered,58.0,2,Outer,11.5,12,Sun,10
G004816,2025-10-26 14:44:00,District 3,member,Gold,Cash,17,525000.0,delivered,23.4,,Central,2.8,14,Sun,10
G004817,2025-10-26 14:55:00,Binh Tan,returning,,Cash,9,348000.0,delivered,43.6,,Outer,10.8,14,Sun,10
G004818,2025-10-26 18:51:00,District 3,returning,,Card,7,232000.0,delivered,30.6,,Central,2.8,18,Sun,10
G004819,2025-10-26 19:34:00,Binh Thanh,member,Gold,E-wallet,6,237000.0,delivered,41.8,3,Inner,4.6,19,Sun,10
G004820,2025-10-26 20:01:00,District 1,returning,,E-wallet,8,278000.0,delivered,35.8,4,Central,2.1,20,Sun,10
G004821,2025-10-26 20:16:00,District 1,new,,E-wallet,10,359000.0,delivered,29.6,5,Central,2.1,20,Sun,10
G004822,2025-10-27 09:20:00,District 7,returning,,Cash,3,138000.0,delivered,39.7,,Inner,7.5,9,Mon,10
G004823,2025-10-27 09:48:00,District 3,returning,,E-wallet,7,222000.0,cancelled,,,Central,2.8,9,Mon,10
G004824,2025-10-27 11:07:00,Binh Tan,returning,,E-wallet,4,140000.0,delivered,64.8,,Outer,10.8,11,Mon,10
G004825,2025-10-27 11:53:00,District 1,new,,E-wallet,5,168000.0,delivered,31.6,4,Central,2.1,11,Mon,10
G004826,2025-10-27 12:11:00,Go Vap,member,Gold,E-wallet,10,272000.0,delivered,48.6,3,Outer,7.9,12,Mon,10
G004827,2025-10-27 12:20:00,Thu Duc City,returning,,E-wallet,5,178000.0,delivered,53.9,3,Outer,11.5,12,Mon,10
G004828,2025-10-27 12:30:00,District 3,member,Silver,Cash,4,104000.0,delivered,29.8,5,Central,2.8,12,Mon,10
G004829,2025-10-27 12:52:00,Thu Duc City,returning,,E-wallet,11,305000.0,delivered,56.2,3,Outer,11.5,12,Mon,10
G004830,2025-10-27 13:20:00,District 7,returning,,E-wallet,5,181000.0,delivered,39.7,4,Inner,7.5,13,Mon,10
G004831,2025-10-27 13:25:00,Binh Thanh,returning,,E-wallet,7,267000.0,delivered,27.1,4,Inner,4.6,13,Mon,10
G004832,2025-10-27 13:33:00,Go Vap,new,,Cash,7,208000.0,delivered,36.9,4,Outer,7.9,13,Mon,10
G004833,2025-10-27 17:04:00,Phu Nhuan,member,Gold,E-wallet,7,251000.0,delivered,24.4,5,Inner,4.0,17,Mon,10
G004834,2025-10-27 17:10:00,District 7,new,,E-wallet,6,167000.0,cancelled,,,Inner,7.5,17,Mon,10
G004835,2025-10-27 17:25:00,Go Vap,returning,,E-wallet,4,137000.0,delivered,33.7,4,Outer,7.9,17,Mon,10
G004836,2025-10-27 17:48:00,District 1,member,Silver,Card,8,262000.0,delivered,24.0,5,Central,2.1,17,Mon,10
G004837,2025-10-27 18:07:00,District 3,returning,,E-wallet,8,353000.0,delivered,41.8,4,Central,2.8,18,Mon,10
G004838,2025-10-27 18:24:00,Go Vap,returning,,E-wallet,6,215000.0,delivered,46.5,3,Outer,7.9,18,Mon,10
G004839,2025-10-27 20:30:00,Tan Binh,member,Silver,Card,8,284000.0,delivered,37.8,3,Inner,5.2,20,Mon,10
G004840,2025-10-27 21:25:00,Go Vap,new,,Cash,9,291000.0,delivered,47.9,3,Outer,7.9,21,Mon,10
G004841,2025-10-27 21:51:00,Thu Duc City,new,,E-wallet,6,209000.0,delivered,45.5,3,Outer,11.5,21,Mon,10
G004842,2025-10-27 22:01:00,District 7,member,Silver,E-wallet,9,208000.0,delivered,37.7,,Inner,7.5,22,Mon,10
G004843,2025-10-27 22:52:00,Binh Thanh,returning,,Bank transfer,4,93000.0,delivered,29.7,,Inner,4.6,22,Mon,10
G004844,2025-10-28 08:45:00,District 3,new,,E-wallet,5,114000.0,delivered,20.3,5,Central,2.8,8,Tue,10
G004845,2025-10-28 10:03:00,Phu Nhuan,new,,E-wallet,12,475000.0,delivered,39.2,,Inner,4.0,10,Tue,10
G004846,2025-10-28 10:38:00,Binh Thanh,member,Gold,E-wallet,7,237000.0,delivered,27.0,5,Inner,4.6,10,Tue,10
G004847,2025-10-28 11:28:00,District 7,new,,Bank transfer,12,413000.0,delivered,45.8,1,Inner,7.5,11,Tue,10
G004848,2025-10-28 11:37:00,Binh Thanh,returning,,Cash,7,175000.0,delivered,41.2,,Inner,4.6,11,Tue,10
G004849,2025-10-28 13:43:00,Thu Duc City,member,Silver,E-wallet,9,309000.0,delivered,43.5,,Outer,11.5,13,Tue,10
G004850,2025-10-28 14:02:00,District 1,member,Platinum,E-wallet,6,290000.0,delivered,22.3,4,Central,2.1,14,Tue,10
G004851,2025-10-28 14:12:00,Go Vap,member,Silver,E-wallet,6,192000.0,delivered,38.6,,Outer,7.9,14,Tue,10
G004852,2025-10-28 15:54:00,District 10,member,Silver,Cash,4,117000.0,delivered,23.3,4,Central,3.5,15,Tue,10
G004853,2025-10-28 16:22:00,District 10,member,Gold,Cash,4,96000.0,delivered,24.6,5,Central,3.5,16,Tue,10
G004854,2025-10-28 18:02:00,Phu Nhuan,member,Silver,Bank transfer,9,243000.0,delivered,32.8,2,Inner,4.0,18,Tue,10
G004855,2025-10-28 18:18:00,Thu Duc City,new,,Cash,6,206000.0,delivered,52.7,1,Outer,11.5,18,Tue,10
G004856,2025-10-28 18:57:00,District 7,returning,,Cash,6,153000.0,delivered,48.6,3,Inner,7.5,18,Tue,10
G004857,2025-10-28 19:23:00,Binh Tan,member,Platinum,E-wallet,11,406000.0,delivered,67.7,,Outer,10.8,19,Tue,10
G004858,2025-10-28 19:40:00,Binh Tan,returning,,E-wallet,6,275000.0,delivered,51.9,,Outer,10.8,19,Tue,10
G004859,2025-10-28 20:17:00,Phu Nhuan,new,,E-wallet,8,267000.0,delivered,32.4,5,Inner,4.0,20,Tue,10
G004860,2025-10-28 21:39:00,District 3,new,,E-wallet,6,179000.0,delivered,27.7,,Central,2.8,21,Tue,10
G004861,2025-10-29 06:26:00,Binh Thanh,member,Silver,E-wallet,4,96000.0,delivered,24.5,,Inner,4.6,6,Wed,10
G004862,2025-10-29 07:06:00,District 7,member,Gold,Cash,4,193000.0,delivered,31.6,4,Inner,7.5,7,Wed,10
G004863,2025-10-29 08:15:00,Binh Thanh,new,,Bank transfer,8,275000.0,delivered,26.3,,Inner,4.6,8,Wed,10
G004864,2025-10-29 08:31:00,Binh Thanh,returning,,Bank transfer,7,244000.0,delivered,29.4,4,Inner,4.6,8,Wed,10
G004865,2025-10-29 09:22:00,Binh Thanh,new,,Cash,7,206000.0,delivered,25.7,5,Inner,4.6,9,Wed,10
G004866,2025-10-29 11:06:00,Binh Thanh,new,,E-wallet,4,153000.0,delivered,38.0,4,Inner,4.6,11,Wed,10
G004867,2025-10-29 11:17:00,District 10,returning,,E-wallet,4,146000.0,delivered,32.6,,Central,3.5,11,Wed,10
G004868,2025-10-29 11:44:00,District 3,returning,,E-wallet,9,252000.0,delivered,39.8,3,Central,2.8,11,Wed,10
G004869,2025-10-29 11:49:00,District 7,returning,,Cash,7,273000.0,delivered,44.5,,Inner,7.5,11,Wed,10
G004870,2025-10-29 12:30:00,Tan Binh,member,Silver,E-wallet,9,264000.0,delivered,47.6,1,Inner,5.2,12,Wed,10
G004871,2025-10-29 14:32:00,Binh Thanh,returning,,E-wallet,7,166000.0,delivered,28.3,,Inner,4.6,14,Wed,10
G004872,2025-10-29 14:49:00,Binh Thanh,returning,,Cash,5,141000.0,delivered,28.2,5,Inner,4.6,14,Wed,10
G004873,2025-10-29 14:51:00,District 1,returning,,E-wallet,3,108000.0,delivered,19.7,,Central,2.1,14,Wed,10
G004874,2025-10-29 15:15:00,Go Vap,member,Silver,E-wallet,3,90000.0,delivered,32.6,4,Outer,7.9,15,Wed,10
G004875,2025-10-29 16:09:00,Binh Thanh,returning,,Bank transfer,3,71000.0,delivered,30.4,5,Inner,4.6,16,Wed,10
G004876,2025-10-29 17:46:00,Binh Thanh,member,Gold,E-wallet,5,145000.0,delivered,29.7,4,Inner,4.6,17,Wed,10
G004877,2025-10-29 18:44:00,Binh Tan,member,Silver,E-wallet,7,190000.0,delivered,49.5,3,Outer,10.8,18,Wed,10
G004878,2025-10-29 19:02:00,District 10,returning,,E-wallet,11,425000.0,delivered,43.1,4,Central,3.5,19,Wed,10
G004879,2025-10-29 19:05:00,Tan Binh,new,,Card,5,117000.0,delivered,53.9,2,Inner,5.2,19,Wed,10
G004880,2025-10-29 19:30:00,Thu Duc City,member,Silver,E-wallet,7,263000.0,delivered,55.6,3,Outer,11.5,19,Wed,10
G004881,2025-10-29 19:58:00,Thu Duc City,returning,,E-wallet,8,313000.0,delivered,56.9,,Outer,11.5,19,Wed,10
G004882,2025-10-29 20:01:00,Binh Thanh,returning,,E-wallet,6,187000.0,delivered,37.2,3,Inner,4.6,20,Wed,10
G004883,2025-10-29 20:50:00,Thu Duc City,member,Silver,E-wallet,9,349000.0,delivered,50.7,3,Outer,11.5,20,Wed,10
G004884,2025-10-29 21:33:00,District 3,returning,,E-wallet,8,288000.0,delivered,22.1,5,Central,2.8,21,Wed,10
G004885,2025-10-30 06:28:00,Binh Thanh,member,Silver,E-wallet,5,154000.0,delivered,25.8,4,Inner,4.6,6,Thu,10
G004886,2025-10-30 07:42:00,District 1,new,,E-wallet,6,263000.0,delivered,19.5,5,Central,2.1,7,Thu,10
G004887,2025-10-30 11:51:00,Thu Duc City,member,Silver,E-wallet,7,305000.0,delivered,57.2,3,Outer,11.5,11,Thu,10
G004888,2025-10-30 11:53:00,Phu Nhuan,new,,E-wallet,11,339000.0,delivered,33.2,4,Inner,4.0,11,Thu,10
G004889,2025-10-30 16:49:00,Binh Thanh,returning,,E-wallet,8,312000.0,delivered,28.4,5,Inner,4.6,16,Thu,10
G004890,2025-10-30 17:48:00,District 10,new,,E-wallet,8,220000.0,delivered,26.5,,Central,3.5,17,Thu,10
G004891,2025-10-30 18:58:00,Thu Duc City,returning,,Cash,7,148000.0,delivered,50.7,2,Outer,11.5,18,Thu,10
G004892,2025-10-30 20:20:00,District 1,member,Platinum,E-wallet,15,424000.0,delivered,26.0,,Central,2.1,20,Thu,10
G004893,2025-10-30 21:12:00,Binh Tan,member,Silver,E-wallet,4,109000.0,delivered,41.0,,Outer,10.8,21,Thu,10
G004894,2025-10-30 21:23:00,Binh Thanh,member,Gold,E-wallet,10,302000.0,delivered,29.1,4,Inner,4.6,21,Thu,10
G004895,2025-10-30 21:46:00,Tan Binh,new,,E-wallet,7,263000.0,cancelled,,,Inner,5.2,21,Thu,10
G004896,2025-10-30 21:59:00,District 7,returning,,E-wallet,3,115000.0,delivered,36.0,,Inner,7.5,21,Thu,10
G004897,2025-10-30 22:45:00,District 3,returning,,Card,7,231000.0,delivered,28.2,,Central,2.8,22,Thu,10
G004898,2025-10-30 23:02:00,District 1,returning,,E-wallet,12,165000.0,delivered,19.4,5,Central,2.1,23,Thu,10
G004899,2025-10-31 11:06:00,Tan Binh,returning,,E-wallet,7,153000.0,delivered,38.5,4,Inner,5.2,11,Fri,10
G004900,2025-10-31 11:42:00,District 7,member,Silver,E-wallet,5,182000.0,delivered,44.8,4,Inner,7.5,11,Fri,10
G004901,2025-10-31 12:15:00,District 10,member,Silver,Cash,8,130000.0,delivered,32.9,,Central,3.5,12,Fri,10
G004902,2025-10-31 13:13:00,Tan Binh,returning,,Cash,6,178000.0,delivered,48.8,2,Inner,5.2,13,Fri,10
G004903,2025-10-31 14:21:00,District 7,returning,,Bank transfer,11,284000.0,delivered,35.4,3,Inner,7.5,14,Fri,10
G004904,2025-10-31 15:38:00,Binh Tan,returning,,Cash,7,291000.0,delivered,42.2,3,Outer,10.8,15,Fri,10
G004905,2025-10-31 17:34:00,District 1,member,Gold,Cash,8,247000.0,delivered,25.9,4,Central,2.1,17,Fri,10
G004906,2025-10-31 18:58:00,Phu Nhuan,returning,,E-wallet,3,93000.0,delivered,32.9,,Inner,4.0,18,Fri,10
G004907,2025-10-31 19:02:00,Thu Duc City,member,Platinum,E-wallet,8,432000.0,delivered,64.7,,Outer,11.5,19,Fri,10
G004908,2025-10-31 19:40:00,District 7,returning,,Cash,10,350000.0,delivered,41.9,2,Inner,7.5,19,Fri,10
G004909,2025-10-31 22:57:00,Tan Binh,new,,E-wallet,4,132000.0,delivered,32.7,4,Inner,5.2,22,Fri,10
G004910,2025-11-01 07:47:00,District 3,returning,,Bank transfer,12,286000.0,delivered,24.9,,Central,2.8,7,Sat,11
G004911,2025-11-01 08:09:00,Binh Tan,returning,,E-wallet,8,326000.0,delivered,49.1,3,Outer,10.8,8,Sat,11
G004912,2025-11-01 12:20:00,Thu Duc City,returning,,Card,10,315000.0,delivered,51.3,3,Outer,11.5,12,Sat,11
G004913,2025-11-01 12:34:00,District 7,member,Silver,Cash,8,277000.0,delivered,42.1,3,Inner,7.5,12,Sat,11
G004914,2025-11-01 12:51:00,Thu Duc City,returning,,Cash,12,324000.0,delivered,56.2,,Outer,11.5,12,Sat,11
G004915,2025-11-01 13:44:00,District 1,new,,Cash,11,306000.0,delivered,20.7,5,Central,2.1,13,Sat,11
G004916,2025-11-01 15:37:00,Thu Duc City,returning,,E-wallet,10,393000.0,delivered,44.7,2,Outer,11.5,15,Sat,11
G004917,2025-11-01 17:21:00,Phu Nhuan,new,,E-wallet,12,350000.0,delivered,24.9,5,Inner,4.0,17,Sat,11
G004918,2025-11-01 18:12:00,Go Vap,member,Platinum,E-wallet,5,216000.0,delivered,50.5,2,Outer,7.9,18,Sat,11
G004920,2025-11-01 18:22:00,Phu Nhuan,returning,,E-wallet,11,412000.0,delivered,34.4,4,Inner,4.0,18,Sat,11
G004919,2025-11-01 18:22:00,District 10,new,,Card,15,629000.0,delivered,37.2,4,Central,3.5,18,Sat,11
G004921,2025-11-01 18:33:00,Binh Thanh,member,Silver,Bank transfer,17,467000.0,delivered,37.3,3,Inner,4.6,18,Sat,11
G004922,2025-11-01 20:08:00,Binh Tan,returning,,E-wallet,10,295000.0,delivered,60.8,2,Outer,10.8,20,Sat,11
G004923,2025-11-01 20:34:00,Thu Duc City,member,Silver,E-wallet,9,304000.0,delivered,52.6,1,Outer,11.5,20,Sat,11
G004924,2025-11-01 20:51:00,Binh Thanh,new,,E-wallet,8,140000.0,delivered,37.5,3,Inner,4.6,20,Sat,11
G004925,2025-11-01 21:15:00,District 7,member,Platinum,E-wallet,11,417000.0,delivered,38.8,,Inner,7.5,21,Sat,11
G004926,2025-11-01 21:25:00,District 10,new,,Cash,13,327000.0,delivered,26.1,5,Central,3.5,21,Sat,11
G004927,2025-11-01 21:45:00,District 3,returning,,Cash,10,319000.0,delivered,25.9,,Central,2.8,21,Sat,11
G004928,2025-11-01 23:09:00,District 7,returning,,E-wallet,10,171000.0,delivered,37.2,2,Inner,7.5,23,Sat,11
G004929,2025-11-02 07:23:00,Binh Thanh,member,Platinum,Cash,6,324000.0,delivered,33.2,5,Inner,4.6,7,Sun,11
G004930,2025-11-02 08:08:00,District 3,new,,Cash,12,421000.0,delivered,33.4,,Central,2.8,8,Sun,11
G004931,2025-11-02 09:55:00,District 3,new,,E-wallet,14,372000.0,cancelled,,,Central,2.8,9,Sun,11
G004932,2025-11-02 10:06:00,Tan Binh,returning,,E-wallet,8,321000.0,delivered,32.2,5,Inner,5.2,10,Sun,11
G004933,2025-11-02 11:28:00,Tan Binh,new,,E-wallet,14,535000.0,delivered,34.8,,Inner,5.2,11,Sun,11
G004934,2025-11-02 11:31:00,Thu Duc City,returning,,Bank transfer,5,178000.0,delivered,58.0,3,Outer,11.5,11,Sun,11
G004935,2025-11-02 12:10:00,District 1,member,Silver,E-wallet,13,557000.0,delivered,35.2,4,Central,2.1,12,Sun,11
G004936,2025-11-02 12:42:00,Binh Thanh,returning,,Cash,11,242000.0,delivered,33.0,3,Inner,4.6,12,Sun,11
G004937,2025-11-02 13:10:00,Thu Duc City,returning,,Card,15,541000.0,delivered,44.0,3,Outer,11.5,13,Sun,11
G004938,2025-11-02 14:42:00,District 3,new,,Cash,10,276000.0,delivered,35.1,,Central,2.8,14,Sun,11
G004939,2025-11-02 16:10:00,Thu Duc City,returning,,Bank transfer,4,133000.0,delivered,45.5,,Outer,11.5,16,Sun,11
G004940,2025-11-02 16:52:00,District 1,returning,,E-wallet,11,290000.0,delivered,31.6,4,Central,2.1,16,Sun,11
G004941,2025-11-02 18:46:00,Go Vap,returning,,E-wallet,16,624000.0,delivered,50.6,2,Outer,7.9,18,Sun,11
G004942,2025-11-02 19:03:00,District 3,new,,Cash,11,324000.0,delivered,39.8,4,Central,2.8,19,Sun,11
G004943,2025-11-02 19:17:00,Go Vap,returning,,E-wallet,10,355000.0,delivered,46.8,2,Outer,7.9,19,Sun,11
G004944,2025-11-02 19:37:00,Thu Duc City,returning,,E-wallet,12,447000.0,delivered,55.8,3,Outer,11.5,19,Sun,11
G004945,2025-11-02 20:07:00,Go Vap,returning,,E-wallet,8,179000.0,delivered,49.1,3,Outer,7.9,20,Sun,11
G004946,2025-11-02 20:33:00,Tan Binh,returning,,E-wallet,7,238000.0,delivered,50.0,1,Inner,5.2,20,Sun,11
G004947,2025-11-02 22:05:00,Go Vap,member,Gold,E-wallet,7,291000.0,delivered,34.1,4,Outer,7.9,22,Sun,11
G004948,2025-11-03 08:03:00,Thu Duc City,member,Silver,Card,5,146000.0,delivered,47.1,,Outer,11.5,8,Mon,11
G004949,2025-11-03 11:11:00,District 7,member,Gold,Cash,6,202000.0,delivered,40.2,,Inner,7.5,11,Mon,11
G004950,2025-11-03 12:09:00,District 3,returning,,E-wallet,6,243000.0,delivered,30.7,4,Central,2.8,12,Mon,11
G004951,2025-11-03 13:25:00,Thu Duc City,returning,,E-wallet,3,85000.0,delivered,48.8,,Outer,11.5,13,Mon,11
G004952,2025-11-03 14:03:00,Binh Tan,new,,Cash,12,441000.0,delivered,44.7,3,Outer,10.8,14,Mon,11
G004953,2025-11-03 14:11:00,District 3,member,Silver,Bank transfer,5,175000.0,delivered,24.0,5,Central,2.8,14,Mon,11
G004954,2025-11-03 16:29:00,Phu Nhuan,member,Silver,E-wallet,9,239000.0,delivered,26.5,,Inner,4.0,16,Mon,11
G004955,2025-11-03 17:33:00,District 7,returning,,E-wallet,8,300000.0,delivered,32.4,,Inner,7.5,17,Mon,11
G004956,2025-11-03 17:49:00,Thu Duc City,member,Silver,E-wallet,4,152000.0,delivered,54.8,1,Outer,11.5,17,Mon,11
G004957,2025-11-03 18:55:00,Binh Tan,new,,Cash,5,205000.0,delivered,60.3,2,Outer,10.8,18,Mon,11
G004958,2025-11-03 19:04:00,Go Vap,new,,Bank transfer,11,366000.0,delivered,47.6,2,Outer,7.9,19,Mon,11
G004959,2025-11-03 19:12:00,District 3,new,,Cash,9,275000.0,delivered,34.6,,Central,2.8,19,Mon,11
G004960,2025-11-03 19:41:00,Phu Nhuan,returning,,Cash,10,298000.0,delivered,37.7,,Inner,4.0,19,Mon,11
G004961,2025-11-03 20:01:00,Phu Nhuan,member,Platinum,E-wallet,9,285000.0,delivered,36.0,4,Inner,4.0,20,Mon,11
G004962,2025-11-03 21:46:00,Thu Duc City,new,,E-wallet,10,339000.0,delivered,47.8,3,Outer,11.5,21,Mon,11
G004963,2025-11-03 21:52:00,District 1,returning,,E-wallet,11,431000.0,delivered,22.6,5,Central,2.1,21,Mon,11
G004964,2025-11-04 09:14:00,District 10,returning,,Bank transfer,4,146000.0,delivered,32.2,4,Central,3.5,9,Tue,11
G004965,2025-11-04 09:25:00,District 1,new,,E-wallet,13,471000.0,delivered,32.4,4,Central,2.1,9,Tue,11
G004966,2025-11-04 09:34:00,Binh Thanh,returning,,E-wallet,10,397000.0,cancelled,,,Inner,4.6,9,Tue,11
G004967,2025-11-04 10:28:00,Binh Thanh,new,,E-wallet,8,260000.0,delivered,25.4,5,Inner,4.6,10,Tue,11
G004968,2025-11-04 12:08:00,Thu Duc City,member,Gold,E-wallet,8,346000.0,delivered,56.4,1,Outer,11.5,12,Tue,11
G004969,2025-11-04 12:57:00,District 10,new,,E-wallet,7,133000.0,delivered,36.0,4,Central,3.5,12,Tue,11
G004970,2025-11-04 13:23:00,Binh Tan,member,Gold,E-wallet,8,314000.0,delivered,42.7,4,Outer,10.8,13,Tue,11
G004971,2025-11-04 14:31:00,District 10,new,,Cash,3,115000.0,delivered,26.1,5,Central,3.5,14,Tue,11
G004972,2025-11-04 17:00:00,Binh Thanh,member,Gold,Bank transfer,6,174000.0,delivered,27.5,,Inner,4.6,17,Tue,11
G004973,2025-11-04 17:22:00,District 7,returning,,E-wallet,5,160000.0,delivered,33.0,5,Inner,7.5,17,Tue,11
G004974,2025-11-04 17:33:00,Go Vap,returning,,E-wallet,7,262000.0,delivered,35.3,3,Outer,7.9,17,Tue,11
G004975,2025-11-04 18:14:00,District 10,member,Silver,Bank transfer,5,114000.0,delivered,39.6,,Central,3.5,18,Tue,11
G004976,2025-11-04 18:46:00,Tan Binh,new,,Bank transfer,11,256000.0,delivered,40.2,,Inner,5.2,18,Tue,11
G004977,2025-11-04 18:56:00,Go Vap,member,Gold,E-wallet,9,350000.0,delivered,44.1,,Outer,7.9,18,Tue,11
G004978,2025-11-04 19:48:00,Phu Nhuan,returning,,E-wallet,7,169000.0,delivered,32.2,,Inner,4.0,19,Tue,11
G004980,2025-11-04 19:49:00,District 7,member,Silver,E-wallet,7,153000.0,delivered,47.7,3,Inner,7.5,19,Tue,11
G004979,2025-11-04 19:49:00,District 1,member,Silver,E-wallet,8,315000.0,delivered,28.9,,Central,2.1,19,Tue,11
G004981,2025-11-04 19:54:00,Binh Thanh,new,,Bank transfer,8,277000.0,cancelled,,,Inner,4.6,19,Tue,11
G004982,2025-11-04 19:55:00,District 3,member,Gold,Bank transfer,8,312000.0,delivered,30.5,,Central,2.8,19,Tue,11
G004983,2025-11-04 21:20:00,District 10,returning,,Cash,6,147000.0,delivered,33.4,,Central,3.5,21,Tue,11
G004984,2025-11-04 21:49:00,Tan Binh,returning,,E-wallet,13,254000.0,delivered,28.1,4,Inner,5.2,21,Tue,11
G004985,2025-11-04 22:26:00,Binh Thanh,returning,,E-wallet,7,247000.0,delivered,34.5,,Inner,4.6,22,Tue,11
G004986,2025-11-04 23:32:00,Binh Tan,returning,,E-wallet,1,33000.0,delivered,44.8,,Outer,10.8,23,Tue,11
G004987,2025-11-05 08:00:00,District 1,member,Silver,Cash,10,329000.0,delivered,22.4,3,Central,2.1,8,Wed,11
G004988,2025-11-05 08:31:00,Go Vap,new,,E-wallet,9,428000.0,delivered,37.9,3,Outer,7.9,8,Wed,11
G004989,2025-11-05 11:23:00,Go Vap,returning,,E-wallet,6,138000.0,delivered,45.6,2,Outer,7.9,11,Wed,11
G004990,2025-11-05 11:51:00,Binh Tan,new,,E-wallet,5,159000.0,delivered,51.7,1,Outer,10.8,11,Wed,11
G004991,2025-11-05 12:13:00,Thu Duc City,new,,Bank transfer,6,176000.0,delivered,58.3,1,Outer,11.5,12,Wed,11
G004992,2025-11-05 12:20:00,Tan Binh,returning,,Cash,2,78000.0,delivered,41.6,,Inner,5.2,12,Wed,11
G004993,2025-11-05 12:51:00,Go Vap,new,,E-wallet,8,292000.0,delivered,48.0,3,Outer,7.9,12,Wed,11
G004994,2025-11-05 13:08:00,District 3,new,,E-wallet,7,216000.0,delivered,23.3,,Central,2.8,13,Wed,11
G004995,2025-11-05 16:12:00,Thu Duc City,returning,,E-wallet,9,205000.0,delivered,44.7,2,Outer,11.5,16,Wed,11
G004996,2025-11-05 18:06:00,District 1,new,,E-wallet,11,506000.0,delivered,31.5,4,Central,2.1,18,Wed,11
G004997,2025-11-05 18:30:00,Binh Tan,new,,Card,5,163000.0,delivered,49.1,2,Outer,10.8,18,Wed,11
G004998,2025-11-05 19:25:00,Binh Tan,member,Silver,Card,6,165000.0,delivered,51.1,3,Outer,10.8,19,Wed,11
G004999,2025-11-05 19:26:00,District 7,member,Silver,Bank transfer,5,158000.0,delivered,41.5,3,Inner,7.5,19,Wed,11
G005000,2025-11-05 19:30:00,Thu Duc City,returning,,E-wallet,3,108000.0,delivered,57.3,2,Outer,11.5,19,Wed,11
G005001,2025-11-05 20:38:00,Thu Duc City,returning,,E-wallet,8,305000.0,delivered,68.5,2,Outer,11.5,20,Wed,11
G005002,2025-11-05 20:49:00,District 3,returning,,Bank transfer,4,126000.0,delivered,29.9,,Central,2.8,20,Wed,11
G005003,2025-11-05 21:46:00,Go Vap,new,,E-wallet,11,454000.0,delivered,37.5,4,Outer,7.9,21,Wed,11
G005004,2025-11-05 21:54:00,District 3,member,Silver,E-wallet,6,212000.0,delivered,30.9,,Central,2.8,21,Wed,11
G005005,2025-11-06 08:24:00,Thu Duc City,returning,,Cash,2,71000.0,delivered,43.9,,Outer,11.5,8,Thu,11
G005006,2025-11-06 09:54:00,Phu Nhuan,returning,,E-wallet,5,118000.0,delivered,30.6,,Inner,4.0,9,Thu,11
G005007,2025-11-06 11:01:00,Binh Tan,new,,Card,8,401000.0,cancelled,,,Outer,10.8,11,Thu,11
G005008,2025-11-06 12:28:00,District 7,new,,E-wallet,11,214000.0,delivered,43.3,3,Inner,7.5,12,Thu,11
G005009,2025-11-06 16:54:00,Phu Nhuan,new,,E-wallet,5,108000.0,delivered,25.7,5,Inner,4.0,16,Thu,11
G005010,2025-11-06 16:59:00,Phu Nhuan,returning,,E-wallet,7,167000.0,delivered,28.7,5,Inner,4.0,16,Thu,11
G005011,2025-11-06 18:15:00,Binh Thanh,returning,,E-wallet,6,175000.0,delivered,32.8,4,Inner,4.6,18,Thu,11
G005012,2025-11-06 18:27:00,Tan Binh,member,Silver,Cash,9,259000.0,delivered,39.7,3,Inner,5.2,18,Thu,11
G005013,2025-11-06 18:48:00,District 7,returning,,E-wallet,11,308000.0,delivered,57.9,3,Inner,7.5,18,Thu,11
G005014,2025-11-06 19:09:00,Thu Duc City,returning,,Cash,6,227000.0,delivered,59.1,3,Outer,11.5,19,Thu,11
G005015,2025-11-06 21:07:00,Go Vap,returning,,Cash,8,193000.0,delivered,33.4,4,Outer,7.9,21,Thu,11
G005016,2025-11-06 22:43:00,Tan Binh,new,,E-wallet,8,275000.0,delivered,26.7,,Inner,5.2,22,Thu,11
G005017,2025-11-07 08:44:00,Go Vap,new,,E-wallet,5,212000.0,delivered,46.4,3,Outer,7.9,8,Fri,11
G005018,2025-11-07 09:16:00,Tan Binh,new,,E-wallet,9,259000.0,delivered,27.2,5,Inner,5.2,9,Fri,11
G005019,2025-11-07 09:21:00,District 7,returning,,Cash,5,168000.0,delivered,34.2,3,Inner,7.5,9,Fri,11
G005020,2025-11-07 09:37:00,Tan Binh,member,Silver,E-wallet,8,179000.0,delivered,37.7,,Inner,5.2,9,Fri,11
G005021,2025-11-07 11:46:00,Thu Duc City,member,Silver,Card,9,217000.0,delivered,66.5,,Outer,11.5,11,Fri,11
G005022,2025-11-07 12:46:00,Thu Duc City,new,,Card,4,139000.0,delivered,50.6,2,Outer,11.5,12,Fri,11
G005023,2025-11-07 13:06:00,Go Vap,new,,E-wallet,10,377000.0,delivered,37.7,,Outer,7.9,13,Fri,11
G005024,2025-11-07 13:34:00,District 10,new,,Cash,7,239000.0,delivered,22.4,5,Central,3.5,13,Fri,11
G005025,2025-11-07 14:22:00,Go Vap,member,Silver,E-wallet,9,281000.0,delivered,37.2,4,Outer,7.9,14,Fri,11
G005026,2025-11-07 14:44:00,Tan Binh,returning,,E-wallet,7,214000.0,delivered,32.0,3,Inner,5.2,14,Fri,11
G005027,2025-11-07 15:06:00,Binh Tan,returning,,E-wallet,2,65000.0,delivered,46.7,3,Outer,10.8,15,Fri,11
G005028,2025-11-07 15:12:00,Thu Duc City,returning,,E-wallet,6,197000.0,delivered,45.3,4,Outer,11.5,15,Fri,11
G005029,2025-11-07 15:17:00,Binh Thanh,member,Platinum,Bank transfer,7,341000.0,delivered,33.4,3,Inner,4.6,15,Fri,11
G005030,2025-11-07 18:21:00,Binh Thanh,returning,,E-wallet,11,284000.0,delivered,38.8,3,Inner,4.6,18,Fri,11
G005031,2025-11-08 08:55:00,Binh Tan,member,Gold,E-wallet,11,424000.0,delivered,42.9,2,Outer,10.8,8,Sat,11
G005032,2025-11-08 10:06:00,Go Vap,new,,E-wallet,9,219000.0,delivered,34.6,,Outer,7.9,10,Sat,11
G005033,2025-11-08 11:02:00,Thu Duc City,member,Silver,Cash,5,175000.0,delivered,61.9,2,Outer,11.5,11,Sat,11
G005034,2025-11-08 12:18:00,District 3,returning,,Cash,13,511000.0,delivered,30.1,,Central,2.8,12,Sat,11
G005035,2025-11-08 13:32:00,Phu Nhuan,new,,E-wallet,11,190000.0,delivered,27.5,5,Inner,4.0,13,Sat,11
G005036,2025-11-08 16:12:00,Tan Binh,member,Platinum,E-wallet,14,610000.0,delivered,33.8,4,Inner,5.2,16,Sat,11
G005037,2025-11-08 17:51:00,Phu Nhuan,member,Silver,E-wallet,12,259000.0,delivered,28.7,5,Inner,4.0,17,Sat,11
G005038,2025-11-08 18:50:00,Thu Duc City,member,Silver,Bank transfer,9,338000.0,delivered,56.9,,Outer,11.5,18,Sat,11
G005039,2025-11-08 19:05:00,District 7,returning,,E-wallet,10,219000.0,delivered,41.1,3,Inner,7.5,19,Sat,11
G005040,2025-11-08 19:14:00,Go Vap,returning,,E-wallet,3,95000.0,delivered,44.0,3,Outer,7.9,19,Sat,11
G005041,2025-11-08 19:58:00,Go Vap,new,,E-wallet,10,254000.0,delivered,48.0,,Outer,7.9,19,Sat,11
G005042,2025-11-08 20:37:00,District 7,returning,,E-wallet,6,161000.0,delivered,41.2,3,Inner,7.5,20,Sat,11
G005043,2025-11-08 20:42:00,District 3,returning,,Cash,16,256000.0,delivered,31.6,3,Central,2.8,20,Sat,11
G005044,2025-11-08 21:19:00,Tan Binh,new,,Cash,13,332000.0,delivered,46.2,,Inner,5.2,21,Sat,11
G005045,2025-11-08 22:35:00,District 1,returning,,Bank transfer,8,252000.0,delivered,18.9,,Central,2.1,22,Sat,11
G005046,2025-11-09 07:17:00,Thu Duc City,member,Gold,Cash,10,311000.0,delivered,42.9,2,Outer,11.5,7,Sun,11
G005047,2025-11-09 11:34:00,Binh Thanh,new,,Card,9,292000.0,delivered,33.8,3,Inner,4.6,11,Sun,11
G005048,2025-11-09 12:43:00,District 3,returning,,E-wallet,10,392000.0,delivered,39.2,,Central,2.8,12,Sun,11
G005049,2025-11-09 12:57:00,District 7,member,Silver,E-wallet,8,252000.0,delivered,41.2,,Inner,7.5,12,Sun,11
G005050,2025-11-09 13:20:00,Go Vap,member,Silver,Bank transfer,7,231000.0,delivered,46.1,2,Outer,7.9,13,Sun,11
G005051,2025-11-09 15:00:00,Binh Thanh,member,Platinum,E-wallet,12,318000.0,delivered,33.7,5,Inner,4.6,15,Sun,11
G005052,2025-11-09 15:50:00,Go Vap,returning,,Cash,7,189000.0,delivered,38.6,5,Outer,7.9,15,Sun,11
G005053,2025-11-09 18:09:00,District 7,returning,,Card,11,319000.0,delivered,52.5,,Inner,7.5,18,Sun,11
G005054,2025-11-09 18:32:00,Thu Duc City,returning,,E-wallet,10,260000.0,delivered,51.8,2,Outer,11.5,18,Sun,11
G005055,2025-11-09 19:26:00,Binh Tan,new,,E-wallet,11,282000.0,delivered,52.3,2,Outer,10.8,19,Sun,11
G005056,2025-11-09 19:31:00,Binh Tan,returning,,Cash,12,409000.0,delivered,53.0,,Outer,10.8,19,Sun,11
G005057,2025-11-09 19:56:00,District 7,returning,,E-wallet,9,364000.0,delivered,47.7,1,Inner,7.5,19,Sun,11
G005058,2025-11-09 20:29:00,Go Vap,returning,,E-wallet,11,350000.0,delivered,48.9,3,Outer,7.9,20,Sun,11
G005059,2025-11-09 21:36:00,Thu Duc City,member,Silver,Card,9,,delivered,45.9,4,Outer,11.5,21,Sun,11
G005060,2025-11-10 09:02:00,District 10,returning,,E-wallet,8,284000.0,delivered,27.1,,Central,3.5,9,Mon,11
G005061,2025-11-10 11:07:00,Binh Tan,new,,Cash,7,304000.0,delivered,53.6,2,Outer,10.8,11,Mon,11
G005062,2025-11-10 11:28:00,District 7,member,Silver,E-wallet,10,296000.0,delivered,40.4,,Inner,7.5,11,Mon,11
G005063,2025-11-10 11:58:00,Tan Binh,member,Gold,Card,4,156000.0,delivered,39.6,5,Inner,5.2,11,Mon,11
G005064,2025-11-10 12:19:00,Go Vap,member,Silver,Cash,7,319000.0,delivered,43.2,,Outer,7.9,12,Mon,11
G005065,2025-11-10 12:34:00,Binh Tan,returning,,Cash,7,204000.0,delivered,53.4,,Outer,10.8,12,Mon,11
G005066,2025-11-10 12:38:00,District 10,returning,,E-wallet,8,305000.0,delivered,40.3,3,Central,3.5,12,Mon,11
G005067,2025-11-10 13:41:00,District 10,member,Gold,Card,5,115000.0,delivered,23.8,5,Central,3.5,13,Mon,11
G005068,2025-11-10 18:06:00,District 10,returning,,Bank transfer,5,111000.0,delivered,44.6,1,Central,3.5,18,Mon,11
G005069,2025-11-10 18:38:00,Tan Binh,returning,,Bank transfer,8,281000.0,delivered,34.1,4,Inner,5.2,18,Mon,11
G005070,2025-11-10 19:11:00,Go Vap,returning,,E-wallet,5,109000.0,delivered,46.5,,Outer,7.9,19,Mon,11
G005071,2025-11-10 19:18:00,Binh Tan,new,,Cash,9,280000.0,delivered,53.3,,Outer,10.8,19,Mon,11
G005072,2025-11-10 19:31:00,District 10,returning,,Cash,11,285000.0,delivered,31.3,,Central,3.5,19,Mon,11
G005073,2025-11-10 20:00:00,Binh Thanh,member,Gold,Bank transfer,7,241000.0,delivered,35.9,4,Inner,4.6,20,Mon,11
G005074,2025-11-10 20:25:00,Thu Duc City,new,,Bank transfer,4,137000.0,delivered,53.0,2,Outer,11.5,20,Mon,11
G005075,2025-11-10 20:29:00,Binh Tan,returning,,E-wallet,4,155000.0,delivered,49.6,2,Outer,10.8,20,Mon,11
G005076,2025-11-10 20:54:00,Tan Binh,member,Silver,Bank transfer,8,220000.0,delivered,36.4,4,Inner,5.2,20,Mon,11
G005077,2025-11-11 10:33:00,Binh Thanh,new,,E-wallet,3,105000.0,delivered,26.3,5,Inner,4.6,10,Tue,11
G005078,2025-11-11 12:41:00,Phu Nhuan,member,Gold,E-wallet,11,297000.0,delivered,35.8,,Inner,4.0,12,Tue,11
G005079,2025-11-11 12:55:00,Binh Tan,member,Silver,Cash,4,119000.0,delivered,51.8,2,Outer,10.8,12,Tue,11
G005080,2025-11-11 13:06:00,District 10,new,,Bank transfer,4,123000.0,delivered,23.0,,Central,3.5,13,Tue,11
G005081,2025-11-11 13:11:00,Tan Binh,returning,,Card,8,194000.0,delivered,32.6,5,Inner,5.2,13,Tue,11
G005082,2025-11-11 16:40:00,Binh Thanh,returning,,E-wallet,5,122000.0,delivered,29.9,4,Inner,4.6,16,Tue,11
G005083,2025-11-11 16:59:00,Binh Thanh,member,Silver,Cash,6,210000.0,delivered,29.1,4,Inner,4.6,16,Tue,11
G005084,2025-11-11 17:16:00,Thu Duc City,returning,,E-wallet,5,195000.0,delivered,43.9,2,Outer,11.5,17,Tue,11
G005085,2025-11-11 18:15:00,District 3,returning,,E-wallet,4,112000.0,delivered,41.0,,Central,2.8,18,Tue,11
G005086,2025-11-11 20:01:00,District 10,new,,E-wallet,3,90000.0,delivered,44.3,,Central,3.5,20,Tue,11
G005087,2025-11-11 21:38:00,Go Vap,returning,,E-wallet,10,474000.0,delivered,38.8,3,Outer,7.9,21,Tue,11
G005088,2025-11-12 07:02:00,Go Vap,returning,,E-wallet,8,280000.0,cancelled,,,Outer,7.9,7,Wed,11
G005089,2025-11-12 08:30:00,Thu Duc City,returning,,Bank transfer,11,459000.0,cancelled,,,Outer,11.5,8,Wed,11
G005090,2025-11-12 09:39:00,District 10,new,,E-wallet,7,231000.0,delivered,23.2,,Central,3.5,9,Wed,11
G005091,2025-11-12 11:05:00,District 10,returning,,Card,4,82000.0,delivered,43.2,2,Central,3.5,11,Wed,11
G005092,2025-11-12 11:18:00,Thu Duc City,member,Gold,Cash,8,333000.0,delivered,54.3,2,Outer,11.5,11,Wed,11
G005093,2025-11-12 11:54:00,Binh Thanh,new,,E-wallet,5,139000.0,delivered,35.3,,Inner,4.6,11,Wed,11
G005094,2025-11-12 12:16:00,District 3,member,Silver,Card,7,169000.0,delivered,32.6,,Central,2.8,12,Wed,11
G005095,2025-11-12 13:56:00,District 1,returning,,E-wallet,7,146000.0,delivered,23.3,5,Central,2.1,13,Wed,11
G005096,2025-11-12 14:04:00,District 7,returning,,Card,9,323000.0,delivered,39.0,4,Inner,7.5,14,Wed,11
G005097,2025-11-12 16:54:00,District 3,returning,,E-wallet,5,200000.0,delivered,22.1,4,Central,2.8,16,Wed,11
G005098,2025-11-12 17:25:00,Binh Thanh,returning,,Cash,3,83000.0,delivered,28.9,5,Inner,4.6,17,Wed,11
G005099,2025-11-12 18:29:00,Binh Tan,member,Silver,Bank transfer,5,147000.0,delivered,53.1,,Outer,10.8,18,Wed,11
G005100,2025-11-12 19:33:00,Tan Binh,returning,,E-wallet,7,314000.0,delivered,42.1,3,Inner,5.2,19,Wed,11
G005101,2025-11-12 19:42:00,Binh Thanh,returning,,E-wallet,4,166000.0,delivered,34.2,3,Inner,4.6,19,Wed,11
G005102,2025-11-12 20:26:00,Go Vap,new,,Cash,8,265000.0,delivered,49.5,1,Outer,7.9,20,Wed,11
G005103,2025-11-13 09:12:00,Thu Duc City,returning,,E-wallet,8,326000.0,delivered,59.6,2,Outer,11.5,9,Thu,11
G005104,2025-11-13 10:39:00,Phu Nhuan,member,Platinum,Bank transfer,7,311000.0,delivered,29.9,4,Inner,4.0,10,Thu,11
G005105,2025-11-13 13:11:00,Binh Tan,returning,,E-wallet,8,191000.0,delivered,43.8,,Outer,10.8,13,Thu,11
G005106,2025-11-13 13:29:00,District 3,returning,,Card,6,175000.0,delivered,23.3,5,Central,2.8,13,Thu,11
G005107,2025-11-13 14:02:00,District 1,returning,,Card,4,70000.0,delivered,19.4,5,Central,2.1,14,Thu,11
G005108,2025-11-13 15:27:00,Phu Nhuan,returning,,Card,7,266000.0,delivered,25.5,,Inner,4.0,15,Thu,11
G005109,2025-11-13 18:02:00,Binh Tan,returning,,E-wallet,8,288000.0,cancelled,,,Outer,10.8,18,Thu,11
G005110,2025-11-13 18:22:00,District 1,returning,,E-wallet,9,218000.0,delivered,32.9,,Central,2.1,18,Thu,11
G005111,2025-11-13 18:48:00,District 10,returning,,E-wallet,8,305000.0,delivered,31.8,4,Central,3.5,18,Thu,11
G005112,2025-11-13 20:09:00,Binh Thanh,returning,,Cash,7,217000.0,delivered,38.2,,Inner,4.6,20,Thu,11
G005113,2025-11-13 20:23:00,Thu Duc City,returning,,E-wallet,9,285000.0,delivered,52.4,3,Outer,11.5,20,Thu,11
G005114,2025-11-13 20:25:00,District 7,new,,E-wallet,3,139000.0,delivered,45.1,,Inner,7.5,20,Thu,11
G005115,2025-11-13 20:29:00,District 3,member,Silver,Cash,6,204000.0,delivered,33.4,5,Central,2.8,20,Thu,11
G005116,2025-11-13 21:39:00,Tan Binh,returning,,E-wallet,5,112000.0,delivered,38.6,,Inner,5.2,21,Thu,11
G005117,2025-11-13 22:24:00,Phu Nhuan,returning,,E-wallet,4,175000.0,delivered,33.2,2,Inner,4.0,22,Thu,11
G005118,2025-11-13 22:50:00,District 1,returning,,E-wallet,5,126000.0,delivered,24.0,5,Central,2.1,22,Thu,11
G005119,2025-11-14 08:38:00,District 10,new,,E-wallet,4,125000.0,delivered,25.6,,Central,3.5,8,Fri,11
G005120,2025-11-14 09:42:00,District 1,new,,E-wallet,6,203000.0,delivered,30.6,5,Central,2.1,9,Fri,11
G005121,2025-11-14 11:47:00,Thu Duc City,returning,,Cash,3,104000.0,delivered,54.1,,Outer,11.5,11,Fri,11
G005122,2025-11-14 13:16:00,District 1,member,Silver,E-wallet,9,373000.0,delivered,18.4,,Central,2.1,13,Fri,11
G005123,2025-11-14 13:43:00,Binh Tan,member,Silver,Card,5,153000.0,delivered,44.9,2,Outer,10.8,13,Fri,11
G005124,2025-11-14 14:43:00,Thu Duc City,new,,Card,7,167000.0,delivered,43.4,3,Outer,11.5,14,Fri,11
G005125,2025-11-14 15:30:00,Binh Tan,new,,E-wallet,5,169000.0,delivered,44.4,3,Outer,10.8,15,Fri,11
G005126,2025-11-14 17:51:00,Thu Duc City,returning,,Cash,7,256000.0,delivered,43.6,2,Outer,11.5,17,Fri,11
G005127,2025-11-14 19:42:00,Thu Duc City,member,Gold,E-wallet,8,329000.0,delivered,59.6,2,Outer,11.5,19,Fri,11
G005128,2025-11-14 20:22:00,District 1,new,,Card,5,176000.0,delivered,29.2,4,Central,2.1,20,Fri,11
G005129,2025-11-14 20:32:00,Phu Nhuan,member,Platinum,Cash,5,274000.0,delivered,33.2,,Inner,4.0,20,Fri,11
G005130,2025-11-15 06:28:00,District 1,member,Platinum,E-wallet,14,505000.0,delivered,28.3,4,Central,2.1,6,Sat,11
G005131,2025-11-15 09:41:00,Binh Thanh,new,,Bank transfer,10,391000.0,delivered,32.5,3,Inner,4.6,9,Sat,11
G005132,2025-11-15 11:06:00,Binh Tan,member,Platinum,E-wallet,10,359000.0,delivered,58.4,,Outer,10.8,11,Sat,11
G005133,2025-11-15 12:37:00,Binh Thanh,returning,,E-wallet,6,214000.0,delivered,39.8,,Inner,4.6,12,Sat,11
G005134,2025-11-15 13:25:00,Binh Thanh,new,,Cash,8,223000.0,delivered,27.7,3,Inner,4.6,13,Sat,11
G005135,2025-11-15 14:05:00,District 7,returning,,E-wallet,11,397000.0,delivered,35.4,2,Inner,7.5,14,Sat,11
G005136,2025-11-15 16:05:00,District 10,returning,,E-wallet,9,250000.0,delivered,34.5,,Central,3.5,16,Sat,11
G005137,2025-11-15 17:20:00,Binh Tan,returning,,Bank transfer,14,516000.0,delivered,42.9,,Outer,10.8,17,Sat,11
G005138,2025-11-15 17:27:00,Tan Binh,member,Gold,E-wallet,12,367000.0,delivered,33.5,,Inner,5.2,17,Sat,11
G005139,2025-11-15 17:48:00,Tan Binh,returning,,E-wallet,9,301000.0,delivered,30.3,,Inner,5.2,17,Sat,11
G005140,2025-11-15 18:30:00,Thu Duc City,returning,,Cash,8,219000.0,delivered,53.3,3,Outer,11.5,18,Sat,11
G005141,2025-11-15 19:03:00,District 7,member,Silver,E-wallet,14,527000.0,delivered,44.7,,Inner,7.5,19,Sat,11
G005142,2025-11-15 19:54:00,District 3,returning,,E-wallet,8,271000.0,delivered,40.6,,Central,2.8,19,Sat,11
G005143,2025-11-15 20:22:00,Go Vap,returning,,E-wallet,17,478000.0,delivered,49.5,2,Outer,7.9,20,Sat,11
G005144,2025-11-16 08:52:00,District 7,returning,,Card,9,250000.0,delivered,35.7,3,Inner,7.5,8,Sun,11
G005145,2025-11-16 11:52:00,Thu Duc City,member,Silver,E-wallet,9,268000.0,delivered,57.2,,Outer,11.5,11,Sun,11
G005146,2025-11-16 12:17:00,District 7,returning,,E-wallet,10,293000.0,delivered,42.6,3,Inner,7.5,12,Sun,11
G005147,2025-11-16 12:25:00,Binh Tan,returning,,E-wallet,13,385000.0,delivered,52.2,3,Outer,10.8,12,Sun,11
G005148,2025-11-16 12:36:00,Phu Nhuan,member,Silver,Bank transfer,8,239000.0,delivered,31.0,,Inner,4.0,12,Sun,11
G005149,2025-11-16 12:40:00,Binh Tan,returning,,E-wallet,10,327000.0,cancelled,,,Outer,10.8,12,Sun,11
G005150,2025-11-16 14:44:00,Tan Binh,returning,,E-wallet,8,213000.0,delivered,30.2,3,Inner,5.2,14,Sun,11
G005151,2025-11-16 15:49:00,District 10,returning,,E-wallet,8,256000.0,delivered,27.4,,Central,3.5,15,Sun,11
G005152,2025-11-16 16:03:00,District 7,new,,Card,12,489000.0,delivered,36.9,4,Inner,7.5,16,Sun,11
G005153,2025-11-16 16:44:00,Go Vap,new,,Cash,9,328000.0,delivered,39.1,,Outer,7.9,16,Sun,11
G005154,2025-11-16 17:15:00,District 1,new,,Card,12,399000.0,delivered,29.1,5,Central,2.1,17,Sun,11
G005155,2025-11-16 18:38:00,District 7,returning,,E-wallet,10,389000.0,delivered,61.2,2,Inner,7.5,18,Sun,11
G005156,2025-11-16 18:51:00,District 7,member,Silver,Card,12,424000.0,delivered,49.2,,Inner,7.5,18,Sun,11
G005157,2025-11-16 19:09:00,Thu Duc City,member,Silver,E-wallet,7,184000.0,delivered,57.4,,Outer,11.5,19,Sun,11
G005158,2025-11-16 19:31:00,Tan Binh,member,Gold,E-wallet,8,258000.0,delivered,34.6,,Inner,5.2,19,Sun,11
G005159,2025-11-16 19:50:00,District 3,returning,,Cash,7,180000.0,delivered,32.5,4,Central,2.8,19,Sun,11
G005160,2025-11-16 20:33:00,District 3,returning,,Cash,15,368000.0,delivered,29.9,,Central,2.8,20,Sun,11
G005161,2025-11-16 20:48:00,District 10,member,Silver,E-wallet,7,261000.0,delivered,45.2,4,Central,3.5,20,Sun,11
G005162,2025-11-16 21:03:00,District 7,member,Platinum,Bank transfer,13,518000.0,delivered,35.8,4,Inner,7.5,21,Sun,11
G005163,2025-11-16 22:55:00,Binh Tan,returning,,Bank transfer,11,209000.0,delivered,51.5,3,Outer,10.8,22,Sun,11
G005164,2025-11-17 07:30:00,Thu Duc City,returning,,E-wallet,12,565000.0,delivered,51.0,4,Outer,11.5,7,Mon,11
G005165,2025-11-17 09:00:00,Tan Binh,returning,,E-wallet,8,287000.0,delivered,29.5,4,Inner,5.2,9,Mon,11
G005166,2025-11-17 10:55:00,District 7,returning,,E-wallet,4,140000.0,delivered,35.7,3,Inner,7.5,10,Mon,11
G005167,2025-11-17 11:14:00,Thu Duc City,returning,,E-wallet,6,187000.0,delivered,57.4,1,Outer,11.5,11,Mon,11
G005168,2025-11-17 12:02:00,District 3,new,,E-wallet,11,324000.0,delivered,34.0,4,Central,2.8,12,Mon,11
G005169,2025-11-17 12:17:00,Binh Thanh,returning,,E-wallet,9,200000.0,delivered,43.6,2,Inner,4.6,12,Mon,11
G005170,2025-11-17 14:29:00,District 1,member,Platinum,E-wallet,9,434000.0,delivered,23.4,4,Central,2.1,14,Mon,11
G005171,2025-11-17 17:18:00,Binh Thanh,new,,Cash,6,173000.0,delivered,27.2,,Inner,4.6,17,Mon,11
G005172,2025-11-17 17:26:00,Thu Duc City,returning,,Bank transfer,9,321000.0,delivered,54.4,1,Outer,11.5,17,Mon,11
G005173,2025-11-17 17:57:00,Binh Tan,member,Silver,E-wallet,4,63000.0,delivered,42.6,,Outer,10.8,17,Mon,11
G005174,2025-11-17 18:37:00,Binh Thanh,returning,,E-wallet,8,157000.0,delivered,39.7,,Inner,4.6,18,Mon,11
G005175,2025-11-17 19:30:00,District 7,member,Gold,Cash,3,72000.0,delivered,47.5,2,Inner,7.5,19,Mon,11
G005176,2025-11-17 19:36:00,Phu Nhuan,returning,,E-wallet,5,170000.0,delivered,35.8,,Inner,4.0,19,Mon,11
G005177,2025-11-17 20:11:00,Binh Thanh,new,,Card,10,289000.0,delivered,36.6,,Inner,4.6,20,Mon,11
G005178,2025-11-17 20:31:00,District 1,returning,,Cash,7,209000.0,delivered,26.6,,Central,2.1,20,Mon,11
G005179,2025-11-17 21:07:00,Go Vap,member,Platinum,E-wallet,7,265000.0,delivered,38.4,,Outer,7.9,21,Mon,11
G005180,2025-11-18 08:56:00,District 3,new,,Cash,8,313000.0,delivered,28.4,4,Central,2.8,8,Tue,11
G005181,2025-11-18 09:23:00,Binh Thanh,member,Silver,E-wallet,7,215000.0,delivered,31.1,5,Inner,4.6,9,Tue,11
G005182,2025-11-18 10:34:00,Go Vap,returning,,Card,5,165000.0,delivered,47.1,3,Outer,7.9,10,Tue,11
G005183,2025-11-18 11:58:00,District 10,member,Silver,E-wallet,4,118000.0,delivered,38.4,4,Central,3.5,11,Tue,11
G005184,2025-11-18 12:28:00,District 1,new,,Cash,7,172000.0,delivered,30.9,,Central,2.1,12,Tue,11
G005185,2025-11-18 12:54:00,Binh Thanh,new,,Bank transfer,8,204000.0,delivered,32.6,4,Inner,4.6,12,Tue,11
G005186,2025-11-18 13:50:00,District 3,member,Silver,E-wallet,4,123000.0,delivered,26.3,,Central,2.8,13,Tue,11
G005187,2025-11-18 14:43:00,District 7,returning,,E-wallet,7,270000.0,delivered,59.6,,Inner,7.5,14,Tue,11
G005188,2025-11-18 15:13:00,Tan Binh,returning,,E-wallet,8,285000.0,delivered,27.8,5,Inner,5.2,15,Tue,11
G005189,2025-11-18 16:53:00,District 1,member,Silver,Cash,8,346000.0,delivered,22.2,,Central,2.1,16,Tue,11
G005190,2025-11-18 17:09:00,Tan Binh,member,Platinum,E-wallet,6,302000.0,delivered,33.2,5,Inner,5.2,17,Tue,11
G005191,2025-11-18 18:22:00,District 7,returning,,Bank transfer,7,243000.0,delivered,49.7,4,Inner,7.5,18,Tue,11
G005192,2025-11-18 18:23:00,District 7,new,,Card,6,173000.0,delivered,39.7,,Inner,7.5,18,Tue,11
G005193,2025-11-18 18:32:00,Binh Thanh,returning,,Bank transfer,9,324000.0,delivered,33.2,4,Inner,4.6,18,Tue,11
G005194,2025-11-18 18:47:00,Thu Duc City,returning,,E-wallet,6,208000.0,delivered,50.4,3,Outer,11.5,18,Tue,11
G005195,2025-11-18 19:10:00,District 7,returning,,Cash,4,171000.0,delivered,40.4,,Inner,7.5,19,Tue,11
G005196,2025-11-18 20:24:00,Go Vap,new,,E-wallet,9,263000.0,delivered,42.5,4,Outer,7.9,20,Tue,11
G005197,2025-11-18 20:46:00,District 10,new,,Cash,10,272000.0,cancelled,,,Central,3.5,20,Tue,11
G005198,2025-11-18 20:55:00,District 1,member,Silver,E-wallet,6,147000.0,delivered,26.9,5,Central,2.1,20,Tue,11
G005199,2025-11-18 21:39:00,Tan Binh,returning,,Card,6,159000.0,delivered,34.4,4,Inner,5.2,21,Tue,11
G005200,2025-11-18 22:44:00,Binh Thanh,returning,,Cash,8,203000.0,delivered,27.3,5,Inner,4.6,22,Tue,11
G005201,2025-11-18 22:54:00,District 7,new,,E-wallet,11,319000.0,delivered,45.6,1,Inner,7.5,22,Tue,11
G005202,2025-11-19 12:10:00,District 7,returning,,E-wallet,7,264000.0,cancelled,,,Inner,7.5,12,Wed,11
G005203,2025-11-19 12:13:00,Binh Thanh,member,Silver,E-wallet,8,344000.0,delivered,41.8,3,Inner,4.6,12,Wed,11
G005204,2025-11-19 12:39:00,District 3,member,Silver,Card,8,274000.0,delivered,45.1,3,Central,2.8,12,Wed,11
G005205,2025-11-19 12:59:00,Go Vap,returning,,Cash,5,120000.0,cancelled,,,Outer,7.9,12,Wed,11
G005206,2025-11-19 14:05:00,Tan Binh,returning,,Bank transfer,6,123000.0,delivered,27.2,,Inner,5.2,14,Wed,11
G005207,2025-11-19 15:35:00,District 10,returning,,E-wallet,6,202000.0,delivered,32.8,4,Central,3.5,15,Wed,11
G005208,2025-11-19 15:49:00,Binh Tan,new,,E-wallet,4,124000.0,delivered,41.4,4,Outer,10.8,15,Wed,11
G005209,2025-11-19 16:13:00,Binh Thanh,new,,E-wallet,3,90000.0,delivered,36.3,3,Inner,4.6,16,Wed,11
G005210,2025-11-19 17:46:00,Binh Tan,new,,Cash,9,219000.0,delivered,47.5,,Outer,10.8,17,Wed,11
G005211,2025-11-19 19:03:00,Binh Thanh,new,,Cash,7,196000.0,delivered,34.7,5,Inner,4.6,19,Wed,11
G005212,2025-11-19 19:24:00,Binh Thanh,returning,,Card,6,155000.0,delivered,40.7,2,Inner,4.6,19,Wed,11
G005213,2025-11-19 19:27:00,District 1,new,,Cash,8,254000.0,delivered,26.5,4,Central,2.1,19,Wed,11
G005214,2025-11-19 19:36:00,Phu Nhuan,returning,,Card,2,80000.0,delivered,33.8,,Inner,4.0,19,Wed,11
G005215,2025-11-19 19:42:00,District 10,new,,E-wallet,10,245000.0,delivered,31.1,4,Central,3.5,19,Wed,11
G005216,2025-11-19 20:46:00,Thu Duc City,new,,Cash,10,385000.0,delivered,63.8,,Outer,11.5,20,Wed,11
G005217,2025-11-19 21:40:00,Thu Duc City,returning,,Cash,6,147000.0,delivered,47.3,2,Outer,11.5,21,Wed,11
G005218,2025-11-19 22:32:00,Binh Tan,returning,,E-wallet,11,349000.0,delivered,63.3,,Outer,10.8,22,Wed,11
G005219,2025-11-19 22:43:00,District 10,returning,,Card,5,157000.0,delivered,23.3,5,Central,3.5,22,Wed,11
G005220,2025-11-20 11:56:00,Binh Tan,member,Silver,E-wallet,11,348000.0,delivered,58.7,2,Outer,10.8,11,Thu,11
G005221,2025-11-20 12:01:00,Go Vap,returning,,Bank transfer,9,178000.0,delivered,42.1,5,Outer,7.9,12,Thu,11
G005222,2025-11-20 12:06:00,Thu Duc City,new,,E-wallet,5,185000.0,delivered,56.8,3,Outer,11.5,12,Thu,11
G005223,2025-11-20 12:21:00,Go Vap,new,,E-wallet,5,153000.0,delivered,47.0,2,Outer,7.9,12,Thu,11
G005224,2025-11-20 12:29:00,District 3,returning,,E-wallet,8,234000.0,delivered,31.8,3,Central,2.8,12,Thu,11
G005225,2025-11-20 13:18:00,District 1,returning,,E-wallet,7,294000.0,delivered,27.1,5,Central,2.1,13,Thu,11
G005226,2025-11-20 13:44:00,District 1,returning,,Bank transfer,7,255000.0,delivered,22.9,5,Central,2.1,13,Thu,11
G005227,2025-11-20 13:50:00,Binh Thanh,member,Gold,Bank transfer,8,260000.0,delivered,36.4,3,Inner,4.6,13,Thu,11
G005228,2025-11-20 14:30:00,Binh Tan,member,Platinum,E-wallet,9,358000.0,delivered,40.3,3,Outer,10.8,14,Thu,11
G005229,2025-11-20 15:37:00,District 7,new,,E-wallet,9,310000.0,delivered,58.9,,Inner,7.5,15,Thu,11
G005230,2025-11-20 18:32:00,Phu Nhuan,member,Platinum,E-wallet,8,402000.0,delivered,32.7,4,Inner,4.0,18,Thu,11
G005231,2025-11-20 18:54:00,Binh Thanh,returning,,E-wallet,8,282000.0,delivered,35.4,4,Inner,4.6,18,Thu,11
G005232,2025-11-20 18:55:00,District 7,member,Silver,Bank transfer,7,88000.0,delivered,41.4,2,Inner,7.5,18,Thu,11
G005233,2025-11-20 19:08:00,District 7,returning,,Bank transfer,4,152000.0,delivered,44.1,3,Inner,7.5,19,Thu,11
G005234,2025-11-20 19:31:00,Thu Duc City,member,Silver,Card,10,345000.0,delivered,56.3,3,Outer,11.5,19,Thu,11
G005235,2025-11-20 20:19:00,Thu Duc City,new,,Cash,12,266000.0,delivered,55.4,2,Outer,11.5,20,Thu,11
G005236,2025-11-20 20:25:00,Binh Thanh,member,Platinum,E-wallet,9,473000.0,delivered,40.6,2,Inner,4.6,20,Thu,11
G005237,2025-11-21 07:52:00,District 7,returning,,Cash,3,82000.0,delivered,35.8,3,Inner,7.5,7,Fri,11
G005238,2025-11-21 07:54:00,Go Vap,new,,Bank transfer,7,150000.0,delivered,38.2,1,Outer,7.9,7,Fri,11
G005239,2025-11-21 08:15:00,District 1,returning,,E-wallet,5,166000.0,delivered,20.9,5,Central,2.1,8,Fri,11
G005240,2025-11-21 12:06:00,Thu Duc City,member,Silver,E-wallet,10,353000.0,delivered,62.3,2,Outer,11.5,12,Fri,11
G005241,2025-11-21 12:24:00,District 7,new,,Card,6,196000.0,delivered,50.2,,Inner,7.5,12,Fri,11
G005242,2025-11-21 12:56:00,District 10,returning,,Card,4,87000.0,delivered,34.4,,Central,3.5,12,Fri,11
G005243,2025-11-21 14:11:00,Go Vap,new,,E-wallet,7,182000.0,delivered,34.6,4,Outer,7.9,14,Fri,11
G005244,2025-11-21 17:13:00,Binh Tan,returning,,E-wallet,7,243000.0,delivered,42.2,3,Outer,10.8,17,Fri,11
G005245,2025-11-21 17:29:00,District 1,returning,,E-wallet,10,410000.0,cancelled,,,Central,2.1,17,Fri,11
G005246,2025-11-21 17:51:00,District 7,member,Silver,E-wallet,7,301000.0,delivered,32.1,4,Inner,7.5,17,Fri,11
G005247,2025-11-21 18:15:00,District 7,new,,Cash,7,273000.0,delivered,45.1,2,Inner,7.5,18,Fri,11
G005248,2025-11-21 18:19:00,Thu Duc City,returning,,E-wallet,11,424000.0,delivered,52.2,,Outer,11.5,18,Fri,11
G005249,2025-11-21 21:51:00,Thu Duc City,member,Silver,Bank transfer,7,161000.0,delivered,46.2,2,Outer,11.5,21,Fri,11
G005250,2025-11-21 22:36:00,Thu Duc City,member,Silver,Cash,5,163000.0,delivered,42.9,,Outer,11.5,22,Fri,11
G005251,2025-11-21 22:48:00,Thu Duc City,returning,,Cash,6,122000.0,delivered,43.3,4,Outer,11.5,22,Fri,11
G005252,2025-11-21 23:29:00,District 3,returning,,E-wallet,11,338000.0,delivered,28.1,,Central,2.8,23,Fri,11
G005253,2025-11-22 07:05:00,Tan Binh,returning,,Cash,9,234000.0,cancelled,,,Inner,5.2,7,Sat,11
G005254,2025-11-22 08:32:00,Binh Thanh,returning,,Cash,8,308000.0,delivered,26.0,,Inner,4.6,8,Sat,11
G005255,2025-11-22 09:37:00,District 3,member,Silver,Cash,7,246000.0,cancelled,,,Central,2.8,9,Sat,11
G005256,2025-11-22 10:25:00,Phu Nhuan,returning,,Cash,11,347000.0,delivered,43.1,,Inner,4.0,10,Sat,11
G005257,2025-11-22 14:04:00,Thu Duc City,returning,,E-wallet,10,278000.0,cancelled,,,Outer,11.5,14,Sat,11
G005258,2025-11-22 15:53:00,Binh Thanh,new,,E-wallet,8,113000.0,delivered,27.6,,Inner,4.6,15,Sat,11
G005259,2025-11-22 16:04:00,District 3,member,Silver,Bank transfer,8,275000.0,delivered,25.1,4,Central,2.8,16,Sat,11
G005260,2025-11-22 17:20:00,District 1,returning,,Card,12,300000.0,delivered,19.6,5,Central,2.1,17,Sat,11
G005261,2025-11-22 17:41:00,District 1,new,,E-wallet,9,226000.0,delivered,20.7,5,Central,2.1,17,Sat,11
G005262,2025-11-22 18:12:00,District 7,member,Silver,Cash,8,116000.0,delivered,39.9,3,Inner,7.5,18,Sat,11
G005263,2025-11-22 18:25:00,Go Vap,member,Silver,Bank transfer,6,152000.0,delivered,43.7,2,Outer,7.9,18,Sat,11
G005264,2025-11-22 19:53:00,Thu Duc City,returning,,E-wallet,7,199000.0,delivered,59.6,,Outer,11.5,19,Sat,11
G005265,2025-11-22 20:44:00,Binh Tan,member,Silver,Cash,11,315000.0,delivered,61.3,2,Outer,10.8,20,Sat,11
G005266,2025-11-22 21:57:00,Tan Binh,returning,,Bank transfer,11,287000.0,delivered,29.9,5,Inner,5.2,21,Sat,11
G005267,2025-11-23 09:16:00,Binh Thanh,returning,,Cash,10,246000.0,delivered,29.2,5,Inner,4.6,9,Sun,11
G005268,2025-11-23 11:40:00,Phu Nhuan,returning,,Cash,11,302000.0,delivered,36.7,4,Inner,4.0,11,Sun,11
G005269,2025-11-23 12:35:00,Binh Thanh,member,Silver,Cash,9,353000.0,delivered,51.1,,Inner,4.6,12,Sun,11
G005270,2025-11-23 12:53:00,Tan Binh,returning,,Card,9,308000.0,delivered,35.1,,Inner,5.2,12,Sun,11
G005271,2025-11-23 14:31:00,Binh Tan,new,,Card,9,199000.0,delivered,43.7,,Outer,10.8,14,Sun,11
G005272,2025-11-23 14:40:00,Tan Binh,returning,,E-wallet,13,495000.0,delivered,37.6,3,Inner,5.2,14,Sun,11
G005273,2025-11-23 15:08:00,Binh Tan,member,Silver,Bank transfer,10,349000.0,delivered,46.3,2,Outer,10.8,15,Sun,11
G005274,2025-11-23 17:09:00,District 1,new,,E-wallet,8,239000.0,delivered,25.8,4,Central,2.1,17,Sun,11
G005275,2025-11-23 18:46:00,Go Vap,member,Silver,Bank transfer,6,172000.0,cancelled,,,Outer,7.9,18,Sun,11
G005276,2025-11-23 19:49:00,Tan Binh,new,,E-wallet,6,177000.0,delivered,43.9,4,Inner,5.2,19,Sun,11
G005277,2025-11-23 22:38:00,Binh Thanh,new,,Cash,9,359000.0,delivered,26.6,5,Inner,4.6,22,Sun,11
G005278,2025-11-23 22:53:00,District 1,returning,,E-wallet,10,303000.0,cancelled,,,Central,2.1,22,Sun,11
G005279,2025-11-24 08:21:00,District 7,returning,,E-wallet,4,141000.0,delivered,32.2,3,Inner,7.5,8,Mon,11
G005280,2025-11-24 09:01:00,District 3,returning,,E-wallet,6,188000.0,delivered,23.2,5,Central,2.8,9,Mon,11
G005281,2025-11-24 09:06:00,Tan Binh,member,Silver,Bank transfer,3,73000.0,delivered,30.1,5,Inner,5.2,9,Mon,11
G005282,2025-11-24 09:55:00,District 1,new,,Card,6,151000.0,delivered,20.3,4,Central,2.1,9,Mon,11
G005283,2025-11-24 10:30:00,Phu Nhuan,member,Silver,E-wallet,4,78000.0,delivered,25.5,4,Inner,4.0,10,Mon,11
G005284,2025-11-24 11:09:00,Phu Nhuan,new,,E-wallet,12,455000.0,delivered,32.0,5,Inner,4.0,11,Mon,11
G005285,2025-11-24 12:19:00,Go Vap,member,Platinum,E-wallet,2,140000.0,delivered,42.2,3,Outer,7.9,12,Mon,11
G005286,2025-11-24 12:37:00,District 1,new,,Bank transfer,3,84000.0,delivered,32.7,,Central,2.1,12,Mon,11
G005287,2025-11-24 13:09:00,Binh Tan,returning,,E-wallet,7,298000.0,delivered,49.0,,Outer,10.8,13,Mon,11
G005288,2025-11-24 13:44:00,Binh Tan,member,Silver,Bank transfer,7,275000.0,delivered,43.7,,Outer,10.8,13,Mon,11
G005289,2025-11-24 16:41:00,District 1,returning,,Cash,6,120000.0,delivered,20.8,5,Central,2.1,16,Mon,11
G005290,2025-11-24 16:57:00,District 3,returning,,E-wallet,4,118000.0,delivered,24.3,5,Central,2.8,16,Mon,11
G005291,2025-11-24 19:27:00,District 10,member,Platinum,E-wallet,4,204000.0,delivered,32.2,4,Central,3.5,19,Mon,11
G005292,2025-11-24 22:32:00,Go Vap,returning,,E-wallet,5,129000.0,delivered,37.1,4,Outer,7.9,22,Mon,11
G005293,2025-11-25 08:31:00,District 1,returning,,Bank transfer,9,,delivered,18.6,,Central,2.1,8,Tue,11
G005294,2025-11-25 11:44:00,Tan Binh,new,,E-wallet,2,72000.0,delivered,37.8,,Inner,5.2,11,Tue,11
G005295,2025-11-25 12:40:00,Phu Nhuan,returning,,Bank transfer,6,222000.0,delivered,38.8,5,Inner,4.0,12,Tue,11
G005296,2025-11-25 13:14:00,Binh Thanh,returning,,E-wallet,8,242000.0,delivered,26.4,,Inner,4.6,13,Tue,11
G005297,2025-11-25 13:14:00,Binh Thanh,new,,Bank transfer,5,157000.0,delivered,31.2,3,Inner,4.6,13,Tue,11
G005298,2025-11-25 13:35:00,Binh Thanh,new,,Bank transfer,9,223000.0,delivered,32.8,4,Inner,4.6,13,Tue,11
G005299,2025-11-25 13:53:00,Go Vap,member,Silver,E-wallet,7,284000.0,delivered,39.3,,Outer,7.9,13,Tue,11
G005300,2025-11-25 14:13:00,District 1,member,Silver,Cash,10,394000.0,delivered,18.9,5,Central,2.1,14,Tue,11
G005301,2025-11-25 14:56:00,District 1,returning,,Cash,9,316000.0,delivered,32.2,4,Central,2.1,14,Tue,11
G005302,2025-11-25 15:30:00,District 7,new,,E-wallet,5,183000.0,delivered,36.8,3,Inner,7.5,15,Tue,11
G005303,2025-11-25 16:57:00,Phu Nhuan,returning,,Cash,7,189000.0,delivered,26.3,4,Inner,4.0,16,Tue,11
G005304,2025-11-25 17:48:00,District 10,returning,,E-wallet,9,371000.0,delivered,23.3,5,Central,3.5,17,Tue,11
G005305,2025-11-25 18:44:00,District 1,returning,,Bank transfer,10,239000.0,cancelled,,,Central,2.1,18,Tue,11
G005306,2025-11-25 18:50:00,Go Vap,new,,E-wallet,12,437000.0,delivered,42.3,,Outer,7.9,18,Tue,11
G005307,2025-11-25 19:28:00,Thu Duc City,new,,Card,9,244000.0,delivered,56.2,4,Outer,11.5,19,Tue,11
G005308,2025-11-25 21:05:00,Go Vap,returning,,Cash,5,104000.0,delivered,36.4,3,Outer,7.9,21,Tue,11
G005309,2025-11-25 21:29:00,District 10,new,,Bank transfer,7,220000.0,delivered,29.1,5,Central,3.5,21,Tue,11
G005310,2025-11-26 07:59:00,Binh Tan,returning,,Bank transfer,9,220000.0,delivered,47.8,2,Outer,10.8,7,Wed,11
G005311,2025-11-26 09:20:00,District 7,returning,,E-wallet,6,294000.0,delivered,35.4,,Inner,7.5,9,Wed,11
G005312,2025-11-26 11:56:00,Binh Tan,member,Silver,E-wallet,8,298000.0,delivered,54.1,,Outer,10.8,11,Wed,11
G005313,2025-11-26 15:11:00,District 3,returning,,E-wallet,7,186000.0,delivered,26.2,5,Central,2.8,15,Wed,11
G005314,2025-11-26 17:29:00,Thu Duc City,member,Silver,E-wallet,10,295000.0,delivered,44.8,4,Outer,11.5,17,Wed,11
G005315,2025-11-26 17:29:00,District 1,returning,,Cash,12,317000.0,delivered,25.1,,Central,2.1,17,Wed,11
G005316,2025-11-26 18:57:00,District 3,returning,,Bank transfer,12,435000.0,delivered,43.6,4,Central,2.8,18,Wed,11
G005317,2025-11-26 20:02:00,Phu Nhuan,new,,Cash,10,242000.0,delivered,32.7,3,Inner,4.0,20,Wed,11
G005318,2025-11-26 21:10:00,Binh Thanh,returning,,E-wallet,11,406000.0,delivered,28.0,4,Inner,4.6,21,Wed,11
G005319,2025-11-26 21:22:00,Binh Tan,new,,Cash,8,318000.0,delivered,43.1,4,Outer,10.8,21,Wed,11
G005320,2025-11-26 21:25:00,District 1,returning,,E-wallet,3,75000.0,delivered,26.5,4,Central,2.1,21,Wed,11
G005321,2025-11-27 07:55:00,Phu Nhuan,new,,Cash,6,155000.0,delivered,24.6,,Inner,4.0,7,Thu,11
G005322,2025-11-27 09:47:00,Phu Nhuan,returning,,E-wallet,4,142000.0,delivered,29.8,3,Inner,4.0,9,Thu,11
G005323,2025-11-27 09:50:00,District 1,member,Silver,Cash,6,236000.0,cancelled,,,Central,2.1,9,Thu,11
G005324,2025-11-27 10:36:00,Go Vap,returning,,E-wallet,5,126000.0,delivered,42.3,,Outer,7.9,10,Thu,11
G005325,2025-11-27 11:16:00,Binh Thanh,member,Gold,E-wallet,4,124000.0,delivered,43.8,,Inner,4.6,11,Thu,11
G005326,2025-11-27 11:19:00,District 10,returning,,E-wallet,5,166000.0,delivered,30.4,,Central,3.5,11,Thu,11
G005327,2025-11-27 11:31:00,Tan Binh,member,Gold,E-wallet,6,179000.0,delivered,38.0,4,Inner,5.2,11,Thu,11
G005328,2025-11-27 12:02:00,Tan Binh,new,,E-wallet,8,226000.0,delivered,40.4,,Inner,5.2,12,Thu,11
G005329,2025-11-27 12:04:00,Binh Thanh,returning,,E-wallet,4,94000.0,delivered,33.7,4,Inner,4.6,12,Thu,11
G005330,2025-11-27 13:14:00,Phu Nhuan,new,,E-wallet,3,98000.0,delivered,33.5,4,Inner,4.0,13,Thu,11
G005331,2025-11-27 13:31:00,Phu Nhuan,new,,E-wallet,9,297000.0,delivered,28.2,,Inner,4.0,13,Thu,11
G005332,2025-11-27 13:34:00,District 3,new,,E-wallet,7,250000.0,delivered,21.8,,Central,2.8,13,Thu,11
G005333,2025-11-27 13:39:00,District 3,returning,,Bank transfer,5,142000.0,delivered,26.5,3,Central,2.8,13,Thu,11
G005334,2025-11-27 14:13:00,District 3,member,Silver,E-wallet,7,222000.0,delivered,25.3,5,Central,2.8,14,Thu,11
G005335,2025-11-27 15:37:00,District 3,returning,,E-wallet,12,350000.0,cancelled,,,Central,2.8,15,Thu,11
G005336,2025-11-27 15:39:00,District 7,new,,Cash,11,359000.0,delivered,37.8,,Inner,7.5,15,Thu,11
G005337,2025-11-27 17:10:00,Phu Nhuan,returning,,E-wallet,5,167000.0,delivered,34.8,,Inner,4.0,17,Thu,11
G005338,2025-11-27 17:26:00,District 10,new,,Cash,6,168000.0,delivered,24.6,,Central,3.5,17,Thu,11
G005339,2025-11-27 18:10:00,Tan Binh,returning,,Cash,8,284000.0,delivered,38.2,4,Inner,5.2,18,Thu,11
G005340,2025-11-27 19:27:00,Binh Thanh,returning,,E-wallet,6,151000.0,delivered,49.0,,Inner,4.6,19,Thu,11
G005341,2025-11-27 21:41:00,District 1,member,Silver,Card,6,171000.0,delivered,20.4,5,Central,2.1,21,Thu,11
G005342,2025-11-28 08:46:00,District 7,returning,,Bank transfer,6,191000.0,delivered,36.7,4,Inner,7.5,8,Fri,11
G005343,2025-11-28 10:18:00,Phu Nhuan,member,Silver,E-wallet,7,280000.0,delivered,23.6,,Inner,4.0,10,Fri,11
G005344,2025-11-28 11:43:00,Phu Nhuan,returning,,Bank transfer,4,95000.0,delivered,34.8,,Inner,4.0,11,Fri,11
G005345,2025-11-28 12:21:00,Tan Binh,returning,,E-wallet,7,235000.0,delivered,34.2,3,Inner,5.2,12,Fri,11
G005346,2025-11-28 12:27:00,Binh Thanh,new,,E-wallet,6,147000.0,delivered,48.2,2,Inner,4.6,12,Fri,11
G005347,2025-11-28 14:02:00,District 3,new,,Cash,4,123000.0,delivered,23.3,4,Central,2.8,14,Fri,11
G005348,2025-11-28 14:18:00,District 1,member,Silver,E-wallet,3,95000.0,delivered,24.3,4,Central,2.1,14,Fri,11
G005349,2025-11-28 16:18:00,Tan Binh,member,Silver,Cash,10,333000.0,delivered,26.2,5,Inner,5.2,16,Fri,11
G005350,2025-11-28 17:48:00,Tan Binh,returning,,Card,9,315000.0,cancelled,,,Inner,5.2,17,Fri,11
G005351,2025-11-28 19:20:00,Tan Binh,member,Silver,Cash,8,293000.0,delivered,37.2,4,Inner,5.2,19,Fri,11
G005352,2025-11-28 19:35:00,District 3,returning,,Bank transfer,7,197000.0,delivered,35.2,,Central,2.8,19,Fri,11
G005353,2025-11-28 20:45:00,Phu Nhuan,new,,E-wallet,4,128000.0,delivered,37.1,4,Inner,4.0,20,Fri,11
G005354,2025-11-28 21:20:00,Binh Tan,member,Gold,E-wallet,5,,delivered,43.7,,Outer,10.8,21,Fri,11
G005355,2025-11-28 22:01:00,Binh Tan,new,,Cash,6,181000.0,delivered,43.6,3,Outer,10.8,22,Fri,11
G005356,2025-11-28 23:16:00,District 1,new,,Card,7,310000.0,delivered,19.4,5,Central,2.1,23,Fri,11
G005357,2025-11-29 06:13:00,Binh Tan,returning,,E-wallet,9,312000.0,delivered,41.7,4,Outer,10.8,6,Sat,11
G005358,2025-11-29 07:00:00,Thu Duc City,new,,E-wallet,6,199000.0,delivered,53.7,,Outer,11.5,7,Sat,11
G005359,2025-11-29 07:20:00,Phu Nhuan,member,Gold,E-wallet,11,429000.0,delivered,24.9,4,Inner,4.0,7,Sat,11
G005360,2025-11-29 10:16:00,District 1,member,Silver,Card,8,298000.0,delivered,21.5,,Central,2.1,10,Sat,11
G005361,2025-11-29 10:45:00,District 10,returning,,E-wallet,7,214000.0,delivered,50.6,2,Central,3.5,10,Sat,11
G005363,2025-11-29 11:23:00,District 1,member,Gold,Bank transfer,12,439000.0,delivered,29.5,5,Central,2.1,11,Sat,11
G005362,2025-11-29 11:23:00,Thu Duc City,returning,,Cash,13,299000.0,delivered,53.4,3,Outer,11.5,11,Sat,11
G005364,2025-11-29 13:14:00,Go Vap,returning,,Card,10,347000.0,delivered,39.8,,Outer,7.9,13,Sat,11
G005365,2025-11-29 13:31:00,District 7,returning,,E-wallet,9,350000.0,delivered,48.1,1,Inner,7.5,13,Sat,11
G005366,2025-11-29 15:02:00,Tan Binh,member,Gold,Cash,13,409000.0,delivered,27.4,4,Inner,5.2,15,Sat,11
G005367,2025-11-29 15:53:00,Binh Thanh,new,,E-wallet,13,439000.0,delivered,32.4,4,Inner,4.6,15,Sat,11
G005368,2025-11-29 16:19:00,District 3,returning,,Cash,8,257000.0,delivered,25.1,5,Central,2.8,16,Sat,11
G005369,2025-11-29 16:30:00,Thu Duc City,returning,,Bank transfer,13,497000.0,delivered,42.8,3,Outer,11.5,16,Sat,11
G005370,2025-11-29 17:01:00,Binh Thanh,member,Silver,E-wallet,9,290000.0,delivered,30.1,,Inner,4.6,17,Sat,11
G005371,2025-11-29 17:08:00,Tan Binh,new,,Bank transfer,8,222000.0,delivered,30.3,,Inner,5.2,17,Sat,11
G005372,2025-11-29 17:10:00,Tan Binh,new,,E-wallet,11,290000.0,delivered,34.3,,Inner,5.2,17,Sat,11
G005373,2025-11-29 18:50:00,District 1,member,Silver,E-wallet,12,315000.0,delivered,30.1,,Central,2.1,18,Sat,11
G005374,2025-11-29 19:01:00,District 3,member,Gold,Bank transfer,11,334000.0,delivered,31.0,,Central,2.8,19,Sat,11
G005375,2025-11-29 19:16:00,District 10,new,,E-wallet,12,453000.0,delivered,31.8,,Central,3.5,19,Sat,11
G005376,2025-11-29 22:46:00,Go Vap,member,Gold,E-wallet,14,376000.0,delivered,38.3,,Outer,7.9,22,Sat,11
G005377,2025-11-30 08:48:00,Thu Duc City,member,Gold,Cash,5,215000.0,delivered,49.0,3,Outer,11.5,8,Sun,11
G005378,2025-11-30 12:05:00,Phu Nhuan,returning,,E-wallet,13,493000.0,delivered,47.0,,Inner,4.0,12,Sun,11
G005379,2025-11-30 12:46:00,District 3,member,Gold,Cash,8,345000.0,delivered,31.6,3,Central,2.8,12,Sun,11
G005380,2025-11-30 13:03:00,Tan Binh,returning,,Bank transfer,6,175000.0,delivered,35.6,4,Inner,5.2,13,Sun,11
G005381,2025-11-30 13:17:00,District 1,new,,E-wallet,13,475000.0,delivered,18.3,,Central,2.1,13,Sun,11
G005382,2025-11-30 14:54:00,Tan Binh,member,Silver,Cash,11,261000.0,delivered,29.1,4,Inner,5.2,14,Sun,11
G005383,2025-11-30 15:07:00,District 10,returning,,Bank transfer,11,431000.0,delivered,30.9,5,Central,3.5,15,Sun,11
G005384,2025-11-30 15:54:00,District 1,member,Gold,E-wallet,5,149000.0,cancelled,,,Central,2.1,15,Sun,11
G005385,2025-11-30 16:07:00,Go Vap,returning,,E-wallet,9,287000.0,delivered,39.4,,Outer,7.9,16,Sun,11
G005386,2025-11-30 17:19:00,Thu Duc City,returning,,Card,14,393000.0,delivered,48.1,1,Outer,11.5,17,Sun,11
G005387,2025-11-30 17:27:00,District 1,returning,,Bank transfer,11,255000.0,delivered,25.9,5,Central,2.1,17,Sun,11
G005388,2025-11-30 19:04:00,Phu Nhuan,returning,,Cash,12,522000.0,delivered,31.7,,Inner,4.0,19,Sun,11
G005389,2025-11-30 20:05:00,District 1,member,Silver,E-wallet,14,397000.0,delivered,31.4,5,Central,2.1,20,Sun,11
G005390,2025-11-30 21:05:00,Go Vap,returning,,E-wallet,7,211000.0,delivered,32.7,,Outer,7.9,21,Sun,11
G005391,2025-11-30 21:57:00,District 7,returning,,E-wallet,7,293000.0,delivered,35.3,3,Inner,7.5,21,Sun,11
G005392,2025-12-01 09:07:00,Go Vap,new,,E-wallet,2,60000.0,delivered,37.4,,Outer,7.9,9,Mon,12
G005393,2025-12-01 10:01:00,District 7,returning,,E-wallet,10,298000.0,delivered,37.8,3,Inner,7.5,10,Mon,12
G005394,2025-12-01 11:06:00,Tan Binh,returning,,E-wallet,5,160000.0,delivered,34.9,3,Inner,5.2,11,Mon,12
G005395,2025-12-01 12:26:00,Go Vap,member,Gold,Bank transfer,3,107000.0,delivered,40.9,,Outer,7.9,12,Mon,12
G005396,2025-12-01 13:06:00,District 7,member,Silver,E-wallet,9,221000.0,delivered,39.9,,Inner,7.5,13,Mon,12
G005397,2025-12-01 13:28:00,District 1,new,,E-wallet,10,396000.0,delivered,21.0,5,Central,2.1,13,Mon,12
G005398,2025-12-01 15:31:00,District 7,returning,,E-wallet,9,246000.0,delivered,44.0,2,Inner,7.5,15,Mon,12
G005399,2025-12-01 16:48:00,Phu Nhuan,member,Silver,E-wallet,7,238000.0,delivered,39.1,3,Inner,4.0,16,Mon,12
G005400,2025-12-01 17:10:00,Binh Tan,returning,,Cash,8,351000.0,delivered,42.4,4,Outer,10.8,17,Mon,12
G005401,2025-12-01 17:18:00,District 7,returning,,E-wallet,11,342000.0,delivered,33.1,4,Inner,7.5,17,Mon,12
G005402,2025-12-01 17:26:00,Tan Binh,returning,,Card,4,173000.0,delivered,28.2,4,Inner,5.2,17,Mon,12
G005403,2025-12-01 18:04:00,Thu Duc City,member,Silver,E-wallet,4,140000.0,delivered,55.5,,Outer,11.5,18,Mon,12
G005404,2025-12-01 18:29:00,District 10,member,Silver,E-wallet,8,199000.0,delivered,42.2,4,Central,3.5,18,Mon,12
G005405,2025-12-01 18:37:00,Binh Thanh,member,Silver,E-wallet,10,274000.0,delivered,36.4,4,Inner,4.6,18,Mon,12
G005406,2025-12-01 18:42:00,Binh Tan,member,Silver,E-wallet,8,346000.0,delivered,57.5,2,Outer,10.8,18,Mon,12
G005407,2025-12-01 19:29:00,District 1,returning,,E-wallet,9,352000.0,delivered,26.2,,Central,2.1,19,Mon,12
G005408,2025-12-01 20:05:00,District 10,member,Silver,E-wallet,6,198000.0,delivered,34.7,,Central,3.5,20,Mon,12
G005409,2025-12-01 21:09:00,Go Vap,returning,,E-wallet,8,287000.0,delivered,35.1,3,Outer,7.9,21,Mon,12
G005410,2025-12-01 21:52:00,District 1,new,,E-wallet,8,215000.0,delivered,20.6,4,Central,2.1,21,Mon,12
G005411,2025-12-01 22:15:00,Binh Thanh,returning,,E-wallet,2,56000.0,delivered,37.8,,Inner,4.6,22,Mon,12
G005412,2025-12-02 06:00:00,District 3,new,,Cash,4,148000.0,delivered,20.1,,Central,2.8,6,Tue,12
G005413,2025-12-02 09:42:00,Tan Binh,new,,Cash,5,108000.0,delivered,37.4,3,Inner,5.2,9,Tue,12
G005414,2025-12-02 09:54:00,Binh Thanh,returning,,Bank transfer,10,119000.0,delivered,25.3,5,Inner,4.6,9,Tue,12
G005415,2025-12-02 11:18:00,District 7,member,Silver,Card,5,146000.0,delivered,55.8,3,Inner,7.5,11,Tue,12
G005416,2025-12-02 11:34:00,Binh Tan,returning,,Cash,4,127000.0,delivered,56.0,,Outer,10.8,11,Tue,12
G005417,2025-12-02 11:59:00,Thu Duc City,returning,,E-wallet,6,209000.0,delivered,51.7,2,Outer,11.5,11,Tue,12
G005418,2025-12-02 12:03:00,Phu Nhuan,member,Gold,Cash,7,232000.0,delivered,36.0,,Inner,4.0,12,Tue,12
G005419,2025-12-02 12:33:00,Phu Nhuan,returning,,E-wallet,6,252000.0,delivered,40.8,3,Inner,4.0,12,Tue,12
G005420,2025-12-02 12:35:00,Go Vap,returning,,Cash,6,181000.0,delivered,45.1,3,Outer,7.9,12,Tue,12
G005421,2025-12-02 16:12:00,Phu Nhuan,member,Silver,Cash,4,143000.0,delivered,23.3,,Inner,4.0,16,Tue,12
G005422,2025-12-02 16:14:00,Tan Binh,returning,,E-wallet,6,194000.0,delivered,30.8,5,Inner,5.2,16,Tue,12
G005423,2025-12-02 17:14:00,District 10,returning,,E-wallet,11,373000.0,delivered,34.9,,Central,3.5,17,Tue,12
G005424,2025-12-02 17:43:00,Tan Binh,new,,Card,4,158000.0,delivered,28.7,5,Inner,5.2,17,Tue,12
G005425,2025-12-02 17:51:00,Binh Tan,member,Gold,Cash,5,151000.0,delivered,42.1,4,Outer,10.8,17,Tue,12
G005426,2025-12-02 17:56:00,Thu Duc City,returning,,E-wallet,7,151000.0,delivered,50.1,,Outer,11.5,17,Tue,12
G005427,2025-12-02 18:16:00,District 7,member,Silver,Bank transfer,15,373000.0,delivered,41.6,,Inner,7.5,18,Tue,12
G005428,2025-12-02 18:57:00,District 1,member,Silver,Cash,9,246000.0,delivered,27.8,,Central,2.1,18,Tue,12
G005429,2025-12-02 19:39:00,District 7,new,,Bank transfer,10,303000.0,delivered,45.2,,Inner,7.5,19,Tue,12
G005430,2025-12-02 20:58:00,Binh Thanh,new,,E-wallet,4,77000.0,delivered,40.0,,Inner,4.6,20,Tue,12
G005431,2025-12-02 22:48:00,Tan Binh,returning,,E-wallet,5,101000.0,delivered,32.8,4,Inner,5.2,22,Tue,12
G005432,2025-12-02 23:55:00,Binh Thanh,member,Gold,E-wallet,9,326000.0,delivered,28.4,5,Inner,4.6,23,Tue,12
G005433,2025-12-03 11:22:00,Binh Tan,member,Silver,E-wallet,7,190000.0,delivered,59.4,,Outer,10.8,11,Wed,12
G005434,2025-12-03 12:04:00,Thu Duc City,new,,E-wallet,9,294000.0,delivered,57.4,,Outer,11.5,12,Wed,12
G005435,2025-12-03 12:10:00,Binh Thanh,member,Gold,E-wallet,11,311000.0,delivered,33.6,4,Inner,4.6,12,Wed,12
G005436,2025-12-03 12:46:00,District 1,member,Platinum,E-wallet,10,551000.0,delivered,34.3,3,Central,2.1,12,Wed,12
G005437,2025-12-03 12:49:00,District 1,returning,,E-wallet,12,415000.0,delivered,27.7,5,Central,2.1,12,Wed,12
G005438,2025-12-03 13:02:00,Phu Nhuan,new,,Cash,8,277000.0,delivered,25.0,5,Inner,4.0,13,Wed,12
G005439,2025-12-03 16:14:00,Binh Tan,returning,,Bank transfer,5,179000.0,cancelled,,,Outer,10.8,16,Wed,12
G005440,2025-12-03 16:38:00,District 10,member,Platinum,E-wallet,4,265000.0,delivered,37.3,3,Central,3.5,16,Wed,12
G005441,2025-12-03 17:32:00,District 3,returning,,E-wallet,5,209000.0,delivered,25.3,5,Central,2.8,17,Wed,12
G005442,2025-12-03 17:58:00,Binh Thanh,member,Gold,Cash,7,222000.0,delivered,34.0,,Inner,4.6,17,Wed,12
G005443,2025-12-03 18:00:00,Phu Nhuan,new,,E-wallet,10,368000.0,delivered,33.2,,Inner,4.0,18,Wed,12
G005444,2025-12-03 18:15:00,Tan Binh,new,,Card,11,337000.0,delivered,36.8,3,Inner,5.2,18,Wed,12
G005446,2025-12-03 18:28:00,Go Vap,returning,,E-wallet,4,107000.0,delivered,42.8,,Outer,7.9,18,Wed,12
G005445,2025-12-03 18:28:00,Binh Tan,returning,,E-wallet,5,154000.0,delivered,50.1,,Outer,10.8,18,Wed,12
G005447,2025-12-03 19:04:00,Phu Nhuan,returning,,Card,12,464000.0,cancelled,,,Inner,4.0,19,Wed,12
G005448,2025-12-03 20:09:00,District 1,returning,,Cash,6,185000.0,delivered,31.5,,Central,2.1,20,Wed,12
G005449,2025-12-04 06:25:00,District 10,member,Gold,E-wallet,5,137000.0,delivered,25.3,5,Central,3.5,6,Thu,12
G005450,2025-12-04 07:01:00,Thu Duc City,returning,,Card,10,274000.0,delivered,50.2,3,Outer,11.5,7,Thu,12
G005451,2025-12-04 07:31:00,Binh Thanh,returning,,E-wallet,12,476000.0,delivered,28.7,,Inner,4.6,7,Thu,12
G005452,2025-12-04 11:05:00,District 3,member,Gold,E-wallet,12,346000.0,delivered,40.4,2,Central,2.8,11,Thu,12
G005453,2025-12-04 12:20:00,Tan Binh,returning,,E-wallet,7,220000.0,delivered,41.9,2,Inner,5.2,12,Thu,12
G005454,2025-12-04 14:40:00,Go Vap,new,,Cash,4,98000.0,delivered,38.1,4,Outer,7.9,14,Thu,12
G005455,2025-12-04 16:20:00,Tan Binh,returning,,E-wallet,8,229000.0,cancelled,,,Inner,5.2,16,Thu,12
G005456,2025-12-04 17:22:00,Thu Duc City,new,,E-wallet,5,220000.0,delivered,44.5,,Outer,11.5,17,Thu,12
G005457,2025-12-04 18:16:00,Go Vap,returning,,Bank transfer,5,154000.0,delivered,46.0,2,Outer,7.9,18,Thu,12
G005458,2025-12-04 20:01:00,Binh Thanh,member,Silver,E-wallet,7,239000.0,delivered,37.3,,Inner,4.6,20,Thu,12
G005459,2025-12-04 20:48:00,District 1,new,,Bank transfer,6,188000.0,delivered,29.2,,Central,2.1,20,Thu,12
G005460,2025-12-04 21:15:00,District 1,new,,Card,4,132000.0,delivered,20.2,,Central,2.1,21,Thu,12
G005461,2025-12-04 21:48:00,Tan Binh,member,Gold,Card,3,126000.0,delivered,30.5,5,Inner,5.2,21,Thu,12
G005462,2025-12-05 09:54:00,Binh Thanh,member,Platinum,E-wallet,7,231000.0,delivered,31.0,4,Inner,4.6,9,Fri,12
G005463,2025-12-05 10:14:00,District 7,returning,,Card,3,59000.0,delivered,36.1,3,Inner,7.5,10,Fri,12
G005464,2025-12-05 10:35:00,Thu Duc City,returning,,E-wallet,4,146000.0,delivered,44.8,2,Outer,11.5,10,Fri,12
G005465,2025-12-05 11:04:00,Binh Thanh,member,Silver,E-wallet,3,98000.0,delivered,34.9,,Inner,4.6,11,Fri,12
G005466,2025-12-05 11:14:00,Go Vap,returning,,E-wallet,6,203000.0,delivered,44.2,5,Outer,7.9,11,Fri,12
G005467,2025-12-05 11:33:00,Phu Nhuan,returning,,E-wallet,6,301000.0,delivered,36.3,,Inner,4.0,11,Fri,12
G005468,2025-12-05 13:30:00,Thu Duc City,new,,Cash,10,370000.0,delivered,47.1,3,Outer,11.5,13,Fri,12
G005469,2025-12-05 16:57:00,Go Vap,member,Platinum,E-wallet,12,394000.0,delivered,38.4,3,Outer,7.9,16,Fri,12
G005470,2025-12-05 17:22:00,Binh Thanh,returning,,Bank transfer,5,127000.0,delivered,37.7,,Inner,4.6,17,Fri,12
G005471,2025-12-05 18:17:00,Binh Tan,returning,,E-wallet,5,220000.0,delivered,53.7,1,Outer,10.8,18,Fri,12
G005472,2025-12-05 19:12:00,Binh Tan,returning,,Card,9,303000.0,delivered,52.8,2,Outer,10.8,19,Fri,12
G005473,2025-12-05 19:25:00,District 7,new,,Card,6,205000.0,delivered,44.1,3,Inner,7.5,19,Fri,12
G005474,2025-12-05 19:26:00,Tan Binh,returning,,Cash,12,459000.0,delivered,35.2,4,Inner,5.2,19,Fri,12
G005475,2025-12-05 19:27:00,Binh Thanh,returning,,E-wallet,9,281000.0,delivered,37.3,4,Inner,4.6,19,Fri,12
G005476,2025-12-05 20:46:00,Binh Tan,new,,E-wallet,2,49000.0,delivered,56.3,2,Outer,10.8,20,Fri,12
G005477,2025-12-05 20:49:00,Binh Thanh,member,Gold,Bank transfer,5,223000.0,delivered,35.6,4,Inner,4.6,20,Fri,12
G005478,2025-12-05 21:32:00,District 7,member,Platinum,E-wallet,6,294000.0,delivered,43.4,3,Inner,7.5,21,Fri,12
G005479,2025-12-05 22:33:00,District 10,member,Silver,E-wallet,5,191000.0,delivered,23.0,,Central,3.5,22,Fri,12
G005480,2025-12-05 22:54:00,Tan Binh,new,,Card,10,343000.0,delivered,33.3,5,Inner,5.2,22,Fri,12
G005481,2025-12-06 06:37:00,Binh Thanh,member,Silver,Bank transfer,5,151000.0,delivered,27.4,,Inner,4.6,6,Sat,12
G005482,2025-12-06 11:33:00,Phu Nhuan,returning,,Cash,10,332000.0,delivered,34.2,5,Inner,4.0,11,Sat,12
G005483,2025-12-06 12:09:00,Tan Binh,new,,E-wallet,14,556000.0,delivered,36.5,,Inner,5.2,12,Sat,12
G005484,2025-12-06 12:28:00,Binh Tan,returning,,E-wallet,7,216000.0,delivered,61.8,,Outer,10.8,12,Sat,12
G005485,2025-12-06 12:58:00,Thu Duc City,returning,,E-wallet,9,370000.0,delivered,56.2,3,Outer,11.5,12,Sat,12
G005486,2025-12-06 14:27:00,Phu Nhuan,returning,,E-wallet,12,498000.0,delivered,27.2,,Inner,4.0,14,Sat,12
G005487,2025-12-06 15:47:00,District 10,new,,E-wallet,9,316000.0,delivered,23.6,5,Central,3.5,15,Sat,12
G005488,2025-12-06 16:49:00,Tan Binh,member,Gold,E-wallet,7,314000.0,delivered,32.4,4,Inner,5.2,16,Sat,12
G005489,2025-12-06 16:53:00,District 10,member,Gold,Card,10,329000.0,delivered,33.7,4,Central,3.5,16,Sat,12
G005490,2025-12-06 17:02:00,Go Vap,returning,,E-wallet,13,385000.0,delivered,45.0,,Outer,7.9,17,Sat,12
G005491,2025-12-06 17:04:00,Binh Thanh,returning,,E-wallet,12,441000.0,delivered,27.2,5,Inner,4.6,17,Sat,12
G005492,2025-12-06 17:19:00,District 3,member,Silver,E-wallet,6,127000.0,delivered,25.1,5,Central,2.8,17,Sat,12
G005493,2025-12-06 17:33:00,Binh Thanh,member,Silver,Cash,8,276000.0,delivered,32.5,,Inner,4.6,17,Sat,12
G005494,2025-12-06 17:46:00,District 3,returning,,Cash,16,301000.0,delivered,30.6,,Central,2.8,17,Sat,12
G005495,2025-12-06 18:24:00,Binh Thanh,member,Silver,Card,12,385000.0,delivered,38.4,4,Inner,4.6,18,Sat,12
G005496,2025-12-06 19:28:00,Binh Thanh,returning,,E-wallet,8,257000.0,delivered,41.5,3,Inner,4.6,19,Sat,12
G005497,2025-12-06 19:56:00,Binh Thanh,returning,,E-wallet,9,378000.0,delivered,34.2,4,Inner,4.6,19,Sat,12
G005498,2025-12-06 21:40:00,Thu Duc City,returning,,E-wallet,9,238000.0,delivered,52.2,,Outer,11.5,21,Sat,12
G005499,2025-12-07 07:33:00,District 3,returning,,Bank transfer,9,326000.0,delivered,24.0,5,Central,2.8,7,Sun,12
G005500,2025-12-07 09:33:00,District 10,new,,E-wallet,10,344000.0,delivered,27.7,5,Central,3.5,9,Sun,12
G005501,2025-12-07 10:08:00,District 7,member,Gold,E-wallet,7,322000.0,delivered,36.5,3,Inner,7.5,10,Sun,12
G005502,2025-12-07 10:22:00,Thu Duc City,returning,,Cash,6,151000.0,delivered,45.3,2,Outer,11.5,10,Sun,12
G005503,2025-12-07 12:15:00,Binh Thanh,member,Gold,Card,9,351000.0,delivered,33.3,5,Inner,4.6,12,Sun,12
G005504,2025-12-07 12:29:00,District 3,member,Silver,E-wallet,11,333000.0,delivered,35.7,4,Central,2.8,12,Sun,12
G005505,2025-12-07 12:32:00,Tan Binh,returning,,E-wallet,10,298000.0,delivered,38.5,3,Inner,5.2,12,Sun,12
G005506,2025-12-07 12:34:00,Binh Thanh,new,,E-wallet,7,157000.0,delivered,33.3,,Inner,4.6,12,Sun,12
G005507,2025-12-07 13:35:00,Go Vap,new,,E-wallet,14,533000.0,delivered,37.4,,Outer,7.9,13,Sun,12
G005508,2025-12-07 13:43:00,District 10,new,,E-wallet,10,347000.0,delivered,33.4,4,Central,3.5,13,Sun,12
G005509,2025-12-07 14:58:00,District 1,returning,,Card,11,290000.0,delivered,28.5,,Central,2.1,14,Sun,12
G005510,2025-12-07 17:16:00,Phu Nhuan,member,Silver,Bank transfer,6,229000.0,delivered,29.9,,Inner,4.0,17,Sun,12
G005511,2025-12-07 18:27:00,Binh Thanh,member,Gold,E-wallet,9,311000.0,delivered,33.8,,Inner,4.6,18,Sun,12
G005513,2025-12-07 18:55:00,Go Vap,returning,,E-wallet,8,262000.0,delivered,48.6,,Outer,7.9,18,Sun,12
G005512,2025-12-07 18:55:00,District 7,returning,,E-wallet,13,463000.0,delivered,56.5,2,Inner,7.5,18,Sun,12
G005514,2025-12-07 19:06:00,Binh Tan,returning,,E-wallet,12,525000.0,delivered,51.0,2,Outer,10.8,19,Sun,12
G005515,2025-12-07 21:53:00,Binh Thanh,member,Silver,Cash,8,214000.0,delivered,27.2,,Inner,4.6,21,Sun,12
G005516,2025-12-07 22:03:00,Go Vap,member,Silver,E-wallet,13,427000.0,delivered,38.7,3,Outer,7.9,22,Sun,12
G005517,2025-12-08 06:19:00,District 1,returning,,E-wallet,6,150000.0,delivered,23.6,5,Central,2.1,6,Mon,12
G005518,2025-12-08 08:43:00,Tan Binh,returning,,E-wallet,10,323000.0,delivered,41.2,,Inner,5.2,8,Mon,12
G005519,2025-12-08 11:57:00,District 1,new,,E-wallet,10,218000.0,delivered,35.8,,Central,2.1,11,Mon,12
G005520,2025-12-08 12:26:00,Binh Thanh,member,Gold,E-wallet,7,251000.0,delivered,33.9,,Inner,4.6,12,Mon,12
G005521,2025-12-08 12:56:00,District 10,new,,E-wallet,10,428000.0,delivered,34.5,,Central,3.5,12,Mon,12
G005522,2025-12-08 13:39:00,Binh Thanh,new,,E-wallet,6,149000.0,delivered,27.4,,Inner,4.6,13,Mon,12
G005523,2025-12-08 13:41:00,District 10,member,Platinum,Cash,6,283000.0,delivered,23.4,,Central,3.5,13,Mon,12
G005524,2025-12-08 16:24:00,Binh Thanh,returning,,Card,10,300000.0,delivered,25.2,4,Inner,4.6,16,Mon,12
G005525,2025-12-08 17:18:00,Binh Thanh,member,Silver,Cash,7,272000.0,delivered,35.4,3,Inner,4.6,17,Mon,12
G005526,2025-12-08 18:36:00,District 3,returning,,E-wallet,7,268000.0,delivered,42.6,,Central,2.8,18,Mon,12
G005527,2025-12-08 19:25:00,Tan Binh,member,Gold,E-wallet,11,490000.0,delivered,47.4,,Inner,5.2,19,Mon,12
G005528,2025-12-08 19:44:00,Phu Nhuan,new,,E-wallet,9,384000.0,delivered,34.3,,Inner,4.0,19,Mon,12
G005529,2025-12-08 19:59:00,Tan Binh,new,,E-wallet,7,227000.0,delivered,,3,Inner,5.2,19,Mon,12
G005530,2025-12-08 20:22:00,District 7,new,,E-wallet,12,350000.0,delivered,44.6,2,Inner,7.5,20,Mon,12
G005531,2025-12-08 20:25:00,Binh Thanh,returning,,E-wallet,7,164000.0,delivered,35.3,4,Inner,4.6,20,Mon,12
G005532,2025-12-08 20:50:00,Binh Tan,returning,,Card,4,150000.0,delivered,58.3,2,Outer,10.8,20,Mon,12
G005533,2025-12-08 21:51:00,District 1,new,,E-wallet,10,299000.0,delivered,30.1,3,Central,2.1,21,Mon,12
G005534,2025-12-08 22:35:00,District 7,new,,Card,8,188000.0,cancelled,,,Inner,7.5,22,Mon,12
G005535,2025-12-09 08:26:00,Tan Binh,member,Gold,E-wallet,9,257000.0,delivered,33.5,5,Inner,5.2,8,Tue,12
G005536,2025-12-09 09:17:00,District 3,returning,,E-wallet,11,539000.0,cancelled,,,Central,2.8,9,Tue,12
G005537,2025-12-09 11:45:00,Binh Thanh,returning,,Bank transfer,7,248000.0,delivered,38.4,2,Inner,4.6,11,Tue,12
G005538,2025-12-09 12:01:00,Thu Duc City,returning,,E-wallet,13,489000.0,delivered,55.4,,Outer,11.5,12,Tue,12
G005539,2025-12-09 13:17:00,District 3,returning,,E-wallet,11,245000.0,delivered,27.3,,Central,2.8,13,Tue,12
G005540,2025-12-09 14:50:00,District 3,returning,,Card,6,167000.0,delivered,21.9,4,Central,2.8,14,Tue,12
G005541,2025-12-09 15:50:00,Phu Nhuan,new,,Bank transfer,6,207000.0,delivered,25.8,5,Inner,4.0,15,Tue,12
G005542,2025-12-09 17:48:00,District 7,returning,,Cash,6,184000.0,delivered,38.4,,Inner,7.5,17,Tue,12
G005543,2025-12-09 17:57:00,Binh Thanh,returning,,E-wallet,6,143000.0,delivered,33.8,5,Inner,4.6,17,Tue,12
G005544,2025-12-09 18:17:00,Go Vap,new,,E-wallet,8,252000.0,delivered,41.8,,Outer,7.9,18,Tue,12
G005545,2025-12-09 19:31:00,Thu Duc City,returning,,E-wallet,6,193000.0,delivered,60.7,,Outer,11.5,19,Tue,12
G005546,2025-12-09 19:37:00,Binh Tan,member,Gold,Bank transfer,8,232000.0,delivered,52.3,2,Outer,10.8,19,Tue,12
G005547,2025-12-09 20:21:00,District 1,returning,,E-wallet,8,251000.0,delivered,36.3,4,Central,2.1,20,Tue,12
G005548,2025-12-09 20:37:00,Go Vap,returning,,E-wallet,6,229000.0,delivered,42.1,,Outer,7.9,20,Tue,12
G005549,2025-12-09 20:57:00,Thu Duc City,member,Gold,E-wallet,5,174000.0,delivered,54.1,2,Outer,11.5,20,Tue,12
G005550,2025-12-09 21:22:00,District 3,new,,Cash,9,256000.0,delivered,25.8,5,Central,2.8,21,Tue,12
G005551,2025-12-09 21:26:00,District 7,member,Silver,E-wallet,8,235000.0,delivered,37.9,4,Inner,7.5,21,Tue,12
G005552,2025-12-09 22:22:00,District 1,returning,,Card,10,338000.0,delivered,19.9,4,Central,2.1,22,Tue,12
G005553,2025-12-09 22:24:00,District 7,member,Platinum,E-wallet,11,254000.0,delivered,49.2,,Inner,7.5,22,Tue,12
G005554,2025-12-10 06:14:00,District 3,new,,Cash,7,191000.0,delivered,34.1,4,Central,2.8,6,Wed,12
G005555,2025-12-10 11:05:00,Phu Nhuan,new,,E-wallet,8,231000.0,delivered,39.1,3,Inner,4.0,11,Wed,12
G005556,2025-12-10 11:11:00,Tan Binh,member,Silver,Cash,3,73000.0,delivered,35.7,,Inner,5.2,11,Wed,12
G005557,2025-12-10 11:32:00,District 7,new,,E-wallet,9,338000.0,delivered,43.0,3,Inner,7.5,11,Wed,12
G005558,2025-12-10 11:50:00,Thu Duc City,new,,Bank transfer,9,241000.0,delivered,58.8,,Outer,11.5,11,Wed,12
G005559,2025-12-10 12:03:00,Binh Thanh,new,,E-wallet,7,314000.0,delivered,35.3,4,Inner,4.6,12,Wed,12
G005560,2025-12-10 12:06:00,Binh Tan,new,,Bank transfer,8,279000.0,delivered,51.3,3,Outer,10.8,12,Wed,12
G005561,2025-12-10 12:31:00,Go Vap,returning,,Cash,6,168000.0,delivered,51.3,2,Outer,7.9,12,Wed,12
G005562,2025-12-10 13:26:00,District 10,returning,,Card,4,144000.0,delivered,27.9,,Central,3.5,13,Wed,12
G005563,2025-12-10 14:15:00,Go Vap,returning,,E-wallet,3,114000.0,delivered,45.9,,Outer,7.9,14,Wed,12
G005564,2025-12-10 14:56:00,Tan Binh,returning,,E-wallet,4,140000.0,delivered,32.2,,Inner,5.2,14,Wed,12
G005565,2025-12-10 16:03:00,Thu Duc City,returning,,E-wallet,9,311000.0,delivered,43.7,2,Outer,11.5,16,Wed,12
G005566,2025-12-10 16:52:00,Thu Duc City,returning,,Card,9,207000.0,delivered,48.3,3,Outer,11.5,16,Wed,12
G005567,2025-12-10 17:25:00,District 1,member,Silver,Bank transfer,5,168000.0,delivered,17.7,5,Central,2.1,17,Wed,12
G005568,2025-12-10 17:50:00,Thu Duc City,returning,,E-wallet,8,278000.0,delivered,42.8,,Outer,11.5,17,Wed,12
G005569,2025-12-10 18:07:00,District 7,new,,Card,6,167000.0,delivered,49.2,,Inner,7.5,18,Wed,12
G005570,2025-12-10 18:17:00,Tan Binh,returning,,Cash,7,238000.0,delivered,34.6,3,Inner,5.2,18,Wed,12
G005571,2025-12-10 18:41:00,Phu Nhuan,new,,Bank transfer,9,321000.0,delivered,34.9,,Inner,4.0,18,Wed,12
G005572,2025-12-10 19:00:00,District 7,new,,E-wallet,5,209000.0,delivered,47.9,4,Inner,7.5,19,Wed,12
G005573,2025-12-10 19:51:00,Tan Binh,member,Silver,E-wallet,8,294000.0,cancelled,,,Inner,5.2,19,Wed,12
G005574,2025-12-10 20:26:00,District 1,returning,,E-wallet,9,356000.0,delivered,31.3,5,Central,2.1,20,Wed,12
G005575,2025-12-10 20:29:00,Phu Nhuan,returning,,Cash,10,360000.0,delivered,32.1,5,Inner,4.0,20,Wed,12
G005576,2025-12-10 20:54:00,Tan Binh,returning,,Cash,3,97000.0,delivered,41.9,2,Inner,5.2,20,Wed,12
G005577,2025-12-10 22:25:00,Thu Duc City,returning,,Cash,4,151000.0,delivered,48.9,3,Outer,11.5,22,Wed,12
G005578,2025-12-11 11:11:00,District 3,returning,,E-wallet,15,490000.0,delivered,30.1,4,Central,2.8,11,Thu,12
G005579,2025-12-11 12:04:00,Binh Thanh,new,,E-wallet,5,172000.0,delivered,34.3,,Inner,4.6,12,Thu,12
G005580,2025-12-11 12:45:00,Phu Nhuan,new,,E-wallet,9,347000.0,cancelled,,,Inner,4.0,12,Thu,12
G005581,2025-12-11 13:41:00,District 7,returning,,Cash,6,147000.0,delivered,46.0,2,Inner,7.5,13,Thu,12
G005582,2025-12-11 14:35:00,Phu Nhuan,member,Silver,E-wallet,9,266000.0,delivered,26.9,4,Inner,4.0,14,Thu,12
G005583,2025-12-11 14:57:00,Binh Tan,member,Platinum,E-wallet,8,287000.0,delivered,41.3,,Outer,10.8,14,Thu,12
G005584,2025-12-11 17:05:00,Tan Binh,returning,,Cash,3,82000.0,delivered,31.4,5,Inner,5.2,17,Thu,12
G005585,2025-12-11 17:56:00,District 3,member,Silver,Bank transfer,3,88000.0,delivered,32.2,5,Central,2.8,17,Thu,12
G005586,2025-12-11 18:30:00,Tan Binh,returning,,E-wallet,4,110000.0,delivered,38.8,4,Inner,5.2,18,Thu,12
G005587,2025-12-11 18:57:00,District 10,new,,Bank transfer,5,144000.0,delivered,30.1,,Central,3.5,18,Thu,12
G005588,2025-12-11 19:33:00,Binh Thanh,returning,,E-wallet,4,119000.0,delivered,37.9,,Inner,4.6,19,Thu,12
G005589,2025-12-11 20:41:00,Binh Tan,new,,Bank transfer,9,184000.0,delivered,54.3,2,Outer,10.8,20,Thu,12
G005590,2025-12-11 21:27:00,Binh Tan,returning,,Bank transfer,6,190000.0,delivered,45.1,,Outer,10.8,21,Thu,12
G005591,2025-12-11 21:33:00,Tan Binh,new,,E-wallet,5,166000.0,delivered,39.3,2,Inner,5.2,21,Thu,12
G005592,2025-12-11 22:08:00,District 10,returning,,E-wallet,8,220000.0,delivered,22.5,5,Central,3.5,22,Thu,12
G005593,2025-12-12 08:16:00,District 1,member,Gold,E-wallet,8,301000.0,delivered,21.3,4,Central,2.1,8,Fri,12
G005594,2025-12-12 11:11:00,Phu Nhuan,new,,E-wallet,7,198000.0,delivered,38.4,5,Inner,4.0,11,Fri,12
G005595,2025-12-12 11:20:00,District 1,new,,Card,6,195000.0,delivered,35.1,3,Central,2.1,11,Fri,12
G005596,2025-12-12 11:38:00,District 3,member,Silver,E-wallet,8,227000.0,delivered,32.0,4,Central,2.8,11,Fri,12
G005597,2025-12-12 11:46:00,Tan Binh,member,Gold,E-wallet,4,122000.0,delivered,40.5,3,Inner,5.2,11,Fri,12
G005598,2025-12-12 12:49:00,Thu Duc City,returning,,Cash,8,225000.0,delivered,58.4,3,Outer,11.5,12,Fri,12
G005599,2025-12-12 12:50:00,Binh Tan,member,Platinum,E-wallet,6,327000.0,delivered,54.1,3,Outer,10.8,12,Fri,12
G005600,2025-12-12 13:08:00,Binh Thanh,member,Gold,E-wallet,10,422000.0,delivered,25.5,5,Inner,4.6,13,Fri,12
G005601,2025-12-12 13:13:00,District 3,new,,E-wallet,11,249000.0,cancelled,,,Central,2.8,13,Fri,12
G005602,2025-12-12 13:15:00,Go Vap,returning,,E-wallet,4,157000.0,delivered,34.9,3,Outer,7.9,13,Fri,12
G005603,2025-12-12 13:23:00,Phu Nhuan,returning,,Bank transfer,6,186000.0,delivered,23.7,,Inner,4.0,13,Fri,12
G005604,2025-12-12 14:46:00,District 3,new,,Card,8,295000.0,delivered,38.2,,Central,2.8,14,Fri,12
G005605,2025-12-12 17:24:00,Phu Nhuan,new,,Bank transfer,7,210000.0,delivered,23.9,5,Inner,4.0,17,Fri,12
G005606,2025-12-12 18:32:00,Binh Tan,returning,,E-wallet,10,150000.0,delivered,52.5,3,Outer,10.8,18,Fri,12
G005607,2025-12-12 19:15:00,Tan Binh,member,Silver,Bank transfer,8,269000.0,delivered,40.5,,Inner,5.2,19,Fri,12
G005608,2025-12-12 19:37:00,Go Vap,member,Silver,Bank transfer,6,225000.0,cancelled,,,Outer,7.9,19,Fri,12
G005609,2025-12-12 19:51:00,Go Vap,member,Silver,Cash,6,211000.0,delivered,43.9,4,Outer,7.9,19,Fri,12
G005610,2025-12-12 21:02:00,Thu Duc City,member,Silver,E-wallet,5,152000.0,delivered,59.6,,Outer,11.5,21,Fri,12
G005611,2025-12-12 21:25:00,District 10,returning,,E-wallet,4,114000.0,delivered,28.4,,Central,3.5,21,Fri,12
G005612,2025-12-12 22:41:00,Tan Binh,member,Gold,E-wallet,6,191000.0,delivered,29.2,4,Inner,5.2,22,Fri,12
G005613,2025-12-12 22:59:00,Binh Thanh,new,,E-wallet,8,206000.0,delivered,29.1,5,Inner,4.6,22,Fri,12
G005614,2025-12-12 23:24:00,Go Vap,member,Silver,E-wallet,9,294000.0,delivered,38.4,3,Outer,7.9,23,Fri,12
G005615,2025-12-12 23:26:00,Thu Duc City,new,,Bank transfer,6,266000.0,delivered,49.6,2,Outer,11.5,23,Fri,12
G005616,2025-12-13 08:39:00,District 1,new,,E-wallet,5,190000.0,delivered,23.4,,Central,2.1,8,Sat,12
G005617,2025-12-13 09:12:00,District 7,member,Silver,Cash,12,304000.0,delivered,40.7,3,Inner,7.5,9,Sat,12
G005618,2025-12-13 09:51:00,Go Vap,returning,,E-wallet,12,448000.0,delivered,38.4,2,Outer,7.9,9,Sat,12
G005619,2025-12-13 11:22:00,District 1,returning,,E-wallet,9,354000.0,delivered,34.6,4,Central,2.1,11,Sat,12
G005620,2025-12-13 11:23:00,Thu Duc City,member,Silver,E-wallet,12,338000.0,delivered,55.5,3,Outer,11.5,11,Sat,12
G005621,2025-12-13 12:55:00,District 7,returning,,E-wallet,4,121000.0,delivered,44.4,,Inner,7.5,12,Sat,12
G005622,2025-12-13 13:13:00,Thu Duc City,returning,,E-wallet,15,405000.0,delivered,47.0,3,Outer,11.5,13,Sat,12
G005623,2025-12-13 15:04:00,Tan Binh,new,,Cash,9,337000.0,delivered,32.1,4,Inner,5.2,15,Sat,12
G005624,2025-12-13 18:03:00,Go Vap,returning,,E-wallet,8,290000.0,delivered,41.9,2,Outer,7.9,18,Sat,12
G005625,2025-12-13 18:08:00,District 7,returning,,E-wallet,9,231000.0,delivered,47.6,,Inner,7.5,18,Sat,12
G005626,2025-12-13 19:27:00,Thu Duc City,member,Silver,E-wallet,4,112000.0,delivered,56.2,3,Outer,11.5,19,Sat,12
G005627,2025-12-13 19:31:00,Go Vap,member,Silver,E-wallet,10,284000.0,delivered,51.1,,Outer,7.9,19,Sat,12
G005628,2025-12-13 20:00:00,Binh Tan,new,,E-wallet,9,253000.0,delivered,56.0,3,Outer,10.8,20,Sat,12
G005629,2025-12-13 20:10:00,District 10,member,Platinum,Bank transfer,7,297000.0,delivered,29.8,3,Central,3.5,20,Sat,12
G005630,2025-12-13 21:10:00,Binh Tan,member,Gold,Cash,8,267000.0,delivered,51.2,3,Outer,10.8,21,Sat,12
G005631,2025-12-13 21:50:00,Thu Duc City,new,,E-wallet,13,468000.0,delivered,49.4,,Outer,11.5,21,Sat,12
G005632,2025-12-13 21:52:00,Binh Tan,returning,,Bank transfer,8,327000.0,delivered,62.5,,Outer,10.8,21,Sat,12
G005633,2025-12-13 22:25:00,Thu Duc City,returning,,E-wallet,15,596000.0,delivered,42.9,2,Outer,11.5,22,Sat,12
G005634,2025-12-13 22:55:00,District 1,returning,,Bank transfer,11,326000.0,delivered,32.9,5,Central,2.1,22,Sat,12
G005635,2025-12-14 10:28:00,Binh Tan,member,Gold,Card,14,465000.0,delivered,41.6,4,Outer,10.8,10,Sun,12
G005636,2025-12-14 10:58:00,District 7,new,,E-wallet,14,460000.0,delivered,36.7,4,Inner,7.5,10,Sun,12
G005637,2025-12-14 11:32:00,Phu Nhuan,member,Silver,E-wallet,6,208000.0,delivered,32.6,,Inner,4.0,11,Sun,12
G005638,2025-12-14 13:21:00,District 1,new,,Cash,7,162000.0,delivered,27.4,5,Central,2.1,13,Sun,12
G005639,2025-12-14 13:51:00,District 10,returning,,Cash,6,183000.0,delivered,26.1,4,Central,3.5,13,Sun,12
G005640,2025-12-14 14:02:00,Go Vap,new,,E-wallet,12,232000.0,delivered,33.7,3,Outer,7.9,14,Sun,12
G005641,2025-12-14 15:05:00,Tan Binh,member,Silver,E-wallet,14,403000.0,cancelled,,,Inner,5.2,15,Sun,12
G005642,2025-12-14 16:39:00,District 1,new,,E-wallet,9,430000.0,delivered,24.6,,Central,2.1,16,Sun,12
G005643,2025-12-14 19:05:00,Go Vap,member,Gold,E-wallet,13,334000.0,delivered,48.0,,Outer,7.9,19,Sun,12
G005644,2025-12-14 19:58:00,District 3,new,,Cash,9,320000.0,delivered,29.3,,Central,2.8,19,Sun,12
G005645,2025-12-14 21:41:00,District 7,new,,Bank transfer,6,188000.0,delivered,33.1,,Inner,7.5,21,Sun,12
G005646,2025-12-15 07:56:00,District 7,new,,E-wallet,7,269000.0,cancelled,,,Inner,7.5,7,Mon,12
G005647,2025-12-15 08:16:00,Thu Duc City,member,Silver,Cash,4,152000.0,delivered,54.1,3,Outer,11.5,8,Mon,12
G005648,2025-12-15 08:43:00,Binh Thanh,returning,,E-wallet,14,351000.0,delivered,31.6,,Inner,4.6,8,Mon,12
G005649,2025-12-15 12:18:00,District 1,new,,E-wallet,9,331000.0,delivered,27.9,4,Central,2.1,12,Mon,12
G005650,2025-12-15 13:24:00,Binh Tan,returning,,Cash,7,240000.0,cancelled,,,Outer,10.8,13,Mon,12
G005651,2025-12-15 13:42:00,Binh Tan,new,,E-wallet,4,160000.0,delivered,51.6,1,Outer,10.8,13,Mon,12
G005652,2025-12-15 15:32:00,Thu Duc City,returning,,Cash,5,165000.0,delivered,59.9,3,Outer,11.5,15,Mon,12
G005653,2025-12-15 17:21:00,District 7,new,,E-wallet,5,189000.0,delivered,35.0,3,Inner,7.5,17,Mon,12
G005654,2025-12-15 20:41:00,District 1,returning,,E-wallet,6,248000.0,delivered,33.2,5,Central,2.1,20,Mon,12
G005655,2025-12-15 21:02:00,Go Vap,new,,E-wallet,11,340000.0,delivered,37.9,,Outer,7.9,21,Mon,12
G005656,2025-12-15 21:48:00,District 1,returning,,Bank transfer,9,235000.0,delivered,22.8,5,Central,2.1,21,Mon,12
G005657,2025-12-15 21:58:00,District 3,member,Silver,E-wallet,9,252000.0,delivered,31.8,4,Central,2.8,21,Mon,12
G005658,2025-12-16 09:14:00,Binh Thanh,returning,,E-wallet,8,319000.0,delivered,29.0,5,Inner,4.6,9,Tue,12
G005659,2025-12-16 10:42:00,District 7,new,,E-wallet,8,201000.0,delivered,36.6,4,Inner,7.5,10,Tue,12
G005660,2025-12-16 11:43:00,Phu Nhuan,returning,,E-wallet,4,121000.0,delivered,36.7,3,Inner,4.0,11,Tue,12
G005661,2025-12-16 14:19:00,District 7,new,,Card,10,290000.0,delivered,35.4,,Inner,7.5,14,Tue,12
G005662,2025-12-16 14:41:00,Binh Thanh,returning,,E-wallet,7,288000.0,delivered,34.8,3,Inner,4.6,14,Tue,12
G005663,2025-12-16 16:03:00,Thu Duc City,member,Gold,Cash,7,317000.0,delivered,50.1,2,Outer,11.5,16,Tue,12
G005664,2025-12-16 16:08:00,District 10,returning,,E-wallet,4,164000.0,delivered,27.4,,Central,3.5,16,Tue,12
G005665,2025-12-16 17:02:00,District 7,returning,,E-wallet,9,334000.0,delivered,34.5,,Inner,7.5,17,Tue,12
G005666,2025-12-16 17:08:00,Tan Binh,returning,,Cash,4,114000.0,cancelled,,,Inner,5.2,17,Tue,12
G005667,2025-12-16 17:14:00,District 1,returning,,E-wallet,5,169000.0,delivered,23.6,5,Central,2.1,17,Tue,12
G005668,2025-12-16 17:36:00,District 10,returning,,E-wallet,5,171000.0,delivered,24.2,4,Central,3.5,17,Tue,12
G005669,2025-12-16 18:11:00,Tan Binh,returning,,Bank transfer,9,306000.0,delivered,34.2,4,Inner,5.2,18,Tue,12
G005670,2025-12-16 18:15:00,Phu Nhuan,returning,,Card,8,212000.0,delivered,34.0,4,Inner,4.0,18,Tue,12
G005671,2025-12-16 18:23:00,District 3,returning,,Cash,7,268000.0,delivered,32.7,5,Central,2.8,18,Tue,12
G005672,2025-12-16 18:37:00,District 7,new,,Cash,6,149000.0,delivered,42.1,,Inner,7.5,18,Tue,12
G005673,2025-12-16 18:53:00,Tan Binh,new,,E-wallet,9,291000.0,cancelled,,,Inner,5.2,18,Tue,12
G005674,2025-12-16 19:40:00,Binh Thanh,member,Platinum,Cash,6,272000.0,delivered,36.7,3,Inner,4.6,19,Tue,12
G005675,2025-12-16 20:17:00,Tan Binh,new,,Cash,5,140000.0,delivered,38.9,3,Inner,5.2,20,Tue,12
G005676,2025-12-17 06:05:00,Binh Thanh,new,,E-wallet,4,152000.0,cancelled,,,Inner,4.6,6,Wed,12
G005677,2025-12-17 08:47:00,Tan Binh,member,Silver,E-wallet,8,234000.0,delivered,29.1,4,Inner,5.2,8,Wed,12
G005678,2025-12-17 09:31:00,Binh Tan,returning,,Card,5,105000.0,delivered,41.7,2,Outer,10.8,9,Wed,12
G005679,2025-12-17 10:37:00,Binh Tan,new,,E-wallet,5,191000.0,cancelled,,,Outer,10.8,10,Wed,12
G005680,2025-12-17 12:04:00,Phu Nhuan,returning,,E-wallet,10,335000.0,delivered,31.3,5,Inner,4.0,12,Wed,12
G005681,2025-12-17 12:59:00,District 7,new,,E-wallet,7,289000.0,delivered,43.9,3,Inner,7.5,12,Wed,12
G005682,2025-12-17 13:17:00,Tan Binh,returning,,E-wallet,7,260000.0,delivered,30.3,4,Inner,5.2,13,Wed,12
G005683,2025-12-17 14:43:00,Phu Nhuan,returning,,Cash,8,233000.0,delivered,25.9,5,Inner,4.0,14,Wed,12
G005684,2025-12-17 16:09:00,Binh Tan,new,,E-wallet,7,235000.0,delivered,51.0,2,Outer,10.8,16,Wed,12
G005685,2025-12-17 17:15:00,District 1,member,Gold,E-wallet,6,169000.0,delivered,18.9,,Central,2.1,17,Wed,12
G005686,2025-12-17 17:17:00,Go Vap,returning,,E-wallet,3,67000.0,delivered,42.9,2,Outer,7.9,17,Wed,12
G005687,2025-12-17 17:25:00,District 3,returning,,Cash,8,233000.0,delivered,26.9,5,Central,2.8,17,Wed,12
G005688,2025-12-17 18:48:00,District 3,returning,,Card,4,168000.0,cancelled,,,Central,2.8,18,Wed,12
G005689,2025-12-17 19:50:00,Thu Duc City,member,Gold,Card,5,135000.0,delivered,55.9,2,Outer,11.5,19,Wed,12
G005690,2025-12-17 21:39:00,District 7,member,Silver,E-wallet,8,317000.0,delivered,35.5,,Inner,7.5,21,Wed,12
G005691,2025-12-17 21:56:00,Binh Tan,member,Gold,Cash,8,368000.0,delivered,41.5,,Outer,10.8,21,Wed,12
G005692,2025-12-18 07:56:00,Binh Thanh,returning,,E-wallet,5,169000.0,delivered,29.2,5,Inner,4.6,7,Thu,12
G005693,2025-12-18 09:17:00,District 7,new,,E-wallet,9,233000.0,delivered,53.5,,Inner,7.5,9,Thu,12
G005694,2025-12-18 09:27:00,District 1,member,Gold,Cash,10,233000.0,delivered,20.3,5,Central,2.1,9,Thu,12
G005695,2025-12-18 09:50:00,Binh Tan,returning,,Bank transfer,6,185000.0,delivered,41.9,3,Outer,10.8,9,Thu,12
G005696,2025-12-18 10:56:00,Binh Thanh,returning,,E-wallet,6,214000.0,delivered,32.9,4,Inner,4.6,10,Thu,12
G005697,2025-12-18 12:33:00,District 7,returning,,Card,9,373000.0,delivered,48.8,4,Inner,7.5,12,Thu,12
G005699,2025-12-18 12:36:00,Binh Thanh,returning,,E-wallet,5,108000.0,delivered,33.6,5,Inner,4.6,12,Thu,12
G005698,2025-12-18 12:36:00,District 3,returning,,Cash,5,183000.0,delivered,36.0,3,Central,2.8,12,Thu,12
G005700,2025-12-18 12:59:00,Binh Tan,returning,,E-wallet,9,348000.0,delivered,49.4,,Outer,10.8,12,Thu,12
G005701,2025-12-18 17:43:00,Phu Nhuan,member,Silver,Cash,8,236000.0,delivered,29.4,,Inner,4.0,17,Thu,12
G005702,2025-12-18 18:47:00,Phu Nhuan,returning,,E-wallet,4,162000.0,delivered,31.8,4,Inner,4.0,18,Thu,12
G005703,2025-12-18 19:27:00,District 7,returning,,Cash,6,219000.0,delivered,48.8,,Inner,7.5,19,Thu,12
G005704,2025-12-18 20:06:00,District 3,returning,,E-wallet,6,150000.0,delivered,33.5,5,Central,2.8,20,Thu,12
G005705,2025-12-18 20:44:00,District 3,member,Gold,E-wallet,13,385000.0,delivered,31.7,4,Central,2.8,20,Thu,12
G005706,2025-12-18 22:11:00,Binh Thanh,returning,,E-wallet,4,141000.0,delivered,33.5,5,Inner,4.6,22,Thu,12
G005707,2025-12-19 08:47:00,District 10,member,Silver,E-wallet,5,154000.0,delivered,22.1,,Central,3.5,8,Fri,12
G005708,2025-12-19 09:08:00,Phu Nhuan,new,,E-wallet,5,163000.0,delivered,24.4,5,Inner,4.0,9,Fri,12
G005709,2025-12-19 10:42:00,Tan Binh,member,Platinum,Card,3,193000.0,delivered,35.7,,Inner,5.2,10,Fri,12
G005710,2025-12-19 11:34:00,Thu Duc City,returning,,E-wallet,9,257000.0,delivered,53.2,2,Outer,11.5,11,Fri,12
G005711,2025-12-19 12:45:00,Go Vap,returning,,E-wallet,8,275000.0,delivered,48.0,2,Outer,7.9,12,Fri,12
G005712,2025-12-19 13:08:00,Binh Thanh,new,,E-wallet,4,141000.0,delivered,26.9,,Inner,4.6,13,Fri,12
G005713,2025-12-19 13:44:00,Binh Tan,new,,E-wallet,4,160000.0,delivered,44.7,3,Outer,10.8,13,Fri,12
G005714,2025-12-19 13:52:00,District 10,new,,E-wallet,7,206000.0,delivered,41.3,,Central,3.5,13,Fri,12
G005715,2025-12-19 14:17:00,Go Vap,member,Silver,E-wallet,7,208000.0,delivered,39.7,,Outer,7.9,14,Fri,12
G005716,2025-12-19 14:20:00,Go Vap,member,Silver,Bank transfer,11,444000.0,delivered,33.1,5,Outer,7.9,14,Fri,12
G005717,2025-12-19 14:23:00,District 7,returning,,E-wallet,4,152000.0,delivered,40.2,3,Inner,7.5,14,Fri,12
G005718,2025-12-19 14:35:00,District 3,member,Gold,Card,7,188000.0,delivered,20.5,5,Central,2.8,14,Fri,12
G005719,2025-12-19 16:29:00,Thu Duc City,returning,,Bank transfer,8,284000.0,delivered,43.1,,Outer,11.5,16,Fri,12
G005720,2025-12-19 17:57:00,Tan Binh,returning,,Bank transfer,4,84000.0,delivered,47.7,3,Inner,5.2,17,Fri,12
G005721,2025-12-19 19:05:00,Phu Nhuan,new,,E-wallet,9,197000.0,delivered,34.1,,Inner,4.0,19,Fri,12
G005722,2025-12-19 19:38:00,Thu Duc City,member,Gold,E-wallet,4,90000.0,cancelled,,,Outer,11.5,19,Fri,12
G005723,2025-12-19 20:22:00,District 10,new,,Bank transfer,7,285000.0,delivered,39.8,3,Central,3.5,20,Fri,12
G005724,2025-12-19 20:30:00,Thu Duc City,member,Silver,Card,5,151000.0,delivered,52.5,3,Outer,11.5,20,Fri,12
G005725,2025-12-19 20:45:00,District 3,member,Gold,E-wallet,7,328000.0,delivered,36.8,,Central,2.8,20,Fri,12
G005726,2025-12-19 21:56:00,Phu Nhuan,new,,E-wallet,11,615000.0,delivered,23.2,4,Inner,4.0,21,Fri,12
G005727,2025-12-19 22:12:00,Binh Tan,returning,,E-wallet,6,168000.0,cancelled,,,Outer,10.8,22,Fri,12
G005728,2025-12-20 11:03:00,Binh Thanh,member,Silver,E-wallet,12,437000.0,delivered,32.6,5,Inner,4.6,11,Sat,12
G005729,2025-12-20 12:56:00,Thu Duc City,new,,Cash,15,691000.0,delivered,50.9,2,Outer,11.5,12,Sat,12
G005730,2025-12-20 16:14:00,Tan Binh,returning,,Card,9,280000.0,delivered,35.5,3,Inner,5.2,16,Sat,12
G005731,2025-12-20 17:35:00,District 7,member,Gold,Card,8,369000.0,delivered,33.3,,Inner,7.5,17,Sat,12
G005732,2025-12-20 17:40:00,Tan Binh,member,Gold,E-wallet,8,291000.0,delivered,33.9,,Inner,5.2,17,Sat,12
G005733,2025-12-20 19:18:00,Binh Thanh,returning,,Cash,8,279000.0,delivered,44.4,3,Inner,4.6,19,Sat,12
G005734,2025-12-20 19:44:00,Thu Duc City,returning,,E-wallet,8,369000.0,delivered,50.9,,Outer,11.5,19,Sat,12
G005735,2025-12-20 19:49:00,District 1,member,Silver,E-wallet,15,260000.0,delivered,28.6,4,Central,2.1,19,Sat,12
G005736,2025-12-20 20:20:00,District 1,member,Gold,E-wallet,12,315000.0,cancelled,,,Central,2.1,20,Sat,12
G005737,2025-12-20 21:25:00,Binh Thanh,new,,E-wallet,10,319000.0,delivered,26.5,5,Inner,4.6,21,Sat,12
G005738,2025-12-20 21:52:00,Go Vap,member,Silver,Cash,12,368000.0,delivered,38.9,,Outer,7.9,21,Sat,12
G005739,2025-12-20 22:00:00,Phu Nhuan,returning,,Cash,9,275000.0,delivered,26.0,4,Inner,4.0,22,Sat,12
G005740,2025-12-21 10:01:00,Binh Tan,returning,,E-wallet,11,329000.0,cancelled,,,Outer,10.8,10,Sun,12
G005741,2025-12-21 10:42:00,District 1,member,Silver,E-wallet,11,291000.0,delivered,24.6,5,Central,2.1,10,Sun,12
G005742,2025-12-21 11:11:00,District 7,returning,,Cash,10,387000.0,delivered,51.3,2,Inner,7.5,11,Sun,12
G005743,2025-12-21 11:41:00,Binh Thanh,returning,,E-wallet,8,203000.0,delivered,36.8,4,Inner,4.6,11,Sun,12
G005744,2025-12-21 11:49:00,District 1,member,Silver,Card,9,229000.0,delivered,35.2,4,Central,2.1,11,Sun,12
G005745,2025-12-21 18:29:00,Phu Nhuan,new,,Card,12,397000.0,delivered,40.4,3,Inner,4.0,18,Sun,12
G005746,2025-12-21 18:40:00,Binh Thanh,new,,E-wallet,10,400000.0,delivered,37.1,,Inner,4.6,18,Sun,12
G005747,2025-12-21 18:53:00,Go Vap,returning,,Cash,8,145000.0,delivered,49.0,2,Outer,7.9,18,Sun,12
G005748,2025-12-22 09:12:00,Thu Duc City,returning,,Card,8,286000.0,delivered,45.2,3,Outer,11.5,9,Mon,12
G005749,2025-12-22 09:52:00,Go Vap,returning,,E-wallet,5,169000.0,delivered,33.9,5,Outer,7.9,9,Mon,12
G005750,2025-12-22 10:53:00,District 1,returning,,Bank transfer,7,293000.0,delivered,24.3,5,Central,2.1,10,Mon,12
G005751,2025-12-22 10:58:00,District 3,returning,,Cash,5,186000.0,delivered,21.5,5,Central,2.8,10,Mon,12
G005752,2025-12-22 12:57:00,District 7,new,,E-wallet,9,345000.0,cancelled,,,Inner,7.5,12,Mon,12
G005753,2025-12-22 13:54:00,Thu Duc City,returning,,E-wallet,6,193000.0,delivered,47.7,3,Outer,11.5,13,Mon,12
G005754,2025-12-22 16:45:00,Go Vap,returning,,E-wallet,12,493000.0,delivered,33.5,,Outer,7.9,16,Mon,12
G005755,2025-12-22 19:43:00,District 3,new,,Card,4,115000.0,cancelled,,,Central,2.8,19,Mon,12
G005756,2025-12-22 20:07:00,District 1,member,Silver,E-wallet,9,350000.0,delivered,28.1,5,Central,2.1,20,Mon,12
G005757,2025-12-22 21:04:00,Binh Tan,new,,E-wallet,6,235000.0,delivered,45.6,2,Outer,10.8,21,Mon,12
G005758,2025-12-23 06:51:00,Phu Nhuan,member,Gold,E-wallet,4,124000.0,delivered,27.2,5,Inner,4.0,6,Tue,12
G005759,2025-12-23 09:18:00,District 10,returning,,E-wallet,4,97000.0,cancelled,,,Central,3.5,9,Tue,12
G005760,2025-12-23 10:52:00,District 1,returning,,E-wallet,7,244000.0,delivered,23.6,,Central,2.1,10,Tue,12
G005761,2025-12-23 11:08:00,District 10,new,,Card,6,179000.0,delivered,33.8,,Central,3.5,11,Tue,12
G005762,2025-12-23 12:00:00,Thu Duc City,new,,E-wallet,8,252000.0,delivered,52.4,2,Outer,11.5,12,Tue,12
G005763,2025-12-23 12:45:00,Thu Duc City,returning,,E-wallet,6,210000.0,delivered,63.6,2,Outer,11.5,12,Tue,12
G005764,2025-12-23 17:05:00,Phu Nhuan,member,Silver,E-wallet,11,457000.0,delivered,40.8,3,Inner,4.0,17,Tue,12
G005765,2025-12-23 18:17:00,Binh Tan,new,,E-wallet,10,300000.0,delivered,52.5,2,Outer,10.8,18,Tue,12
G005766,2025-12-23 18:35:00,Tan Binh,member,Silver,Bank transfer,8,241000.0,delivered,38.9,,Inner,5.2,18,Tue,12
G005767,2025-12-23 18:36:00,District 7,returning,,E-wallet,5,174000.0,delivered,40.7,,Inner,7.5,18,Tue,12
G005768,2025-12-23 19:30:00,District 7,returning,,E-wallet,5,156000.0,delivered,42.7,2,Inner,7.5,19,Tue,12
G005769,2025-12-23 19:42:00,District 10,member,Silver,Cash,8,264000.0,delivered,38.6,3,Central,3.5,19,Tue,12
G005770,2025-12-23 20:31:00,District 10,returning,,Card,3,81000.0,delivered,33.0,4,Central,3.5,20,Tue,12
G005771,2025-12-23 20:41:00,District 1,new,,Cash,5,217000.0,delivered,31.7,,Central,2.1,20,Tue,12
G005772,2025-12-23 20:46:00,Thu Duc City,returning,,Bank transfer,7,231000.0,delivered,51.2,3,Outer,11.5,20,Tue,12
G005773,2025-12-23 20:58:00,Binh Thanh,returning,,E-wallet,5,119000.0,delivered,33.7,,Inner,4.6,20,Tue,12
G005774,2025-12-23 21:50:00,Thu Duc City,new,,Cash,2,62000.0,cancelled,,,Outer,11.5,21,Tue,12
G005775,2025-12-23 23:41:00,Binh Thanh,member,Platinum,Cash,6,299000.0,delivered,30.9,4,Inner,4.6,23,Tue,12
G005776,2025-12-24 10:50:00,District 7,member,Silver,Bank transfer,10,297000.0,delivered,34.1,5,Inner,7.5,10,Wed,12
G005777,2025-12-24 11:00:00,Tan Binh,member,Silver,E-wallet,10,290000.0,delivered,36.3,,Inner,5.2,11,Wed,12
G005778,2025-12-24 11:07:00,District 1,returning,,E-wallet,6,158000.0,delivered,28.2,5,Central,2.1,11,Wed,12
G005779,2025-12-24 12:26:00,Go Vap,new,,Card,6,223000.0,delivered,45.6,,Outer,7.9,12,Wed,12
G005780,2025-12-24 13:33:00,Binh Thanh,returning,,Card,9,234000.0,delivered,34.7,,Inner,4.6,13,Wed,12
G005781,2025-12-24 13:35:00,Phu Nhuan,member,Silver,E-wallet,10,270000.0,delivered,23.8,5,Inner,4.0,13,Wed,12
G005782,2025-12-24 13:52:00,Binh Thanh,new,,E-wallet,5,199000.0,delivered,30.4,5,Inner,4.6,13,Wed,12
G005783,2025-12-24 15:18:00,Binh Thanh,returning,,Bank transfer,7,177000.0,delivered,27.9,4,Inner,4.6,15,Wed,12
G005784,2025-12-24 16:45:00,District 7,returning,,E-wallet,4,114000.0,delivered,33.6,5,Inner,7.5,16,Wed,12
G005785,2025-12-24 17:36:00,District 1,returning,,Card,4,112000.0,delivered,35.3,4,Central,2.1,17,Wed,12
G005786,2025-12-24 18:05:00,District 3,new,,E-wallet,11,317000.0,delivered,33.8,5,Central,2.8,18,Wed,12
G005787,2025-12-24 18:18:00,Binh Tan,returning,,E-wallet,5,126000.0,delivered,49.4,3,Outer,10.8,18,Wed,12
G005788,2025-12-24 18:54:00,Binh Tan,returning,,Cash,6,187000.0,delivered,69.1,,Outer,10.8,18,Wed,12
G005789,2025-12-24 18:57:00,Thu Duc City,member,Gold,E-wallet,2,54000.0,delivered,51.1,4,Outer,11.5,18,Wed,12
G005790,2025-12-24 19:14:00,Go Vap,member,Platinum,E-wallet,13,574000.0,delivered,41.0,,Outer,7.9,19,Wed,12
G005791,2025-12-24 19:48:00,District 1,new,,E-wallet,6,208000.0,delivered,28.4,,Central,2.1,19,Wed,12
G005792,2025-12-24 19:51:00,District 3,member,Silver,Bank transfer,5,150000.0,delivered,29.3,5,Central,2.8,19,Wed,12
G005793,2025-12-24 20:11:00,Phu Nhuan,new,,Bank transfer,5,167000.0,delivered,38.9,,Inner,4.0,20,Wed,12
G005794,2025-12-24 20:31:00,Phu Nhuan,new,,E-wallet,4,141000.0,delivered,37.4,2,Inner,4.0,20,Wed,12
G005795,2025-12-24 20:43:00,Go Vap,new,,Cash,8,355000.0,delivered,47.1,2,Outer,7.9,20,Wed,12
G005796,2025-12-25 09:13:00,District 1,returning,,Card,8,246000.0,delivered,24.2,,Central,2.1,9,Thu,12
G005797,2025-12-25 09:47:00,District 10,member,Silver,E-wallet,10,288000.0,delivered,24.1,5,Central,3.5,9,Thu,12
G005798,2025-12-25 11:25:00,Binh Thanh,returning,,E-wallet,9,331000.0,delivered,40.7,,Inner,4.6,11,Thu,12
G005799,2025-12-25 13:25:00,District 1,member,Silver,E-wallet,8,236000.0,delivered,19.0,5,Central,2.1,13,Thu,12
G005800,2025-12-25 14:19:00,Tan Binh,returning,,E-wallet,10,315000.0,delivered,30.9,4,Inner,5.2,14,Thu,12
G005801,2025-12-25 16:59:00,Binh Thanh,member,Platinum,E-wallet,4,191000.0,delivered,30.2,,Inner,4.6,16,Thu,12
G005802,2025-12-25 17:46:00,Binh Thanh,member,Gold,Bank transfer,5,135000.0,delivered,39.3,4,Inner,4.6,17,Thu,12
G005803,2025-12-25 18:16:00,District 3,new,,E-wallet,8,342000.0,delivered,30.0,,Central,2.8,18,Thu,12
G005804,2025-12-25 18:47:00,District 7,new,,E-wallet,6,250000.0,delivered,52.4,1,Inner,7.5,18,Thu,12
G005805,2025-12-25 20:43:00,Binh Thanh,new,,Bank transfer,8,248000.0,delivered,36.8,4,Inner,4.6,20,Thu,12
G005806,2025-12-25 20:45:00,Go Vap,returning,,E-wallet,7,295000.0,delivered,46.7,,Outer,7.9,20,Thu,12
G005807,2025-12-25 22:13:00,Thu Duc City,new,,E-wallet,3,124000.0,delivered,44.4,,Outer,11.5,22,Thu,12
G005808,2025-12-25 23:43:00,District 10,member,Platinum,E-wallet,7,302000.0,delivered,22.8,4,Central,3.5,23,Thu,12
G005809,2025-12-26 10:55:00,District 1,member,Gold,Bank transfer,10,330000.0,delivered,19.1,,Central,2.1,10,Fri,12
G005810,2025-12-26 11:03:00,District 1,member,Silver,E-wallet,5,183000.0,delivered,33.3,,Central,2.1,11,Fri,12
G005811,2025-12-26 12:13:00,Thu Duc City,returning,,Card,8,236000.0,delivered,50.1,1,Outer,11.5,12,Fri,12
G005812,2025-12-26 13:00:00,Binh Thanh,new,,Bank transfer,5,136000.0,delivered,31.7,5,Inner,4.6,13,Fri,12
G005813,2025-12-26 15:05:00,Thu Duc City,returning,,Cash,8,132000.0,delivered,43.7,3,Outer,11.5,15,Fri,12
G005814,2025-12-26 15:12:00,Go Vap,returning,,E-wallet,6,191000.0,delivered,38.5,4,Outer,7.9,15,Fri,12
G005815,2025-12-26 15:47:00,Tan Binh,returning,,Cash,3,79000.0,delivered,33.4,5,Inner,5.2,15,Fri,12
G005816,2025-12-26 16:11:00,District 7,returning,,E-wallet,10,396000.0,delivered,37.3,3,Inner,7.5,16,Fri,12
G005817,2025-12-26 17:41:00,District 3,returning,,E-wallet,7,236000.0,delivered,21.9,,Central,2.8,17,Fri,12
G005818,2025-12-26 18:44:00,Go Vap,member,Platinum,Card,10,419000.0,delivered,44.1,3,Outer,7.9,18,Fri,12
G005820,2025-12-26 19:02:00,Go Vap,returning,,E-wallet,5,147000.0,delivered,41.9,3,Outer,7.9,19,Fri,12
G005819,2025-12-26 19:02:00,District 1,returning,,E-wallet,6,279000.0,delivered,31.0,,Central,2.1,19,Fri,12
G005821,2025-12-26 19:34:00,Binh Tan,member,Silver,Card,5,167000.0,delivered,48.6,,Outer,10.8,19,Fri,12
G005822,2025-12-26 20:11:00,District 7,new,,Cash,9,270000.0,delivered,42.6,1,Inner,7.5,20,Fri,12
G005824,2025-12-26 20:29:00,Go Vap,returning,,E-wallet,7,150000.0,delivered,42.9,2,Outer,7.9,20,Fri,12
G005823,2025-12-26 20:29:00,District 3,member,Platinum,E-wallet,8,273000.0,delivered,31.9,3,Central,2.8,20,Fri,12
G005825,2025-12-26 20:33:00,Binh Tan,new,,Bank transfer,7,125000.0,delivered,54.5,2,Outer,10.8,20,Fri,12
G005826,2025-12-26 20:41:00,District 1,returning,,E-wallet,7,309000.0,delivered,29.9,5,Central,2.1,20,Fri,12
G005827,2025-12-26 21:55:00,District 7,member,Gold,E-wallet,7,165000.0,delivered,40.4,,Inner,7.5,21,Fri,12
G005828,2025-12-26 23:08:00,Tan Binh,new,,E-wallet,9,198000.0,delivered,38.8,4,Inner,5.2,23,Fri,12
G005829,2025-12-27 07:21:00,Phu Nhuan,returning,,E-wallet,9,283000.0,delivered,33.4,3,Inner,4.0,7,Sat,12
G005830,2025-12-27 08:26:00,Go Vap,member,Silver,E-wallet,7,303000.0,delivered,37.9,4,Outer,7.9,8,Sat,12
G005831,2025-12-27 10:09:00,District 10,new,,Bank transfer,8,224000.0,delivered,30.1,,Central,3.5,10,Sat,12
G005832,2025-12-27 10:38:00,District 1,member,Gold,E-wallet,8,308000.0,delivered,27.3,,Central,2.1,10,Sat,12
G005833,2025-12-27 10:48:00,District 10,member,Silver,E-wallet,7,201000.0,delivered,23.1,5,Central,3.5,10,Sat,12
G005834,2025-12-27 11:41:00,Binh Thanh,returning,,E-wallet,9,258000.0,delivered,42.3,,Inner,4.6,11,Sat,12
G005835,2025-12-27 13:31:00,District 1,returning,,E-wallet,10,275000.0,delivered,18.7,5,Central,2.1,13,Sat,12
G005836,2025-12-27 13:38:00,Binh Tan,new,,E-wallet,10,258000.0,delivered,42.8,3,Outer,10.8,13,Sat,12
G005837,2025-12-27 15:52:00,District 7,member,Silver,Card,7,236000.0,delivered,40.0,,Inner,7.5,15,Sat,12
G005838,2025-12-27 17:19:00,District 10,member,Silver,E-wallet,8,347000.0,delivered,22.5,,Central,3.5,17,Sat,12
G005839,2025-12-27 18:02:00,District 10,member,Gold,Cash,10,337000.0,delivered,36.8,3,Central,3.5,18,Sat,12
G005840,2025-12-27 18:03:00,Go Vap,returning,,Cash,11,394000.0,delivered,48.0,2,Outer,7.9,18,Sat,12
G005841,2025-12-27 18:52:00,Binh Thanh,member,Gold,Card,10,435000.0,delivered,35.2,,Inner,4.6,18,Sat,12
G005842,2025-12-27 19:20:00,District 7,new,,Cash,10,346000.0,delivered,46.6,2,Inner,7.5,19,Sat,12
G005843,2025-12-28 06:09:00,Thu Duc City,member,Silver,Cash,4,108000.0,delivered,46.0,2,Outer,11.5,6,Sun,12
G005844,2025-12-28 10:55:00,Go Vap,returning,,E-wallet,9,332000.0,delivered,41.8,3,Outer,7.9,10,Sun,12
G005845,2025-12-28 11:05:00,Go Vap,returning,,E-wallet,7,164000.0,delivered,45.7,3,Outer,7.9,11,Sun,12
G005846,2025-12-28 11:13:00,Binh Thanh,returning,,E-wallet,5,135000.0,delivered,38.7,4,Inner,4.6,11,Sun,12
G005847,2025-12-28 11:42:00,Binh Thanh,returning,,Bank transfer,6,185000.0,delivered,34.7,,Inner,4.6,11,Sun,12
G005848,2025-12-28 12:36:00,Thu Duc City,returning,,E-wallet,9,282000.0,delivered,59.4,,Outer,11.5,12,Sun,12
G005849,2025-12-28 12:51:00,Binh Thanh,new,,E-wallet,7,272000.0,delivered,47.4,,Inner,4.6,12,Sun,12
G005850,2025-12-28 13:18:00,Go Vap,member,Silver,E-wallet,10,389000.0,delivered,33.8,4,Outer,7.9,13,Sun,12
G005851,2025-12-28 13:42:00,Binh Thanh,returning,,E-wallet,9,127000.0,delivered,26.1,,Inner,4.6,13,Sun,12
G005852,2025-12-28 15:02:00,Thu Duc City,returning,,Card,7,232000.0,delivered,54.5,,Outer,11.5,15,Sun,12
G005853,2025-12-28 18:02:00,Binh Tan,returning,,E-wallet,10,378000.0,delivered,48.3,2,Outer,10.8,18,Sun,12
G005854,2025-12-28 18:15:00,Binh Tan,new,,E-wallet,13,347000.0,delivered,54.2,,Outer,10.8,18,Sun,12
G005855,2025-12-28 18:45:00,District 10,new,,E-wallet,12,493000.0,delivered,36.4,2,Central,3.5,18,Sun,12
G005856,2025-12-28 19:28:00,District 10,member,Silver,Bank transfer,13,542000.0,cancelled,,,Central,3.5,19,Sun,12
G005857,2025-12-28 19:53:00,District 10,returning,,E-wallet,17,517000.0,delivered,36.7,3,Central,3.5,19,Sun,12
G005858,2025-12-28 19:54:00,Thu Duc City,returning,,E-wallet,15,581000.0,delivered,59.0,3,Outer,11.5,19,Sun,12
G005859,2025-12-28 19:57:00,District 3,new,,E-wallet,13,387000.0,delivered,28.1,4,Central,2.8,19,Sun,12
G005860,2025-12-28 20:14:00,Binh Thanh,new,,Bank transfer,7,128000.0,delivered,36.5,,Inner,4.6,20,Sun,12
G005861,2025-12-28 20:28:00,Thu Duc City,member,Gold,Cash,11,531000.0,delivered,57.3,,Outer,11.5,20,Sun,12
G005862,2025-12-28 20:56:00,Binh Thanh,member,Gold,Cash,12,181000.0,delivered,34.5,3,Inner,4.6,20,Sun,12
G005863,2025-12-28 21:08:00,District 7,new,,Cash,13,269000.0,delivered,40.3,,Inner,7.5,21,Sun,12
G005864,2025-12-29 09:58:00,Phu Nhuan,returning,,E-wallet,4,100000.0,delivered,25.5,5,Inner,4.0,9,Mon,12
G005865,2025-12-29 12:25:00,Phu Nhuan,returning,,E-wallet,7,239000.0,delivered,34.6,5,Inner,4.0,12,Mon,12
G005866,2025-12-29 12:37:00,Go Vap,member,Platinum,E-wallet,8,273000.0,delivered,44.8,,Outer,7.9,12,Mon,12
G005867,2025-12-29 13:26:00,Tan Binh,returning,,E-wallet,9,367000.0,delivered,37.7,3,Inner,5.2,13,Mon,12
G005868,2025-12-29 13:55:00,Binh Tan,returning,,E-wallet,5,142000.0,delivered,48.1,,Outer,10.8,13,Mon,12
G005869,2025-12-29 14:59:00,Binh Thanh,member,Silver,E-wallet,11,432000.0,delivered,29.8,5,Inner,4.6,14,Mon,12
G005870,2025-12-29 15:28:00,District 7,returning,,E-wallet,9,293000.0,delivered,43.4,4,Inner,7.5,15,Mon,12
G005871,2025-12-29 18:04:00,Binh Tan,new,,E-wallet,5,125000.0,delivered,52.5,,Outer,10.8,18,Mon,12
G005872,2025-12-29 19:08:00,District 7,returning,,Cash,6,249000.0,delivered,45.0,,Inner,7.5,19,Mon,12
G005873,2025-12-29 19:45:00,Go Vap,member,Silver,Card,8,209000.0,delivered,48.4,,Outer,7.9,19,Mon,12
G005874,2025-12-29 20:29:00,Go Vap,returning,,Bank transfer,8,385000.0,delivered,51.9,2,Outer,7.9,20,Mon,12
G005875,2025-12-29 21:02:00,District 1,returning,,Card,5,128000.0,delivered,26.4,5,Central,2.1,21,Mon,12
G005876,2025-12-29 21:16:00,Thu Duc City,new,,E-wallet,7,178000.0,delivered,48.8,1,Outer,11.5,21,Mon,12
G005877,2025-12-29 21:26:00,Binh Tan,new,,E-wallet,4,124000.0,delivered,41.3,,Outer,10.8,21,Mon,12
G005878,2025-12-29 21:39:00,Thu Duc City,returning,,E-wallet,12,420000.0,delivered,42.5,2,Outer,11.5,21,Mon,12
G005879,2025-12-29 21:42:00,District 7,member,Gold,E-wallet,5,204000.0,delivered,38.0,3,Inner,7.5,21,Mon,12
G005880,2025-12-29 22:40:00,District 10,returning,,Card,3,84000.0,delivered,30.3,,Central,3.5,22,Mon,12
G005881,2025-12-29 22:42:00,District 7,returning,,E-wallet,7,202000.0,delivered,34.7,5,Inner,7.5,22,Mon,12
G005882,2025-12-30 11:02:00,Binh Thanh,returning,,E-wallet,5,141000.0,delivered,40.8,3,Inner,4.6,11,Tue,12
G005883,2025-12-30 14:55:00,Tan Binh,member,Gold,Cash,9,290000.0,delivered,30.0,,Inner,5.2,14,Tue,12
G005884,2025-12-30 18:18:00,District 1,returning,,E-wallet,6,154000.0,delivered,35.8,4,Central,2.1,18,Tue,12
G005885,2025-12-30 19:39:00,District 10,returning,,Cash,6,186000.0,delivered,31.1,5,Central,3.5,19,Tue,12
G005886,2025-12-30 19:41:00,Binh Tan,new,,E-wallet,8,149000.0,delivered,52.7,2,Outer,10.8,19,Tue,12
G005887,2025-12-30 20:26:00,Thu Duc City,returning,,E-wallet,5,154000.0,delivered,51.4,1,Outer,11.5,20,Tue,12
G005888,2025-12-30 21:04:00,District 10,new,,Bank transfer,8,258000.0,delivered,24.2,5,Central,3.5,21,Tue,12
G005889,2025-12-30 21:41:00,District 10,new,,Bank transfer,8,228000.0,delivered,30.5,4,Central,3.5,21,Tue,12
G005890,2025-12-30 22:14:00,Thu Duc City,member,Silver,Card,6,232000.0,delivered,43.6,3,Outer,11.5,22,Tue,12
G005891,2025-12-30 23:46:00,Thu Duc City,returning,,E-wallet,8,236000.0,delivered,55.7,,Outer,11.5,23,Tue,12
G005892,2025-12-30 23:56:00,Thu Duc City,returning,,E-wallet,3,95000.0,delivered,45.8,3,Outer,11.5,23,Tue,12
G005893,2025-12-31 08:54:00,Binh Tan,member,Silver,E-wallet,7,176000.0,delivered,44.6,1,Outer,10.8,8,Wed,12
G005894,2025-12-31 09:38:00,Go Vap,returning,,E-wallet,8,168000.0,delivered,41.1,4,Outer,7.9,9,Wed,12
G005895,2025-12-31 09:44:00,District 7,member,Silver,Bank transfer,7,182000.0,delivered,34.5,,Inner,7.5,9,Wed,12
G005896,2025-12-31 10:27:00,Tan Binh,member,Gold,Card,7,211000.0,delivered,34.3,5,Inner,5.2,10,Wed,12
G005897,2025-12-31 10:34:00,District 3,returning,,Card,12,576000.0,delivered,29.1,5,Central,2.8,10,Wed,12
G005898,2025-12-31 10:48:00,District 10,member,Silver,Bank transfer,11,364000.0,delivered,25.3,,Central,3.5,10,Wed,12
G005899,2025-12-31 11:35:00,District 1,member,Silver,E-wallet,6,188000.0,delivered,28.8,5,Central,2.1,11,Wed,12
G005900,2025-12-31 11:56:00,District 3,member,Silver,Card,7,226000.0,delivered,31.4,4,Central,2.8,11,Wed,12
G005901,2025-12-31 13:20:00,Phu Nhuan,returning,,Bank transfer,2,72000.0,delivered,34.2,,Inner,4.0,13,Wed,12
G005902,2025-12-31 14:31:00,District 7,member,Silver,Cash,6,216000.0,delivered,34.1,4,Inner,7.5,14,Wed,12
G005903,2025-12-31 14:51:00,District 7,new,,E-wallet,5,157000.0,delivered,37.0,5,Inner,7.5,14,Wed,12
G005904,2025-12-31 15:42:00,Binh Tan,new,,Cash,8,303000.0,delivered,43.1,,Outer,10.8,15,Wed,12
G005905,2025-12-31 17:45:00,Phu Nhuan,member,Silver,E-wallet,4,115000.0,delivered,48.0,3,Inner,4.0,17,Wed,12
G005906,2025-12-31 17:49:00,Binh Thanh,member,Silver,Cash,9,177000.0,delivered,26.6,,Inner,4.6,17,Wed,12
G005907,2025-12-31 18:13:00,District 7,returning,,E-wallet,6,199000.0,delivered,50.0,,Inner,7.5,18,Wed,12
G005908,2025-12-31 18:38:00,Phu Nhuan,member,Platinum,Card,7,333000.0,delivered,31.8,4,Inner,4.0,18,Wed,12
G005909,2025-12-31 18:40:00,District 7,member,Silver,E-wallet,10,298000.0,delivered,45.1,2,Inner,7.5,18,Wed,12
G005910,2025-12-31 19:04:00,District 7,new,,E-wallet,9,233000.0,delivered,47.8,,Inner,7.5,19,Wed,12
G005911,2025-12-31 19:50:00,Binh Thanh,member,Gold,E-wallet,7,248000.0,delivered,33.4,,Inner,4.6,19,Wed,12
G005912,2025-12-31 20:13:00,District 1,new,,E-wallet,7,259000.0,delivered,27.1,5,Central,2.1,20,Wed,12
G005913,2025-12-31 20:38:00,Binh Tan,returning,,E-wallet,7,200000.0,delivered,54.2,3,Outer,10.8,20,Wed,12
