order_id,order_time,district,customer_type,member_tier,payment,items,basket_value_vnd,status,delivery_min,rating
G001915,01/05/2025 20:30,District 1,member,Silver,Card,6,"140,000",delivered,36.1,4.0
G000013,02/01/2025 11:37,Binh Tan,returning,,E-wallet,6,"208,000",delivered,53.8,2.0
G001410,02/04/2025 11:15,District 10,member,Gold,Bank transfer,6,"202,000",delivered,32.7,3.0
G002466,02/06/2025 22:27,Binh Tan,returning,,E-wallet,6,"191,000",delivered,46.1,3.0
G004456,02/10/2025 21:33,Go Vap,returning,,Cash,11,"468,000",delivered,34.3,4.0
G002964,03/07/2025 18:43,Thu Duc City,returning,,Card,2,"77,000",delivered,62.3,2.0
G005444,03/12/2025 18:15,Tan Binh,new,,Card,11,"337,000",delivered,36.8,3.0
G000932,04/03/2025 18:30,District 10,new,,Cash,4,"81,000",delivered,38.3,
G005469,05/12/2025 16:57,Go Vap,member,Platinum,E-wallet,12,"394,000",delivered,38.4,3.0
G005479,05/12/2025 22:33,District 10,member,Silver,E-wallet,5,"191,000",delivered,23.0,
G000959,06/03/2025 16:35,Tan Binh,new,,E-wallet,11,"328,000",delivered,31.9,4.0
G001491,07/04/2025 14:07,District 7,returning,,E-wallet,9,,delivered,34.2,3.0
G003508,07/08/2025 14:17,District 1,returning,,E-wallet,6,"189,000",delivered,19.7,5.0
G005504,07/12/2025 12:29,District 3,member,Silver,E-wallet,11,"333,000",delivered,35.7,4.0
G004054,08/09/2025 15:15,Tan Binh,returning,,Bank transfer,7,"224,000",delivered,32.9,
G002558,09/06/2025 15:53,Thu Duc City,returning,,Card,10,"318,000",delivered,53.5,3.0
G001041,10/03/2025 20:40,Binh Thanh,returning,,Bank transfer,7,"225,000",delivered,34.0,4.0
G002067,10/05/2025 13:55,Thu Duc City,new,,Cash,7,"308,000",delivered,48.2,
G002573,10/06/2025 15:12,Binh Thanh,new,,Cash,6,"244,000",delivered,29.1,3.0
G001558,11/04/2025 20:14,Binh Thanh,new,,Cash,6,"120,000",delivered,34.3,
G002087,11/05/2025 17:37,Thu Duc City,returning,,Bank transfer,12,"473,000",delivered,43.5,3.0
G000616,13/02/2025 18:17,Binh Thanh,member,Platinum,Cash,4,"216,000",delivered,37.6,2.0
G004143,13/09/2025 21:46,District 3,returning,,Cash,9,"265,000",delivered,21.6,5.0
G003133,14/07/2025 19:51,Thu Duc City,returning,,Bank transfer,11,"340,000",delivered,58.3,
G005649,15/12/2025 12:18,District 1,new,,E-wallet,9,"331,000",delivered,27.9,4.0
G002166,16/05/2025 17:29,District 3,returning,,E-wallet,5,"164,000",delivered,23.6,3.0
G001676,17/04/2025 20:32,Binh Thanh,member,Platinum,Bank transfer,5,"257,000",delivered,33.5,3.0
G001154,18/03/2025 14:21,District 7,new,,E-wallet,7,"191,000",delivered,36.4,4.0
G002196,18/05/2025 17:14,District 1,returning,,Bank transfer,7,"199,000",delivered,18.4,
G005697,18/12/2025 12:33,Quận 7,returning,,Card,9,"373,000",delivered,48.8,4.0
G000315,20/01/2025 19:45,District 3,new,,Bank transfer,5,"182,000",delivered,29.7,5.0
G000001,2025-01-01 11:48,Thu Duc City,member,Silver,Cash,8,"178,000",delivered,59.5,2.0
G000002,2025-01-01 12:29,Quận 7,returning,,Card,8,"336,000",delivered,44.9,
G000003,2025-01-01 13:46,Phu Nhuan,returning,,Card,13,"191,000",delivered,25.5,4.0
G000004,2025-01-01 15:30,Go Vap,member,Gold,Card,9,"434,000",delivered,34.8,4.0
G000005,2025-01-01 17:01,Thu Duc City,member,Silver,Card,6,"160,000",delivered,44.9,
G000006,2025-01-01 19:30,Binh Thanh,new,,Card,7,"229,000",delivered,46.7,3.0
G000007,2025-01-01 19:59,District 3,returning,,Card,1,"31,000",delivered,29.3,5.0
G000008,2025-01-01 20:09,District 7,member,Silver,Bank transfer,9,"379,000",delivered,44.8,3.0
G000009,2025-01-01 23:12,Tan Binh,returning,,Cash,9,"301,000",delivered,34.3,4.0
G000010,2025-01-02 08:01,Thu Duc City,returning,,E-wallet,7,"191,000",delivered,49.3,
G000011,2025-01-02 09:34,district 1,returning,,Cash,6,"146,000",delivered,20.2,5.0
G000012,2025-01-02 10:52,District 1,member,Silver,E-wallet,9,"353,000",delivered,22.4,5.0
G000014,2025-01-02 12:56,Q7,member,Silver,Bank transfer,3,"103,000",delivered,46.1,
G000015,2025-01-02 13:04,Thu Duc City,new,,E-wallet,9,"387,000",delivered,42.6,3.0
G000016,2025-01-02 13:57,Binh Thanh,new,,E-wallet,7,"204,000",delivered,27.8,4.0
G000017,2025-01-02 16:40,Thu Duc City,returning,,E-wallet,9,"127,000",delivered,46.4,
G000018,2025-01-02 17:25,District 3,new,,Cash,10,"387,000",delivered,23.9,
G000019,2025-01-02 17:56,Tan Binh,returning,,Bank transfer,11,"324,000",delivered,28.5,
G000020,2025-01-02 21:28,Binh Thanh,new,,Cash,5,"129,000",delivered,25.1,5.0
G000021,2025-01-02 21:30,District 10,member,Gold,Card,10,"294,000",delivered,21.4,5.0
G000022,2025-01-02 22:13,Phu Nhuan,member,Gold,Cash,3,"115,000",delivered,31.9,4.0
G000023,2025-01-03 07:53,Go Vap,member,Gold,Cash,4,"138,000",delivered,33.5,4.0
G000024,2025-01-03 08:29,Tan Binh,member,Gold,Cash,7,"188,000",delivered,29.1,5.0
G000025,2025-01-03 08:38,Binh Tan,new,,Card,9,"251,000",delivered,44.1,3.0
G000026,2025-01-03 08:40,Binh Tan,new,,Bank transfer,4,"139,000",delivered,42.8,3.0
G000027,2025-01-03 10:01,Binh Tan,returning,,Card,5,"144,000",delivered,41.8,2.0
G000028,2025-01-03 10:18,District 3,returning,,Card,7,"161,000",delivered,25.6,3.0
G000029,2025-01-03 11:21,District 1,returning,,Bank transfer,7,"274,000",delivered,27.4,4.0
G000030,2025-01-03 12:42,Phu Nhuan,member,Gold,Card,7,"246,000",delivered,33.9,3.0
G000031,2025-01-03 12:45,Phu Nhuan,new,,Bank transfer,8,"277,000",delivered,40.0,4.0
G000032,2025-01-03 13:29,Phu Nhuan,returning,,Bank transfer,5,"131,000",delivered,24.3,5.0
G000033,2025-01-03 13:38,District 3,returning,,Cash,5,"197,000",delivered,23.4,
G000034,2025-01-03 18:07,Thu Duc City,returning,,Card,7,"152,000",delivered,52.8,
G000035,2025-01-03 18:54,Phu Nhuan,member,Gold,E-wallet,8,"222,000",delivered,39.4,4.0
G000036,2025-01-04 09:30,District 3,returning,,Cash,5,"169,000",delivered,21.3,4.0
G000037,2025-01-04 09:45,District 1,returning,,Cash,11,"363,000",delivered,24.2,4.0
G000038,2025-01-04 10:14,Binh Thanh,returning,,E-wallet,8,"281,000",delivered,34.1,
G000039,2025-01-04 10:25,District 1,returning,,Bank transfer,9,"242,000",delivered,19.8,
G000040,2025-01-04 11:57,Binh Tan,returning,,Cash,13,"408,000",delivered,49.9,
G000041,2025-01-04 12:10,Tan Binh,returning,,Cash,12,"431,000",delivered,49.8,
G000042,2025-01-04 12:21,District 3,returning,,Cash,10,"324,000",delivered,33.8,5.0
G000043,2025-01-04 15:07,District 10,returning,,E-wallet,7,"211,000",delivered,22.8,5.0
G000044,2025-01-04 15:20,Binh Thanh,new,,Bank transfer,8,"295,000",delivered,25.5,5.0
G000045,2025-01-04 15:38,Go Vap ,new,,Card,11,"324,000",delivered,37.1,4.0
G000046,2025-01-04 15:52,District 1,new,,Bank transfer,6,"242,000",delivered,26.5,5.0
G000047,2025-01-04 16:44,Go Vap,returning,,Card,9,"239,000",delivered,38.3,4.0
G000047,2025-01-04 16:44,Go Vap,returning,,Card,9,"239,000",delivered,38.3,4.0
G000048,2025-01-04 16:47,Thu Duc City,returning,,Cash,3,"76,000",delivered,45.0,
G000049,2025-01-04 18:20,District 1,returning,,Cash,10,"308,000",delivered,34.7,4.0
G000049,2025-01-04 18:20,District 1,returning,,Cash,10,"308,000",delivered,34.7,4.0
G000050,2025-01-04 18:36,Phu Nhuan,returning,,Bank transfer,8,"229,000",delivered,36.4,
G000051,2025-01-04 19:22,Tan Binh,returning,,Cash,14,"625,000",delivered,42.1,3.0
G000052,2025-01-04 19:38,District 3,member,Silver,Cash,8,"270,000",delivered,36.0,
G000053,2025-01-04 19:47,Tan Binh,member,Silver,Card,9,"292,000",delivered,41.8,4.0
G000054,2025-01-04 21:17,Binh Tan,new,,Cash,12,"284,000",delivered,50.1,3.0
G000055,2025-01-05 07:17,Tan Binh,new,,E-wallet,11,"350,000",delivered,31.0,
G000056,2025-01-05 08:01,Go Vap,new,,E-wallet,12,"399,000",delivered,34.5,2.0
G000057,2025-01-05 08:35,Tan Binh,new,,E-wallet,15,"534,000",delivered,28.6,
G000058,2025-01-05 08:36,Q7,member,Silver,Cash,9,"360,000",delivered,32.7,
G000059,2025-01-05 10:40,Binh Tan,returning,,Bank transfer,9,"205,000",delivered,51.3,2.0
G000060,2025-01-05 10:43,Binh Tan,new,,Cash,13,"421,000",delivered,45.8,4.0
G000061,2025-01-05 11:29,District 10,member,Silver,Bank transfer,13,"425,000",delivered,34.0,4.0
G000062,2025-01-05 12:05,District 1,new,,E-wallet,8,"335,000",delivered,29.6,5.0
G000063,2025-01-05 13:51,Thu Duc City,returning,,Cash,16,"596,000",delivered,45.2,3.0
G000064,2025-01-05 15:44,District 7,member,Gold,Cash,13,"324,000",delivered,39.0,4.0
G000065,2025-01-05 15:48,Tan Binh,returning,,E-wallet,9,"248,000",delivered,31.5,
G000066,2025-01-05 16:06,Binh Tan,returning,,E-wallet,3,"110,000",delivered,42.5,3.0
G000067,2025-01-05 16:56,Go Vap,returning,,Cash,8,"212,000",delivered,46.0,
G000068,2025-01-05 17:04,District 3,member,Gold,E-wallet,8,"339,000",delivered,21.8,5.0
G000069,2025-01-05 18:15,District 10,member,Gold,E-wallet,5,"168,000",delivered,32.4,
G000070,2025-01-05 19:09,Binh Thanh,member,Platinum,Card,8,"360,000",delivered,42.6,
G000071,2025-01-05 19:26,Thu Duc City,member,Gold,Cash,14,"502,000",delivered,56.9,
G000072,2025-01-05 19:37,Phu Nhuan,returning,,E-wallet,11,"423,000",delivered,53.6,1.0
G000073,2025-01-05 19:38,Thu Duc City,new,,Card,10,"210,000",delivered,52.7,3.0
G000074,2025-01-05 20:04,District 7,member,Silver,Card,18,"582,000",delivered,43.4,3.0
G000075,2025-01-05 20:47,Thu Duc City,new,,Cash,13,"335,000",delivered,52.4,
G000076,2025-01-05 21:14,District 7,returning,,Cash,9,"328,000",delivered,34.8,
G000077,2025-01-05 22:40,Phu Nhuan,returning,,Card,14,"522,000",delivered,26.4,
G000078,2025-01-06 07:14,Thu Duc City,member,Gold,Bank transfer,5,"140,000",delivered,44.0,3.0
G000079,2025-01-06 08:51,District 1,returning,,Cash,8,"322,000",delivered,23.6,5.0
G000080,2025-01-06 11:44,District 3,returning,,Bank transfer,9,"311,000",delivered,28.3,5.0
G000081,2025-01-06 11:45,Binh Thanh,returning,,E-wallet,6,"138,000",delivered,35.1,
G000082,2025-01-06 12:14,District 1,returning,,Bank transfer,4,"114,000",delivered,34.5,
G000083,2025-01-06 12:36,Binh Thanh,returning,,E-wallet,6,"202,000",delivered,34.4,5.0
G000084,2025-01-06 13:13,District 10,member,Platinum,Cash,8,"339,000",delivered,27.6,5.0
G000085,2025-01-06 14:27,District 1,returning,,Bank transfer,7,"216,000",delivered,21.2,4.0
G000086,2025-01-06 16:05,Tan Binh,returning,,Cash,13,"315,000",delivered,28.4,
G000087,2025-01-06 16:41,Phu Nhuan,member,Platinum,Bank transfer,9,"360,000",delivered,35.9,4.0
G000088,2025-01-06 17:30,District 1,member,Silver,Cash,7,"168,000",delivered,23.3,
G000089,2025-01-06 18:24,Tan Binh,member,Platinum,E-wallet,7,"260,000",delivered,34.0,4.0
G000090,2025-01-06 19:56,TP Thu Duc,new,,Cash,8,"268,000",delivered,54.3,2.0
G000091,2025-01-06 20:01,Binh Thanh,returning,,Cash,2,"54,000",delivered,40.3,
G000092,2025-01-06 20:30,Thu Duc City,member,Silver,Card,11,"436,000",delivered,62.2,2.0
G000093,2025-01-06 21:37,Binh Tan,returning,,E-wallet,7,"267,000",delivered,43.1,2.0
G000094,2025-01-06 22:38,Go Vap,new,,Cash,6,"227,000",delivered,39.1,
G000095,2025-01-07 09:41,District 7,new,,Cash,5,"192,000",delivered,34.1,5.0
G000096,2025-01-07 10:40,District 7,returning,,E-wallet,10,"314,000",delivered,35.0,
G000096,2025-01-07 10:40,District 7,returning,,E-wallet,10,"314,000",delivered,35.0,
G000097,2025-01-07 12:09,Binh Thanh,new,,Bank transfer,7,"249,000",delivered,41.9,3.0
G000098,2025-01-07 14:54,District 3,member,Silver,E-wallet,8,"175,000",delivered,25.6,
G000099,2025-01-07 14:55,Binh Thanh,returning,,Card,7,"239,000",delivered,29.0,5.0
G000100,2025-01-07 16:18,Tan Binh,member,Silver,E-wallet,6,"160,000",delivered,27.9,
G000101,2025-01-07 16:24,District 7,new,,Cash,12,"410,000",delivered,36.4,4.0
G000102,2025-01-07 17:19,Thu Duc City,new,,Bank transfer,12,"280,000",delivered,46.7,4.0
G000103,2025-01-07 18:00,Binh Thanh,new,,Cash,7,"208,000",delivered,45.7,2.0
G000104,2025-01-07 18:13,District 3,new,,E-wallet,7,"238,000",delivered,35.1,4.0
G000105,2025-01-07 18:22,Go Vap,member,Silver,E-wallet,7,"222,000",delivered,47.7,2.0
G000106,2025-01-07 19:05,District 10,returning,,Cash,9,"210,000",delivered,36.6,
G000107,2025-01-07 20:41,Tan Binh,new,,E-wallet,7,"185,000",delivered,36.1,4.0
G000108,2025-01-08 07:36,District 10,member,Silver,Cash,9,"225,000",delivered,28.0,
G000109,2025-01-08 09:20,Thu Duc City,member,Silver,Card,3,"98,000",delivered,47.4,
G000110,2025-01-08 11:54,District 7,new,,Card,5,"199,000",delivered,44.1,5.0
G000111,2025-01-08 11:55,Quận 7,member,Silver,Bank transfer,5,"149,000",delivered,43.0,
G000112,2025-01-08 12:20,Thu Duc City,new,,Cash,7,"172,000",delivered,51.6,2.0
G000113,2025-01-08 15:34,Quận 1,new,,Bank transfer,7,"208,000",delivered,19.4,5.0
G000114,2025-01-08 16:12,Binh Tan,member,Gold,E-wallet,10,"232,000",delivered,41.1,
G000115,2025-01-08 17:07,District 3,member,Gold,Cash,2,"49,000",delivered,24.0,4.0
G000116,2025-01-08 17:13,District 7,returning,,E-wallet,6,"194,000",delivered,34.5,4.0
G000117,2025-01-08 17:22,Go Vap,returning,,Cash,8,"330,000",delivered,35.1,3.0
G000118,2025-01-08 17:49,Thu Duc,returning,,Card,7,"260,000",delivered,45.6,2.0
G000119,2025-01-08 18:13,Tan Binh,member,Silver,Card,5,"184,000",delivered,34.8,
G000120,2025-01-08 19:00,Thu Duc City,new,,Cash,6,"227,000",delivered,54.2,2.0
G000121,2025-01-08 19:26,Binh Tan,new,,E-wallet,3,"61,000",delivered,51.3,
G000122,2025-01-08 19:51,District 1,new,,Bank transfer,6,"264,000",delivered,32.5,4.0
G000123,2025-01-08 20:47,Thu Duc City,member,Silver,Cash,6,"213,000",delivered,53.6,1.0
G000124,2025-01-08 21:12,Tan Binh,returning,,Card,8,"184,000",delivered,29.8,2.0
G000125,2025-01-08 21:17,Binh Thanh,member,Silver,Bank transfer,6,"232,000",delivered,26.2,5.0
G000126,2025-01-08 21:22,District 7,new,,Cash,6,"118,000",delivered,41.6,3.0
G000127,2025-01-08 22:26,District 7,returning,,Cash,8,"290,000",delivered,44.1,3.0
G000128,2025-01-09 07:33,Tan Binh,new,,Cash,4,"143,000",delivered,27.3,
G000129,2025-01-09 07:34,Phu Nhuan,returning,,Cash,7,"219,000",delivered,26.6,
G000130,2025-01-09 08:39,Thu Duc City,new,,Cash,6,"168,000",delivered,45.0,
G000131,2025-01-09 09:40,District 1,member,Gold,Bank transfer,11,"311,000",delivered,21.9,
G000132,2025-01-09 10:25,Thu Duc City,returning,,Bank transfer,6,"185,000",delivered,58.2,2.0
G000133,2025-01-09 11:17,District 1,new,,E-wallet,3,"91,000",delivered,34.9,5.0
G000134,2025-01-09 11:53,District 1,new,,Card,5,"145,000",delivered,26.2,5.0
G000135,2025-01-09 13:35,District 1,new,,Cash,6,"204,000",delivered,32.7,
G000136,2025-01-09 17:11,District 3,new,,E-wallet,3,"134,000",delivered,26.9,4.0
G000137,2025-01-09 17:12,Thu Duc City,new,,E-wallet,5,"159,000",delivered,43.7,
G000138,2025-01-09 17:12,Go Vap,returning,,Cash,8,"300,000",delivered,33.2,5.0
G000139,2025-01-09 17:17,District 1,returning,,E-wallet,6,"210,000",delivered,23.9,5.0
G000140,2025-01-09 17:59,Binh Thanh,returning,,E-wallet,7,"266,000",delivered,35.3,
G000141,2025-01-09 18:18,Phu Nhuan,returning,,Cash,6,"101,000",delivered,33.2,4.0
G000142,2025-01-09 19:22,District 10,member,Gold,E-wallet,11,"397,000",delivered,32.0,5.0
G000143,2025-01-09 19:45,Binh Thanh,member,Silver,Cash,7,"321,000",delivered,43.8,3.0
G000144,2025-01-09 21:03,District 3,member,Silver,Bank transfer,9,"373,000",delivered,23.3,5.0
G000145,2025-01-09 22:51,Tan Binh,new,,E-wallet,7,"191,000",cancelled,,
G000146,2025-01-10 09:31,Binh Tan,new,,E-wallet,11,"265,000",cancelled,,
G000147,2025-01-10 09:45,Phu Nhuan,returning,,Cash,4,"157,000",delivered,40.2,
G000148,2025-01-10 10:30,Go Vap,member,Gold,E-wallet,7,"214,000",delivered,37.2,
G000149,2025-01-10 11:19,Phu Nhuan,member,Silver,Card,5,"204,000",delivered,34.1,
G000150,2025-01-10 11:28,District 1,member,Silver,Cash,10,"379,000",delivered,33.7,4.0
G000151,2025-01-10 11:59,District 7,member,Gold,Cash,8,"214,000",delivered,42.7,2.0
G000152,2025-01-10 12:03,District 10,returning,,ewallet,3,"96,000",delivered,37.4,
G000153,2025-01-10 13:43,Thu Duc City,member,Gold,Bank transfer,3,"99,000",delivered,45.6,3.0
G000154,2025-01-10 14:44,Binh Thanh,new,,Cash,7,"243,000",delivered,29.9,5.0
G000155,2025-01-10 14:54,Binh Tan,new,,Bank transfer,7,"246,000",delivered,45.1,
G000156,2025-01-10 15:18,Thu Duc City,member,Platinum,Cash,7,"279,000",delivered,50.7,1.0
G000157,2025-01-10 17:50,Tan Binh,new,,E-wallet,7,"179,000",delivered,27.2,5.0
G000158,2025-01-10 18:10,Tan Binh,new,,Card,7,"205,000",delivered,39.0,
G000159,2025-01-10 18:37,District 1,member,Gold,Cash,6,"180,000",delivered,30.2,5.0
G000160,2025-01-10 18:47,Thu Duc City,returning,,Card,7,"281,000",delivered,55.6,2.0
G000161,2025-01-10 20:02,Go Vap,member,Platinum,Cash,7,"378,000",delivered,48.1,3.0
G000162,2025-01-10 21:11,District 3,member,Silver,Cash,6,"142,000",delivered,30.2,
G000163,2025-01-10 21:37,Tan Binh,new,,Cash,7,"145,000",delivered,27.9,5.0
G000164,2025-01-10 23:08,Thu Duc City,new,,Cash,5,"130,000",delivered,42.2,
G000165,2025-01-10 23:41,District 3,member,Silver,E-wallet,10,"391,000",delivered,22.0,4.0
G000166,2025-01-11 07:19,Tan Binh,returning,,Cash,8,"170,000",cancelled,,
G000167,2025-01-11 11:26,Phu Nhuan,member,Gold,E-wallet,15,"613,000",delivered,34.8,4.0
G000168,2025-01-11 11:26,District 10,returning,,Bank transfer,16,"702,000",delivered,29.8,
G000169,2025-01-11 12:57,Tan Binh,returning,,Card,9,"276,000",delivered,36.5,3.0
G000170,2025-01-11 13:35,Tan Binh,member,Silver,Bank transfer,11,"493,000",cancelled,,
G000171,2025-01-11 15:01,Binh Thanh,returning,,Cash,7,"159,000",delivered,28.9,
G000172,2025-01-11 15:02,Thu Duc City,new,,Cash,13,"552,000",delivered,48.0,2.0
G000173,2025-01-11 15:12,Tan Binh,returning,,E-wallet,10,"286,000",delivered,31.2,5.0
G000174,2025-01-11 15:40,Tan Binh,new,,Cash,10,"364,000",delivered,32.3,5.0
G000175,2025-01-11 16:03,Binh Thanh,member,Silver,Bank transfer,16,"616,000",delivered,30.6,5.0
G000176,2025-01-11 16:55,District 7,new,,Cash,11,"326,000",delivered,38.5,
G000177,2025-01-11 17:22,Go Vap,returning,,E-wallet,11,"367,000",delivered,38.5,4.0
G000178,2025-01-11 18:02,Binh Thanh,returning,,E-wallet,8,"249,000",delivered,35.5,4.0
G000179,2025-01-11 18:04,Binh Tan,new,,E-wallet,15,"499,000",delivered,51.9,
G000180,2025-01-11 18:53,Binh Thanh,new,,Cash,9,"285,000",delivered,36.6,5.0
G000181,2025-01-11 20:04,Binh Thanh,returning,,Cash,14,"546,000",cancelled,,
G000182,2025-01-11 20:40,Binh Thanh,member,Platinum,Cash,3,"192,000",delivered,33.8,
G000183,2025-01-11 21:00,Binh Thanh,returning,,Card,9,"274,000",delivered,29.6,4.0
G000184,2025-01-11 21:44,Binh Thanh,new,,E-wallet,9,"347,000",delivered,29.8,4.0
G000185,2025-01-11 22:58,Thu Duc City,returning,,Cash,17,"506,000",delivered,43.3,
G000186,2025-01-11 23:11,District 7,new,,E-wallet,5,"174,000",delivered,35.8,4.0
G000187,2025-01-12 07:17,Tan Binh,returning,,E-wallet,10,"290,000",delivered,35.5,3.0
G000188,2025-01-12 12:13,District 7,new,,Card,11,"304,000",delivered,46.7,2.0
G000189,2025-01-12 13:47,Thu Duc City,new,,Card,9,"381,000",delivered,45.9,
G000190,2025-01-12 17:02,Tan Binh,new,,Cash,14,"399,000",delivered,28.6,3.0
G000190,2025-01-12 17:02,Tan Binh,new,,Cash,14,"399,000",delivered,28.6,3.0
G000191,2025-01-12 18:30,District 10,member,Silver,Bank transfer,19,"433,000",delivered,35.6,4.0
G000192,2025-01-12 18:35,Binh Thanh,member,Silver,E-wallet,11,"464,000",delivered,37.5,
G000193,2025-01-12 18:37,Thu Duc,new,,E-wallet,17,"458,000",delivered,57.9,2.0
G000194,2025-01-12 18:43,District 7,returning,,Cash,10,"501,000",delivered,42.8,4.0
G000195,2025-01-12 18:46,District 10,returning,,Cash,14,"611,000",delivered,32.7,
G000196,2025-01-12 18:53,Thu Duc City,returning,,Card,14,"404,000",cancelled,,
G000197,2025-01-12 19:21,Tan Binh,member,Silver,Cash,11,"351,000",delivered,40.6,4.0
G000198,2025-01-12 20:47,Go Vap,returning,,Cash,6,"147,000",delivered,45.5,2.0
G000199,2025-01-12 21:02,Phu Nhuan,returning,,Cash,10,"374,000",delivered,45.0,4.0
G000200,2025-01-12 21:14,District 3,returning,,Cash,10,"467,000",delivered,21.6,4.0
G000201,2025-01-12 21:42,District 1,returning,,E-wallet,5,"190,000",delivered,21.0,5.0
G000202,2025-01-13 07:53,Go Vap,returning,,Cash,9,"356,000",delivered,35.4,5.0
G000203,2025-01-13 10:22,Binh Thanh,returning,,Cash,8,"211,000",delivered,28.1,5.0
G000204,2025-01-13 10:24,Go Vap,member,Platinum,E-wallet,7,"426,000",delivered,33.9,4.0
G000205,2025-01-13 11:16,Go Vap,new,,Cash,6,"206,000",delivered,48.9,
G000206,2025-01-13 13:16,Thu Duc City,new,,Cash,9,"299,000",delivered,46.7,3.0
G000207,2025-01-13 13:58,District 10,member,Platinum,E-wallet,4,"243,000",delivered,26.3,4.0
G000208,2025-01-13 14:37,District 10,member,Gold,E-wallet,8,"270,000",delivered,27.2,
G000209,2025-01-13 17:21,Binh Thanh,member,Silver,Bank transfer,5,"147,000",delivered,26.7,5.0
G000210,2025-01-13 17:59,District 10,returning,,Bank transfer,5,"82,000",delivered,23.1,5.0
G000211,2025-01-13 18:00,Phu Nhuan,new,,E-wallet,9,"172,000",delivered,32.1,4.0
G000211,2025-01-13 18:00,Phu Nhuan,new,,E-wallet,9,"172,000",delivered,32.1,4.0
G000212,2025-01-13 18:10,District 3,member,Silver,E-wallet,8,"294,000",delivered,29.2,5.0
G000213,2025-01-13 18:15,District 10,member,Silver,E-wallet,7,"169,000",delivered,34.0,4.0
G000214,2025-01-13 18:55,District 1,new,,Cash,10,"313,000",cancelled,,
G000215,2025-01-13 19:21,Phu Nhuan,member,Gold,Cash,7,"256,000",delivered,37.7,5.0
G000216,2025-01-13 20:39,Binh Tan,member,Platinum,E-wallet,9,"339,000",delivered,56.8,
G000217,2025-01-13 20:53,Thu Duc City,member,Platinum,Cash,5,"278,000",delivered,59.4,1.0
G000218,2025-01-13 21:48,Go Vap,returning,,Cash,6,"197,000",delivered,38.4,3.0
G000219,2025-01-14 06:56,Thu Duc City,new,,Cash,10,"390,000",delivered,46.1,3.0
G000220,2025-01-14 08:01,Thu Duc City,member,Silver,Card,3,"103,000",delivered,46.1,
G000221,2025-01-14 13:02,Thu Duc City,member,Gold,Cash,8,"237,000",delivered,51.1,
G000222,2025-01-14 14:06,Thu Duc City,returning,,Card,9,"331,000",delivered,45.2,
G000223,2025-01-14 14:53,District 3,returning,,Card,9,"215,000",delivered,33.0,4.0
G000224,2025-01-14 16:17,Thu Duc City,new,,Card,4,"66,000",delivered,46.1,
G000225,2025-01-14 16:42,District 10,member,Silver,E-wallet,9,"333,000",delivered,25.2,
G000226,2025-01-14 17:19,District 10,new,,Bank transfer,5,"162,000",delivered,34.5,4.0
G000227,2025-01-14 18:03,Phu Nhuan,returning,,E-wallet,8,"202,000",delivered,44.1,3.0
G000228,2025-01-14 18:23,District 7,returning,,Bank transfer,4,"106,000",delivered,45.9,2.0
G000229,2025-01-14 19:46,Binh Tan,member,Platinum,E-wallet,7,"273,000",delivered,65.3,2.0
G000230,2025-01-14 19:56,Thu Duc City,returning,,Cash,8,"186,000",cancelled,,
G000231,2025-01-14 20:02,Go Vap,returning,,Card,9,"217,000",delivered,43.4,3.0
G000232,2025-01-14 21:43,Binh Thanh,returning,,Cash,4,"131,000",delivered,25.4,
G000233,2025-01-15 07:41,District 10,new,,Card,3,"109,000",delivered,26.0,
G000234,2025-01-15 12:30,Binh Tan,returning,,Card,14,"355,000",delivered,53.1,2.0
G000235,2025-01-15 15:06,Thu Duc City,returning,,Card,7,"132,000",delivered,44.5,1.0
G000236,2025-01-15 16:41,Thu Duc City,member,Gold,E-wallet,5,"155,000",delivered,49.9,
G000237,2025-01-15 19:26,Tan Binh,new,,Cash,8,"338,000",delivered,39.9,
G000238,2025-01-15 19:29,District 10,member,Gold,Card,4,"142,000",delivered,31.5,5.0
G000239,2025-01-15 20:38,Binh Thanh,returning,,Cash,7,"216,000",delivered,33.7,3.0
G000240,2025-01-15 21:19,Thu Duc City,member,Silver,Cash,5,"218,000",delivered,45.6,3.0
G000241,2025-01-16 08:04,Tan Binh,returning,,E-wallet,9,"298,000",delivered,54.1,2.0
G000242,2025-01-16 11:20,Phu Nhuan,member,Gold,Card,10,"339,000",delivered,36.5,4.0
G000243,2025-01-16 13:18,District 1,member,Silver,E-wallet,4,"94,000",delivered,20.1,5.0
G000244,2025-01-16 15:25,Tan Binh,new,,E-wallet,7,"215,000",delivered,32.4,4.0
G000245,2025-01-16 15:29,Go Vap,new,,E-wallet,8,"209,000",delivered,49.9,
G000246,2025-01-16 16:34,District 10,member,Gold,Bank transfer,5,"209,000",delivered,37.6,4.0
G000247,2025-01-16 17:36,Phu Nhuan,new,,Card,9,"321,000",delivered,30.1,
G000247,2025-01-16 17:36,Phu Nhuan,new,,Card,9,"321,000",delivered,30.1,
G000248,2025-01-16 19:04,Tan Binh,member,Silver,E-wallet,7,"266,000",delivered,35.8,4.0
G000249,2025-01-16 19:11,Q7,new,,Cash,5,"175,000",delivered,41.8,3.0
G000250,2025-01-16 19:24,Thu Duc,member,Silver,E-wallet,5,"235,000",cancelled,,
G000251,2025-01-16 19:54,Go Vap,returning,,Card,9,"278,000",delivered,42.6,3.0
G000252,2025-01-16 21:39,Q7,returning,,E-wallet,4,"146,000",delivered,41.6,4.0
G000253,2025-01-16 22:38,District 1,member,Gold,E-wallet,8,"290,000",delivered,21.4,
G000254,2025-01-17 08:10,District 10,returning,,E-wallet,9,"324,000",delivered,21.2,5.0
G000254,2025-01-17 08:10,District 10,returning,,E-wallet,9,"324,000",delivered,21.2,5.0
G000255,2025-01-17 10:36,Binh Thanh,returning,,E-wallet,4,"99,000",delivered,38.2,3.0
G000256,2025-01-17 12:45,Binh Thanh,returning,,E-wallet,9,"228,000",delivered,40.8,4.0
G000257,2025-01-17 13:04,District 10,returning,,Bank transfer,9,"387,000",delivered,25.6,
G000258,2025-01-17 13:34,Thu Duc City,member,Gold,Cash,12,"399,000",delivered,45.6,
G000259,2025-01-17 14:39,Binh Tan,returning,,E-wallet,3,"86,000",delivered,43.6,4.0
G000260,2025-01-17 19:54,District 10,returning,,Cash,9,"244,000",delivered,35.1,3.0
G000261,2025-01-17 19:57,Go Vap,returning,,Card,4,"108,000",delivered,46.1,
G000262,2025-01-17 20:13,Thu Duc City,new,,Card,9,"160,000",delivered,61.4,2.0
G000263,2025-01-17 20:20,Tan Binh,returning,,Cash,5,"162,000",delivered,35.0,5.0
G000264,2025-01-17 20:54,Phu Nhuan,returning,,Bank transfer,10,"373,000",delivered,36.7,4.0
G000265,2025-01-17 20:55,District 10,returning,,Cash,10,"359,000",delivered,32.0,
G000266,2025-01-17 22:49,District 3,new,,Cash,8,"334,000",delivered,21.4,5.0
G000267,2025-01-18 06:29,District 10,member,Silver,Cash,15,"261,000",delivered,29.8,4.0
G000268,2025-01-18 06:47,District 3,returning,,E-wallet,15,"656,000",delivered,26.2,4.0
G000269,2025-01-18 08:31,Binh Tan,member,Silver,Bank transfer,12,"419,000",delivered,42.5,4.0
G000270,2025-01-18 10:29,District 10,member,Silver,Bank transfer,10,"448,000",delivered,24.7,4.0
G000271,2025-01-18 11:54,Go Vap ,member,Gold,Card,7,"169,000",delivered,50.2,
G000272,2025-01-18 12:34,Go Vap,returning,,Card,9,"355,000",delivered,43.2,2.0
G000273,2025-01-18 13:23,District 1,new,,Card,7,"136,000",delivered,21.2,5.0
G000274,2025-01-18 13:23,District 3,returning,,Cash,15,"549,000",delivered,21.4,
G000275,2025-01-18 14:32,Go Vap ,returning,,E-wallet,12,"385,000",delivered,33.9,4.0
G000276,2025-01-18 14:51,Thu Duc City,returning,,Card,10,"197,000",delivered,43.1,
G000277,2025-01-18 14:57,District 3,member,Gold,Card,8,"145,000",delivered,35.4,3.0
G000278,2025-01-18 16:08,District 3,returning,,Cash,13,"455,000",delivered,24.9,5.0
G000279,2025-01-18 19:20,District 3,new,,Cash,9,"345,000",delivered,35.0,
G000280,2025-01-18 20:03,District 7,member,Platinum,Card,8,"337,000",delivered,44.0,3.0
G000281,2025-01-18 20:08,Tan Binh,returning,,Cash,10,"223,000",delivered,35.3,4.0
G000282,2025-01-18 21:03,District 10,new,,E-wallet,10,"324,000",delivered,27.2,5.0
G000283,2025-01-18 21:10,District 3,returning,,E-wallet,8,"230,000",delivered,20.1,5.0
G000284,2025-01-18 21:35,BINH THANH,returning,,Bank transfer,11,"412,000",delivered,25.0,
G000285,2025-01-19 08:45,District 7,member,Platinum,Cash,10,"405,000",delivered,38.4,3.0
G000286,2025-01-19 11:49,District 1,returning,,Cash,5,"156,000",delivered,29.7,4.0
G000287,2025-01-19 12:13,Go Vap ,new,,E-wallet,10,"282,000",delivered,45.9,3.0
G000288,2025-01-19 15:30,Phu Nhuan,member,Silver,E-wallet,9,"261,000",delivered,26.9,5.0
G000289,2025-01-19 16:23,District 3,new,,E-wallet,11,"364,000",delivered,23.7,4.0
G000290,2025-01-19 16:54,District 7,returning,,E-wallet,10,"372,000",delivered,36.2,3.0
G000291,2025-01-19 17:58,District 7,returning,,Cash,9,"230,000",delivered,37.8,
G000292,2025-01-19 19:20,District 7,returning,,Bank transfer,6,"210,000",delivered,43.3,
G000293,2025-01-19 19:20,Thu Duc City,member,Silver,E-wallet,6,"188,000",delivered,52.9,2.0
G000294,2025-01-19 19:46,District 3,member,Gold,Cash,12,"350,000",delivered,47.0,3.0
G000295,2025-01-19 19:59,District 7,member,Silver,E-wallet,6,"162,000",delivered,41.1,3.0
G000296,2025-01-19 20:15,Thu Duc City,returning,,Cash,10,"312,000",delivered,51.6,3.0
G000297,2025-01-19 20:24,District 7,new,,Cash,9,"287,000",delivered,45.2,
G000298,2025-01-19 20:44,Binh Tan,member,Silver,Cash,7,"246,000",delivered,55.7,2.0
G000299,2025-01-19 20:44,Go Vap,returning,,E-wallet,10,"236,000",delivered,41.7,
G000300,2025-01-19 21:28,District 1,returning,,Cash,7,"189,000",cancelled,,
G000301,2025-01-19 22:53,Thu Duc City,member,Silver,E-wallet,10,"501,000",delivered,43.1,3.0
G000302,2025-01-20 11:01,Binh Thanh,returning,,Cash,5,"193,000",delivered,42.3,3.0
G000303,2025-01-20 11:34,Binh Tan,member,Gold,Cash,4,"141,000",delivered,53.9,1.0
G000304,2025-01-20 12:08,District 10,returning,,Bank transfer,5,"139,000",delivered,37.2,4.0
G000305,2025-01-20 12:12,Go Vap,returning,,Card,8,"253,000",delivered,42.5,3.0
G000306,2025-01-20 12:22,Thu Duc City,returning,,Card,5,"162,000",delivered,50.8,
G000307,2025-01-20 12:51,Phu Nhuan,returning,,Card,6,,delivered,34.0,4.0
G000308,2025-01-20 13:36,Go Vap,returning,,Cash,8,"257,000",delivered,34.3,3.0
G000309,2025-01-20 14:00,District 3,returning,,Card,4,"107,000",delivered,21.5,5.0
G000310,2025-01-20 15:56,Tan Binh,new,,E-wallet,7,"244,000",delivered,30.5,5.0
G000311,2025-01-20 16:36,Go Vap,returning,,Bank transfer,6,"170,000",delivered,39.5,3.0
G000312,2025-01-20 18:11,Binh Thanh,returning,,Card,10,"438,000",delivered,33.8,4.0
G000313,2025-01-20 18:23,Phu Nhuan,returning,,E-wallet,12,"414,000",delivered,41.2,4.0
G000314,2025-01-20 19:12,Phu Nhuan,returning,,Cash,6,"236,000",delivered,33.0,5.0
G000316,2025-01-20 19:48,Q7,new,,E-wallet,7,"256,000",delivered,42.1,2.0
G000317,2025-01-20 20:35,Tan Binh,new,,Cash,5,"90,000",delivered,39.0,4.0
G000318,2025-01-20 20:36,Binh Thanh,new,,Cash,8,"240,000",cancelled,,
G000319,2025-01-20 20:51,Tan Binh,member,Gold,E-wallet,10,"271,000",delivered,35.3,3.0
G000320,2025-01-21 11:35,Binh Tan,returning,,Cash,5,"206,000",delivered,52.9,2.0
G000321,2025-01-21 11:56,Phu Nhuan,returning,,E-wallet,10,"387,000",delivered,32.8,4.0
G000322,2025-01-21 12:35,District 10,returning,,Cash,5,"166,000",delivered,35.7,4.0
G000323,2025-01-21 12:41,Binh Thanh,new,,Cash,9,"267,000",delivered,39.4,
G000324,2025-01-21 13:46,District 1,new,,E-wallet,5,"186,000",delivered,20.8,
G000325,2025-01-21 13:48,Binh Tan,member,Platinum,Card,7,"344,000",delivered,42.7,4.0
G000326,2025-01-21 14:52,District 3,returning,,E-wallet,10,"265,000",delivered,20.2,4.0
G000327,2025-01-21 16:42,Phu Nhuan,returning,,E-wallet,4,"107,000",delivered,27.8,4.0
G000328,2025-01-21 17:23,Tan Binh,new,,Cash,7,"306,000",delivered,27.1,4.0
G000329,2025-01-21 18:13,District 3,returning,,E-wallet,12,"357,000",cancelled,,
G000330,2025-01-21 18:39,District 7,returning,,E-wallet,7,"242,000",delivered,40.6,2.0
G000331,2025-01-21 19:03,District 7,returning,,Cash,6,"150,000",delivered,40.6,
G000332,2025-01-21 19:16,Go Vap,returning,,E-wallet,6,"234,000",delivered,47.1,
G000333,2025-01-21 19:33,Binh Thanh,returning,,E-wallet,6,"231,000",delivered,33.6,4.0
G000334,2025-01-21 21:02,District 1,member,Silver,Cash,6,"193,000",delivered,22.5,4.0
G000335,2025-01-21 21:03,Go Vap,member,Platinum,E-wallet,7,"325,000",delivered,35.7,3.0
G000336,2025-01-21 23:03,Phu Nhuan,member,Silver,Card,8,"174,000",delivered,27.3,5.0
G000337,2025-01-22 10:13,Go Vap,member,Silver,Card,7,"286,000",delivered,51.4,2.0
G000338,2025-01-22 12:07,District 3,new,,Card,12,"403,000",delivered,28.1,
G000339,2025-01-22 13:10,Thu Duc City,returning,,Cash,6,"244,000",delivered,44.3,2.0
G000340,2025-01-22 13:26,Phu Nhuan,member,Silver,Cash,16,"521,000",delivered,28.8,
G000341,2025-01-22 13:36,Thu Duc City,returning,,E-wallet,6,"253,000",delivered,49.2,3.0
G000342,2025-01-22 14:35,Binh Tan,new,,E-wallet,4,"99,000",delivered,45.0,
G000343,2025-01-22 14:38,District 10,new,,Cash,6,"153,000",delivered,28.5,5.0
G000344,2025-01-22 14:56,Thu Duc City,member,Gold,Bank transfer,4,"158,000",delivered,46.2,2.0
G000345,2025-01-22 15:14,Go Vap,new,,E-wallet,6,"232,000",delivered,41.4,3.0
G000346,2025-01-22 15:36,Tan Binh,returning,,E-wallet,3,"112,000",delivered,27.9,4.0
G000347,2025-01-22 15:43,Binh Tan,returning,,E-wallet,4,"112,000",delivered,42.4,3.0
G000348,2025-01-22 18:28,Tan Binh,member,Platinum,ewallet,5,"244,000",delivered,37.7,
G000349,2025-01-22 18:47,Binh Thanh,returning,,Cash,4,"148,000",delivered,35.1,4.0
G000350,2025-01-22 19:44,Thu Duc City,member,Silver,Card,3,"112,000",delivered,51.9,3.0
G000351,2025-01-22 19:44,Binh Tan,member,Silver,Cash,5,"131,000",delivered,54.0,2.0
G000351,2025-01-22 19:44,Binh Tan,member,Silver,Cash,5,"131,000",delivered,54.0,2.0
G000352,2025-01-22 20:45,Binh Thanh,new,,E-wallet,5,"170,000",delivered,37.7,
G000353,2025-01-22 22:57,Binh Tan,returning,,Bank transfer,5,"222,000",delivered,53.3,3.0
G000354,2025-01-23 07:11,Binh Thanh,new,,Cash,2,"69,000",delivered,39.5,
G000355,2025-01-23 08:29,District 7,new,,Bank transfer,4,"112,000",delivered,34.3,5.0
G000356,2025-01-23 09:30,Binh Tan,returning,,Cash,6,"203,000",delivered,42.1,4.0
G000357,2025-01-23 10:09,Tan Binh,returning,,E-wallet,8,"248,000",delivered,26.5,5.0
G000358,2025-01-23 10:10,Go Vap,member,Silver,Card,10,"379,000",delivered,38.2,
G000359,2025-01-23 12:26,TP Thu Duc,returning,,E-wallet,4,"103,000",delivered,60.5,2.0
G000360,2025-01-23 12:58,Thu Duc City,new,,Bank transfer,6,"147,000",delivered,52.8,
G000361,2025-01-23 13:50,Phu Nhuan,new,,E-wallet,6,"205,000",delivered,24.8,
G000362,2025-01-23 13:50,District 3,returning,,Bank transfer,10,"246,000",delivered,22.5,4.0
G000363,2025-01-23 14:28,Phu Nhuan,member,Platinum,E-wallet,7,"318,000",delivered,29.9,4.0
G000364,2025-01-23 14:51,District 3,member,Silver,Bank transfer,7,"206,000",delivered,22.3,
G000365,2025-01-23 15:16,Go Vap,returning,,Cash,6,"165,000",delivered,37.3,3.0
G000366,2025-01-23 15:27,District 10,new,,Cash,6,"184,000",delivered,23.8,
G000367,2025-01-23 18:44,Phu Nhuan,member,Gold,E-wallet,8,"249,000",delivered,31.9,5.0
G000368,2025-01-23 19:05,Thu Duc City,new,,Bank transfer,7,"206,000",delivered,53.2,1.0
G000369,2025-01-23 19:11,District 1,member,Silver,Cash,11,"388,000",delivered,29.3,3.0
G000370,2025-01-23 19:16,District 1,member,Silver,E-wallet,5,"187,000",delivered,30.5,
G000371,2025-01-23 19:39,Phu Nhuan,new,,Cash,5,"166,000",delivered,37.2,3.0
G000372,2025-01-23 19:42,Thu Duc City,returning,,E-wallet,6,"197,000",delivered,52.5,
G000373,2025-01-23 20:24,District 3,returning,,E-wallet,4,"121,000",delivered,39.0,4.0
G000374,2025-01-23 22:01,Go Vap ,returning,,Card,10,"368,000",delivered,41.0,
G000375,2025-01-23 22:29,District 7,member,Silver,Cash,6,"248,000",delivered,37.3,3.0
G000376,2025-01-24 07:13,Binh Tan,member,Silver,Cash,5,"178,000",delivered,43.0,
G000377,2025-01-24 07:56,Thu Duc City,member,Silver,Cash,8,"287,000",cancelled,,
G000378,2025-01-24 08:00,Binh Thanh,member,Gold,Bank transfer,5,"143,000",delivered,40.1,
G000379,2025-01-24 10:15,Phu Nhuan,new,,Cash,5,"173,000",delivered,27.0,
G000380,2025-01-24 11:17,Go Vap ,returning,,Bank transfer,10,"359,000",delivered,43.0,3.0
G000380,2025-01-24 11:17,Go Vap ,returning,,Bank transfer,10,"359,000",delivered,43.0,3.0
G000381,2025-01-24 11:40,Binh thanh,returning,,Card,6,"175,000",delivered,44.2,
G000382,2025-01-24 14:19,District 7,returning,,Cash,4,"149,000",delivered,46.2,4.0
G000383,2025-01-24 14:38,Binh Thanh,new,,Cash,12,"362,000",delivered,24.3,4.0
G000384,2025-01-24 17:42,Tan Binh,new,,E-wallet,6,"144,000",delivered,27.2,4.0
G000385,2025-01-24 19:13,District 1,member,Silver,Cash,8,"250,000",delivered,27.7,5.0
G000386,2025-01-24 20:00,Tan Binh,new,,Cash,6,"151,000",delivered,42.9,3.0
G000387,2025-01-24 21:54,Thu Duc City,returning,,Bank transfer,4,"138,000",delivered,45.4,2.0
G000388,2025-01-24 22:35,District 7,new,,E-wallet,4,"104,000",delivered,34.4,3.0
G000389,2025-01-25 07:36,Binh Tan,returning,,Cash,9,"320,000",delivered,42.9,3.0
G000390,2025-01-25 08:09,Phu Nhuan,returning,,E-wallet,14,"399,000",delivered,26.8,4.0
G000391,2025-01-25 08:51,Thu Duc City,returning,,Bank transfer,11,"244,000",delivered,55.5,
G000392,2025-01-25 10:06,Thu Duc City,member,Gold,Card,10,"241,000",delivered,46.4,2.0
G000393,2025-01-25 10:07,District 10,member,Platinum,Bank transfer,8,"288,000",delivered,22.3,4.0
G000394,2025-01-25 11:49,Binh Tan,new,,Bank transfer,12,"442,000",delivered,69.7,
G000395,2025-01-25 12:09,Thu Duc City,member,Silver,Bank transfer,9,"295,000",delivered,58.5,
G000396,2025-01-25 12:25,Binh Thanh,returning,,Card,15,"460,000",delivered,38.3,
G000397,2025-01-25 13:09,Phu Nhuan,returning,,E-wallet,7,"243,000",delivered,25.4,4.0
G000398,2025-01-25 14:10,Go Vap,new,,E-wallet,11,"311,000",delivered,36.2,4.0
G000399,2025-01-25 14:33,Go Vap,returning,,Cash,11,"320,000",delivered,33.8,4.0
G000400,2025-01-25 16:43,District 7,returning,,Cash,8,"271,000",delivered,48.9,
G000401,2025-01-25 18:26,Q7,returning,,E-wallet,7,"206,000",delivered,49.7,3.0
G000402,2025-01-25 19:24,Phu Nhuan,new,,Cash,8,"210,000",delivered,31.6,4.0
G000403,2025-01-25 19:31,Go Vap,new,,Cash,12,"354,000",delivered,42.5,4.0
G000404,2025-01-25 19:49,Go Vap,returning,,Cash,7,"329,000",delivered,47.7,3.0
G000405,2025-01-25 20:00,Binh Tan,member,Gold,E-wallet,12,"366,000",delivered,49.7,2.0
G000406,2025-01-25 20:09,Thu Duc City,new,,Bank transfer,14,"449,000",delivered,59.7,2.0
G000407,2025-01-25 21:22,District 1,returning,,Cash,11,"422,000",delivered,20.9,4.0
G000408,2025-01-25 21:46,Go Vap,returning,,E-wallet,7,"318,000",cancelled,,
G000409,2025-01-25 23:00,Phu Nhuan,member,Silver,E-wallet,7,"181,000",delivered,28.0,5.0
G000410,2025-01-25 23:43,District 1,member,Gold,Bank transfer,7,"200,000",delivered,22.7,5.0
G000411,2025-01-26 12:31,Binh Thanh,new,,Cash,10,"346,000",delivered,32.4,
G000412,2025-01-26 13:27,Go Vap,returning,,E-wallet,9,"313,000",delivered,34.6,5.0
G000413,2025-01-26 15:58,District 7,member,Silver,Bank transfer,10,"468,000",cancelled,,
G000414,2025-01-27 11:51,District 7,new,,Card,9,"302,000",delivered,44.7,
G000415,2025-01-27 12:45,Phu Nhuan,member,Silver,Bank transfer,3,"151,000",delivered,38.5,
G000416,2025-01-27 15:55,Go Vap,returning,,E-wallet,6,"231,000",delivered,39.7,3.0
G000417,2025-01-27 18:44,Thu Duc,new,,E-wallet,7,"116,000",delivered,62.2,4.0
G000418,2025-01-27 19:02,District 10,member,Silver,Card,12,"375,000",delivered,34.3,
G000419,2025-01-27 19:44,Phu Nhuan,member,Platinum,Bank transfer,2,"154,000",cancelled,,
G000420,2025-01-27 20:18,Tan Binh,new,,E-wallet,9,"274,000",delivered,35.4,3.0
G000421,2025-01-28 07:32,Binh Thanh,new,,Bank transfer,9,"220,000",delivered,34.4,3.0
G000422,2025-01-28 11:51,Thu Duc City,returning,,Cash,7,"186,000",delivered,58.3,3.0
G000423,2025-01-28 12:52,Binh Thanh,returning,,Bank transfer,9,"358,000",delivered,44.7,4.0
G000424,2025-01-28 15:51,District 1,member,Gold,E-wallet,9,"251,000",delivered,24.3,
G000425,2025-01-28 21:26,Thu Duc City,new,,Card,8,"322,000",cancelled,,
G000425,2025-01-28 21:26,Thu Duc City,new,,Card,8,"322,000",cancelled,,
G000426,2025-01-29 11:15,Binh Tan,member,Silver,Card,3,"101,000",delivered,54.9,2.0
G000427,2025-01-29 11:32,District 10,new,,E-wallet,5,"130,000",delivered,31.4,5.0
G000428,2025-01-29 12:18,Binh Tan,returning,,Cash,4,"111,000",delivered,52.7,2.0
G000429,2025-01-29 16:00,Thu Duc,new,,Card,8,"287,000",delivered,44.6,3.0
G000430,2025-01-29 18:48,Go Vap,returning,,Card,12,"320,000",delivered,64.7,
G000431,2025-01-29 19:26,Tan Binh,member,Gold,Momo/ZaloPay,10,"383,000",delivered,41.5,
G000432,2025-01-29 19:29,Binh Thanh,new,,Bank transfer,9,"309,000",delivered,38.9,
G000433,2025-01-29 19:38,Binh Thanh,returning,,E-wallet,5,"169,000",delivered,43.7,
G000434,2025-01-29 19:59,Phu Nhuan,member,Silver,Cash,9,"301,000",delivered,35.8,
G000435,2025-01-29 20:57,District 10,member,Silver,E-wallet,7,"188,000",delivered,58.3,1.0
G000435,2025-01-29 20:57,District 10,member,Silver,E-wallet,7,"188,000",delivered,58.3,1.0
G000436,2025-01-29 21:14,District 3,new,,Cash,5,"176,000",delivered,26.3,5.0
G000437,2025-01-30 09:07,Tan Binh,new,,Cash,7,"187,000",delivered,28.5,
G000438,2025-01-30 11:44,Binh Thanh,member,Silver,Card,10,"365,000",delivered,37.0,2.0
G000439,2025-01-30 12:04,District 1,returning,,Card,5,"181,000",delivered,27.1,5.0
G000440,2025-01-30 18:34,Binh Thanh,new,,Card,7,"210,000",delivered,41.9,
G000441,2025-01-31 11:07,Go Vap,member,Silver,E-wallet,4,"179,000",delivered,43.3,
G000442,2025-01-31 14:52,Binh Tan,member,Gold,E-wallet,5,"127,000",delivered,46.2,3.0
G000443,2025-01-31 15:45,Q7,new,,Card,3,"59,000",delivered,46.6,3.0
G000444,2025-02-01 09:33,District 1,member,Silver,Cash,9,"106,000",delivered,21.2,3.0
G000445,2025-02-01 12:40,Binh Thanh,member,Silver,Card,11,"407,000",delivered,45.2,3.0
G000446,2025-02-01 13:58,Tan Binh,new,,Cash,10,"131,000",delivered,27.9,4.0
G000447,2025-02-01 14:03,Tan Binh,member,Silver,Momo/ZaloPay,5,"137,000",delivered,28.9,
G000448,2025-02-02 07:33,District 1,member,Gold,E-wallet,9,"387,000",delivered,18.7,5.0
G000449,2025-02-02 08:24,Binh Thanh,returning,,Cash,10,"177,000",delivered,27.9,5.0
G000450,2025-02-02 08:42,Tan Binh,returning,,E-wallet,9,"351,000",delivered,36.4,
G000451,2025-02-02 12:08,Phu Nhuan,new,,Cash,9,"192,000",delivered,35.3,2.0
G000452,2025-02-02 13:24,Tan Binh,new,,Cash,9,"304,000",delivered,25.9,5.0
G000453,2025-02-02 13:25,Go Vap,returning,,Bank transfer,14,"424,000",delivered,36.0,
G000454,2025-02-02 20:33,Tan Binh,returning,,E-wallet,9,"256,000",delivered,39.9,
G000455,2025-02-03 09:15,Tan Binh,new,,Bank transfer,11,"305,000",delivered,39.8,4.0
G000456,2025-02-03 11:23,Binh Thanh,new,,E-wallet,5,"175,000",delivered,35.2,
G000457,2025-02-03 12:49,Binh Thanh,new,,Card,8,"279,000",delivered,37.7,5.0
G000458,2025-02-03 12:58,District 1,returning,,E-wallet,9,"315,000",delivered,28.8,4.0
G000459,2025-02-03 13:06,Binh Tan,member,Gold,Card,5,"139,000",delivered,48.8,1.0
G000460,2025-02-03 15:12,Tan Binh,new,,Cash,6,"179,000",delivered,26.5,5.0
G000461,2025-02-03 17:27,Phu Nhuan,returning,,Cash,6,"179,000",delivered,24.1,5.0
G000462,2025-02-03 17:33,District 7,new,,Cash,2,"55,000",cancelled,,
G000463,2025-02-03 20:10,District 3,member,Silver,E-wallet,5,"191,000",delivered,27.6,5.0
G000464,2025-02-03 20:11,Go Vap,member,Platinum,Card,6,"305,000",delivered,44.0,2.0
G000465,2025-02-03 20:50,Phu Nhuan,member,Platinum,Card,9,"441,000",delivered,35.3,5.0
G000466,2025-02-03 21:42,Binh Tan,new,,E-wallet,5,"175,000",delivered,45.6,3.0
G000467,2025-02-04 10:03,District 1,new,,Cash,5,"169,000",delivered,20.1,5.0
G000468,2025-02-04 10:05,District 3,member,Silver,Bank transfer,8,"272,000",delivered,26.9,3.0
G000469,2025-02-04 10:09,Phu Nhuan,member,Platinum,Cash,7,"281,000",delivered,26.1,3.0
G000470,2025-02-04 10:47,District 1,member,Gold,Cash,12,"299,000",delivered,21.8,4.0
G000471,2025-02-04 11:03,District 1,new,,Bank transfer,4,"101,000",delivered,28.9,5.0
G000472,2025-02-04 12:03,Tan Binh,returning,,Cash,7,"264,000",delivered,43.9,4.0
G000473,2025-02-04 12:06,Thu Duc City,new,,E-wallet,7,"205,000",delivered,63.3,
G000474,2025-02-04 12:59,Go Vap,returning,,E-wallet,4,"103,000",delivered,43.2,3.0
G000475,2025-02-04 14:07,District 1,returning,,Cash,6,"261,000",delivered,20.9,4.0
G000476,2025-02-04 14:35,District 3,returning,,E-wallet,4,"105,000",delivered,22.8,5.0
G000477,2025-02-04 17:06,District 1,member,Silver,Cash,5,"181,000",delivered,22.1,5.0
G000478,2025-02-04 17:13,Binh Tan,new,,Cash,8,"244,000",delivered,43.1,
G000479,2025-02-04 17:29,Tan Binh,new,,E-wallet,7,"188,000",delivered,32.6,5.0
G000480,2025-02-04 18:51,Tan Binh,returning,,Cash,4,"146,000",delivered,43.1,3.0
G000481,2025-02-04 18:55,District 1,new,,E-wallet,5,"158,000",delivered,29.5,
G000482,2025-02-04 19:51,Binh Thanh,member,Silver,Card,5,"192,000",delivered,38.8,3.0
G000483,2025-02-04 22:33,Phu Nhuan,returning,,Card,8,"308,000",delivered,28.8,
G000484,2025-02-05 08:09,Binh Thanh,member,Gold,Bank transfer,4,"96,000",delivered,28.3,5.0
G000485,2025-02-05 08:28,Thu Duc City,returning,,E-wallet,10,"359,000",delivered,56.4,
G000486,2025-02-05 11:54,TP Thu Duc,returning,,Card,12,"368,000",delivered,54.9,2.0
G000487,2025-02-05 13:23,Thu Duc City,member,Silver,E-wallet,6,"124,000",delivered,43.2,
G000488,2025-02-05 14:11,Phu Nhuan,returning,,Card,8,"282,000",delivered,31.3,4.0
G000489,2025-02-05 14:35,District 10,member,Silver,E-wallet,11,"356,000",delivered,23.8,5.0
G000490,2025-02-05 15:44,Binh Thanh,returning,,E-wallet,13,"276,000",delivered,29.8,
G000491,2025-02-05 17:20,District 1,member,Gold,Bank transfer,9,"242,000",delivered,21.8,5.0
G000492,2025-02-05 18:22,District 10,member,Platinum,E-wallet,7,"421,000",delivered,33.6,5.0
G000493,2025-02-05 18:43,Tan Binh,member,Gold,Cash,3,"100,000",delivered,41.7,2.0
G000494,2025-02-05 18:59,Go Vap,member,Silver,Bank transfer,8,"304,000",delivered,45.7,3.0
G000495,2025-02-05 19:07,District 7,new,,Bank transfer,6,"182,000",delivered,49.2,2.0
G000496,2025-02-05 19:48,District 3,member,Platinum,Cash,6,"274,000",delivered,33.3,4.0
G000497,2025-02-05 19:57,Phu Nhuan,member,Gold,E-wallet,7,"238,000",delivered,40.4,3.0
G000498,2025-02-05 22:52,Quận 1,member,Silver,E-wallet,6,"217,000",delivered,21.9,
G000499,2025-02-05 23:34,Phu Nhuan,new,,Cash,9,"426,000",delivered,28.6,
G000500,2025-02-06 07:48,Phu Nhuan,member,Silver,E-wallet,9,"334,000",delivered,26.6,
G000501,2025-02-06 07:52,Binh Thanh,returning,,E-wallet,6,"162,000",delivered,25.5,
G000502,2025-02-06 10:26,District 1,member,Silver,E-wallet,10,,delivered,26.7,
G000503,2025-02-06 12:26,Go Vap,returning,,Card,7,"230,000",delivered,45.6,3.0
G000504,2025-02-06 13:04,Binh Tan,member,Silver,Cash,5,"175,000",delivered,41.8,
G000505,2025-02-06 17:08,District 1,member,Gold,E-wallet,2,"50,000",delivered,21.8,4.0
G000506,2025-02-06 18:48,Go Vap,returning,,Bank transfer,5,"152,000",delivered,42.2,
G000507,2025-02-06 20:39,Thu Duc City,new,,E-wallet,8,"261,000",delivered,58.0,1.0
G000508,2025-02-06 20:58,District 10,returning,,Bank transfer,7,"225,000",delivered,40.9,
G000509,2025-02-06 21:26,District 10,member,Silver,Card,6,"189,000",delivered,37.4,4.0
G000510,2025-02-06 22:22,Binh Tan,returning,,Card,6,"204,000",delivered,42.0,2.0
G000511,2025-02-07 10:22,District 3,member,Gold,Cash,2,"70,000",delivered,20.7,
G000512,2025-02-07 10:46,District 3,new,,ewallet,5,"140,000",delivered,24.5,5.0
G000513,2025-02-07 10:52,District 10,member,Silver,E-wallet,9,"283,000",delivered,24.8,5.0
G000514,2025-02-07 12:14,Binh Thanh,returning,,Card,11,"151,000",delivered,35.5,3.0
G000515,2025-02-07 12:16,District 7,new,,Card,6,"242,000",delivered,47.9,4.0
G000516,2025-02-07 12:21,District 3,member,Silver,Card,5,"239,000",delivered,29.6,5.0
G000517,2025-02-07 12:31,Go Vap,new,,E-wallet,6,"191,000",delivered,49.9,3.0
G000518,2025-02-07 13:31,Tan Binh,member,Silver,Card,7,"260,000",delivered,37.1,
G000519,2025-02-07 13:47,Binh Thanh,returning,,Card,4,"125,000",delivered,28.2,4.0
G000520,2025-02-07 13:57,District 7,member,Silver,Cash,9,"260,000",delivered,46.5,3.0
G000521,2025-02-07 15:39,Tan Binh,new,,Card,6,"160,000",delivered,31.4,3.0
G000522,2025-02-07 15:45,Thu Duc City,returning,,Cash,3,"113,000",delivered,46.2,
G000523,2025-02-07 15:46,District 3,returning,,Card,6,"164,000",delivered,25.5,4.0
G000524,2025-02-07 16:35,Go Vap,member,Silver,Cash,6,"145,000",cancelled,,
G000525,2025-02-07 18:16,Phu Nhuan,member,Silver,Cash,6,"266,000",delivered,32.1,4.0
G000526,2025-02-07 18:27,Binh Thanh,returning,,Card,9,"331,000",delivered,38.0,4.0
G000527,2025-02-07 19:31,District 10,returning,,E-wallet,11,"393,000",delivered,30.2,5.0
G000528,2025-02-07 19:51,District 1,member,Silver,Card,3,"76,000",cancelled,,
G000529,2025-02-07 19:51,District 3,member,Gold,E-wallet,4,"151,000",delivered,34.3,5.0
G000530,2025-02-07 20:45,Tan Binh,returning,,E-wallet,5,"203,000",delivered,34.0,4.0
G000531,2025-02-07 20:53,Phu Nhuan,new,,E-wallet,4,"109,000",delivered,41.1,
G000532,2025-02-07 21:19,Binh Tan,new,,Cash,9,"292,000",delivered,42.0,3.0
G000533,2025-02-07 21:30,Thu Duc City,returning,,Cash,15,"564,000",delivered,42.7,3.0
G000534,2025-02-07 21:33,District 3,member,Silver,Card,7,"315,000",delivered,24.4,
G000535,2025-02-07 22:43,Binh Thanh,returning,,Cash,8,"316,000",delivered,28.0,4.0
G000536,2025-02-08 09:05,Binh Tan,returning,,Card,8,"166,000",delivered,42.5,4.0
G000537,2025-02-08 09:56,District 10,member,Gold,Bank transfer,12,"406,000",delivered,23.3,
G000538,2025-02-08 12:02,District 10,member,Silver,E-wallet,8,"251,000",delivered,33.4,4.0
G000539,2025-02-08 12:36,Binh thanh,new,,Cash,5,"202,000",delivered,33.9,3.0
G000540,2025-02-08 13:39,Binh Tan,returning,,Cash,9,"345,000",delivered,42.5,3.0
G000541,2025-02-08 13:54,Binh Tan,member,Silver,Cash,8,"266,000",delivered,52.8,
G000542,2025-02-08 15:38,Thu Duc City,returning,,Cash,7,"108,000",delivered,53.9,1.0
G000543,2025-02-08 17:38,Go Vap,member,Silver,Card,7,"248,000",delivered,35.7,4.0
G000544,2025-02-08 18:03,Go Vap,returning,,E-wallet,12,"385,000",delivered,52.7,2.0
G000545,2025-02-08 18:34,District 1,new,,E-wallet,9,"313,000",delivered,35.0,
G000546,2025-02-08 18:51,Tan Binh,returning,,Bank transfer,7,"229,000",delivered,37.1,
G000547,2025-02-08 19:04,District 7,new,,E-wallet,12,"338,000",delivered,44.8,3.0
G000548,2025-02-08 19:40,Binh Tan,new,,Cash,16,"380,000",cancelled,,
G000549,2025-02-08 22:16,Go Vap,returning,,E-wallet,9,"279,000",delivered,36.0,3.0
G000550,2025-02-09 07:34,Binh Thanh,member,Gold,Cash,9,"207,000",delivered,36.5,3.0
G000551,2025-02-09 10:00,Go Vap,member,Silver,E-wallet,8,"246,000",delivered,33.4,4.0
G000552,2025-02-09 11:35,Binh Thanh,returning,,Cash,10,"257,000",delivered,39.6,4.0
G000553,2025-02-09 17:26,Thu Duc City,returning,,Cash,5,"138,000",delivered,49.1,2.0
G000554,2025-02-09 17:32,Thu Duc City,new,,Bank transfer,9,"404,000",delivered,55.3,3.0
G000555,2025-02-09 17:53,Binh Thanh,new,,Bank transfer,7,"306,000",delivered,32.7,5.0
G000556,2025-02-09 17:59,Binh Thanh,returning,,Bank transfer,11,"412,000",delivered,42.7,3.0
G000557,2025-02-09 18:17,Thu Duc City,new,,Card,7,"190,000",delivered,59.3,1.0
G000558,2025-02-09 18:50,Go Vap,returning,,Bank transfer,6,"210,000",delivered,47.4,
G000559,2025-02-09 19:09,District 3,returning,,Card,7,"221,000",delivered,30.6,5.0
G000560,2025-02-09 19:38,District 10,member,Silver,Cash,8,"227,000",delivered,41.6,3.0
G000561,2025-02-09 19:54,Binh Tan,returning,,Card,4,"146,000",delivered,50.8,3.0
G000562,2025-02-09 21:00,Go Vap,new,,Bank transfer,7,"202,000",delivered,36.3,4.0
G000563,2025-02-10 10:29,Thu Duc City,member,Platinum,E-wallet,8,"381,000",cancelled,,
G000564,2025-02-10 11:01,Thu Duc City,member,Gold,Cash,10,"424,000",delivered,55.9,
G000565,2025-02-10 11:34,Phu Nhuan,returning,,E-wallet,6,"201,000",delivered,31.3,
G000566,2025-02-10 11:46,Go Vap,returning,,E-wallet,6,"153,000",delivered,53.3,
G000567,2025-02-10 12:01,District 7,returning,,Cash,7,"215,000",delivered,53.1,
G000568,2025-02-10 12:17,Tan Binh,member,Platinum,Bank transfer,4,"231,000",delivered,36.8,
G000569,2025-02-10 13:28,District 3,returning,,E-wallet,6,"167,000",delivered,34.8,4.0
G000570,2025-02-10 15:17,Binh Tan,member,Gold,Card,9,"268,000",delivered,1440.0,
G000571,2025-02-10 17:55,Binh Thanh,returning,,Cash,11,"286,000",delivered,31.9,3.0
G000572,2025-02-10 19:54,Thu Duc City,returning,,E-wallet,5,"188,000",delivered,51.3,
G000573,2025-02-10 21:20,Thu Duc City,new,,E-wallet,10,"324,000",delivered,43.0,2.0
G000574,2025-02-10 21:36,District 1,new,,E-wallet,8,"250,000",delivered,19.2,5.0
G000575,2025-02-10 22:14,Thu Duc City,new,,Cash,9,"324,000",delivered,58.6,
G000576,2025-02-11 09:11,Tan Binh,returning,,E-wallet,7,"190,000",delivered,28.6,4.0
G000577,2025-02-11 11:15,Tan Binh,returning,,Bank transfer,9,"321,000",delivered,36.0,2.0
G000578,2025-02-11 11:49,District 10,returning,,Cash,8,"339,000",delivered,35.3,4.0
G000579,2025-02-11 13:53,Tan Binh,returning,,E-wallet,9,"286,000",delivered,31.0,2.0
G000580,2025-02-11 16:12,Thu Duc City,returning,,E-wallet,4,"143,000",delivered,46.1,
G000581,2025-02-11 17:01,Binh Tan,member,Platinum,Card,9,"395,000",delivered,43.9,3.0
G000582,2025-02-11 17:30,Binh Tan,new,,E-wallet,8,"201,000",delivered,44.7,3.0
G000583,2025-02-11 18:33,Phu Nhuan,new,,Cash,6,"248,000",delivered,35.1,4.0
G000584,2025-02-11 18:39,Thu Duc City,new,,Card,8,"222,000",delivered,52.2,4.0
G000585,2025-02-11 20:02,District 10,new,,Bank transfer,4,"104,000",delivered,41.1,3.0
G000586,2025-02-11 20:08,Binh Thanh,returning,,Cash,8,"345,000",delivered,33.0,3.0
G000587,2025-02-11 21:47,Binh Thanh,new,,Bank transfer,7,"172,000",cancelled,,
G000588,2025-02-12 08:09,District 1,member,Silver,Cash,4,"123,000",cancelled,,
G000589,2025-02-12 09:56,District 10,member,Silver,Card,7,"324,000",delivered,23.1,5.0
G000590,2025-02-12 12:19,District 7,new,,E-wallet,6,"152,000",delivered,41.6,3.0
G000591,2025-02-12 12:36,District 10,member,Gold,Cash,6,"191,000",delivered,31.8,4.0
G000592,2025-02-12 13:04,Binh Thanh,returning,,Bank transfer,9,"309,000",delivered,29.3,5.0
G000593,2025-02-12 16:08,Phu Nhuan,returning,,E-wallet,9,"303,000",delivered,28.2,4.0
G000594,2025-02-12 16:10,Binh Tan,member,Silver,E-wallet,7,"274,000",delivered,41.5,2.0
G000595,2025-02-12 16:40,District 3,returning,,E-wallet,8,"233,000",delivered,27.5,4.0
G000596,2025-02-12 17:13,Tan Binh,returning,,Card,8,"239,000",delivered,34.3,5.0
G000597,2025-02-12 18:09,District 7,returning,,E-wallet,8,"289,000",delivered,41.5,4.0
G000598,2025-02-12 18:32,Phu Nhuan,returning,,Cash,12,"352,000",delivered,31.3,4.0
G000599,2025-02-12 19:08,Phu Nhuan,returning,,Cash,10,"254,000",delivered,43.8,
G000600,2025-02-12 21:00,District 1,returning,,Cash,6,"174,000",delivered,31.1,
G000601,2025-02-12 21:41,District 1,returning,,E-wallet,2,"53,000",delivered,24.8,4.0
G000602,2025-02-13 07:24,Binh Thanh,returning,,Cash,9,"291,000",delivered,28.4,5.0
G000603,2025-02-13 08:18,Thu Duc City,member,Silver,Cash,4,"115,000",delivered,51.0,2.0
G000604,2025-02-13 08:56,Thu Duc,returning,,E-wallet,6,"182,000",delivered,47.8,2.0
G000605,2025-02-13 10:15,Go Vap ,new,,Bank transfer,17,"718,000",delivered,39.9,
G000606,2025-02-13 10:29,Go Vap,returning,,Cash,4,"98,000",delivered,37.0,
G000607,2025-02-13 11:14,Go Vap,new,,E-wallet,7,"266,000",delivered,42.7,3.0
G000608,2025-02-13 11:16,Binh Thanh,returning,,Card,10,"393,000",delivered,41.0,
G000609,2025-02-13 11:28,District 3,member,Silver,Bank transfer,4,"97,000",delivered,29.2,5.0
G000610,2025-02-13 12:07,Thu Duc,member,Gold,Card,4,"147,000",delivered,54.1,
G000611,2025-02-13 12:34,District 10,member,Silver,Card,7,"225,000",delivered,31.1,
G000612,2025-02-13 13:49,District 1,returning,,E-wallet,5,"144,000",delivered,33.4,4.0
G000613,2025-02-13 17:07,District 7,returning,,E-wallet,12,"412,000",delivered,44.1,2.0
G000614,2025-02-13 17:27,Go Vap,new,,Cash,7,"303,000",cancelled,,
G000615,2025-02-13 18:08,Go Vap,returning,,Card,5,"146,000",delivered,40.9,4.0
G000617,2025-02-13 19:25,District 10,new,,Cash,7,"308,000",delivered,40.3,3.0
G000618,2025-02-13 19:46,District 3,returning,,E-wallet,5,"110,000",delivered,34.1,
G000619,2025-02-13 21:44,Binh Thanh,returning,,Card,7,"184,000",delivered,44.1,3.0
G000620,2025-02-13 22:11,Phu Nhuan,new,,Cash,7,"226,000",delivered,28.9,5.0
G000621,2025-02-14 08:42,Binh Tan,returning,,E-wallet,4,"119,000",delivered,42.1,4.0
G000622,2025-02-14 09:35,District 7,new,,E-wallet,1,"30,000",delivered,32.6,4.0
G000623,2025-02-14 11:15,District 7,member,Silver,Cash,8,"242,000",delivered,41.0,3.0
G000624,2025-02-14 11:16,Thu Duc City,member,Gold,Cash,9,"342,000",delivered,53.4,3.0
G000625,2025-02-14 11:29,District 7,returning,,Card,4,"119,000",delivered,45.2,3.0
G000626,2025-02-14 11:56,District 1,member,Silver,E-wallet,9,"313,000",delivered,30.0,
G000627,2025-02-14 12:10,Tan Binh,member,Gold,Bank transfer,8,"313,000",delivered,41.3,
G000628,2025-02-14 12:21,District 1,returning,,Bank transfer,4,"147,000",delivered,29.4,4.0
G000629,2025-02-14 15:41,Binh Thanh,new,,Bank transfer,11,"454,000",delivered,29.8,
G000630,2025-02-14 17:43,District 7,member,Silver,E-wallet,7,"151,000",delivered,33.6,
G000631,2025-02-14 17:49,District 1,returning,,Card,3,"69,000",delivered,23.9,5.0
G000632,2025-02-14 18:39,Thu Duc City,returning,,Cash,8,"157,000",delivered,57.5,
G000633,2025-02-14 19:45,Go Vap,returning,,Card,5,"166,000",delivered,44.5,2.0
G000633,2025-02-14 19:45,Go Vap,returning,,Card,5,"166,000",delivered,44.5,2.0
G000634,2025-02-14 20:15,District 3,returning,,Cash,8,"226,000",delivered,38.0,2.0
G000635,2025-02-14 21:55,Tan Binh,new,,Bank transfer,5,"149,000",delivered,29.5,
G000636,2025-02-15 08:27,District 7,returning,,Cash,14,"492,000",delivered,35.4,
G000637,2025-02-15 11:00,Thu Duc City,returning,,Cash,11,"443,000",delivered,59.2,2.0
G000638,2025-02-15 11:06,Thu Duc City,member,Platinum,Cash,11,"436,000",delivered,58.4,2.0
G000639,2025-02-15 13:18,District 1,returning,,Bank transfer,12,"409,000",delivered,26.4,
G000640,2025-02-15 13:54,District 7,member,Gold,Cash,12,"334,000",delivered,38.5,3.0
G000641,2025-02-15 13:56,Tan Binh,member,Gold,Cash,9,"269,000",delivered,29.6,3.0
G000642,2025-02-15 15:06,Go Vap,member,Silver,Bank transfer,6,"195,000",delivered,37.3,4.0
G000643,2025-02-15 17:52,District 1,member,Silver,E-wallet,6,"204,000",delivered,18.1,3.0
G000644,2025-02-15 17:59,Tan Binh,member,Gold,Cash,9,"373,000",delivered,33.6,4.0
G000645,2025-02-15 18:39,District 1,member,Gold,Card,11,"408,000",delivered,31.9,4.0
G000645,2025-02-15 18:39,District 1,member,Gold,Card,11,"408,000",delivered,31.9,4.0
G000646,2025-02-15 19:15,district 1,member,Gold,Card,9,"295,000",delivered,29.6,5.0
G000647,2025-02-15 19:45,Go Vap,returning,,E-wallet,11,"445,000",delivered,43.0,3.0
G000648,2025-02-15 20:15,Tan Binh,new,,E-wallet,11,"295,000",delivered,34.8,4.0
G000649,2025-02-15 20:57,Binh Thanh,member,Gold,E-wallet,11,"356,000",delivered,41.4,3.0
G000650,2025-02-15 22:38,Phu Nhuan,new,,Bank transfer,14,"632,000",delivered,26.4,5.0
G000651,2025-02-16 08:19,Thu Duc City,member,Platinum,Cash,14,"640,000",delivered,43.7,
G000652,2025-02-16 08:22,District 7,new,,E-wallet,7,"291,000",cancelled,,
G000653,2025-02-16 09:48,District 10,member,Silver,Bank transfer,10,"403,000",delivered,27.1,4.0
G000654,2025-02-16 11:01,Binh Thanh,new,,Card,9,"279,000",delivered,32.1,5.0
G000655,2025-02-16 11:17,District 1,member,Gold,Bank transfer,16,"706,000",delivered,28.9,
G000656,2025-02-16 12:10,District 7,returning,,Cash,12,"262,000",delivered,42.6,4.0
G000657,2025-02-16 12:48,Binh Tan,returning,,Card,13,"404,000",delivered,52.6,3.0
G000658,2025-02-16 13:59,Binh Thanh,member,Silver,Cash,12,"356,000",delivered,33.3,5.0
G000659,2025-02-16 14:08,Go Vap,returning,,E-wallet,10,"470,000",delivered,36.0,4.0
G000660,2025-02-16 14:18,District 1,returning,,Card,13,"425,000",delivered,26.7,
G000661,2025-02-16 16:30,Binh Thanh,member,Gold,Bank transfer,10,"238,000",delivered,26.4,
G000662,2025-02-16 18:12,District 10,member,Platinum,Cash,11,"501,000",delivered,31.3,4.0
G000663,2025-02-16 18:27,District 7,new,,Cash,9,"268,000",delivered,56.6,
G000664,2025-02-16 18:43,Binh Thanh,returning,,E-wallet,11,"329,000",delivered,43.0,
G000665,2025-02-16 18:47,Tan Binh,new,,Cash,9,"170,000",delivered,35.8,
G000666,2025-02-16 19:28,Thu Duc City,new,,Cash,8,"299,000",cancelled,,
G000667,2025-02-16 20:02,District 7,returning,,E-wallet,12,"298,000",delivered,42.2,3.0
G000668,2025-02-16 20:37,District 10,new,,Card,6,"140,000",delivered,38.5,
G000669,2025-02-16 21:02,Tan Binh,returning,,Cash,6,"184,000",delivered,51.9,
G000670,2025-02-16 22:00,District 3,member,Silver,Cash,7,"200,000",delivered,30.2,4.0
G000671,2025-02-16 22:30,Tan Binh,returning,,Card,9,"306,000",delivered,30.8,4.0
G000672,2025-02-16 22:56,Tan Binh,returning,,Bank transfer,12,"423,000",delivered,32.5,
G000673,2025-02-17 08:02,Binh Thanh,returning,,E-wallet,13,"477,000",delivered,26.5,4.0
G000674,2025-02-17 10:11,Thu Duc City,member,Silver,E-wallet,10,"353,000",delivered,42.5,2.0
G000675,2025-02-17 11:11,Binh Thanh,member,Gold,Cash,5,"183,000",delivered,37.4,3.0
G000676,2025-02-17 12:34,Tan Binh,member,Silver,E-wallet,6,"137,000",delivered,36.2,
G000677,2025-02-17 17:58,District 7,new,,Cash,7,"225,000",delivered,40.6,3.0
G000678,2025-02-17 18:35,Binh Tan,returning,,E-wallet,9,"237,000",delivered,50.1,3.0
G000679,2025-02-17 19:12,Binh Tan,returning,,Cash,7,"188,000",delivered,51.0,
G000680,2025-02-17 19:17,Go Vap,returning,,Card,7,"260,000",delivered,48.1,
G000681,2025-02-17 19:40,District 3,member,Gold,Cash,7,"266,000",delivered,31.4,
G000682,2025-02-17 19:50,Phu Nhuan,new,,E-wallet,4,"92,000",delivered,35.2,5.0
G000683,2025-02-18 09:01,District 7,new,,Card,4,"90,000",delivered,40.4,3.0
G000684,2025-02-18 10:54,Binh Thanh,new,,E-wallet,7,"289,000",delivered,27.3,
G000685,2025-02-18 12:50,Tan Binh,member,Silver,Cash,10,"242,000",delivered,50.9,3.0
G000686,2025-02-18 12:57,Tan Binh,member,Gold,Card,7,"164,000",delivered,42.8,3.0
G000687,2025-02-18 13:23,Thu Duc City,member,Silver,Card,5,"218,000",delivered,45.2,2.0
G000688,2025-02-18 13:43,District 3,returning,,E-wallet,6,"180,000",delivered,21.9,
G000689,2025-02-18 14:06,Phu Nhuan,new,,Cash,7,"229,000",delivered,32.1,4.0
G000690,2025-02-18 14:52,Phu Nhuan,returning,,Card,6,"195,000",delivered,29.5,4.0
G000691,2025-02-18 16:58,District 1,returning,,Cash,5,"95,000",delivered,25.1,4.0
G000692,2025-02-18 18:09,Binh Thanh,member,Silver,Card,7,"220,000",delivered,39.9,3.0
G000693,2025-02-18 19:19,Binh thanh,member,Silver,E-wallet,8,"329,000",delivered,36.5,
G000694,2025-02-18 21:37,Binh Tan,new,,E-wallet,5,"130,000",delivered,42.7,
G000695,2025-02-18 21:49,Thu Duc City,returning,,E-wallet,9,"165,000",delivered,43.3,
G000696,2025-02-18 22:03,Binh Thanh,member,Silver,Card,8,"236,000",delivered,25.8,5.0
G000697,2025-02-18 23:16,Phu Nhuan,member,Silver,E-wallet,8,"141,000",delivered,23.2,5.0
G000698,2025-02-18 23:24,Binh Tan,member,Silver,E-wallet,8,"244,000",delivered,53.1,
G000699,2025-02-19 09:49,Thu Duc City,member,Gold,Cash,5,"165,000",delivered,50.1,2.0
G000700,2025-02-19 11:36,Tan Binh,returning,,Bank transfer,7,"220,000",delivered,36.5,3.0
G000701,2025-02-19 11:57,Binh Tan,returning,,Cash,6,"229,000",delivered,51.9,
G000702,2025-02-19 12:32,District 1,returning,,Cash,11,"536,000",delivered,34.0,5.0
G000703,2025-02-19 12:40,TP Thu Duc,new,,Card,1,"23,000",delivered,53.6,1.0
G000704,2025-02-19 13:22,Go Vap,new,,Cash,8,"389,000",delivered,34.3,4.0
G000705,2025-02-19 16:52,Go Vap,member,Silver,Card,7,"142,000",delivered,40.3,3.0
G000706,2025-02-19 18:36,District 7,returning,,Bank transfer,6,"190,000",delivered,45.7,4.0
G000707,2025-02-19 19:12,District 3,member,Silver,Cash,9,"264,000",delivered,30.5,
G000708,2025-02-19 19:12,District 1,new,,E-wallet,6,"154,000",delivered,27.6,5.0
G000709,2025-02-19 19:41,District 7,new,,Card,8,"272,000",delivered,40.4,3.0
G000710,2025-02-19 20:34,Binh Thanh,returning,,Card,4,"102,000",delivered,48.2,3.0
G000711,2025-02-19 20:36,Tan Binh,returning,,Cash,7,"175,000",delivered,36.4,
G000712,2025-02-19 21:39,Phu Nhuan,member,Silver,Card,8,"156,000",delivered,39.1,5.0
G000713,2025-02-19 22:16,Tan Binh,new,,Bank transfer,5,"110,000",delivered,37.5,
G000714,2025-02-20 11:37,District 1,returning,,Bank transfer,6,"157,000",delivered,47.9,1.0
G000715,2025-02-20 12:48,Binh Thanh,member,Silver,E-wallet,6,"147,000",delivered,33.6,4.0
G000716,2025-02-20 17:46,Tan Binh,member,Gold,E-wallet,8,"240,000",delivered,33.7,3.0
G000717,2025-02-20 17:55,District 10,returning,,Bank transfer,4,"119,000",delivered,21.8,
G000718,2025-02-20 18:38,District 7,member,Silver,Cash,8,"296,000",delivered,43.0,3.0
G000719,2025-02-20 19:30,Phu Nhuan,member,Silver,Card,7,"268,000",delivered,31.0,3.0
G000720,2025-02-20 19:43,Binh Tan,member,Silver,Bank transfer,3,"93,000",delivered,62.9,3.0
G000721,2025-02-20 19:44,District 3,new,,E-wallet,8,"282,000",delivered,29.6,3.0
G000722,2025-02-20 19:59,Tan Binh,returning,,Card,6,"154,000",delivered,38.2,4.0
G000723,2025-02-20 21:00,District 3,new,,E-wallet,3,"57,000",delivered,23.1,5.0
G000724,2025-02-20 21:41,Binh Tan,member,Platinum,Card,5,"244,000",cancelled,,
G000725,2025-02-20 22:09,Tan Binh,new,,E-wallet,5,"175,000",delivered,28.6,
G000726,2025-02-21 10:47,Go Vap ,member,Silver,E-wallet,6,"323,000",delivered,39.0,4.0
G000727,2025-02-21 10:50,District 1,member,Silver,E-wallet,9,"410,000",cancelled,,
G000728,2025-02-21 10:58,Tan Binh,returning,,E-wallet,10,"343,000",delivered,32.7,
G000729,2025-02-21 12:09,District 1,member,Gold,Cash,7,"197,000",delivered,28.3,5.0
G000730,2025-02-21 12:13,District 10,member,Gold,Cash,5,"125,000",delivered,40.1,3.0
G000731,2025-02-21 12:51,Go Vap,returning,,Bank transfer,5,"148,000",delivered,47.7,2.0
G000732,2025-02-21 14:38,Tan Binh,new,,E-wallet,9,"202,000",delivered,27.8,5.0
G000733,2025-02-21 15:01,Phu Nhuan,member,Silver,E-wallet,6,"183,000",delivered,27.3,
G000734,2025-02-21 15:49,Thu Duc City,member,Gold,E-wallet,8,"41,000",delivered,47.9,
G000735,2025-02-21 16:19,Phu Nhuan,returning,,E-wallet,6,"238,000",delivered,26.6,5.0
G000736,2025-02-21 17:16,District 7,member,Silver,Bank transfer,5,"132,000",delivered,37.0,
G000737,2025-02-21 17:38,Go Vap,returning,,E-wallet,4,"110,000",delivered,34.3,4.0
G000738,2025-02-21 18:32,BINH THANH,returning,,Cash,8,"253,000",delivered,41.9,3.0
G000739,2025-02-21 20:17,Tan Binh,member,Silver,E-wallet,7,"326,000",delivered,50.7,3.0
G000740,2025-02-21 20:58,Phu Nhuan,returning,,Cash,5,"207,000",delivered,43.3,2.0
G000741,2025-02-21 21:24,District 10,returning,,E-wallet,7,"265,000",delivered,26.0,4.0
G000742,2025-02-22 07:57,District 7,new,,Cash,11,"156,000",delivered,39.9,
G000743,2025-02-22 11:04,Binh Thanh,new,,Card,8,"242,000",delivered,39.9,4.0
G000744,2025-02-22 11:12,Binh Thanh,returning,,Bank transfer,4,"158,000",delivered,33.7,4.0
G000745,2025-02-22 11:15,Go Vap,new,,Bank transfer,17,"626,000",delivered,46.2,
G000746,2025-02-22 11:26,Thu Duc City,returning,,Bank transfer,6,"109,000",delivered,51.7,2.0
G000747,2025-02-22 13:43,Phu Nhuan,new,,Cash,13,"230,000",delivered,28.2,4.0
G000748,2025-02-22 14:20,Binh Thanh,returning,,E-wallet,10,"367,000",delivered,31.5,5.0
G000749,2025-02-22 14:29,Go Vap,new,,Card,8,"227,000",delivered,34.8,4.0
G000750,2025-02-22 15:46,District 10,member,Platinum,Cash,10,"344,000",delivered,26.3,
G000751,2025-02-22 16:35,Phu Nhuan,member,Silver,Card,11,"304,000",delivered,24.4,5.0
G000752,2025-02-22 19:17,Phu Nhuan,new,,E-wallet,13,"445,000",delivered,33.4,
G000753,2025-02-22 20:10,District 1,new,,Bank transfer,8,"286,000",delivered,31.6,5.0
G000754,2025-02-22 22:05,Binh Tan,member,Gold,Card,9,"354,000",delivered,49.8,3.0
G000755,2025-02-23 07:27,Thu Duc City,returning,,E-wallet,8,"259,000",delivered,46.0,3.0
G000756,2025-02-23 09:41,Binh Tan,new,,Bank transfer,10,"290,000",delivered,48.3,2.0
G000757,2025-02-23 10:13,Binh Tan,returning,,E-wallet,14,"396,000",delivered,40.6,3.0
G000757,2025-02-23 10:13,Binh Tan,returning,,E-wallet,14,"396,000",delivered,40.6,3.0
G000758,2025-02-23 10:39,District 1,returning,,Card,11,"333,000",delivered,20.1,5.0
G000759,2025-02-23 11:38,District 1,member,Gold,Card,7,"210,000",delivered,35.1,4.0
G000760,2025-02-23 12:03,Binh Thanh,new,,Cash,6,"152,000",delivered,36.4,3.0
G000761,2025-02-23 12:20,Thu Duc City,returning,,Card,13,"403,000",delivered,50.8,3.0
G000762,2025-02-23 12:25,Go Vap,member,Silver,Card,10,"262,000",delivered,46.0,
G000763,2025-02-23 16:37,Tan Binh,new,,E-wallet,7,"207,000",delivered,28.6,
G000764,2025-02-23 17:01,Binh Thanh,returning,,Bank transfer,10,"296,000",delivered,25.1,5.0
G000765,2025-02-23 17:19,Binh Thanh,new,,Card,16,"721,000",delivered,31.6,5.0
G000766,2025-02-23 18:07,Binh Thanh,new,,Card,10,"296,000",delivered,37.8,3.0
G000767,2025-02-23 18:18,Go Vap ,member,Gold,E-wallet,12,"300,000",delivered,47.6,1.0
G000768,2025-02-23 18:40,Binh Thanh,new,,Cash,9,"216,000",delivered,39.8,
G000769,2025-02-23 19:14,Thu Duc City,returning,,E-wallet,11,"318,000",delivered,52.1,3.0
G000770,2025-02-23 19:22,District 1,new,,Card,9,"309,000",delivered,29.0,
G000771,2025-02-23 19:31,District 7,member,Silver,Bank transfer,4,"98,000",delivered,42.0,3.0
G000772,2025-02-23 20:23,Go Vap ,returning,,Cash,12,"339,000",delivered,44.1,1.0
G000773,2025-02-23 20:28,District 10,returning,,Cash,9,"395,000",delivered,34.1,4.0
G000774,2025-02-23 20:53,Go Vap,member,Silver,E-wallet,11,"304,000",delivered,44.4,3.0
G000775,2025-02-23 21:11,Go Vap,new,,Cash,9,"278,000",delivered,37.2,
G000776,2025-02-23 21:25,Thu Duc City,member,Silver,Bank transfer,13,"337,000",delivered,50.2,
G000777,2025-02-23 22:20,District 3,member,Gold,Cash,13,"340,000",delivered,35.2,
G000778,2025-02-23 22:48,Go Vap,member,Silver,Bank transfer,12,"415,000",delivered,38.2,3.0
G000779,2025-02-24 09:56,District 7,member,Gold,Cash,8,"190,000",delivered,36.8,4.0
G000780,2025-02-24 11:41,Q7,returning,,Cash,6,"186,000",delivered,42.1,3.0
G000781,2025-02-24 11:43,Binh Thanh,member,Silver,E-wallet,11,"369,000",delivered,39.5,4.0
G000782,2025-02-24 11:48,District 3,returning,,Bank transfer,6,"195,000",delivered,33.1,4.0
G000783,2025-02-24 12:18,Go Vap,returning,,Cash,10,"307,000",delivered,44.4,
G000784,2025-02-24 14:12,Thu Duc City,member,Silver,Card,4,"137,000",delivered,52.8,1.0
G000785,2025-02-24 15:46,Go Vap,returning,,Card,8,"194,000",delivered,41.2,3.0
G000786,2025-02-24 16:57,Phu Nhuan,returning,,Cash,7,"185,000",delivered,25.2,
G000787,2025-02-24 17:12,Binh Tan,returning,,Cash,8,"291,000",delivered,52.2,
G000788,2025-02-24 17:17,Binh Tan,member,Silver,Card,3,"131,000",delivered,49.7,2.0
G000789,2025-02-24 17:58,Thu Duc City,returning,,Card,4,"157,000",delivered,48.1,2.0
G000790,2025-02-24 18:59,Binh Thanh,returning,,Cash,8,"265,000",cancelled,,
G000791,2025-02-24 19:08,District 7,returning,,ewallet,9,"256,000",delivered,44.3,
G000792,2025-02-24 19:17,District 7,member,Gold,E-wallet,6,"160,000",delivered,43.0,3.0
G000793,2025-02-24 19:21,Thu Duc City,returning,,Bank transfer,9,"332,000",cancelled,,
G000794,2025-02-24 19:38,District 3,member,Silver,Card,7,"268,000",cancelled,,
G000795,2025-02-24 21:08,District 1,member,Silver,Bank transfer,8,"192,000",delivered,22.1,4.0
G000796,2025-02-25 07:21,District 7,returning,,E-wallet,11,"343,000",delivered,35.8,
G000797,2025-02-25 08:29,Binh Tan,member,Silver,Cash,6,"163,000",delivered,51.5,3.0
G000798,2025-02-25 09:34,Binh Thanh,new,,E-wallet,7,"204,000",delivered,27.0,4.0
G000799,2025-02-25 10:37,Binh Thanh,new,,Cash,8,"226,000",delivered,33.0,5.0
G000800,2025-02-25 10:39,District 1,returning,,Cash,6,"260,000",delivered,19.7,4.0
G000801,2025-02-25 11:01,Binh Thanh,returning,,Card,9,"451,000",delivered,37.5,5.0
G000802,2025-02-25 12:14,Tan Binh,returning,,Cash,8,"364,000",delivered,43.9,
G000803,2025-02-25 12:54,District 3,returning,,E-wallet,7,"301,000",delivered,37.4,
G000804,2025-02-25 14:45,Thu Duc City,member,Gold,Cash,5,"102,000",delivered,42.4,2.0
G000805,2025-02-25 16:04,Binh Tan,returning,,Card,2,"54,000",delivered,48.9,
G000806,2025-02-25 18:27,District 1,new,,Card,2,"64,000",delivered,27.3,
G000807,2025-02-25 20:21,Go Vap ,returning,,E-wallet,4,"176,000",delivered,46.5,
G000808,2025-02-25 20:38,District 7,returning,,Cash,6,"114,000",delivered,44.1,4.0
G000809,2025-02-25 20:47,Go Vap ,new,,Card,9,"349,000",delivered,45.9,1.0
G000810,2025-02-26 06:28,District 1,returning,,Cash,6,"164,000",delivered,23.7,4.0
G000811,2025-02-26 08:22,District 7,new,,Cash,10,"219,000",delivered,33.1,
G000812,2025-02-26 08:24,District 3,new,,Cash,5,"102,000",delivered,26.2,5.0
G000813,2025-02-26 08:59,Binh Tan,member,Silver,Bank transfer,6,"203,000",delivered,42.6,
G000814,2025-02-26 09:45,Go Vap,member,Gold,E-wallet,3,"45,000",delivered,34.6,4.0
G000815,2025-02-26 10:23,District 10,member,Gold,E-wallet,3,"84,000",cancelled,,
G000816,2025-02-26 10:41,District 7,returning,,Card,3,"105,000",delivered,32.6,5.0
G000817,2025-02-26 11:03,Binh Thanh,new,,E-wallet,8,"181,000",delivered,38.4,2.0
G000818,2025-02-26 11:07,Thu Duc City,new,,Bank transfer,6,"210,000",delivered,51.7,3.0
G000819,2025-02-26 11:22,Thu Duc City,member,Silver,Cash,6,"108,000",delivered,51.9,
G000820,2025-02-26 11:49,Thu Duc City,new,,E-wallet,8,"242,000",delivered,54.9,
G000821,2025-02-26 12:50,Binh Tan,new,,Cash,6,"240,000",delivered,51.6,3.0
G000822,2025-02-26 13:07,Tan Binh,returning,,Cash,6,"209,000",delivered,32.0,4.0
G000823,2025-02-26 13:21,Go Vap,new,,Cash,6,"204,000",delivered,37.3,4.0
G000824,2025-02-26 13:36,Go Vap,returning,,Card,6,"131,000",delivered,35.0,4.0
G000825,2025-02-26 14:00,Binh Thanh,new,,E-wallet,7,"275,000",delivered,31.0,3.0
G000826,2025-02-26 14:54,Go Vap,returning,,Bank transfer,8,"269,000",delivered,42.1,
G000827,2025-02-26 15:32,District 3,returning,,E-wallet,8,"204,000",delivered,22.0,
G000828,2025-02-26 15:48,District 3,returning,,E-wallet,8,"230,000",delivered,25.0,4.0
G000829,2025-02-26 18:08,District 1,returning,,Card,11,"399,000",delivered,30.0,5.0
G000830,2025-02-26 18:46,District 3,returning,,Bank transfer,7,"251,000",delivered,28.0,
G000831,2025-02-26 19:03,District 10,returning,,E-wallet,4,"110,000",delivered,36.7,5.0
G000832,2025-02-26 20:58,District 7,returning,,Card,5,"165,000",delivered,43.8,2.0
G000833,2025-02-26 21:00,Binh Tan,returning,,E-wallet,5,"80,000",delivered,51.2,2.0
G000834,2025-02-26 22:06,Phu Nhuan,new,,Bank transfer,7,"208,000",cancelled,,
G000835,2025-02-26 23:12,Thu Duc City,returning,,Cash,4,"142,000",delivered,42.4,3.0
G000836,2025-02-27 08:03,District 1,new,,Cash,6,"216,000",delivered,20.0,5.0
G000836,2025-02-27 08:03,District 1,new,,Cash,6,"216,000",delivered,20.0,5.0
G000837,2025-02-27 10:31,District 1,new,,Cash,8,"201,000",delivered,20.3,4.0
G000838,2025-02-27 11:26,Binh Tan,member,Silver,Cash,6,"200,000",delivered,58.4,2.0
G000839,2025-02-27 11:54,Tan Binh,member,Silver,E-wallet,4,"127,000",delivered,45.9,4.0
G000840,2025-02-27 16:36,District 1,member,Silver,Card,4,"137,000",delivered,22.2,
G000841,2025-02-27 17:06,Thu Duc City,member,Silver,Card,9,"250,000",delivered,49.5,2.0
G000842,2025-02-27 18:05,Thu Duc City,returning,,E-wallet,10,"297,000",delivered,51.4,2.0
G000843,2025-02-27 18:35,Thu Duc City,returning,,Cash,5,"162,000",delivered,54.3,3.0
G000844,2025-02-27 18:50,Thu Duc City,member,Platinum,Cash,4,"196,000",delivered,52.7,2.0
G000845,2025-02-27 19:10,Thu Duc,member,Silver,E-wallet,7,"226,000",delivered,61.8,
G000846,2025-02-27 19:16,Thu Duc City,member,Gold,Cash,8,"285,000",delivered,54.6,1.0
G000847,2025-02-27 19:27,District 7,returning,,Cash,6,"230,000",cancelled,,
G000848,2025-02-27 20:13,Binh Thanh,member,Silver,E-wallet,8,"253,000",delivered,35.3,
G000849,2025-02-27 20:31,Binh Tan,new,,Cash,5,"149,000",delivered,50.1,2.0
G000850,2025-02-27 22:48,Tan Binh,new,,E-wallet,9,"284,000",delivered,27.7,5.0
G000852,2025-02-28 10:54,District 7,new,,Card,3,"92,000",delivered,33.3,5.0
G000853,2025-02-28 11:20,District 3,new,,E-wallet,3,"119,000",delivered,28.3,
G000854,2025-02-28 11:39,District 3,returning,,Cash,11,"382,000",delivered,27.7,
G000855,2025-02-28 11:52,Thu Duc City,member,Platinum,Bank transfer,10,"341,000",delivered,52.7,2.0
G000856,2025-02-28 12:40,Tan Binh,returning,,Card,9,"314,000",delivered,38.4,4.0
G000857,2025-02-28 13:39,Thu Duc,member,Gold,Card,4,"171,000",delivered,46.0,
G000858,2025-02-28 15:08,District 1,returning,,Cash,7,"225,000",delivered,29.7,4.0
G000859,2025-02-28 17:01,Go Vap,member,Silver,E-wallet,7,"237,000",delivered,60.4,3.0
G000860,2025-02-28 17:46,District 7,new,,Cash,8,"196,000",delivered,39.3,
G000861,2025-02-28 18:35,Phu Nhuan,returning,,Card,12,"411,000",delivered,32.6,5.0
G000862,2025-02-28 19:21,Thu Duc City,member,Silver,Bank transfer,7,"223,000",delivered,57.8,1.0
G000863,2025-02-28 19:27,Binh Tan,returning,,Card,5,"108,000",delivered,49.8,4.0
G000864,2025-02-28 19:56,District 7,new,,E-wallet,11,"351,000",delivered,43.7,2.0
G000865,2025-02-28 20:42,Phu Nhuan,member,Gold,Bank transfer,5,"86,000",delivered,41.5,
G000866,2025-03-01 08:08,Thu Duc City,member,Gold,Cash,11,"285,000",delivered,51.1,1.0
G000867,2025-03-01 08:49,Thu Duc,new,,Card,9,"242,000",delivered,50.0,1.0
G000868,2025-03-01 08:57,Binh Thanh,returning,,Card,7,"157,000",delivered,40.2,3.0
G000869,2025-03-01 09:31,Thu Duc City,returning,,Cash,8,"213,000",delivered,45.5,2.0
G000870,2025-03-01 09:46,District 10,new,,Card,11,"230,000",delivered,30.7,4.0
G000871,2025-03-01 09:55,Thu Duc City,new,,Cash,11,"327,000",delivered,46.2,3.0
G000871,2025-03-01 09:55,Thu Duc City,new,,Cash,11,"327,000",delivered,46.2,3.0
G000872,2025-03-01 11:32,District 7,member,Gold,Card,9,"183,000",delivered,43.2,4.0
G000873,2025-03-01 12:42,Binh thanh,new,,E-wallet,10,"298,000",cancelled,,
G000874,2025-03-01 12:45,District 7,new,,Bank transfer,11,"384,000",delivered,40.7,5.0
G000875,2025-03-01 15:38,District 3,returning,,Card,15,"567,000",delivered,24.0,5.0
G000876,2025-03-01 16:10,District 10,returning,,Card,14,"522,000",delivered,24.6,
G000877,2025-03-01 16:12,Go Vap,member,Gold,Cash,6,"225,000",delivered,39.2,
G000878,2025-03-01 16:27,District 7,new,,Bank transfer,8,"302,000",delivered,41.7,3.0
G000879,2025-03-01 17:19,Binh Thanh,returning,,Bank transfer,9,"292,000",delivered,24.5,5.0
G000880,2025-03-01 17:24,Go Vap,new,,E-wallet,3,"87,000",delivered,34.5,
G000881,2025-03-01 17:37,BINH THANH,returning,,Card,10,"321,000",delivered,25.5,4.0
G000882,2025-03-01 18:17,District 7,new,,Cash,10,"296,000",delivered,44.7,3.0
G000883,2025-03-01 18:43,District 7,new,,Card,8,"228,000",delivered,41.8,
G000884,2025-03-01 19:13,Tan Binh,member,Silver,Card,11,"337,000",delivered,37.5,3.0
G000885,2025-03-01 19:14,Tan Binh,new,,E-wallet,13,"456,000",delivered,39.8,
G000886,2025-03-01 19:55,Thu Duc City,returning,,Cash,12,"378,000",delivered,51.9,2.0
G000887,2025-03-01 20:49,Binh Thanh,member,Silver,E-wallet,12,"276,000",delivered,36.8,
G000888,2025-03-01 20:51,District 7,returning,,Bank transfer,13,"521,000",delivered,44.1,3.0
G000889,2025-03-01 20:52,District 1,member,Platinum,Card,10,"394,000",delivered,26.4,4.0
G000890,2025-03-01 21:45,Binh Tan,returning,,Bank transfer,9,"388,000",delivered,42.4,3.0
G000891,2025-03-02 08:20,District 3,returning,,E-wallet,5,"187,000",delivered,23.0,5.0
G000892,2025-03-02 09:20,District 7,member,Silver,Bank transfer,16,"411,000",delivered,34.4,4.0
G000893,2025-03-02 09:40,Phu Nhuan,new,,Cash,14,"515,000",delivered,27.5,
G000893,2025-03-02 09:40,Phu Nhuan,new,,Cash,14,"515,000",delivered,27.5,
G000894,2025-03-02 10:12,District 10,returning,,E-wallet,14,"414,000",delivered,27.5,5.0
G000895,2025-03-02 10:18,District 1,returning,,Bank transfer,10,"271,000",delivered,20.4,4.0
G000896,2025-03-02 11:36,District 10,returning,,Cash,11,"269,000",delivered,29.9,4.0
G000897,2025-03-02 13:16,District 1,member,Gold,Cash,15,"544,000",delivered,23.3,
G000898,2025-03-02 14:18,District 10,returning,,E-wallet,10,"302,000",delivered,27.7,5.0
G000899,2025-03-02 14:48,District 7,member,Silver,Bank transfer,7,"167,000",delivered,38.9,
G000900,2025-03-02 17:17,Go Vap,returning,,E-wallet,10,"343,000",delivered,45.9,3.0
G000901,2025-03-02 17:33,Thu Duc City,new,,Cash,14,"429,000",delivered,43.9,
G000902,2025-03-02 17:41,Phu Nhuan,returning,,Bank transfer,11,"460,000",delivered,23.7,
G000903,2025-03-02 18:15,District 1,new,,E-wallet,8,"158,000",delivered,29.8,4.0
G000904,2025-03-02 18:22,Go Vap,member,Silver,Cash,9,"285,000",cancelled,,
G000905,2025-03-02 19:22,District 1,returning,,E-wallet,11,"413,000",delivered,36.9,4.0
G000906,2025-03-02 20:17,Go Vap,returning,,Cash,6,"203,000",delivered,42.3,3.0
G000907,2025-03-02 20:56,Go Vap,member,Silver,Cash,13,"390,000",delivered,48.3,
G000908,2025-03-02 21:44,District 1,returning,,Card,14,"433,000",delivered,21.1,5.0
G000909,2025-03-02 21:49,Binh Thanh,returning,,E-wallet,9,"381,000",delivered,27.5,
G000910,2025-03-03 10:39,Binh Thanh,returning,,Cash,11,"217,000",delivered,28.0,5.0
G000911,2025-03-03 12:02,Tan Binh,returning,,Card,10,"340,000",delivered,34.4,3.0
G000912,2025-03-03 12:19,Binh Thanh,member,Silver,E-wallet,8,"228,000",delivered,38.5,2.0
G000913,2025-03-03 12:22,District 1,returning,,Cash,5,"173,000",delivered,41.1,
G000914,2025-03-03 12:33,District 7,returning,,Bank transfer,4,"139,000",delivered,48.4,1.0
G000915,2025-03-03 13:25,Phu Nhuan,member,Silver,Cash,10,"313,000",delivered,25.8,4.0
G000916,2025-03-03 18:38,Binh Tan,member,Gold,Bank transfer,14,"572,000",delivered,57.5,3.0
G000917,2025-03-03 18:41,District 1,returning,,E-wallet,4,"97,000",delivered,30.3,
G000918,2025-03-03 19:17,Binh Thanh,returning,,E-wallet,10,"321,000",delivered,36.4,3.0
G000919,2025-03-03 19:55,District 7,member,Gold,Card,4,"103,000",delivered,43.7,
G000920,2025-03-03 20:51,Tan Binh,member,Silver,E-wallet,4,"74,000",delivered,40.8,4.0
G000921,2025-03-03 22:01,Thu Duc City,returning,,E-wallet,6,"209,000",cancelled,,
G000922,2025-03-03 22:27,District 10,returning,,E-wallet,3,"69,000",delivered,26.1,4.0
G000923,2025-03-04 08:01,District 10,member,Silver,Cash,6,"215,000",delivered,24.3,5.0
G000924,2025-03-04 09:00,Binh Tan,member,Silver,E-wallet,9,"312,000",delivered,44.0,
G000925,2025-03-04 10:02,District 10,returning,,E-wallet,7,"243,000",delivered,24.5,4.0
G000926,2025-03-04 11:03,District 7,member,Gold,Cash,7,"229,000",delivered,40.3,4.0
G000927,2025-03-04 11:10,District 7,member,Gold,Cash,3,"92,000",delivered,49.6,3.0
G000928,2025-03-04 12:30,District 1,returning,,E-wallet,7,"284,000",delivered,27.0,5.0
G000929,2025-03-04 14:00,District 7,member,Gold,Cash,8,"298,000",delivered,32.7,4.0
G000930,2025-03-04 16:00,Tan Binh,member,Silver,Cash,10,"313,000",delivered,30.0,5.0
G000931,2025-03-04 17:31,District 10,new,,Card,9,"216,000",delivered,32.8,
G000933,2025-03-04 18:41,District 3,returning,,E-wallet,5,"165,000",delivered,34.5,
G000934,2025-03-04 18:46,Binh Thanh,returning,,E-wallet,9,"299,000",delivered,42.4,
G000935,2025-03-04 19:06,District 1,member,Platinum,Cash,7,"406,000",delivered,34.3,4.0
G000936,2025-03-04 21:27,Tan Binh,member,Gold,Card,6,"301,000",delivered,38.8,4.0
G000937,2025-03-04 21:28,Thu Duc City,new,,Card,6,"236,000",delivered,47.8,4.0
G000938,2025-03-04 21:37,District 7,new,,Cash,6,"115,000",delivered,35.5,4.0
G000939,2025-03-04 22:15,Tan Binh,member,Silver,E-wallet,5,"191,000",delivered,32.1,
G000940,2025-03-04 23:22,District 10,new,,E-wallet,4,"109,000",delivered,25.5,
G000941,2025-03-05 09:19,Binh Tan,returning,,E-wallet,8,"283,000",delivered,43.4,2.0
G000942,2025-03-05 11:14,District 3,new,,E-wallet,7,"285,000",cancelled,,
G000943,2025-03-05 14:08,Thu Duc City,new,,E-wallet,4,"90,000",delivered,44.4,3.0
G000944,2025-03-05 14:47,District 3,member,Gold,Cash,12,"181,000",delivered,25.3,5.0
G000945,2025-03-05 20:02,Binh Thanh,new,,Cash,8,"236,000",delivered,35.3,4.0
G000946,2025-03-05 20:11,Phu Nhuan,member,Silver,E-wallet,3,"89,000",delivered,41.3,3.0
G000947,2025-03-05 20:53,Binh Thanh,new,,Bank transfer,6,"245,000",delivered,34.6,
G000948,2025-03-05 21:18,BINH THANH,returning,,Cash,4,"175,000",delivered,32.2,4.0
G000949,2025-03-06 06:28,Go Vap,new,,Card,11,"443,000",cancelled,,
G000950,2025-03-06 08:38,District 1,member,Silver,E-wallet,3,"94,000",delivered,21.9,5.0
G000951,2025-03-06 09:42,Thu Duc City,new,,E-wallet,4,"117,000",delivered,49.1,
G000952,2025-03-06 09:53,Tan Binh,returning,,E-wallet,4,"106,000",delivered,28.8,
G000953,2025-03-06 11:45,Tan Binh,member,Gold,E-wallet,14,"499,000",delivered,42.7,3.0
G000954,2025-03-06 12:52,District 7,returning,,E-wallet,8,"225,000",delivered,50.1,3.0
G000955,2025-03-06 12:56,District 3,member,Gold,Bank transfer,5,"161,000",delivered,35.7,
G000956,2025-03-06 13:18,Binh Thanh,returning,,Card,5,"166,000",delivered,27.6,4.0
G000957,2025-03-06 15:45,District 7,returning,,E-wallet,13,"324,000",cancelled,,
G000958,2025-03-06 16:08,District 7,new,,E-wallet,6,"252,000",delivered,37.9,3.0
G000960,2025-03-06 17:57,Binh Tan,new,,Card,4,"208,000",delivered,45.2,3.0
G000961,2025-03-06 18:10,District 10,returning,,E-wallet,9,"349,000",delivered,33.5,
G000962,2025-03-06 18:35,Thu Duc City,member,Silver,E-wallet,8,"339,000",delivered,57.3,2.0
G000963,2025-03-06 19:04,Go Vap,new,,E-wallet,7,"203,000",delivered,43.5,3.0
G000964,2025-03-06 19:08,Binh Thanh,returning,,Cash,12,"284,000",delivered,32.7,
G000965,2025-03-06 19:08,District 7,new,,Card,6,"222,000",delivered,48.3,3.0
G000966,2025-03-06 19:24,Go Vap,new,,E-wallet,4,"173,000",delivered,44.3,2.0
G000967,2025-03-06 19:32,District 7,returning,,Cash,3,"100,000",delivered,53.9,3.0
G000968,2025-03-06 19:40,District 3,returning,,E-wallet,6,"221,000",delivered,33.3,4.0
G000969,2025-03-06 20:01,Tan Binh,returning,,Bank transfer,6,"188,000",delivered,35.5,4.0
G000970,2025-03-06 21:25,Go Vap,returning,,E-wallet,5,"176,000",delivered,33.0,4.0
G000971,2025-03-06 21:27,Phu Nhuan,new,,Cash,3,"112,000",delivered,24.1,5.0
G000972,2025-03-06 21:39,Binh Tan,returning,,E-wallet,5,"220,000",cancelled,,
G000973,2025-03-06 21:50,Thu Duc City,returning,,E-wallet,5,"158,000",delivered,46.9,3.0
G000974,2025-03-06 22:26,District 3,returning,,Cash,6,"212,000",delivered,25.9,5.0
G000975,2025-03-07 06:20,District 7,returning,,E-wallet,2,"63,000",delivered,39.8,3.0
G000976,2025-03-07 08:52,Binh Thanh,returning,,Cash,8,"236,000",delivered,31.8,
G000977,2025-03-07 10:15,District 1,returning,,Cash,7,"218,000",delivered,20.0,5.0
G000978,2025-03-07 10:21,Tan Binh,member,Silver,Cash,6,"222,000",delivered,26.5,5.0
G000979,2025-03-07 10:28,Thu Duc City,member,Silver,Cash,7,"298,000",delivered,53.8,
G000980,2025-03-07 12:44,District 1,returning,,Bank transfer,4,"123,000",delivered,27.1,4.0
G000981,2025-03-07 12:52,Binh Thanh,member,Gold,E-wallet,10,"248,000",delivered,37.7,
G000982,2025-03-07 12:52,Tan Binh,returning,,Bank transfer,3,"92,000",delivered,38.4,
G000983,2025-03-07 13:24,District 7,returning,,E-wallet,4,"166,000",delivered,34.3,4.0
G000984,2025-03-07 13:52,Binh Thanh,returning,,Card,8,"354,000",delivered,32.4,5.0
G000985,2025-03-07 13:56,Binh Tan,new,,E-wallet,8,"263,000",delivered,43.5,
G000986,2025-03-07 14:15,TP Thu Duc,returning,,Bank transfer,4,"122,000",delivered,43.4,3.0
G000987,2025-03-07 16:32,District 10,new,,E-wallet,6,"228,000",delivered,24.8,5.0
G000988,2025-03-07 17:36,Binh Thanh,new,,Card,5,"182,000",delivered,31.0,
G000989,2025-03-07 18:26,Go Vap,member,Gold,E-wallet,6,"158,000",delivered,50.5,
G000990,2025-03-07 18:43,District 7,member,Platinum,Cash,5,"246,000",delivered,52.7,2.0
G000991,2025-03-07 19:26,Q1,member,Gold,E-wallet,6,"271,000",delivered,31.3,4.0
G000992,2025-03-07 19:41,Binh Tan,returning,,Cash,4,"127,000",delivered,50.5,3.0
G000992,2025-03-07 19:41,Binh Tan,returning,,Cash,4,"127,000",delivered,50.5,3.0
G000993,2025-03-07 20:32,District 7,member,Silver,Cash,5,"106,000",delivered,41.4,
G000994,2025-03-07 20:51,Thu Duc City,returning,,E-wallet,8,"340,000",delivered,54.3,
G000995,2025-03-07 20:53,District 7,new,,E-wallet,5,"175,000",delivered,44.3,3.0
G000996,2025-03-07 21:24,District 7,returning,,Cash,4,"143,000",delivered,37.1,4.0
G000997,2025-03-07 21:57,Tan Binh,returning,,E-wallet,14,"430,000",delivered,29.9,
G000998,2025-03-08 09:39,Binh Thanh,new,,Bank transfer,11,"373,000",delivered,32.4,4.0
G000999,2025-03-08 11:34,District 3,returning,,Cash,12,"328,000",delivered,34.4,4.0
G001000,2025-03-08 12:03,Go Vap,new,,Card,13,"391,000",delivered,41.7,4.0
G001001,2025-03-08 12:44,District 1,returning,,Bank transfer,13,"301,000",delivered,36.0,4.0
G001002,2025-03-08 13:05,Thu Duc City,new,,Cash,8,"269,000",delivered,55.7,2.0
G001003,2025-03-08 18:01,Tan Binh,returning,,Cash,10,"362,000",delivered,35.6,4.0
G001004,2025-03-08 18:21,Phu Nhuan,member,Silver,E-wallet,9,"204,000",delivered,41.1,3.0
G001005,2025-03-08 19:04,Tan Binh,new,,Bank transfer,18,"567,000",delivered,39.5,
G001006,2025-03-08 19:29,Tan Binh,returning,,Card,14,"360,000",delivered,40.0,3.0
G001007,2025-03-08 19:41,Go Vap,returning,,Bank transfer,12,"281,000",delivered,57.0,2.0
G001008,2025-03-09 09:54,Binh Tan,returning,,Cash,13,"462,000",delivered,44.3,3.0
G001009,2025-03-09 10:26,District 7,returning,,Card,6,"195,000",delivered,33.3,
G001010,2025-03-09 11:57,Binh Tan,returning,,E-wallet,7,"171,000",delivered,62.9,2.0
G001011,2025-03-09 12:00,Go Vap,member,Silver,Cash,12,"393,000",delivered,57.9,
G001012,2025-03-09 12:11,Phu Nhuan,returning,,Bank transfer,10,"298,000",delivered,32.5,4.0
G001013,2025-03-09 12:55,District 3,returning,,E-wallet,12,"264,000",delivered,37.6,
G001014,2025-03-09 13:15,District 7,member,Silver,E-wallet,8,"260,000",cancelled,,
G001015,2025-03-09 15:53,District 3,member,Gold,Cash,5,"143,000",delivered,24.7,5.0
G001016,2025-03-09 16:17,District 10,new,,Bank transfer,5,"186,000",delivered,32.0,5.0
G001017,2025-03-09 17:34,Phu Nhuan,member,Silver,Card,17,"613,000",delivered,29.7,5.0
G001018,2025-03-09 18:31,District 1,new,,Cash,8,"321,000",delivered,40.1,3.0
G001019,2025-03-09 18:54,District 1,returning,,E-wallet,9,"375,000",delivered,34.3,4.0
G001020,2025-03-09 20:10,Phu Nhuan,returning,,Cash,12,"388,000",delivered,34.2,5.0
G001021,2025-03-09 21:06,District 1,member,Silver,E-wallet,8,"257,000",delivered,37.9,
G001022,2025-03-09 22:13,Binh thanh,returning,,E-wallet,11,"309,000",delivered,27.1,
G001023,2025-03-10 09:40,District 10,returning,,Card,4,"90,000",cancelled,,
G001024,2025-03-10 09:45,Go Vap,member,Platinum,E-wallet,4,"199,000",delivered,35.6,5.0
G001025,2025-03-10 11:13,Tan Binh,returning,,Bank transfer,4,"84,000",delivered,38.5,3.0
G001026,2025-03-10 11:18,Binh Thanh,returning,,Card,6,"149,000",delivered,41.9,
G001027,2025-03-10 11:51,District 1,returning,,E-wallet,6,"214,000",cancelled,,
G001028,2025-03-10 12:17,Thu Duc City,returning,,E-wallet,8,"267,000",delivered,66.0,
G001029,2025-03-10 12:25,District 7,returning,,Cash,2,"36,000",delivered,40.6,4.0
G001030,2025-03-10 12:53,Go Vap,returning,,Bank transfer,9,"240,000",delivered,45.3,3.0
G001031,2025-03-10 16:32,District 3,member,Silver,Cash,6,"189,000",delivered,21.2,5.0
G001032,2025-03-10 16:49,Go Vap,new,,Cash,6,"105,000",delivered,37.1,4.0
G001033,2025-03-10 17:04,District 1,new,,E-wallet,7,"212,000",delivered,22.8,
G001034,2025-03-10 18:00,Go Vap,returning,,Card,5,"190,000",delivered,44.6,2.0
G001035,2025-03-10 18:09,Go Vap,returning,,Cash,8,"366,000",cancelled,,
G001036,2025-03-10 18:43,District 3,new,,E-wallet,6,"258,000",delivered,36.7,4.0
G001036,2025-03-10 18:43,District 3,new,,E-wallet,6,"258,000",delivered,36.7,4.0
G001037,2025-03-10 18:59,Phu Nhuan,new,,Card,4,"118,000",delivered,33.7,4.0
G001038,2025-03-10 19:28,Thu Duc City,member,Platinum,E-wallet,11,"530,000",delivered,58.4,2.0
G001039,2025-03-10 20:18,Thu Duc City,new,,Cash,11,"358,000",delivered,57.9,3.0
G001040,2025-03-10 20:28,District 1,returning,,Cash,7,"217,000",delivered,28.1,5.0
G001042,2025-03-11 07:48,Phu Nhuan,returning,,Cash,10,"245,000",delivered,39.4,3.0
G001043,2025-03-11 09:25,District 3,member,Silver,Bank transfer,10,"219,000",delivered,23.1,
G001044,2025-03-11 09:29,Thu Duc City,member,Platinum,E-wallet,10,"356,000",cancelled,,
G001045,2025-03-11 11:13,District 3,member,Gold,Cash,6,"219,000",delivered,45.2,2.0
G001046,2025-03-11 12:57,Phu Nhuan,member,Gold,E-wallet,9,,cancelled,,
G001047,2025-03-11 14:19,District 7,returning,,E-wallet,3,"71,000",delivered,44.9,2.0
G001048,2025-03-11 16:26,Binh Tan,new,,E-wallet,8,"353,000",delivered,45.5,
G001049,2025-03-11 17:25,Binh Thanh,returning,,Card,7,"155,000",delivered,29.3,
G001050,2025-03-11 17:39,Thu Duc City,returning,,E-wallet,5,"225,000",delivered,54.9,3.0
G001051,2025-03-11 19:36,Go Vap,member,Gold,Bank transfer,8,"364,000",delivered,53.5,
G001052,2025-03-11 19:44,Binh Thanh,returning,,Cash,4,"105,000",delivered,36.3,3.0
G001053,2025-03-11 20:13,Go Vap,returning,,E-wallet,7,"237,000",cancelled,,
G001054,2025-03-11 20:42,District 3,new,,Cash,8,"178,000",delivered,30.0,
G001055,2025-03-11 23:05,District 7,new,,Cash,6,"195,000",delivered,39.7,
G001056,2025-03-12 07:46,Go Vap,member,Platinum,Cash,5,"253,000",delivered,42.3,3.0
G001057,2025-03-12 09:45,Thu Duc City,returning,,Cash,9,"314,000",delivered,50.0,2.0
G001058,2025-03-12 12:09,Go Vap,member,Silver,Cash,5,"206,000",delivered,44.2,
G001059,2025-03-12 12:45,Binh Tan,returning,,E-wallet,5,"157,000",delivered,50.2,3.0
G001060,2025-03-12 17:01,District 10,returning,,Card,8,"258,000",delivered,25.5,5.0
G001061,2025-03-12 17:14,Go Vap,member,Gold,E-wallet,5,"107,000",delivered,42.3,2.0
G001062,2025-03-12 17:33,District 7,returning,,Cash,8,"312,000",delivered,32.8,
G001063,2025-03-12 18:33,District 7,new,,Cash,6,"192,000",delivered,42.8,
G001064,2025-03-12 20:05,District 7,returning,,E-wallet,5,"126,000",delivered,41.7,
G001065,2025-03-12 20:33,District 7,member,Gold,Bank transfer,7,"209,000",delivered,41.5,4.0
G001066,2025-03-12 22:32,District 7,new,,E-wallet,9,"270,000",delivered,34.9,
G001067,2025-03-12 23:13,District 3,returning,,E-wallet,6,"235,000",delivered,24.3,5.0
G001068,2025-03-13 09:21,Thu Duc City,new,,Card,13,"247,000",delivered,49.7,2.0
G001069,2025-03-13 09:51,Phu Nhuan,member,Silver,E-wallet,3,"100,000",delivered,43.6,
G001070,2025-03-13 10:21,Tan Binh,new,,E-wallet,11,"414,000",delivered,28.9,5.0
G001071,2025-03-13 12:13,Go Vap,returning,,E-wallet,5,"174,000",delivered,42.4,3.0
G001072,2025-03-13 12:40,TP Thu Duc,member,Silver,E-wallet,9,"284,000",delivered,51.6,2.0
G001073,2025-03-13 12:53,Tan Binh,returning,,Cash,6,"239,000",delivered,37.5,3.0
G001074,2025-03-13 12:57,Tan Binh,returning,,E-wallet,8,"162,000",delivered,36.0,
G001074,2025-03-13 12:57,Tan Binh,returning,,E-wallet,8,"162,000",delivered,36.0,
G001075,2025-03-13 14:11,Go Vap,member,Silver,E-wallet,11,"381,000",delivered,35.3,3.0
G001076,2025-03-13 15:23,Tan Binh,new,,Cash,4,"147,000",cancelled,,
G001077,2025-03-13 15:52,District 3,new,,Bank transfer,8,"286,000",cancelled,,
G001078,2025-03-13 16:56,District 7,returning,,Cash,9,"204,000",delivered,34.0,
G001079,2025-03-13 18:59,Go Vap,member,Gold,Cash,5,"137,000",delivered,44.2,2.0
G001080,2025-03-13 20:16,District 7,member,Silver,E-wallet,5,"155,000",delivered,44.4,
G001080,2025-03-13 20:16,District 7,member,Silver,E-wallet,5,"155,000",delivered,44.4,
G001081,2025-03-13 20:22,Binh Tan,member,Gold,E-wallet,7,"211,000",delivered,49.3,
G001082,2025-03-14 10:12,District 10,new,,E-wallet,11,"240,000",delivered,23.3,5.0
G001083,2025-03-14 11:33,District 3,new,,Cash,6,"273,000",delivered,30.2,5.0
G001084,2025-03-14 11:59,District 7,member,Gold,Card,7,"283,000",delivered,41.3,3.0
G001085,2025-03-14 13:48,Thu Duc City,new,,Card,8,"266,000",delivered,46.7,2.0
G001086,2025-03-14 15:30,District 7,returning,,Bank transfer,8,"168,000",delivered,35.6,4.0
G001087,2025-03-14 18:38,District 3,returning,,E-wallet,9,"281,000",delivered,41.3,
G001088,2025-03-14 20:02,Phu Nhuan,member,Silver,E-wallet,9,"273,000",delivered,34.9,4.0
G001089,2025-03-14 20:05,District 3,new,,E-wallet,12,"439,000",delivered,31.5,4.0
G001090,2025-03-14 20:18,Thu Duc City,returning,,E-wallet,6,"205,000",delivered,52.7,
G001091,2025-03-15 07:17,District 3,returning,,Bank transfer,6,"255,000",delivered,22.1,4.0
G001092,2025-03-15 09:50,Thu Duc City,returning,,Cash,8,"248,000",delivered,50.6,3.0
G001093,2025-03-15 10:52,Binh Tan,returning,,Cash,10,"232,000",delivered,42.1,4.0
G001094,2025-03-15 14:21,District 10,new,,E-wallet,8,"303,000",delivered,26.7,
G001095,2025-03-15 14:36,Tan Binh,member,Gold,Cash,12,"228,000",delivered,30.4,5.0
G001096,2025-03-15 14:36,Tan Binh,member,Silver,E-wallet,7,"232,000",delivered,28.7,
G001097,2025-03-15 15:15,Binh Thanh,returning,,Cash,13,"307,000",delivered,32.6,
G001098,2025-03-15 16:17,Binh Thanh,returning,,Card,13,"496,000",delivered,41.1,3.0
G001099,2025-03-15 17:35,District 7,member,Platinum,E-wallet,8,"412,000",delivered,35.0,5.0
G001100,2025-03-15 18:11,District 3,returning,,E-wallet,4,"139,000",delivered,30.9,
G001101,2025-03-15 18:30,Go Vap,new,,E-wallet,18,"784,000",delivered,52.7,
G001102,2025-03-15 18:56,District 3,new,,E-wallet,12,"317,000",delivered,32.0,
G001103,2025-03-15 20:21,Phu Nhuan,returning,,Cash,12,"303,000",delivered,31.7,
G001104,2025-03-15 20:28,Thu Duc City,new,,Card,11,"424,000",delivered,57.1,2.0
G001105,2025-03-15 20:56,District 1,new,,Card,15,"455,000",delivered,26.0,4.0
G001106,2025-03-15 21:43,Thu Duc City,new,,Cash,13,"305,000",delivered,43.1,3.0
G001107,2025-03-15 22:05,Binh Thanh,member,Silver,E-wallet,10,"357,000",delivered,26.2,4.0
G001108,2025-03-16 06:17,District 10,returning,,Cash,10,"343,000",delivered,24.7,
G001109,2025-03-16 07:31,Binh Thanh,new,,E-wallet,11,"368,000",delivered,31.4,4.0
G001110,2025-03-16 09:03,District 10,new,,Card,9,"256,000",delivered,28.0,5.0
G001111,2025-03-16 11:06,Thu Duc City,member,Silver,Card,9,"301,000",delivered,64.8,3.0
G001112,2025-03-16 11:53,Thu Duc City,returning,,Card,12,"355,000",delivered,56.3,
G001113,2025-03-16 12:02,Go Vap ,returning,,Cash,14,"345,000",cancelled,,
G001114,2025-03-16 12:09,Binh Tan,returning,,Cash,7,"269,000",delivered,51.5,3.0
G001115,2025-03-16 12:50,District 1,member,Silver,Cash,9,"320,000",delivered,25.6,4.0
G001116,2025-03-16 14:38,District 3,member,Silver,Bank transfer,7,"216,000",delivered,19.7,
G001116,2025-03-16 14:38,District 3,member,Silver,Bank transfer,7,"216,000",delivered,19.7,
G001117,2025-03-16 15:57,Binh Tan,member,Platinum,Card,7,"286,000",delivered,45.3,2.0
G001118,2025-03-16 16:45,Go Vap,new,,Cash,6,"268,000",delivered,34.7,4.0
G001119,2025-03-16 16:45,District 7,member,Silver,Card,11,"387,000",cancelled,,
G001120,2025-03-16 16:58,Binh Thanh,returning,,Bank transfer,9,"316,000",delivered,32.2,4.0
G001121,2025-03-16 17:26,Thu Duc City,new,,Bank transfer,9,"264,000",delivered,46.1,2.0
G001122,2025-03-16 17:40,Go Vap,member,Silver,Cash,8,"370,000",delivered,40.8,3.0
G001123,2025-03-16 18:46,District 3,returning,,E-wallet,6,"227,000",delivered,29.3,4.0
G001124,2025-03-16 18:59,District 1,returning,,Cash,9,"302,000",delivered,29.1,5.0
G001125,2025-03-16 19:15,Phu Nhuan,new,,Card,12,"487,000",cancelled,,
G001126,2025-03-16 20:39,District 3,new,,Cash,10,"253,000",delivered,35.6,
G001127,2025-03-16 20:57,District 7,new,,Card,11,"293,000",delivered,41.5,3.0
G001128,2025-03-16 22:25,Binh Tan,member,Gold,Cash,9,"327,000",delivered,42.7,4.0
G001129,2025-03-17 08:51,Phu Nhuan,member,Platinum,E-wallet,10,"495,000",delivered,24.8,
G001130,2025-03-17 10:10,District 1,new,,Card,3,"91,000",delivered,25.2,5.0
G001131,2025-03-17 10:13,Go Vap,returning,,Bank transfer,3,"110,000",delivered,38.4,4.0
G001132,2025-03-17 11:05,District 7,returning,,Bank transfer,6,"247,000",cancelled,,
G001133,2025-03-17 12:58,Binh Thanh,returning,,Cash,6,"260,000",cancelled,,
G001134,2025-03-17 13:43,Thu Duc City,returning,,E-wallet,5,"132,000",delivered,48.2,3.0
G001135,2025-03-17 15:16,District 1,member,Gold,E-wallet,5,"225,000",delivered,26.3,4.0
G001136,2025-03-17 17:15,District 1,returning,,Card,10,"346,000",delivered,24.1,
G001137,2025-03-17 17:22,Phu Nhuan,member,Gold,Cash,4,"140,000",delivered,27.9,
G001138,2025-03-17 17:29,District 10,member,Silver,Cash,12,"390,000",delivered,25.3,4.0
G001139,2025-03-17 19:30,Binh Thanh,new,,E-wallet,10,"280,000",delivered,34.3,5.0
G001140,2025-03-17 19:34,Binh Thanh,returning,,E-wallet,7,"223,000",delivered,40.2,
G001141,2025-03-17 20:35,Binh Thanh,returning,,E-wallet,3,"83,000",delivered,35.8,4.0
G001142,2025-03-17 20:37,Phu Nhuan,returning,,Card,4,"147,000",delivered,34.4,
G001143,2025-03-17 21:09,District 3,member,Silver,Cash,7,"272,000",delivered,32.3,5.0
G001144,2025-03-17 21:23,Binh Thanh,returning,,E-wallet,3,"100,000",delivered,27.3,5.0
G001145,2025-03-17 21:25,Go Vap,member,Silver,E-wallet,6,"144,000",delivered,36.6,4.0
G001146,2025-03-17 21:52,District 7,returning,,Bank transfer,10,"393,000",delivered,33.9,
G001147,2025-03-17 22:38,Binh Thanh,returning,,Cash,8,"187,000",cancelled,,
G001148,2025-03-18 08:43,District 1,member,Silver,Bank transfer,6,"223,000",delivered,19.9,5.0
G001149,2025-03-18 10:19,Binh Thanh,new,,Cash,7,"244,000",delivered,28.5,
G001150,2025-03-18 12:23,Thu Duc City,new,,Cash,6,"176,000",delivered,64.8,2.0
G001151,2025-03-18 12:38,Binh Thanh,new,,Card,8,"198,000",delivered,36.9,3.0
G001152,2025-03-18 13:18,Tan Binh,member,Silver,Cash,5,"162,000",delivered,27.3,5.0
G001153,2025-03-18 13:23,Binh Tan,new,,Card,2,"69,000",delivered,42.2,3.0
G001155,2025-03-18 14:59,Binh Thanh,returning,,Bank transfer,5,"142,000",delivered,28.4,
G001156,2025-03-18 15:02,District 7,member,Silver,E-wallet,8,"221,000",delivered,34.9,
G001157,2025-03-18 15:56,Thu Duc City,member,Gold,Cash,4,"144,000",delivered,47.7,2.0
G001157,2025-03-18 15:56,Thu Duc City,member,Gold,Cash,4,"144,000",delivered,47.7,2.0
G001158,2025-03-18 17:01,District 1,returning,,Cash,6,"213,000",delivered,22.6,5.0
G001159,2025-03-18 17:36,Thu Duc City,returning,,Card,5,"167,000",delivered,46.5,3.0
G001160,2025-03-18 18:33,District 1,member,Silver,E-wallet,11,"179,000",delivered,43.3,3.0
G001161,2025-03-18 19:40,Tan Binh,new,,Bank transfer,12,"262,000",delivered,37.0,3.0
G001162,2025-03-18 20:36,Binh Thanh,member,Silver,E-wallet,5,"193,000",delivered,35.0,4.0
G001163,2025-03-18 20:54,Tan Binh,member,Gold,e-wallet,4,"122,000",delivered,38.6,3.0
G001164,2025-03-18 21:54,District 1,new,,E-wallet,7,"310,000",delivered,19.8,5.0
G001165,2025-03-19 08:04,Phu Nhuan,returning,,E-wallet,5,"136,000",delivered,27.3,
G001166,2025-03-19 08:48,District 7,member,Platinum,E-wallet,8,"461,000",delivered,38.8,5.0
G001167,2025-03-19 11:09,District 3,returning,,E-wallet,5,"128,000",delivered,34.0,
G001168,2025-03-19 11:19,Phu Nhuan,returning,,E-wallet,6,"172,000",delivered,33.3,
G001169,2025-03-19 12:02,Thu Duc City,member,Silver,Bank transfer,6,"163,000",delivered,51.3,2.0
G001170,2025-03-19 12:19,Thu Duc City,member,Silver,Bank transfer,5,"149,000",delivered,53.7,2.0
G001171,2025-03-19 12:38,Phu Nhuan,new,,Cash,6,"166,000",delivered,32.9,
G001172,2025-03-19 13:18,Tan Binh,new,,Cash,6,"189,000",delivered,29.6,5.0
G001173,2025-03-19 14:00,District 3,new,,Cash,9,"296,000",cancelled,,
G001174,2025-03-19 14:17,Binh Tan,new,,Cash,10,"388,000",delivered,45.0,4.0
G001175,2025-03-19 14:17,District 7,returning,,Cash,6,"163,000",delivered,36.9,4.0
G001176,2025-03-19 14:46,Binh Thanh,returning,,Cash,8,"269,000",delivered,28.5,
G001177,2025-03-19 15:41,District 7,returning,,Cash,5,"113,000",delivered,36.5,3.0
G001178,2025-03-19 17:20,Go Vap,new,,Cash,8,"276,000",delivered,39.7,
G001179,2025-03-19 18:25,District 10,new,,Card,9,"341,000",delivered,31.0,4.0
G001180,2025-03-19 18:37,Binh Tan,returning,,Card,7,"171,000",delivered,56.6,1.0
G001181,2025-03-19 19:51,District 7,new,,Cash,9,"346,000",cancelled,,
G001182,2025-03-19 19:59,Thu Duc City,new,,E-wallet,6,"187,000",delivered,57.3,2.0
G001183,2025-03-19 20:21,Binh Thanh,member,Gold,Card,8,"277,000",delivered,37.7,
G001184,2025-03-19 21:28,Tan Binh,returning,,Cash,7,"230,000",cancelled,,
G001185,2025-03-19 21:56,District 10,returning,,Card,10,"155,000",delivered,28.1,
G001186,2025-03-20 07:20,Thu Duc City,returning,,Cash,5,"120,000",delivered,51.8,4.0
G001187,2025-03-20 12:30,Binh Tan,new,,E-wallet,11,"232,000",delivered,59.8,
G001188,2025-03-20 12:35,Binh Thanh,returning,,Card,8,"203,000",delivered,35.0,3.0
G001189,2025-03-20 13:09,Binh Thanh,returning,,E-wallet,8,"207,000",delivered,28.5,4.0
G001190,2025-03-20 13:22,District 7,returning,,E-wallet,6,"242,000",cancelled,,
G001191,2025-03-20 17:09,Go Vap,returning,,E-wallet,4,"115,000",delivered,39.3,
G001192,2025-03-20 17:22,Thu Duc City,returning,,Cash,7,"202,000",delivered,44.6,
G001193,2025-03-20 17:42,Binh Thanh,returning,,Bank transfer,8,"291,000",delivered,32.4,
G001194,2025-03-20 17:54,Binh Thanh,member,Silver,Bank transfer,5,"162,000",delivered,25.1,3.0
G001195,2025-03-20 17:57,District 7,returning,,Card,15,"456,000",delivered,32.5,3.0
G001196,2025-03-20 18:15,Binh Thanh,new,,Bank transfer,10,"375,000",delivered,35.8,5.0
G001197,2025-03-20 19:27,Binh Tan,returning,,E-wallet,7,"295,000",delivered,52.7,3.0
G001198,2025-03-20 20:42,Binh Tan,new,,E-wallet,8,"280,000",delivered,52.9,2.0
G001199,2025-03-20 22:54,Thu Duc City,returning,,Cash,9,"276,000",delivered,57.5,
G001200,2025-03-21 11:08,Phu Nhuan,returning,,Bank transfer,9,"331,000",delivered,46.4,4.0
G001201,2025-03-21 11:18,District 10,returning,,Cash,4,"107,000",delivered,30.7,
G001202,2025-03-21 17:45,Go Vap,new,,Cash,11,"332,000",delivered,43.9,3.0
G001203,2025-03-21 18:49,Binh Tan,returning,,E-wallet,8,"245,000",delivered,53.3,2.0
G001204,2025-03-21 19:22,District 7,member,Gold,Cash,4,"113,000",delivered,40.1,1.0
G001205,2025-03-21 20:42,Q7,member,Silver,Cash,8,"331,000",delivered,42.1,
G001206,2025-03-21 21:10,Binh Thanh,new,,E-wallet,6,"180,000",delivered,29.2,
G001207,2025-03-21 21:27,District 7,returning,,Card,5,"150,000",delivered,41.4,
G001208,2025-03-21 22:33,Binh Thanh,member,Silver,E-wallet,5,"131,000",delivered,32.3,4.0
G001209,2025-03-22 06:57,Tan Binh,returning,,Card,13,"458,000",cancelled,,
G001210,2025-03-22 07:20,District 7,returning,,E-wallet,12,"386,000",delivered,34.5,3.0
G001211,2025-03-22 10:34,Binh Thanh,new,,Card,6,"186,000",delivered,29.4,
G001212,2025-03-22 11:20,District 7,member,Silver,Bank transfer,16,"553,000",cancelled,,
G001213,2025-03-22 12:26,District 10,returning,,Cash,11,"298,000",delivered,34.9,4.0
G001214,2025-03-22 12:36,District 7,member,Platinum,Bank transfer,14,"523,000",delivered,48.9,
G001215,2025-03-22 12:37,District 1,returning,,Bank transfer,10,"316,000",delivered,30.4,
G001216,2025-03-22 13:54,District 1,returning,,Bank transfer,9,"243,000",delivered,32.7,4.0
G001217,2025-03-22 15:30,Phu Nhuan,member,Silver,E-wallet,8,"276,000",delivered,25.0,5.0
G001218,2025-03-22 18:31,Go Vap,returning,,Card,9,"338,000",delivered,51.9,2.0
G001219,2025-03-22 18:37,Binh Tan,member,Silver,Cash,11,"316,000",delivered,-12.0,2.0
G001220,2025-03-22 18:41,Phu Nhuan,returning,,E-wallet,11,"338,000",delivered,32.6,4.0
G001221,2025-03-22 19:24,District 3,new,,Bank transfer,9,"311,000",delivered,34.6,5.0
G001222,2025-03-22 19:25,District 10,new,,Card,9,"276,000",delivered,37.2,3.0
G001223,2025-03-22 20:10,Binh Thanh,member,Gold,Cash,9,"355,000",delivered,33.6,
G001224,2025-03-22 21:14,Phu Nhuan,new,,Bank transfer,8,"316,000",delivered,23.8,4.0
G001225,2025-03-22 22:13,Thu Duc City,returning,,Bank transfer,7,"191,000",delivered,47.8,2.0
G001226,2025-03-22 23:50,Thu Duc City,returning,,E-wallet,9,"304,000",delivered,45.8,2.0
G001227,2025-03-23 10:07,Q1,returning,,Cash,10,"453,000",delivered,23.6,5.0
G001228,2025-03-23 10:12,Binh Tan,member,Gold,Cash,11,"341,000",delivered,43.6,
G001229,2025-03-23 11:29,Binh Thanh,returning,,Cash,12,"275,000",delivered,35.5,3.0
G001230,2025-03-23 12:20,Binh Thanh,member,Silver,Bank transfer,14,"355,000",delivered,44.4,5.0
G001231,2025-03-23 12:44,District 10,returning,,Cash,10,"349,000",delivered,33.7,
G001232,2025-03-23 13:21,District 1,returning,,E-wallet,16,"491,000",delivered,24.2,
G001233,2025-03-23 14:11,District 10,returning,,E-wallet,12,"369,000",delivered,33.4,4.0
G001234,2025-03-23 15:01,District 3,returning,,Cash,13,"539,000",delivered,23.2,
G001235,2025-03-23 15:23,Thu Duc City,returning,,Bank transfer,8,"258,000",delivered,48.8,2.0
G001236,2025-03-23 16:48,District 7,returning,,Card,6,"157,000",delivered,39.1,3.0
G001237,2025-03-23 17:22,District 10,returning,,E-wallet,7,"184,000",delivered,24.9,4.0
G001238,2025-03-23 17:26,Binh Tan,returning,,Cash,10,"321,000",delivered,45.7,2.0
G001239,2025-03-23 18:12,Tan Binh,returning,,Bank transfer,16,"425,000",delivered,34.0,
G001240,2025-03-23 18:52,Thu Duc City,returning,,E-wallet,8,"343,000",delivered,58.2,3.0
G001241,2025-03-23 18:56,District 7,returning,,Card,7,"201,000",delivered,40.0,4.0
G001242,2025-03-23 19:31,District 1,new,,E-wallet,4,"107,000",delivered,31.1,3.0
G001243,2025-03-23 19:41,Go Vap,member,Silver,E-wallet,11,"405,000",cancelled,,
G001244,2025-03-23 19:42,District 1,member,Gold,Cash,10,"311,000",delivered,31.0,5.0
G001245,2025-03-23 20:38,District 7,returning,,E-wallet,8,"374,000",delivered,46.0,
G001246,2025-03-23 21:45,District 1,member,Platinum,E-wallet,8,"328,000",delivered,25.3,4.0
G001247,2025-03-24 08:12,District 7,returning,,Card,7,"231,000",delivered,34.0,4.0
G001248,2025-03-24 08:36,Thu Duc,returning,,Card,11,"357,000",delivered,46.0,2.0
G001249,2025-03-24 09:58,Tan Binh,returning,,E-wallet,5,"231,000",delivered,33.3,3.0
G001250,2025-03-24 10:09,District 3,returning,,Bank transfer,5,"176,000",delivered,24.5,
G001251,2025-03-24 10:25,Thu Duc City,member,Silver,Card,6,"216,000",delivered,45.8,3.0
G001252,2025-03-24 10:49,District 10,new,,Cash,2,"48,000",delivered,35.2,
G001253,2025-03-24 11:26,Binh Tan,returning,,Cash,13,"511,000",delivered,58.4,
G001254,2025-03-24 12:04,Phu Nhuan,member,Silver,Card,5,"153,000",delivered,37.6,
G001255,2025-03-24 12:38,Tan Binh,member,Gold,E-wallet,6,"199,000",delivered,39.7,
G001256,2025-03-24 14:12,Phu Nhuan,member,Gold,Cash,12,"418,000",delivered,30.8,3.0
G001257,2025-03-24 14:33,District 10,returning,,Card,3,"100,000",delivered,33.9,5.0
G001258,2025-03-24 15:24,District 3,member,Silver,Cash,9,"241,000",delivered,21.6,
G001259,2025-03-24 16:12,Tan Binh,returning,,Cash,4,"163,000",delivered,29.2,
G001260,2025-03-24 17:08,District 3,returning,,Bank transfer,7,,delivered,27.0,
G001260,2025-03-24 17:08,District 3,returning,,Bank transfer,7,,delivered,27.0,
G001261,2025-03-24 19:09,District 7,new,,E-wallet,7,"168,000",delivered,45.0,
G001262,2025-03-24 19:55,Tan Binh,member,Silver,E-wallet,5,"149,000",delivered,42.7,3.0
G001263,2025-03-24 20:54,District 10,returning,,E-wallet,8,"265,000",delivered,48.2,2.0
G001264,2025-03-24 21:37,Binh Tan,returning,,Cash,7,"293,000",delivered,49.6,3.0
G001265,2025-03-25 08:51,Thu Duc City,returning,,Cash,8,"164,000",delivered,48.4,
G001266,2025-03-25 08:57,Go Vap,returning,,E-wallet,6,"223,000",delivered,34.0,4.0
G001267,2025-03-25 09:12,Binh Thanh,new,,Cash,7,"199,000",delivered,28.9,5.0
G001268,2025-03-25 10:59,Binh Tan,returning,,Bank transfer,6,"135,000",delivered,43.7,3.0
G001269,2025-03-25 11:28,District 7,returning,,E-wallet,6,"224,000",delivered,47.2,3.0
G001270,2025-03-25 15:20,Go Vap,returning,,E-wallet,7,"223,000",delivered,41.3,3.0
G001271,2025-03-25 15:20,District 7,returning,,Cash,6,"218,000",delivered,43.1,4.0
G001272,2025-03-25 17:54,District 3,returning,,Card,6,"153,000",delivered,26.0,
G001273,2025-03-25 18:04,District 1,new,,Bank transfer,4,"136,000",delivered,29.4,4.0
G001274,2025-03-25 18:41,District 1,member,Silver,E-wallet,8,"256,000",delivered,31.6,
G001275,2025-03-25 18:46,Binh Thanh,member,Silver,E-wallet,7,"202,000",delivered,38.8,4.0
G001276,2025-03-25 19:17,Thu Duc City,member,Silver,Card,5,"148,000",delivered,54.7,2.0
G001277,2025-03-25 19:58,Tan Binh,returning,,E-wallet,7,"226,000",delivered,37.8,
G001278,2025-03-25 19:58,Binh Thanh,returning,,Card,5,"189,000",delivered,34.1,
G001279,2025-03-25 21:29,Tan Binh,member,Silver,Card,7,"206,000",delivered,31.4,5.0
G001280,2025-03-25 21:48,Tan Binh,returning,,Card,6,"188,000",delivered,31.7,
G001281,2025-03-26 08:27,Binh Tan,member,Silver,Bank transfer,8,"266,000",delivered,41.7,
G001282,2025-03-26 10:22,Binh Thanh,member,Silver,E-wallet,5,"158,000",delivered,35.8,4.0
G001283,2025-03-26 10:22,District 3,new,,Card,8,"202,000",delivered,29.1,5.0
G001284,2025-03-26 12:00,District 10,returning,,Card,7,"192,000",delivered,33.7,
G001285,2025-03-26 12:09,Thu Duc City,returning,,E-wallet,9,"211,000",delivered,56.3,1.0
G001286,2025-03-26 12:36,Thu Duc City,member,Silver,Card,7,"128,000",delivered,52.3,2.0
G001286,2025-03-26 12:36,Thu Duc City,member,Silver,Card,7,"128,000",delivered,52.3,2.0
G001287,2025-03-26 12:47,District 7,returning,,Cash,10,"269,000",delivered,42.2,2.0
G001288,2025-03-26 13:13,Phu Nhuan,member,Platinum,E-wallet,4,"214,000",delivered,30.3,4.0
G001289,2025-03-26 14:33,Phu Nhuan,member,Silver,E-wallet,4,"172,000",delivered,23.3,
G001290,2025-03-26 14:42,Binh Thanh,member,Gold,Cash,10,"408,000",delivered,25.9,
G001291,2025-03-26 15:52,Quận 1,new,,Card,3,"74,000",delivered,18.3,5.0
G001292,2025-03-26 16:21,District 7,member,Gold,Cash,11,"565,000",delivered,32.7,3.0
G001293,2025-03-26 17:28,District 1,new,,Card,9,"292,000",delivered,22.3,5.0
G001294,2025-03-26 18:08,Thu Duc City,returning,,Card,9,"305,000",delivered,66.7,
G001295,2025-03-26 18:45,Binh Tan,returning,,Cash,6,"157,000",delivered,62.3,2.0
G001296,2025-03-26 19:21,District 1,new,,Cash,5,"165,000",delivered,26.3,
G001297,2025-03-26 19:38,District 1,member,Silver,Card,8,"215,000",delivered,29.4,
G001298,2025-03-26 20:21,District 7,returning,,E-wallet,7,"220,000",delivered,43.1,3.0
G001299,2025-03-26 23:11,District 3,returning,,E-wallet,3,"115,000",delivered,26.5,5.0
G001300,2025-03-27 09:56,Binh Thanh,returning,,E-wallet,6,"169,000",delivered,49.4,
G001301,2025-03-27 11:41,District 7,new,,Bank transfer,9,"298,000",delivered,43.1,3.0
G001302,2025-03-27 11:56,District 1,member,Gold,Cash,6,"199,000",delivered,32.8,
G001303,2025-03-27 12:04,Go Vap,member,Gold,Card,8,"330,000",delivered,44.6,2.0
G001304,2025-03-27 12:14,Thu Duc City,returning,,Card,12,"464,000",delivered,51.7,1.0
G001305,2025-03-27 12:40,Go Vap,new,,Bank transfer,6,"108,000",delivered,46.1,2.0
G001306,2025-03-27 12:46,Binh Thanh,returning,,E-wallet,5,"207,000",cancelled,,
G001307,2025-03-27 14:06,District 7,new,,Card,4,"166,000",cancelled,,
G001308,2025-03-27 15:10,Phu Nhuan,member,Silver,Cash,6,"232,000",cancelled,,
G001309,2025-03-27 15:57,District 7,returning,,E-wallet,5,"69,000",delivered,32.5,
G001310,2025-03-27 16:11,Binh Thanh,returning,,Cash,12,"340,000",delivered,26.8,5.0
G001311,2025-03-27 16:16,Tan Binh,returning,,Bank transfer,4,"143,000",delivered,36.2,3.0
G001312,2025-03-27 17:10,District 1,new,,Cash,8,"242,000",delivered,23.9,
G001313,2025-03-27 19:01,District 1,member,Platinum,Cash,9,"353,000",delivered,29.8,4.0
G001314,2025-03-27 19:22,Tan Binh,returning,,Cash,8,"287,000",delivered,38.8,3.0
G001315,2025-03-27 19:26,Binh Tan,returning,,Cash,7,"201,000",delivered,61.4,
G001316,2025-03-27 19:39,Tan Binh,returning,,E-wallet,5,"175,000",cancelled,,
G001317,2025-03-27 19:39,District 10,new,,Cash,6,"154,000",delivered,29.8,4.0
G001318,2025-03-27 20:55,Phu Nhuan,returning,,E-wallet,6,"117,000",delivered,43.5,
G001319,2025-03-28 12:13,Binh Tan,returning,,Card,5,"114,000",delivered,48.9,3.0
G001320,2025-03-28 12:37,Tan Binh,new,,E-wallet,10,"353,000",delivered,38.4,
G001321,2025-03-28 13:10,Go Vap,returning,,Card,7,"230,000",delivered,34.2,4.0
G001322,2025-03-28 13:10,Go Vap,member,Gold,Cash,7,"226,000",delivered,47.3,3.0
G001323,2025-03-28 14:59,Tan Binh,new,,Card,5,"211,000",delivered,27.7,5.0
G001324,2025-03-28 16:09,Binh Thanh,returning,,Card,5,"165,000",delivered,33.4,5.0
G001325,2025-03-28 16:26,District 7,new,,Cash,9,"320,000",delivered,33.0,4.0
G001326,2025-03-28 17:20,Phu Nhuan,returning,,Bank transfer,10,"271,000",delivered,24.4,
G001327,2025-03-28 18:24,Thu Duc City,member,Silver,E-wallet,5,"198,000",delivered,53.2,3.0
G001328,2025-03-28 18:30,District 7,returning,,Cash,11,"276,000",delivered,44.6,4.0
G001329,2025-03-28 19:48,District 1,member,Silver,Cash,5,"198,000",delivered,42.0,4.0
G001331,2025-03-28 20:11,Binh Tan,returning,,E-wallet,7,"284,000",delivered,59.7,3.0
G001332,2025-03-28 20:21,Binh Tan,returning,,E-wallet,5,"150,000",delivered,53.2,4.0
G001333,2025-03-28 20:35,District 7,new,,E-wallet,12,"407,000",delivered,44.3,1.0
G001334,2025-03-28 20:35,Binh Thanh,returning,,E-wallet,7,"224,000",delivered,40.0,4.0
G001335,2025-03-28 21:38,Go Vap,returning,,Cash,5,"203,000",delivered,33.9,
G001336,2025-03-28 22:00,Phu Nhuan,member,Platinum,Cash,10,"408,000",delivered,32.6,4.0
G001337,2025-03-28 23:48,District 7,member,Gold,Cash,12,"441,000",delivered,42.1,3.0
G001338,2025-03-29 08:23,District 1,returning,,Cash,5,"199,000",delivered,17.7,5.0
G001339,2025-03-29 09:15,Go Vap,returning,,Cash,11,"432,000",delivered,38.3,
G001340,2025-03-29 10:59,Binh Thanh,member,Platinum,Card,6,"229,000",cancelled,,
G001341,2025-03-29 11:49,Tan Binh,returning,,Card,12,"388,000",delivered,56.6,
G001342,2025-03-29 15:11,District 7,returning,,E-wallet,12,"287,000",delivered,35.4,3.0
G001343,2025-03-29 16:31,District 3,returning,,E-wallet,8,"314,000",delivered,21.7,5.0
G001344,2025-03-29 16:33,Binh Tan,member,Gold,Cash,6,"190,000",delivered,45.4,4.0
G001345,2025-03-29 17:45,District 7,returning,,E-wallet,12,"473,000",delivered,34.7,3.0
G001346,2025-03-29 18:48,District 7,returning,,Cash,14,"369,000",delivered,44.7,3.0
G001347,2025-03-29 21:20,Thu Duc City,new,,Bank transfer,10,"410,000",delivered,54.8,2.0
G001348,2025-03-29 21:59,Tan Binh,returning,,Cash,8,"282,000",delivered,32.7,4.0
G001349,2025-03-29 23:13,Binh Thanh,member,Gold,Cash,5,"172,000",delivered,27.7,
G001350,2025-03-30 06:46,Go Vap,new,,Cash,9,"150,000",delivered,36.5,4.0
G001351,2025-03-30 10:16,Phu Nhuan,new,,Cash,9,"345,000",delivered,24.2,5.0
G001352,2025-03-30 10:25,Tan Binh,returning,,e-wallet,10,"207,000",delivered,32.9,3.0
G001353,2025-03-30 11:25,Binh Thanh,returning,,Cash,14,"326,000",delivered,45.9,3.0
G001354,2025-03-30 11:59,District 10,returning,,Cash,11,"395,000",delivered,34.0,3.0
G001355,2025-03-30 12:43,District 1,new,,E-wallet,8,"313,000",delivered,31.1,5.0
G001356,2025-03-30 12:55,Binh Thanh,member,Gold,E-wallet,12,"400,000",delivered,36.1,5.0
G001357,2025-03-30 13:34,Thu Duc City,new,,Bank transfer,11,"370,000",delivered,49.3,
G001358,2025-03-30 16:34,Tan Binh,member,Platinum,E-wallet,9,"376,000",delivered,32.3,
G001359,2025-03-30 18:13,District 1,returning,,Card,7,"209,000",delivered,33.7,
G001360,2025-03-30 18:19,Thu Duc City,returning,,E-wallet,8,"313,000",delivered,54.4,1.0
G001361,2025-03-30 19:02,Thu Duc City,returning,,Cash,11,"347,000",delivered,60.4,4.0
G001362,2025-03-30 19:46,Thu Duc City,returning,,E-wallet,13,"356,000",delivered,56.7,
G001363,2025-03-30 19:54,BINH THANH,new,,Bank transfer,12,"277,000",delivered,34.6,
G001364,2025-03-30 20:00,District 10,new,,Cash,11,"269,000",cancelled,,
G001365,2025-03-30 20:20,District 3,returning,,Card,5,"160,000",delivered,35.8,5.0
G001366,2025-03-30 20:45,District 7,returning,,E-wallet,8,"360,000",delivered,41.3,3.0
G001367,2025-03-30 20:49,Go Vap,member,Gold,Cash,10,"199,000",delivered,45.9,
G001367,2025-03-30 20:49,Go Vap,member,Gold,Cash,10,"199,000",delivered,45.9,
G001368,2025-03-30 21:10,Phu Nhuan,returning,,Cash,7,"244,000",delivered,44.8,
G001369,2025-03-30 22:33,Thu Duc City,member,Silver,Cash,12,"520,000",delivered,46.6,
G001370,2025-03-30 22:51,District 1,returning,,Cash,7,"279,000",delivered,28.0,4.0
G001371,2025-03-31 06:20,Binh Thanh,member,Silver,Bank transfer,7,"173,000",delivered,29.0,
G001372,2025-03-31 07:55,District 7,new,,E-wallet,4,"102,000",delivered,41.9,3.0
G001373,2025-03-31 12:38,Thu Duc City,new,,E-wallet,7,"268,000",delivered,58.0,3.0
G001374,2025-03-31 14:24,Phu Nhuan,member,Silver,Cash,7,"218,000",delivered,34.1,4.0
G001375,2025-03-31 15:16,Binh Thanh,new,,Card,6,"210,000",delivered,31.3,5.0
G001376,2025-03-31 16:24,Tan Binh,returning,,Bank transfer,3,"94,000",delivered,31.4,
G001377,2025-03-31 17:58,District 1,new,,Cash,8,"340,000",delivered,18.6,4.0
G001378,2025-03-31 18:35,Binh Thanh,member,Silver,Card,6,"188,000",delivered,33.1,4.0
G001379,2025-03-31 18:38,Phu Nhuan,new,,Cash,4,"114,000",delivered,39.6,
G001380,2025-03-31 19:25,TP Thu Duc,member,Platinum,Cash,5,"255,000",delivered,57.5,1.0
G001381,2025-03-31 19:35,Tan Binh,new,,E-wallet,4,"132,000",delivered,39.6,4.0
G001382,2025-03-31 20:24,Go Vap,new,,Card,10,"383,000",delivered,50.4,
G001383,2025-03-31 21:21,District 7,returning,,Card,4,"155,000",delivered,39.1,3.0
G001384,2025-03-31 21:41,District 3,returning,,Bank transfer,3,"129,000",delivered,24.2,4.0
G001385,2025-03-31 23:50,Phu Nhuan,member,Gold,E-wallet,9,"253,000",delivered,29.2,4.0
G001386,2025-04-01 09:17,Binh Tan,returning,,E-wallet,6,"201,000",cancelled,,
G001387,2025-04-01 10:13,Tan Binh,returning,,Cash,9,"300,000",cancelled,,
G001388,2025-04-01 11:46,District 1,returning,,Cash,4,"133,000",delivered,27.6,5.0
G001389,2025-04-01 13:53,Binh Tan,new,,Cash,13,"377,000",delivered,47.4,
G001390,2025-04-01 13:56,Thu Duc City,returning,,Card,6,"230,000",delivered,54.3,2.0
G001391,2025-04-01 14:24,District 1,member,Silver,E-wallet,12,"424,000",delivered,24.3,
G001392,2025-04-01 14:49,Phu Nhuan,new,,Momo/ZaloPay,4,"135,000",delivered,23.0,
G001393,2025-04-01 14:52,District 7,returning,,Card,8,"305,000",delivered,33.4,4.0
G001394,2025-04-01 16:36,Phu Nhuan,new,,Bank transfer,11,"332,000",delivered,24.2,5.0
G001395,2025-04-01 16:58,Binh Tan,new,,Cash,7,"271,000",delivered,42.3,
G001396,2025-04-01 17:01,District 7,returning,,E-wallet,6,"199,000",delivered,32.7,4.0
G001397,2025-04-01 17:02,Tan Binh,new,,Card,10,"236,000",delivered,31.0,5.0
G001398,2025-04-01 19:23,Binh Thanh,member,Gold,Bank transfer,6,"137,000",cancelled,,
G001399,2025-04-01 19:52,Go Vap,new,,Cash,10,"150,000",delivered,49.1,2.0
G001400,2025-04-01 19:52,Phu Nhuan,returning,,E-wallet,5,"228,000",delivered,40.7,
G001401,2025-04-01 20:16,District 10,returning,,Bank transfer,8,"255,000",delivered,43.6,
G001402,2025-04-01 20:21,Binh Tan,returning,,Cash,4,"154,000",delivered,55.0,
G001403,2025-04-01 20:25,Tan Binh,member,Silver,Bank transfer,2,"64,000",delivered,34.8,5.0
G001404,2025-04-01 20:45,Go Vap,returning,,Card,5,"163,000",delivered,49.3,
G001405,2025-04-01 21:20,Go Vap,returning,,E-wallet,4,"179,000",delivered,33.0,
G001406,2025-04-01 21:47,Binh Thanh,returning,,Cash,8,"205,000",delivered,25.0,5.0
G001407,2025-04-01 23:30,District 10,new,,Cash,11,"317,000",delivered,30.9,
G001408,2025-04-02 10:16,Go Vap,new,,E-wallet,5,"232,000",delivered,34.8,
G001409,2025-04-02 10:22,Phu Nhuan,member,Silver,E-wallet,9,"332,000",delivered,25.3,
G001411,2025-04-02 12:27,District 3,member,Silver,Cash,7,"289,000",delivered,40.2,
G001412,2025-04-02 12:41,Binh Thanh,returning,,Cash,8,"237,000",delivered,35.6,4.0
G001413,2025-04-02 14:43,Thu Duc City,returning,,Cash,6,"171,000",delivered,45.1,
G001414,2025-04-02 15:20,Binh Tan,returning,,Cash,3,"102,000",delivered,45.5,
G001415,2025-04-02 15:26,District 1,returning,,Card,7,"215,000",delivered,20.1,5.0
G001416,2025-04-02 15:53,District 1,member,Gold,Card,8,"172,000",delivered,22.2,4.0
G001417,2025-04-02 17:28,District 3,returning,,Card,9,"251,000",delivered,25.8,
G001418,2025-04-02 17:53,Tan Binh,new,,Momo/ZaloPay,7,"204,000",delivered,28.4,5.0
G001419,2025-04-02 20:17,Phu Nhuan,returning,,Bank transfer,11,"386,000",delivered,38.7,4.0
G001420,2025-04-02 20:25,District 7,member,Platinum,Bank transfer,4,"198,000",delivered,41.8,
G001421,2025-04-02 20:48,District 10,returning,,Cash,3,"104,000",delivered,30.8,5.0
G001422,2025-04-02 21:57,District 3,member,Silver,Card,6,"117,000",delivered,26.9,5.0
G001423,2025-04-03 10:44,District 10,returning,,E-wallet,5,"153,000",delivered,23.2,4.0
G001424,2025-04-03 13:00,District 10,returning,,Cash,4,"107,000",delivered,28.4,5.0
G001425,2025-04-03 14:34,District 7,member,Silver,Cash,6,"146,000",delivered,36.7,
G001426,2025-04-03 15:46,Binh Thanh,new,,E-wallet,8,"219,000",delivered,35.4,
G001427,2025-04-03 16:52,Binh Tan,member,Silver,E-wallet,4,"97,000",delivered,42.2,3.0
G001428,2025-04-03 17:08,Binh Thanh,returning,,Cash,8,"264,000",delivered,33.3,4.0
G001429,2025-04-03 18:47,District 10,returning,,E-wallet,10,"442,000",delivered,34.2,
G001430,2025-04-03 19:15,Phu Nhuan,member,Silver,Cash,4,"133,000",delivered,30.7,3.0
G001431,2025-04-03 19:40,Phu Nhuan,new,,Cash,6,"231,000",delivered,38.9,
G001432,2025-04-03 21:04,Go Vap,member,Gold,E-wallet,5,"97,000",delivered,33.3,5.0
G001433,2025-04-04 08:36,District 7,member,Gold,E-wallet,9,"243,000",delivered,46.4,4.0
G001434,2025-04-04 10:53,Binh Tan,member,Silver,E-wallet,3,"99,000",delivered,51.2,1.0
G001435,2025-04-04 11:01,District 1,returning,,Bank transfer,5,"154,000",delivered,37.3,4.0
G001436,2025-04-04 11:41,Phu Nhuan,new,,E-wallet,10,"256,000",delivered,34.1,4.0
G001437,2025-04-04 12:03,District 1,member,Silver,Bank transfer,6,"217,000",delivered,29.4,5.0
G001438,2025-04-04 12:30,Thu Duc City,new,,E-wallet,9,"313,000",delivered,55.7,2.0
G001439,2025-04-04 13:02,District 1,member,Silver,E-wallet,6,"236,000",delivered,26.7,
G001440,2025-04-04 14:11,District 10,returning,,Card,2,"60,000",delivered,23.7,5.0
G001441,2025-04-04 14:14,district 1,returning,,Card,6,"122,000",delivered,18.8,5.0
G001442,2025-04-04 15:11,Binh Thanh,returning,,Card,5,"170,000",delivered,35.5,4.0
G001443,2025-04-04 15:14,Go Vap,new,,Bank transfer,9,"397,000",delivered,36.8,
G001444,2025-04-04 16:18,Q1,new,,Card,6,"138,000",delivered,27.2,4.0
G001445,2025-04-04 17:54,District 1,member,Gold,E-wallet,5,"157,000",delivered,25.2,5.0
G001446,2025-04-04 18:22,District 10,new,,Card,11,"439,000",delivered,36.1,
G001447,2025-04-04 18:29,Binh Thanh,member,Silver,E-wallet,6,"186,000",delivered,40.2,3.0
G001448,2025-04-04 18:31,Thu Duc City,new,,Cash,4,"116,000",delivered,51.8,
G001449,2025-04-04 19:53,Phu Nhuan,new,,E-wallet,8,"270,000",delivered,43.7,1.0
G001450,2025-04-04 20:01,TP Thu Duc,new,,Bank transfer,9,"196,000",delivered,56.1,
G001451,2025-04-04 20:04,Binh Tan,member,Platinum,E-wallet,6,"343,000",delivered,58.5,
G001452,2025-04-04 21:05,Binh Thanh,returning,,Bank transfer,5,"181,000",delivered,36.9,
G001453,2025-04-04 21:35,Binh Tan,returning,,Bank transfer,8,"206,000",delivered,46.8,
G001454,2025-04-05 07:14,District 10,returning,,Card,10,"384,000",delivered,22.8,
G001455,2025-04-05 09:43,Go Vap,returning,,E-wallet,7,"238,000",delivered,38.7,4.0
G001456,2025-04-05 10:13,Go Vap,returning,,Cash,5,"152,000",delivered,41.5,4.0
G001457,2025-04-05 11:50,District 1,new,,E-wallet,12,"385,000",delivered,27.3,5.0
G001458,2025-04-05 11:51,Tan Binh,new,,Bank transfer,9,"274,000",delivered,40.8,3.0
G001459,2025-04-05 13:01,Go Vap,returning,,Bank transfer,14,"690,000",delivered,38.6,4.0
G001460,2025-04-05 13:38,Binh Thanh,member,Platinum,E-wallet,9,"300,000",delivered,29.8,4.0
G001461,2025-04-05 14:10,District 1,new,,Cash,9,"329,000",delivered,29.1,3.0
G001462,2025-04-05 16:17,Tan Binh,returning,,Bank transfer,9,"289,000",delivered,28.0,
G001463,2025-04-05 16:26,Binh Tan,returning,,E-wallet,8,"243,000",delivered,51.3,2.0
G001464,2025-04-05 16:43,District 1,new,,Bank transfer,6,"187,000",delivered,26.8,
G001465,2025-04-05 18:09,Binh Thanh,returning,,E-wallet,10,"398,000",cancelled,,
G001466,2025-04-05 18:11,Phu Nhuan,member,Gold,E-wallet,13,"501,000",delivered,37.3,3.0
G001467,2025-04-05 19:43,Binh Thanh,new,,Bank transfer,14,"306,000",delivered,36.1,4.0
G001468,2025-04-05 20:04,Binh Tan,returning,,Card,10,"351,000",delivered,54.0,1.0
G001469,2025-04-05 20:09,Binh Tan,member,Silver,Cash,11,"321,000",delivered,60.7,
G001470,2025-04-05 20:24,Go Vap,returning,,E-wallet,14,"421,000",delivered,42.1,
G001471,2025-04-05 23:32,District 1,returning,,E-wallet,9,"190,000",delivered,35.0,3.0
G001472,2025-04-06 09:57,Binh Tan,member,Silver,Card,7,"209,000",delivered,45.1,3.0
G001473,2025-04-06 11:06,Phu Nhuan,returning,,Bank transfer,14,"366,000",delivered,37.8,4.0
G001474,2025-04-06 11:20,Thu Duc City,member,Gold,E-wallet,13,"450,000",delivered,54.7,2.0
G001475,2025-04-06 11:31,Go Vap,member,Silver,Cash,12,"373,000",delivered,42.7,3.0
G001476,2025-04-06 11:55,Go Vap,returning,,Cash,6,"256,000",delivered,47.9,2.0
G001477,2025-04-06 12:02,District 1,returning,,Card,12,"321,000",delivered,28.8,
G001478,2025-04-06 14:55,district 1,returning,,Card,10,"259,000",delivered,20.2,4.0
G001479,2025-04-06 17:00,Thu Duc City,returning,,Bank transfer,6,"182,000",delivered,46.4,2.0
G001480,2025-04-06 17:11,Binh Tan,new,,Card,14,"371,000",delivered,47.1,4.0
G001481,2025-04-06 17:25,Binh Thanh,returning,,E-wallet,11,"386,000",delivered,33.8,4.0
G001482,2025-04-06 18:43,District 3,new,,Bank transfer,11,"348,000",delivered,37.5,5.0
G001483,2025-04-06 19:30,Binh Thanh,new,,E-wallet,6,"207,000",delivered,38.6,
G001484,2025-04-06 19:58,District 7,returning,,Card,11,"364,000",delivered,45.3,2.0
G001485,2025-04-07 06:00,District 7,member,Silver,Cash,7,"205,000",delivered,33.1,4.0
G001486,2025-04-07 08:11,District 1,returning,,Bank transfer,5,"167,000",delivered,23.2,3.0
G001487,2025-04-07 10:14,Tan Binh,returning,,E-wallet,7,"200,000",delivered,26.1,4.0
G001488,2025-04-07 11:29,Binh Thanh,member,Silver,Bank transfer,5,"145,000",delivered,32.5,4.0
G001489,2025-04-07 12:26,Binh Tan,member,Silver,E-wallet,6,"181,000",delivered,53.7,3.0
G001490,2025-04-07 13:37,District 1,returning,,E-wallet,5,"148,000",delivered,22.2,4.0
G001492,2025-04-07 18:13,District 7,member,Silver,Card,6,"185,000",delivered,44.9,3.0
G001493,2025-04-07 18:14,Phu Nhuan,returning,,Bank transfer,9,"196,000",delivered,32.2,4.0
G001494,2025-04-08 07:30,District 10,returning,,Bank transfer,6,"124,000",delivered,25.2,
G001495,2025-04-08 10:05,District 1,returning,,Bank transfer,10,"326,000",delivered,21.4,4.0
G001496,2025-04-08 11:03,Go Vap,member,Silver,E-wallet,6,"182,000",cancelled,,
G001497,2025-04-08 11:32,District 7,returning,,Cash,9,"262,000",delivered,41.5,3.0
G001498,2025-04-08 12:20,Thu Duc City,returning,,Card,3,"68,000",delivered,51.0,2.0
G001499,2025-04-08 12:50,District 3,new,,E-wallet,6,"173,000",delivered,31.7,3.0
G001500,2025-04-08 13:44,Tan Binh,member,Gold,E-wallet,8,"249,000",delivered,29.4,
G001501,2025-04-08 16:04,Binh thanh,returning,,Card,9,"299,000",delivered,34.3,3.0
G001502,2025-04-08 19:32,District 1,new,,Card,4,"138,000",delivered,26.5,4.0
G001503,2025-04-08 19:37,Binh Thanh,member,Silver,Cash,8,"194,000",delivered,45.9,4.0
G001504,2025-04-08 19:44,District 1,returning,,Bank transfer,5,"173,000",delivered,31.6,4.0
G001505,2025-04-08 19:52,Thu Duc City,returning,,Cash,4,"103,000",delivered,53.3,1.0
G001506,2025-04-08 20:18,Tan Binh,member,Silver,Cash,7,"154,000",delivered,43.2,3.0
G001507,2025-04-08 20:33,Thu Duc,returning,,E-wallet,8,"264,000",delivered,51.9,2.0
G001508,2025-04-08 22:12,District 3,member,Gold,E-wallet,8,"272,000",delivered,20.2,5.0
G001509,2025-04-09 09:33,Binh Thanh,new,,E-wallet,4,"151,000",delivered,28.0,5.0
G001510,2025-04-09 10:34,Thu Duc City,member,Silver,Bank transfer,8,"121,000",delivered,50.9,2.0
G001511,2025-04-09 10:36,Go Vap,returning,,E-wallet,5,"174,000",delivered,49.8,2.0
G001512,2025-04-09 12:27,District 3,returning,,Card,9,"286,000",delivered,34.6,4.0
G001513,2025-04-09 13:26,District 3,new,,E-wallet,5,"130,000",delivered,21.3,
G001514,2025-04-09 13:26,Binh Thanh,member,Gold,Cash,5,"174,000",delivered,30.2,5.0
G001515,2025-04-09 14:50,Go Vap,returning,,Cash,10,"354,000",delivered,35.4,4.0
G001516,2025-04-09 15:07,District 7,returning,,E-wallet,10,"407,000",delivered,41.2,5.0
G001517,2025-04-09 16:07,District 1,returning,,Bank transfer,5,"140,000",delivered,23.7,
G001518,2025-04-09 17:14,District 1,returning,,Bank transfer,6,"181,000",delivered,20.3,
G001519,2025-04-09 18:14,Thu Duc City,new,,Card,7,"239,000",delivered,58.1,2.0
G001520,2025-04-09 18:41,Binh Thanh,returning,,E-wallet,8,"181,000",delivered,49.9,3.0
G001521,2025-04-09 18:44,District 1,new,,Card,8,"260,000",delivered,27.1,5.0
G001522,2025-04-09 18:47,Phu Nhuan,returning,,E-wallet,7,"205,000",delivered,32.6,5.0
G001523,2025-04-09 19:02,Binh Thanh,new,,Cash,6,"116,000",delivered,37.4,4.0
G001524,2025-04-09 19:13,Thu Duc City,new,,Cash,10,"347,000",delivered,52.7,3.0
G001525,2025-04-09 19:46,Phu Nhuan,returning,,E-wallet,6,"199,000",cancelled,,
G001526,2025-04-09 19:47,Binh Thanh,member,Platinum,Card,8,"301,000",delivered,36.4,5.0
G001527,2025-04-09 20:23,Binh Thanh,member,Platinum,Card,8,"386,000",delivered,35.3,3.0
G001528,2025-04-09 20:27,Thu Duc City,returning,,E-wallet,4,"123,000",delivered,54.3,2.0
G001529,2025-04-09 21:24,District 7,member,Silver,E-wallet,7,"203,000",delivered,38.5,
G001530,2025-04-10 07:22,District 3,returning,,E-wallet,7,"229,000",delivered,25.2,
G001531,2025-04-10 09:55,District 7,returning,,E-wallet,9,"235,000",delivered,36.1,
G001532,2025-04-10 12:32,Phu Nhuan,returning,,Card,7,"199,000",cancelled,,
G001533,2025-04-10 14:50,Thu Duc City,returning,,E-wallet,5,"154,000",delivered,44.6,
G001534,2025-04-10 16:38,District 3,member,Platinum,Bank transfer,10,"375,000",delivered,26.6,5.0
G001535,2025-04-10 16:46,Tan Binh,new,,E-wallet,8,"284,000",delivered,28.9,5.0
G001536,2025-04-10 18:16,Binh Thanh,returning,,E-wallet,4,"159,000",delivered,32.5,
G001537,2025-04-10 18:22,Tan Binh,new,,Bank transfer,10,"348,000",delivered,44.4,3.0
G001538,2025-04-10 18:33,Phu Nhuan,returning,,Bank transfer,9,"286,000",delivered,31.6,
G001539,2025-04-10 18:51,District 1,returning,,Cash,4,"144,000",delivered,32.6,
G001540,2025-04-10 19:17,District 1,member,Gold,Cash,7,"191,000",delivered,30.3,3.0
G001541,2025-04-10 19:21,Binh Tan,returning,,Card,3,"140,000",delivered,57.9,3.0
G001542,2025-04-10 19:33,District 1,new,,Cash,5,"123,000",delivered,29.6,5.0
G001543,2025-04-10 20:48,Tan Binh,member,Silver,E-wallet,4,"107,000",delivered,39.9,3.0
G001544,2025-04-10 21:53,Binh Thanh,returning,,E-wallet,7,"274,000",delivered,36.7,2.0
G001545,2025-04-11 10:50,District 3,new,,E-wallet,10,"334,000",cancelled,,
G001546,2025-04-11 11:08,District 3,member,Silver,E-wallet,9,"266,000",delivered,31.0,4.0
G001547,2025-04-11 11:34,Binh Thanh,returning,,E-wallet,4,"123,000",delivered,41.7,4.0
G001548,2025-04-11 12:30,Thu Duc City,returning,,Card,6,"281,000",delivered,51.0,3.0
G001549,2025-04-11 13:09,Thu Duc City,returning,,Card,8,"267,000",delivered,56.0,4.0
G001550,2025-04-11 14:24,Go Vap,returning,,Card,8,"222,000",delivered,47.2,3.0
G001551,2025-04-11 14:26,Binh Thanh,returning,,E-wallet,7,"214,000",delivered,33.7,2.0
G001552,2025-04-11 14:56,Tan Binh,member,Silver,Card,6,"212,000",delivered,27.7,5.0
G001553,2025-04-11 16:25,Go Vap,new,,E-wallet,6,"212,000",delivered,36.4,4.0
G001554,2025-04-11 16:35,District 3,returning,,Cash,6,"170,000",delivered,28.0,5.0
G001555,2025-04-11 17:31,Tan Binh,new,,Bank transfer,7,"207,000",delivered,26.0,
G001556,2025-04-11 18:17,District 1,member,Silver,Card,8,"197,000",delivered,26.9,
G001557,2025-04-11 19:50,District 7,returning,,Cash,5,"167,000",delivered,48.1,2.0
G001559,2025-04-11 20:52,Thu Duc City,new,,E-wallet,14,"396,000",delivered,61.0,2.0
G001560,2025-04-11 22:36,District 1,returning,,Card,12,"243,000",delivered,21.1,4.0
G001561,2025-04-12 06:55,District 3,member,Silver,Card,13,"314,000",delivered,20.2,5.0
G001562,2025-04-12 08:14,Binh Tan,new,,Card,11,"300,000",delivered,42.5,3.0
G001563,2025-04-12 08:26,Binh Thanh,member,Gold,E-wallet,15,"439,000",delivered,31.0,5.0
G001563,2025-04-12 08:26,Binh Thanh,member,Gold,E-wallet,15,"439,000",delivered,31.0,5.0
G001564,2025-04-12 08:30,District 1,new,,Card,9,"369,000",delivered,21.2,5.0
G001565,2025-04-12 09:42,District 1,returning,,E-wallet,9,"408,000",delivered,25.6,
G001566,2025-04-12 11:22,Binh Tan,new,,Cash,10,"483,000",delivered,50.6,4.0
G001567,2025-04-12 11:26,Binh Tan,member,Silver,Cash,9,"300,000",delivered,54.6,
G001568,2025-04-12 11:46,District 7,returning,,E-wallet,11,"250,000",delivered,48.0,
G001569,2025-04-12 11:49,Thu Duc City,returning,,E-wallet,9,"287,000",delivered,53.0,2.0
G001570,2025-04-12 11:52,District 7,new,,Cash,15,"501,000",delivered,42.4,3.0
G001571,2025-04-12 12:44,Binh Thanh,new,,Card,9,"436,000",cancelled,,
G001572,2025-04-12 12:55,District 7,new,,Card,6,"161,000",delivered,42.2,3.0
G001573,2025-04-12 13:24,Binh Tan,member,Silver,Bank transfer,11,"449,000",delivered,60.4,
G001574,2025-04-12 14:40,District 7,returning,,Bank transfer,6,"123,000",delivered,32.6,4.0
G001575,2025-04-12 15:35,Binh Thanh,member,Gold,E-wallet,11,"435,000",delivered,45.4,2.0
G001576,2025-04-12 15:50,Tan Binh,returning,,Card,11,"513,000",delivered,33.6,4.0
G001577,2025-04-12 16:35,Binh Thanh,new,,Cash,10,"204,000",cancelled,,
G001578,2025-04-12 18:25,Binh Tan,returning,,Bank transfer,13,"491,000",delivered,49.4,
G001579,2025-04-12 18:27,Go Vap,member,Gold,Card,11,"392,000",delivered,43.3,
G001580,2025-04-12 18:44,Phu Nhuan,member,Silver,Cash,10,"376,000",delivered,32.9,2.0
G001581,2025-04-12 19:15,Phu Nhuan,returning,,Card,10,"355,000",delivered,36.3,3.0
G001582,2025-04-12 19:38,District 7,returning,,Card,12,"264,000",delivered,46.9,
G001583,2025-04-12 19:42,Thu Duc City,new,,Card,13,"284,000",delivered,52.9,2.0
G001584,2025-04-12 20:09,District 7,new,,E-wallet,9,"384,000",delivered,50.3,
G001585,2025-04-12 20:29,Binh Tan,member,Gold,E-wallet,10,"365,000",delivered,50.2,2.0
G001586,2025-04-13 07:08,Phu Nhuan,returning,,E-wallet,7,"204,000",delivered,24.9,
G001587,2025-04-13 08:20,Tan Binh,member,Silver,Cash,14,"521,000",delivered,29.0,5.0
G001588,2025-04-13 09:26,Binh Thanh,new,,E-wallet,11,"434,000",delivered,24.8,5.0
G001589,2025-04-13 11:02,District 3,member,Silver,Cash,10,"341,000",delivered,32.1,4.0
G001590,2025-04-13 12:11,District 3,returning,,Cash,11,"256,000",delivered,36.8,3.0
G001591,2025-04-13 13:30,Phu Nhuan,returning,,Cash,6,"283,000",cancelled,,
G001592,2025-04-13 13:35,Tan Binh,returning,,Cash,16,"339,000",cancelled,,
G001593,2025-04-13 13:51,Thu Duc City,returning,,E-wallet,8,"307,000",delivered,51.3,
G001594,2025-04-13 14:17,Binh Thanh,new,,Bank transfer,7,"171,000",cancelled,,
G001595,2025-04-13 14:46,Go Vap,member,Silver,E-wallet,6,"83,000",delivered,41.9,
G001596,2025-04-13 15:50,District 1,returning,,Card,8,"245,000",delivered,25.9,4.0
G001597,2025-04-13 17:29,Tan Binh,returning,,Card,8,"247,000",delivered,32.8,5.0
G001598,2025-04-13 17:57,Go Vap,new,,Cash,7,"256,000",delivered,34.7,4.0
G001599,2025-04-13 19:09,Go Vap,new,,Cash,10,"394,000",delivered,46.4,
G001600,2025-04-13 19:15,Binh Thanh,new,,Cash,8,"219,000",delivered,35.6,3.0
G001601,2025-04-13 19:26,Phu Nhuan,member,Silver,Bank transfer,10,"291,000",delivered,34.5,
G001602,2025-04-13 19:35,District 3,member,Gold,E-wallet,7,"266,000",delivered,35.2,4.0
G001603,2025-04-13 19:52,District 7,returning,,Cash,14,"307,000",delivered,43.8,2.0
G001604,2025-04-13 19:55,District 1,returning,,Cash,14,"554,000",delivered,29.6,4.0
G001605,2025-04-13 20:05,Phu Nhuan,returning,,Card,12,"402,000",delivered,46.7,2.0
G001606,2025-04-14 09:10,Phu Nhuan,new,,E-wallet,7,"329,000",delivered,33.1,
G001607,2025-04-14 10:06,District 1,returning,,Card,6,"215,000",delivered,24.9,4.0
G001608,2025-04-14 10:07,District 1,returning,,E-wallet,10,"478,000",delivered,20.0,5.0
G001609,2025-04-14 12:03,Tan Binh,returning,,Bank transfer,6,"227,000",delivered,53.3,
G001610,2025-04-14 12:33,Binh Tan,new,,Bank transfer,8,"291,000",delivered,55.2,3.0
G001611,2025-04-14 14:58,Tan Binh,member,Silver,E-wallet,8,"276,000",delivered,28.7,
G001612,2025-04-14 16:38,Binh Tan,member,Silver,Card,9,"225,000",delivered,44.9,4.0
G001613,2025-04-14 17:32,Tan Binh,returning,,Bank transfer,9,"282,000",delivered,27.6,3.0
G001614,2025-04-14 17:40,Thu Duc City,new,,E-wallet,7,"137,000",delivered,46.6,
G001615,2025-04-14 18:18,Phu Nhuan,member,Silver,E-wallet,7,"200,000",delivered,38.7,3.0
G001616,2025-04-14 18:20,Q7,returning,,Cash,7,"202,000",delivered,41.4,2.0
G001617,2025-04-14 18:27,District 7,member,Silver,Cash,8,"302,000",cancelled,,
G001617,2025-04-14 18:27,District 7,member,Silver,Cash,8,"302,000",cancelled,,
G001618,2025-04-14 20:43,District 3,returning,,Card,1,"33,000",delivered,29.2,4.0
G001619,2025-04-14 20:43,Phu Nhuan,new,,E-wallet,8,"292,000",delivered,33.2,
G001620,2025-04-14 20:47,District 3,new,,E-wallet,8,"289,000",delivered,33.2,
G001621,2025-04-15 10:12,District 3,returning,,Bank transfer,9,"212,000",delivered,20.1,
G001622,2025-04-15 10:51,Go Vap,returning,,Card,4,"131,000",delivered,33.0,4.0
G001623,2025-04-15 11:22,Thu Duc City,returning,,E-wallet,8,"174,000",cancelled,,
G001624,2025-04-15 12:16,Tan Binh,new,,E-wallet,11,"346,000",delivered,36.9,
G001625,2025-04-15 13:14,District 10,new,,Cash,9,"259,000",delivered,35.6,3.0
G001626,2025-04-15 13:57,Thu Duc City,returning,,Card,11,"270,000",delivered,50.5,2.0
G001627,2025-04-15 15:19,Thu Duc City,returning,,E-wallet,6,"218,000",delivered,52.3,
G001628,2025-04-15 16:12,Binh Thanh,returning,,E-wallet,6,"206,000",delivered,27.1,
G001629,2025-04-15 16:44,District 7,member,Silver,Card,6,"185,000",delivered,40.3,
G001630,2025-04-15 17:53,District 3,returning,,Cash,11,"329,000",delivered,26.8,3.0
G001631,2025-04-15 18:30,Thu Duc City,member,Silver,Cash,6,"157,000",delivered,52.9,
G001632,2025-04-15 19:01,Binh Tan,new,,Cash,5,"195,000",delivered,53.7,
G001633,2025-04-15 19:47,Tan Binh,new,,Cash,5,"155,000",delivered,45.6,3.0
G001634,2025-04-15 19:48,District 3,returning,,Cash,6,"202,000",delivered,35.6,
G001635,2025-04-15 20:39,Binh Tan,member,Gold,Cash,7,"195,000",delivered,50.2,1.0
G001636,2025-04-15 20:46,District 7,returning,,E-wallet,4,"120,000",delivered,42.3,3.0
G001637,2025-04-15 22:34,Tan Binh,returning,,Card,8,"298,000",delivered,28.6,
G001638,2025-04-15 22:38,Go Vap,returning,,E-wallet,5,"166,000",delivered,36.1,4.0
G001639,2025-04-16 09:57,Phu Nhuan,returning,,E-wallet,9,"323,000",delivered,29.2,4.0
G001640,2025-04-16 10:07,Go Vap,member,Gold,E-wallet,3,"81,000",delivered,35.7,
G001641,2025-04-16 10:23,District 1,returning,,Bank transfer,8,"232,000",delivered,34.2,
G001642,2025-04-16 11:11,District 3,returning,,Cash,5,"129,000",delivered,34.4,5.0
G001643,2025-04-16 12:37,Tan Binh,new,,E-wallet,8,"303,000",delivered,35.9,4.0
G001644,2025-04-16 12:41,District 10,member,Silver,E-wallet,7,"316,000",delivered,57.0,2.0
G001645,2025-04-16 12:58,Thu Duc,returning,,Cash,7,"237,000",delivered,63.1,
G001646,2025-04-16 14:21,Thu Duc City,returning,,E-wallet,7,"251,000",delivered,44.8,2.0
G001647,2025-04-16 15:12,Binh Thanh,new,,Cash,11,"283,000",delivered,32.5,4.0
G001648,2025-04-16 18:27,Tan Binh,returning,,Cash,6,"128,000",delivered,43.7,4.0
G001649,2025-04-16 19:10,Go Vap,new,,E-wallet,9,"295,000",delivered,43.2,3.0
G001650,2025-04-16 20:00,Tan Binh,new,,E-wallet,7,"137,000",delivered,41.0,4.0
G001651,2025-04-16 20:06,District 10,member,Silver,E-wallet,6,"190,000",delivered,33.1,3.0
G001652,2025-04-16 20:58,Tan Binh,member,Platinum,E-wallet,6,"259,000",delivered,35.8,5.0
G001653,2025-04-16 21:52,Binh Thanh,returning,,Cash,5,"196,000",delivered,27.0,4.0
G001654,2025-04-17 07:35,Binh Thanh,new,,E-wallet,8,"226,000",delivered,31.9,4.0
G001655,2025-04-17 08:52,Go Vap,new,,Card,6,"214,000",delivered,36.8,4.0
G001656,2025-04-17 08:56,District 3,returning,,E-wallet,10,"349,000",delivered,19.8,5.0
G001657,2025-04-17 09:20,District 1,new,,Cash,9,"338,000",delivered,28.1,
G001658,2025-04-17 09:29,Tan Binh,member,Silver,Card,2,"69,000",delivered,32.9,
G001659,2025-04-17 10:54,Phu Nhuan,returning,,E-wallet,5,"128,000",delivered,27.7,
G001660,2025-04-17 11:56,Phu Nhuan,returning,,Bank transfer,2,"65,000",delivered,32.8,5.0
G001661,2025-04-17 12:02,District 10,returning,,Bank transfer,11,"291,000",delivered,32.9,3.0
G001662,2025-04-17 12:26,District 7,member,Platinum,Bank transfer,6,"254,000",delivered,42.3,3.0
G001663,2025-04-17 13:07,Tan Binh,returning,,E-wallet,6,"193,000",delivered,29.5,
G001664,2025-04-17 13:50,District 10,member,Platinum,Card,5,"333,000",cancelled,,
G001665,2025-04-17 13:52,District 10,member,Silver,Cash,7,"291,000",delivered,30.5,4.0
G001666,2025-04-17 13:59,Go Vap,member,Gold,Cash,3,"60,000",cancelled,,
G001667,2025-04-17 15:23,Go Vap,returning,,E-wallet,7,"278,000",delivered,38.9,2.0
G001668,2025-04-17 16:07,District 7,new,,E-wallet,9,"386,000",delivered,39.3,
G001669,2025-04-17 16:39,District 3,returning,,Card,7,"238,000",delivered,22.9,
G001670,2025-04-17 16:45,Binh Tan,returning,,Card,7,"317,000",delivered,43.9,2.0
G001671,2025-04-17 17:19,Binh Tan,member,Silver,E-wallet,6,"132,000",delivered,46.2,2.0
G001672,2025-04-17 17:37,District 7,new,,Bank transfer,4,"117,000",delivered,32.7,4.0
G001673,2025-04-17 18:24,Phu Nhuan,member,Gold,Bank transfer,8,"194,000",delivered,34.0,3.0
G001674,2025-04-17 18:32,District 3,new,,Card,10,"224,000",cancelled,,
G001675,2025-04-17 19:38,Tan Binh,returning,,Card,8,"267,000",delivered,45.0,2.0
G001677,2025-04-17 20:32,District 1,returning,,Cash,10,"447,000",delivered,26.1,
G001678,2025-04-18 10:51,Tan Binh,returning,,e-wallet,9,"249,000",delivered,27.7,4.0
G001679,2025-04-18 12:51,Binh Thanh,new,,Cash,7,"215,000",delivered,33.8,
G001680,2025-04-18 15:37,District 7,member,Platinum,Card,12,"397,000",delivered,33.4,4.0
G001681,2025-04-18 16:06,District 7,member,Silver,Cash,5,"218,000",delivered,38.4,3.0
G001682,2025-04-18 18:01,Binh Tan,member,Silver,E-wallet,6,"273,000",delivered,54.7,
G001683,2025-04-18 19:17,District 10,member,Silver,Cash,4,"113,000",delivered,30.1,5.0
G001684,2025-04-18 20:12,District 3,new,,Cash,6,"131,000",delivered,37.9,4.0
G001685,2025-04-18 22:56,District 10,new,,E-wallet,3,"112,000",delivered,31.2,3.0
G001686,2025-04-19 06:32,Go Vap,member,Silver,Cash,9,"226,000",delivered,34.1,2.0
G001687,2025-04-19 09:35,Go Vap,member,Gold,Cash,13,"479,000",delivered,33.5,3.0
G001688,2025-04-19 10:25,Thu Duc City,new,,E-wallet,12,"446,000",delivered,66.3,3.0
G001689,2025-04-19 10:55,Binh Thanh,new,,Bank transfer,12,"369,000",delivered,28.6,4.0
G001690,2025-04-19 12:07,Tan Binh,member,Silver,E-wallet,12,"443,000",delivered,38.5,
G001691,2025-04-19 13:30,Binh Tan,returning,,Cash,9,"380,000",delivered,41.6,
G001692,2025-04-19 17:10,Tan Binh,member,Platinum,E-wallet,12,"516,000",delivered,30.6,3.0
G001693,2025-04-19 17:11,Thu Duc City,returning,,Cash,8,"254,000",delivered,45.3,4.0
G001694,2025-04-19 17:17,Phu Nhuan,returning,,Bank transfer,9,"250,000",delivered,28.4,
G001695,2025-04-19 17:25,Phu Nhuan,new,,Cash,8,"346,000",delivered,29.6,
G001696,2025-04-19 18:24,Binh Thanh,member,Silver,E-wallet,8,"213,000",delivered,35.6,4.0
G001697,2025-04-19 18:40,Go Vap,returning,,Card,5,"166,000",delivered,45.8,2.0
G001698,2025-04-19 19:13,Tan Binh,returning,,Bank transfer,11,"358,000",delivered,34.6,
G001699,2025-04-19 19:14,Binh Tan,member,Gold,Card,10,"190,000",delivered,51.2,2.0
G001700,2025-04-19 19:44,Thu Duc City,member,Silver,Cash,8,"193,000",delivered,54.7,3.0
G001701,2025-04-19 20:20,Tan Binh,returning,,Cash,11,"234,000",delivered,42.3,3.0
G001702,2025-04-19 20:20,District 3,new,,E-wallet,5,"206,000",delivered,28.6,
G001703,2025-04-19 22:26,Phu Nhuan,new,,Cash,16,"532,000",delivered,30.1,
G001704,2025-04-19 23:25,Binh Tan,member,Silver,Card,14,"413,000",delivered,43.3,
G001705,2025-04-20 09:16,District 3,member,Silver,Card,12,"435,000",delivered,24.8,5.0
G001706,2025-04-20 09:36,District 3,new,,Cash,9,"332,000",delivered,30.9,5.0
G001707,2025-04-20 10:33,District 1,member,Silver,Momo/ZaloPay,10,"382,000",delivered,21.2,
G001708,2025-04-20 12:02,Go Vap,member,Silver,Cash,11,"483,000",delivered,41.4,3.0
G001709,2025-04-20 13:08,District 1,member,Silver,Cash,11,"372,000",delivered,20.7,
G001710,2025-04-20 14:14,District 1,new,,E-wallet,13,"486,000",delivered,22.4,4.0
G001710,2025-04-20 14:14,District 1,new,,E-wallet,13,"486,000",delivered,22.4,4.0
G001711,2025-04-20 15:53,Phu Nhuan,returning,,E-wallet,9,"374,000",delivered,28.8,
G001712,2025-04-20 16:02,Thu Duc City,member,Platinum,Cash,11,"360,000",delivered,43.9,
G001713,2025-04-20 18:23,Tan Binh,new,,Card,8,"178,000",delivered,40.3,
G001714,2025-04-20 18:59,Go Vap,returning,,E-wallet,14,"290,000",delivered,43.7,
G001715,2025-04-20 19:56,District 1,member,Silver,Card,15,"461,000",delivered,31.6,3.0
G001716,2025-04-20 21:15,Tan Binh,returning,,E-wallet,6,"161,000",delivered,32.0,3.0
G001717,2025-04-20 21:25,Tan Binh,new,,Cash,10,"299,000",delivered,28.9,5.0
G001718,2025-04-21 08:08,District 3,member,Silver,Bank transfer,8,"148,000",delivered,21.5,4.0
G001719,2025-04-21 10:35,Thu Duc City,new,,Card,8,"280,000",cancelled,,
G001720,2025-04-21 10:53,District 7,new,,Card,5,"170,000",delivered,39.5,4.0
G001721,2025-04-21 11:13,District 7,new,,E-wallet,10,"301,000",delivered,47.5,2.0
G001722,2025-04-21 11:34,District 7,member,Silver,Cash,7,"245,000",delivered,54.7,
G001723,2025-04-21 13:18,Binh Thanh,returning,,E-wallet,11,"266,000",delivered,29.8,5.0
G001724,2025-04-21 13:29,District 7,returning,,Card,8,"228,000",delivered,36.1,
G001725,2025-04-21 14:15,Tan Binh,member,Silver,E-wallet,2,"58,000",delivered,28.5,4.0
G001726,2025-04-21 15:46,Thu Duc City,returning,,E-wallet,5,"180,000",delivered,48.5,
G001727,2025-04-21 17:08,District 7,returning,,Cash,5,"122,000",delivered,33.0,
G001728,2025-04-21 17:09,District 7,member,Silver,Cash,6,"223,000",delivered,33.4,
G001729,2025-04-21 17:35,Thu Duc City,returning,,E-wallet,5,"152,000",delivered,46.1,5.0
G001730,2025-04-21 18:17,Phu Nhuan,new,,Card,7,"282,000",delivered,34.7,
G001731,2025-04-21 20:20,District 1,member,Silver,Card,11,"398,000",delivered,33.3,
G001732,2025-04-21 20:50,Binh Tan,returning,,E-wallet,7,"237,000",delivered,52.1,
G001733,2025-04-21 22:28,Thu Duc City,member,Silver,E-wallet,6,"191,000",delivered,46.0,
G001734,2025-04-22 06:39,Tan Binh,returning,,Bank transfer,8,"230,000",cancelled,,
G001735,2025-04-22 08:36,District 3,returning,,Bank transfer,10,"250,000",delivered,23.4,4.0
G001736,2025-04-22 09:03,Thu Duc City,new,,E-wallet,7,"289,000",delivered,52.1,2.0
G001737,2025-04-22 09:16,District 7,member,Silver,E-wallet,8,"338,000",delivered,36.7,3.0
G001738,2025-04-22 10:20,District 3,new,,Cash,8,"232,000",delivered,25.9,
G001739,2025-04-22 11:31,Phu Nhuan,returning,,Cash,11,"361,000",delivered,38.3,5.0
G001740,2025-04-22 11:49,Go Vap,member,Platinum,Cash,5,"262,000",delivered,42.7,3.0
G001741,2025-04-22 11:54,District 3,member,Silver,Cash,7,"255,000",delivered,32.9,5.0
G001742,2025-04-22 12:11,Binh Tan,returning,,Cash,9,"397,000",delivered,53.4,
G001743,2025-04-22 12:51,Thu Duc City,member,Gold,Cash,6,"227,000",delivered,53.8,
G001744,2025-04-22 13:28,District 1,new,,Cash,4,"202,000",delivered,19.5,4.0
G001745,2025-04-22 13:28,Binh Tan,returning,,Cash,4,"141,000",delivered,43.8,2.0
G001746,2025-04-22 16:57,Tan Binh,returning,,Bank transfer,7,"258,000",delivered,30.7,
G001747,2025-04-22 17:09,Thu Duc City,returning,,E-wallet,12,"343,000",delivered,51.3,2.0
G001748,2025-04-22 18:49,Phu Nhuan,member,Silver,E-wallet,5,"176,000",delivered,35.4,4.0
G001749,2025-04-22 19:06,District 10,returning,,Bank transfer,2,"60,000",delivered,33.5,
G001750,2025-04-22 19:17,District 3,returning,,Card,3,"58,000",delivered,30.4,5.0
G001751,2025-04-22 21:58,Binh Thanh,returning,,Bank transfer,4,"131,000",delivered,27.9,5.0
G001752,2025-04-23 08:44,Binh Thanh,returning,,E-wallet,6,"192,000",delivered,27.2,4.0
G001753,2025-04-23 09:49,Thu Duc City,member,Gold,Card,6,"225,000",delivered,48.7,3.0
G001754,2025-04-23 12:25,Binh Tan,member,Platinum,Card,6,"349,000",delivered,49.0,3.0
G001755,2025-04-23 13:07,District 3,new,,Card,9,"288,000",delivered,22.4,5.0
G001756,2025-04-23 13:15,Binh Tan,member,Silver,E-wallet,8,"237,000",delivered,40.8,3.0
G001757,2025-04-23 16:52,District 10,member,Silver,Cash,4,"89,000",delivered,24.3,5.0
G001758,2025-04-23 17:33,District 10,returning,,Cash,7,"292,000",delivered,27.6,5.0
G001759,2025-04-23 18:38,District 10,member,Gold,Card,5,"171,000",delivered,40.3,4.0
G001760,2025-04-23 18:43,District 1,returning,,Card,7,"253,000",delivered,26.1,
G001761,2025-04-23 18:46,District 7,member,Silver,Cash,8,"268,000",delivered,45.4,2.0
G001762,2025-04-23 19:07,Binh Tan,returning,,E-wallet,5,"153,000",delivered,58.1,
G001763,2025-04-23 19:18,District 3,new,,Card,7,"257,000",delivered,35.9,3.0
G001764,2025-04-23 20:03,District 7,member,Silver,Card,7,"240,000",delivered,46.5,2.0
G001765,2025-04-23 21:08,District 1,member,Platinum,Bank transfer,4,"277,000",delivered,19.4,3.0
G001766,2025-04-23 21:28,District 7,new,,Cash,7,"270,000",delivered,33.8,4.0
G001767,2025-04-23 21:46,District 1,returning,,E-wallet,6,"165,000",delivered,18.6,5.0
G001768,2025-04-23 22:29,Thu Duc City,returning,,Cash,7,"200,000",delivered,44.4,2.0
G001769,2025-04-24 07:39,Tan Binh,member,Platinum,Card,6,"251,000",delivered,30.0,3.0
G001770,2025-04-24 10:07,Binh Tan,new,,Cash,6,"275,000",delivered,56.6,2.0
G001771,2025-04-24 10:23,District 1,returning,,Cash,10,"278,000",delivered,23.0,
G001772,2025-04-24 12:00,Go Vap,new,,Bank transfer,6,"149,000",delivered,42.0,
G001773,2025-04-24 12:13,Binh Thanh,returning,,Card,4,"179,000",delivered,38.8,3.0
G001774,2025-04-24 15:11,District 7,member,Silver,Cash,6,"260,000",delivered,39.0,3.0
G001775,2025-04-24 15:26,Binh Thanh,returning,,Cash,9,"349,000",delivered,34.9,4.0
G001776,2025-04-24 15:43,Tan Binh,member,Gold,Card,4,"115,000",delivered,34.6,3.0
G001777,2025-04-24 16:06,District 7,new,,Cash,10,"404,000",cancelled,,
G001778,2025-04-24 16:39,Thu Duc City,member,Silver,E-wallet,7,"216,000",delivered,43.1,3.0
G001779,2025-04-24 16:43,District 7,returning,,E-wallet,9,"247,000",delivered,39.7,4.0
G001780,2025-04-24 17:51,Go Vap,returning,,Cash,4,"142,000",delivered,33.6,3.0
G001781,2025-04-24 18:03,District 7,member,Gold,Cash,5,"164,000",delivered,43.7,3.0
G001782,2025-04-24 18:15,District 3,member,Gold,E-wallet,6,"170,000",delivered,30.6,3.0
G001783,2025-04-24 18:38,Thu Duc City,member,Silver,Cash,4,"158,000",delivered,57.4,
G001784,2025-04-24 19:17,Binh Thanh,returning,,E-wallet,3,"91,000",delivered,35.4,3.0
G001785,2025-04-24 19:36,Go Vap,member,Silver,Bank transfer,6,"234,000",delivered,41.1,4.0
G001786,2025-04-24 20:24,Phu Nhuan,returning,,Cash,6,"152,000",delivered,42.7,4.0
G001787,2025-04-25 06:48,District 10,returning,,Bank transfer,9,"260,000",delivered,24.8,5.0
G001788,2025-04-25 09:46,Binh Thanh,new,,Cash,6,"136,000",delivered,30.8,4.0
G001789,2025-04-25 11:16,Thu Duc City,returning,,Bank transfer,5,"177,000",delivered,58.6,2.0
G001790,2025-04-25 12:11,District 10,returning,,E-wallet,10,"418,000",delivered,31.8,
G001791,2025-04-25 12:12,District 1,returning,,Cash,11,"343,000",delivered,32.6,4.0
G001792,2025-04-25 12:22,Thu Duc City,returning,,Card,5,"131,000",delivered,53.3,2.0
G001793,2025-04-25 12:23,District 1,member,Silver,Cash,7,"198,000",delivered,32.3,5.0
G001794,2025-04-25 12:40,Tan Binh,new,,Cash,9,"283,000",delivered,34.7,
G001795,2025-04-25 12:48,Go Vap,member,Gold,Cash,10,"314,000",delivered,44.4,
G001796,2025-04-25 13:25,Phu Nhuan,returning,,E-wallet,6,"159,000",delivered,27.9,
G001797,2025-04-25 16:10,Go Vap,new,,E-wallet,7,"279,000",delivered,33.8,4.0
G001798,2025-04-25 17:28,District 1,returning,,E-wallet,6,"216,000",delivered,21.7,5.0
G001799,2025-04-25 17:39,Phu Nhuan,returning,,Bank transfer,5,"182,000",delivered,29.0,5.0
G001800,2025-04-25 17:58,District 3,returning,,Bank transfer,8,"167,000",delivered,21.4,
G001801,2025-04-25 18:11,Binh Thanh,member,Silver,Cash,6,"168,000",delivered,34.2,3.0
G001802,2025-04-25 18:44,District 1,returning,,Bank transfer,8,"273,000",delivered,27.6,5.0
G001803,2025-04-25 19:26,District 1,member,Silver,Cash,8,"225,000",delivered,29.2,4.0
G001804,2025-04-25 19:48,Binh Thanh,new,,E-wallet,6,"177,000",delivered,35.6,4.0
G001805,2025-04-25 21:20,Binh Thanh,returning,,Bank transfer,6,"192,000",delivered,32.6,
G001806,2025-04-25 21:48,Binh Thanh,member,Gold,Cash,4,"89,000",delivered,28.1,3.0
G001807,2025-04-26 10:45,Binh Tan,returning,,E-wallet,11,"382,000",delivered,45.4,
G001808,2025-04-26 11:47,District 10,new,,Cash,7,"196,000",delivered,35.9,
G001809,2025-04-26 12:25,Tan Binh,member,Gold,E-wallet,9,"220,000",delivered,34.5,
G001810,2025-04-26 13:37,Go Vap,returning,,E-wallet,9,"311,000",delivered,35.7,4.0
G001811,2025-04-26 13:51,District 1,member,Silver,E-wallet,10,"424,000",delivered,24.0,
G001812,2025-04-26 14:28,Binh Tan,new,,Cash,9,"284,000",delivered,42.7,3.0
G001813,2025-04-26 15:20,Phu Nhuan,new,,Cash,12,"358,000",cancelled,,
G001814,2025-04-26 16:33,District 7,new,,Cash,15,"495,000",delivered,37.8,2.0
G001815,2025-04-26 16:57,Go Vap,returning,,Cash,11,"312,000",cancelled,,
G001816,2025-04-26 17:02,Phu Nhuan,new,,Cash,6,"156,000",delivered,26.7,4.0
G001817,2025-04-26 17:56,Go Vap,returning,,E-wallet,8,"276,000",delivered,36.2,
G001818,2025-04-26 18:43,Thu Duc City,member,Silver,Cash,14,"410,000",delivered,55.8,2.0
G001819,2025-04-26 18:46,District 1,returning,,Card,16,"472,000",delivered,35.0,3.0
G001820,2025-04-26 19:22,Phu Nhuan,new,,Cash,8,"177,000",delivered,30.8,
G001821,2025-04-26 19:34,Go Vap,new,,E-wallet,9,"359,000",delivered,47.0,3.0
G001822,2025-04-26 19:40,Binh Thanh,returning,,E-wallet,3,"81,000",delivered,43.2,2.0
G001823,2025-04-26 21:25,Go Vap ,new,,Card,9,"330,000",delivered,40.2,3.0
G001824,2025-04-26 21:52,Go Vap,member,Gold,E-wallet,7,"300,000",delivered,35.9,4.0
G001825,2025-04-26 22:42,Binh Tan,returning,,E-wallet,9,"311,000",delivered,50.4,3.0
G001826,2025-04-27 06:46,District 3,returning,,Card,11,"356,000",delivered,26.8,
G001827,2025-04-27 09:49,Binh Thanh,returning,,E-wallet,6,"179,000",delivered,27.4,5.0
G001828,2025-04-27 10:17,District 10,member,Silver,E-wallet,8,"181,000",delivered,24.0,4.0
G001829,2025-04-27 10:51,TP Thu Duc,member,Gold,E-wallet,19,"750,000",delivered,44.2,3.0
G001830,2025-04-27 11:26,Binh Thanh,returning,,Cash,7,"307,000",delivered,33.8,
G001831,2025-04-27 12:24,Thu Duc City,member,Gold,Cash,14,"413,000",delivered,56.1,
G001832,2025-04-27 12:25,Phu Nhuan,new,,Card,8,"277,000",delivered,33.3,4.0
G001833,2025-04-27 12:52,District 10,new,,E-wallet,13,"318,000",delivered,39.6,
G001834,2025-04-27 12:57,District 3,member,Gold,Cash,7,"205,000",delivered,37.8,4.0
G001835,2025-04-27 14:15,Go Vap,new,,E-wallet,17,"620,000",delivered,41.0,4.0
G001836,2025-04-27 16:16,District 1,returning,,Cash,9,"263,000",delivered,26.0,
G001837,2025-04-27 16:18,Thu Duc City,returning,,Cash,7,"231,000",delivered,48.3,2.0
G001838,2025-04-27 16:27,District 3,returning,,Card,13,"479,000",delivered,27.9,4.0
G001839,2025-04-27 18:01,Thu Duc City,member,Silver,Card,5,"197,000",delivered,51.2,2.0
G001840,2025-04-27 18:11,Binh Thanh,returning,,Cash,8,"255,000",delivered,37.0,3.0
G001841,2025-04-27 18:58,Q1,returning,,Bank transfer,7,"212,000",delivered,28.2,4.0
G001842,2025-04-27 20:00,Binh Tan,member,Silver,E-wallet,19,"871,000",delivered,51.5,
G001843,2025-04-27 20:01,Go Vap,new,,Cash,12,"435,000",delivered,50.2,3.0
G001844,2025-04-27 20:14,District 7,returning,,E-wallet,12,"534,000",delivered,45.0,3.0
G001845,2025-04-27 21:06,Thu Duc City,new,,Card,8,"206,000",delivered,47.7,3.0
G001846,2025-04-27 21:10,Binh Thanh,member,Platinum,Bank transfer,9,"278,000",delivered,28.8,
G001847,2025-04-27 23:32,Thu Duc City,returning,,Card,11,"291,000",delivered,49.5,2.0
G001848,2025-04-28 09:47,Binh Thanh,member,Gold,Cash,4,"174,000",delivered,29.0,
G001849,2025-04-28 11:11,Phu Nhuan,new,,Card,9,"332,000",delivered,35.3,4.0
G001850,2025-04-28 11:21,Binh Thanh,returning,,Card,7,"278,000",delivered,39.0,3.0
G001851,2025-04-28 11:31,Binh Thanh,new,,E-wallet,6,"102,000",delivered,38.5,
G001852,2025-04-28 11:56,Phu Nhuan,returning,,Card,8,"250,000",delivered,31.9,4.0
G001853,2025-04-28 12:01,District 1,returning,,Card,7,"221,000",delivered,32.3,5.0
G001854,2025-04-28 16:27,Thu Duc City,new,,E-wallet,6,"252,000",delivered,61.0,2.0
G001855,2025-04-28 18:08,Binh Thanh,returning,,Card,5,"205,000",delivered,39.6,
G001856,2025-04-28 18:45,District 1,member,Silver,Cash,6,"192,000",delivered,32.6,4.0
G001857,2025-04-28 19:41,District 3,returning,,Bank transfer,5,"229,000",delivered,30.0,5.0
G001858,2025-04-28 19:48,District 3,new,,Card,6,"224,000",delivered,32.8,4.0
G001859,2025-04-29 06:25,Tan Binh,returning,,E-wallet,4,"134,000",delivered,27.6,5.0
G001860,2025-04-29 09:19,Binh Tan,new,,Card,2,"91,000",delivered,41.3,3.0
G001861,2025-04-29 09:50,District 7,returning,,Card,6,"112,000",delivered,36.4,
G001863,2025-04-29 13:53,District 3,member,Platinum,ewallet,8,"420,000",delivered,21.5,5.0
G001864,2025-04-29 13:54,Thu Duc City,new,,Card,7,"214,000",cancelled,,
G001865,2025-04-29 14:00,Go Vap,returning,,Cash,3,"78,000",delivered,39.2,4.0
G001866,2025-04-29 16:32,Tan Binh,member,Gold,Card,6,"186,000",delivered,29.4,
G001867,2025-04-29 17:24,Go Vap,member,Platinum,E-wallet,8,"389,000",delivered,35.0,
G001868,2025-04-29 18:05,Phu Nhuan,member,Silver,Card,5,"200,000",delivered,32.3,3.0
G001869,2025-04-29 18:10,Phu Nhuan,member,Silver,Bank transfer,5,"170,000",delivered,34.4,
G001870,2025-04-29 18:14,District 3,returning,,Card,3,"97,000",delivered,32.5,3.0
G001871,2025-04-29 18:45,Go Vap,new,,Card,7,"250,000",delivered,48.1,3.0
G001872,2025-04-29 18:46,Thu Duc City,new,,Cash,10,"276,000",delivered,59.9,
G001873,2025-04-29 18:56,Thu Duc City,returning,,Cash,4,"160,000",delivered,54.8,3.0
G001874,2025-04-29 19:23,District 1,member,Platinum,Card,9,"355,000",delivered,26.2,5.0
G001875,2025-04-29 19:33,District 1,returning,,Bank transfer,7,"243,000",delivered,50.5,2.0
G001876,2025-04-29 19:41,Binh Thanh,returning,,Card,5,"126,000",delivered,33.9,4.0
G001877,2025-04-29 19:51,Binh Tan,new,,E-wallet,8,"328,000",delivered,57.1,2.0
G001878,2025-04-29 20:20,Go Vap,new,,Card,5,"144,000",delivered,44.6,
G001879,2025-04-29 20:48,Phu Nhuan,returning,,Bank transfer,6,"261,000",delivered,41.3,4.0
G001880,2025-04-29 20:53,District 3,member,Gold,E-wallet,4,"170,000",delivered,33.8,
G001881,2025-04-29 21:38,District 3,returning,,E-wallet,8,"276,000",delivered,21.0,3.0
G001882,2025-04-29 21:46,Binh Tan,member,Silver,Card,10,"458,000",delivered,44.7,
G001883,2025-04-30 08:01,District 10,new,,E-wallet,3,"105,000",delivered,37.2,3.0
G001884,2025-04-30 08:10,District 7,returning,,E-wallet,6,"271,000",delivered,34.1,3.0
G001885,2025-04-30 08:59,Tan Binh,returning,,E-wallet,7,"175,000",delivered,27.2,
G001886,2025-04-30 09:03,District 1,new,,Cash,5,"110,000",delivered,29.5,5.0
G001887,2025-04-30 09:05,District 1,member,Silver,E-wallet,3,"98,000",delivered,21.1,5.0
G001888,2025-04-30 10:12,Tan Binh,member,Silver,E-wallet,8,"186,000",cancelled,,
G001889,2025-04-30 10:43,District 7,returning,,Cash,7,"129,000",delivered,33.6,
G001890,2025-04-30 11:41,Thu Duc City,returning,,Card,6,"168,000",delivered,54.4,
G001891,2025-04-30 11:57,Tan Binh,new,,Card,11,"394,000",cancelled,,
G001892,2025-04-30 14:15,District 3,new,,Card,3,"61,000",delivered,22.3,
G001893,2025-04-30 15:36,District 10,member,Silver,E-wallet,5,"168,000",delivered,25.4,
G001894,2025-04-30 15:42,Go Vap,new,,E-wallet,4,"115,000",delivered,33.4,3.0
G001895,2025-04-30 16:20,District 3,member,Gold,Momo/ZaloPay,6,"178,000",delivered,25.9,4.0
G001896,2025-04-30 17:29,Thu Duc City,member,Silver,Cash,5,"135,000",delivered,42.5,
G001897,2025-04-30 18:43,District 7,new,,Cash,10,"289,000",delivered,41.9,3.0
G001898,2025-04-30 19:31,Binh Tan,returning,,E-wallet,4,"121,000",delivered,52.2,4.0
G001899,2025-04-30 19:41,Thu Duc City,member,Silver,Cash,9,"338,000",delivered,52.2,3.0
G001900,2025-04-30 19:45,Binh Tan,returning,,Cash,5,"168,000",delivered,52.3,
G001901,2025-04-30 22:10,Phu Nhuan,new,,Cash,6,"256,000",delivered,24.3,4.0
G001902,2025-04-30 22:59,Binh Tan,new,,Cash,9,"290,000",delivered,44.5,2.0
G001903,2025-05-01 10:56,Binh Thanh,new,,E-wallet,10,"371,000",delivered,29.2,
G001904,2025-05-01 12:17,District 1,member,Silver,Card,7,"298,000",delivered,33.5,5.0
G001905,2025-05-01 12:28,Go Vap,returning,,Cash,5,"156,000",delivered,49.6,3.0
G001906,2025-05-01 13:30,Binh Tan,returning,,E-wallet,7,"227,000",delivered,43.2,
G001907,2025-05-01 14:30,Tan Binh,member,Gold,Cash,12,"396,000",cancelled,,
G001908,2025-05-01 16:18,Go Vap,returning,,E-wallet,9,"276,000",delivered,37.2,4.0
G001909,2025-05-01 19:00,District 10,member,Platinum,E-wallet,9,"394,000",delivered,36.5,3.0
G001910,2025-05-01 19:06,Thu Duc City,new,,E-wallet,11,"514,000",delivered,58.3,3.0
G001911,2025-05-01 19:11,Thu Duc City,returning,,Bank transfer,6,"188,000",delivered,57.3,
G001912,2025-05-01 19:19,Binh Thanh,returning,,E-wallet,13,"362,000",delivered,33.8,
G001913,2025-05-01 19:58,Go Vap,returning,,Card,8,"186,000",delivered,42.4,
G001914,2025-05-01 20:27,District 7,returning,,Card,11,"458,000",delivered,44.6,3.0
G001916,2025-05-01 21:00,Go Vap,member,Platinum,Cash,11,"541,000",delivered,38.2,
G001917,2025-05-01 21:13,Binh Tan,new,,E-wallet,8,"298,000",delivered,43.5,3.0
G001918,2025-05-01 21:16,Phu Nhuan,returning,,E-wallet,6,"176,000",delivered,24.9,
G001919,2025-05-02 07:38,District 1,returning,,Cash,9,"232,000",delivered,24.0,5.0
G001920,2025-05-02 09:44,Phu Nhuan,member,Platinum,Cash,6,"353,000",delivered,25.3,5.0
G001921,2025-05-02 10:35,District 1,returning,,Card,5,"198,000",delivered,25.9,3.0
G001922,2025-05-02 13:47,Tan Binh,member,Silver,Cash,10,"376,000",delivered,27.9,4.0
G001923,2025-05-02 14:54,District 3,member,Silver,Card,8,"362,000",delivered,21.9,
G001924,2025-05-02 16:04,Binh Tan,new,,E-wallet,9,"252,000",delivered,50.7,3.0
G001925,2025-05-02 18:27,District 7,returning,,Cash,4,"115,000",delivered,41.0,
G001926,2025-05-02 18:43,District 7,returning,,Cash,5,"112,000",delivered,42.4,
G001927,2025-05-02 18:56,Thu Duc City,returning,,Card,7,"295,000",delivered,55.3,
G001928,2025-05-02 19:07,Tan Binh,new,,E-wallet,5,"150,000",delivered,37.3,
G001929,2025-05-02 19:23,Go Vap,returning,,Card,4,"151,000",delivered,42.7,3.0
G001930,2025-05-02 19:45,District 7,member,Gold,Card,9,"129,000",cancelled,,
G001931,2025-05-02 19:47,Tan Binh,member,Silver,E-wallet,7,"121,000",delivered,34.8,
G001932,2025-05-02 21:48,Go Vap,returning,,E-wallet,9,"280,000",delivered,35.2,4.0
G001933,2025-05-03 11:55,Go Vap,new,,E-wallet,15,"404,000",delivered,45.7,2.0
G001934,2025-05-03 13:13,Thu Duc City,returning,,E-wallet,12,"410,000",delivered,49.4,
G001935,2025-05-03 13:26,District 10,returning,,Cash,9,"316,000",delivered,31.3,5.0
G001936,2025-05-03 13:31,District 7,returning,,E-wallet,7,"272,000",delivered,34.6,
G001937,2025-05-03 14:16,Go Vap,returning,,Card,16,"399,000",delivered,35.5,
G001938,2025-05-03 14:41,Binh Thanh,new,,Cash,7,"254,000",delivered,32.0,5.0
G001939,2025-05-03 14:42,Q7,returning,,Cash,3,"69,000",delivered,44.2,3.0
G001940,2025-05-03 15:09,Binh Tan,returning,,E-wallet,10,"218,000",delivered,46.9,3.0
G001941,2025-05-03 15:32,Tan Binh,returning,,Cash,10,"337,000",delivered,37.2,3.0
G001942,2025-05-03 17:20,Binh Thanh,returning,,Card,12,"316,000",delivered,29.0,5.0
G001943,2025-05-03 17:32,District 7,new,,Cash,10,"362,000",delivered,46.3,
G001944,2025-05-03 19:22,District 7,member,Silver,E-wallet,9,"271,000",delivered,47.8,4.0
G001945,2025-05-03 19:29,District 1,returning,,Bank transfer,8,"283,000",delivered,29.1,
G001946,2025-05-03 19:38,Thu Duc City,member,Silver,E-wallet,10,"356,000",delivered,55.7,2.0
G001947,2025-05-03 20:50,Tan Binh,new,,E-wallet,13,"415,000",delivered,999.0,5.0
G001948,2025-05-03 21:49,Tan Binh,returning,,Card,10,"262,000",delivered,29.4,
G001949,2025-05-03 21:50,District 7,new,,E-wallet,12,"502,000",delivered,33.0,5.0
G001950,2025-05-03 22:40,Tan Binh,returning,,E-wallet,13,"254,000",delivered,27.1,5.0
G001951,2025-05-04 08:05,District 1,returning,,E-wallet,7,"238,000",delivered,24.4,4.0
G001952,2025-05-04 12:44,District 10,member,Silver,E-wallet,14,"409,000",delivered,31.3,3.0
G001953,2025-05-04 13:20,District 7,member,Silver,Cash,12,"359,000",delivered,32.6,
G001954,2025-05-04 13:38,Binh Tan,returning,,Cash,9,"236,000",delivered,45.6,
G001955,2025-05-04 13:56,Binh Thanh,new,,Card,8,"262,000",delivered,30.9,4.0
G001956,2025-05-04 16:06,District 3,returning,,Cash,9,"361,000",delivered,25.4,
G001957,2025-05-04 17:27,Phu Nhuan,member,Silver,E-wallet,4,"124,000",cancelled,,
G001958,2025-05-04 17:30,Go Vap,returning,,E-wallet,5,"201,000",delivered,35.7,
G001959,2025-05-04 17:39,Go Vap,returning,,Cash,13,"211,000",delivered,36.9,
G001960,2025-05-04 17:58,District 3,returning,,Card,14,"332,000",delivered,23.0,
G001961,2025-05-04 18:18,Binh Tan,new,,Cash,10,"445,000",delivered,51.5,2.0
G001962,2025-05-04 18:57,District 7,returning,,E-wallet,14,"376,000",delivered,50.5,3.0
G001963,2025-05-04 19:32,District 1,returning,,E-wallet,7,"147,000",delivered,30.9,5.0
G001964,2025-05-04 19:36,Tan Binh,member,Silver,E-wallet,10,"276,000",delivered,39.8,
G001965,2025-05-04 19:58,Tan Binh,member,Silver,E-wallet,9,"308,000",delivered,44.9,
G001966,2025-05-05 07:08,Binh Tan,new,,Cash,7,"254,000",delivered,48.4,
G001967,2025-05-05 08:39,Go Vap,new,,E-wallet,7,"220,000",delivered,48.1,3.0
G001968,2025-05-05 10:15,Quận 7,member,Gold,Cash,8,"269,000",delivered,35.0,3.0
G001969,2025-05-05 12:00,District 7,member,Gold,E-wallet,4,"106,000",delivered,50.0,
G001970,2025-05-05 12:49,Binh Tan,returning,,Bank transfer,5,"197,000",delivered,52.8,3.0
G001971,2025-05-05 13:35,Binh Thanh,member,Silver,Cash,8,"228,000",delivered,29.6,4.0
G001972,2025-05-05 13:47,Phu Nhuan,member,Silver,Bank transfer,4,"138,000",delivered,24.7,5.0
G001973,2025-05-05 13:48,District 7,returning,,E-wallet,7,"260,000",delivered,35.0,3.0
G001974,2025-05-05 14:24,Phu Nhuan,new,,Card,10,"358,000",delivered,34.0,
G001975,2025-05-05 14:58,Q7,new,,Card,9,"157,000",delivered,52.9,
G001976,2025-05-05 15:33,Binh Thanh,new,,Card,7,"317,000",delivered,27.1,5.0
G001977,2025-05-05 17:01,District 10,member,Gold,Cash,7,"214,000",delivered,34.0,
G001978,2025-05-05 19:24,District 3,new,,Cash,15,"439,000",delivered,35.2,
G001979,2025-05-05 20:38,Tan Binh,returning,,Cash,3,"80,000",delivered,38.4,3.0
G001980,2025-05-05 20:59,Thu Duc City,member,Silver,Cash,2,"57,000",delivered,51.7,2.0
G001981,2025-05-05 21:24,Binh Tan,member,Gold,E-wallet,7,"293,000",delivered,46.3,
G001982,2025-05-06 09:38,District 1,new,,E-wallet,5,"135,000",delivered,34.1,3.0
G001983,2025-05-06 09:41,Go Vap,new,,E-wallet,5,"194,000",delivered,33.3,4.0
G001984,2025-05-06 09:44,Binh Thanh,returning,,Cash,7,"174,000",delivered,26.3,5.0
G001985,2025-05-06 11:36,Go Vap,new,,Bank transfer,11,"398,000",delivered,42.9,3.0
G001986,2025-05-06 11:44,Tan Binh,returning,,Cash,6,"183,000",delivered,35.1,
G001987,2025-05-06 12:00,District 7,returning,,E-wallet,7,"213,000",delivered,54.1,2.0
G001988,2025-05-06 15:14,Go Vap,member,Silver,E-wallet,4,"149,000",delivered,40.2,3.0
G001989,2025-05-06 15:42,District 3,member,Platinum,Card,12,"667,000",delivered,25.7,5.0
G001990,2025-05-06 16:28,District 7,member,Silver,Cash,6,"148,000",delivered,36.1,
G001991,2025-05-06 20:02,District 7,member,Silver,E-wallet,9,"118,000",delivered,47.4,
G001992,2025-05-06 20:03,Binh Tan,returning,,E-wallet,5,"153,000",delivered,50.4,
G001993,2025-05-06 20:28,Phu Nhuan,returning,,Cash,7,"203,000",delivered,34.6,4.0
G001994,2025-05-06 20:38,District 1,new,,Card,9,"376,000",delivered,30.8,4.0
G001995,2025-05-06 21:34,Tan Binh,returning,,Cash,8,"251,000",delivered,28.2,5.0
G001996,2025-05-06 22:03,District 1,new,,Cash,8,"271,000",delivered,25.6,4.0
G001997,2025-05-07 09:20,District 1,new,,Card,8,"212,000",delivered,19.1,5.0
G001998,2025-05-07 09:26,District 1,returning,,E-wallet,9,"307,000",delivered,20.7,
G001999,2025-05-07 10:18,Tan Binh,returning,,Cash,8,"278,000",delivered,29.6,4.0
G002000,2025-05-07 12:38,District 1,member,Gold,E-wallet,8,"204,000",delivered,28.0,5.0
G002001,2025-05-07 13:27,District 10,new,,E-wallet,6,"216,000",delivered,23.1,4.0
G002002,2025-05-07 15:31,District 3,returning,,E-wallet,11,"425,000",delivered,24.6,5.0
G002003,2025-05-07 17:44,Tan Binh,member,Gold,E-wallet,8,"237,000",delivered,26.9,5.0
G002004,2025-05-07 18:25,District 7,returning,,E-wallet,8,"296,000",cancelled,,
G002005,2025-05-07 18:30,BINH THANH,member,Silver,Card,7,"159,000",delivered,41.1,3.0
G002006,2025-05-07 19:30,District 10,returning,,E-wallet,4,"95,000",delivered,43.8,
G002007,2025-05-07 20:52,District 10,returning,,E-wallet,6,"206,000",delivered,35.4,4.0
G002008,2025-05-07 21:42,District 3,returning,,Bank transfer,6,"167,000",delivered,21.5,5.0
G002009,2025-05-07 21:53,Tan Binh,new,,E-wallet,10,"240,000",delivered,26.9,5.0
G002010,2025-05-08 08:54,Tan Binh,returning,,E-wallet,9,"274,000",delivered,36.6,4.0
G002011,2025-05-08 10:35,Go Vap,returning,,Bank transfer,6,"267,000",cancelled,,
G002011,2025-05-08 10:35,Go Vap,returning,,Bank transfer,6,"267,000",cancelled,,
G002012,2025-05-08 10:46,BINH THANH,new,,Bank transfer,6,"245,000",delivered,25.3,
G002013,2025-05-08 11:07,Tan Binh,returning,,E-wallet,6,"206,000",delivered,41.6,2.0
G002014,2025-05-08 12:02,Binh Tan,new,,E-wallet,4,"97,000",delivered,60.8,1.0
G002015,2025-05-08 12:18,District 1,new,,E-wallet,5,"158,000",delivered,32.0,4.0
G002016,2025-05-08 12:19,Binh Thanh,new,,Bank transfer,13,"374,000",delivered,40.9,2.0
G002017,2025-05-08 14:41,Thu Duc City,member,Silver,E-wallet,3,"94,000",delivered,47.8,2.0
G002018,2025-05-08 17:02,Thu Duc City,member,Gold,Bank transfer,5,"170,000",delivered,49.1,1.0
G002019,2025-05-08 17:07,Go Vap,new,,Cash,5,"159,000",delivered,40.2,4.0
G002020,2025-05-08 18:14,Tan Binh,returning,,E-wallet,8,"357,000",delivered,36.7,4.0
G002021,2025-05-08 18:51,Tan Binh,new,,E-wallet,6,"173,000",delivered,43.7,4.0
G002022,2025-05-08 19:19,District 10,returning,,Cash,6,"158,000",delivered,38.7,2.0
G002023,2025-05-08 19:42,Binh Thanh,returning,,E-wallet,9,"371,000",delivered,37.8,3.0
G002024,2025-05-08 19:43,Phu Nhuan,returning,,E-wallet,11,"341,000",delivered,720.0,
G002025,2025-05-08 20:30,Binh Tan,returning,,E-wallet,5,"146,000",delivered,59.4,2.0
G002026,2025-05-08 20:36,District 3,returning,,Card,7,"229,000",delivered,33.2,
G002027,2025-05-08 21:55,District 1,new,,E-wallet,7,"231,000",delivered,19.8,4.0
G002028,2025-05-08 21:59,Binh Thanh,new,,E-wallet,7,"215,000",delivered,26.7,
G002029,2025-05-08 22:14,Binh Thanh,member,Gold,Cash,8,"208,000",delivered,33.6,
G002030,2025-05-09 06:52,District 1,new,,Card,5,"136,000",delivered,20.3,5.0
G002031,2025-05-09 08:18,Go Vap ,returning,,E-wallet,9,"242,000",delivered,46.5,3.0
G002032,2025-05-09 09:12,Binh Tan,new,,E-wallet,11,"290,000",delivered,49.0,
G002033,2025-05-09 09:19,Thu Duc City,returning,,Cash,10,"395,000",delivered,50.6,1.0
G002034,2025-05-09 10:35,Binh Thanh,member,Silver,Card,8,"164,000",cancelled,,
G002035,2025-05-09 11:05,District 7,member,Silver,Card,11,,cancelled,,
G002036,2025-05-09 11:06,Binh Thanh,returning,,Cash,7,"302,000",delivered,49.8,2.0
G002037,2025-05-09 11:39,BINH THANH,new,,Card,5,"120,000",delivered,34.3,4.0
G002038,2025-05-09 11:48,District 3,returning,,E-wallet,8,"309,000",delivered,37.1,
G002039,2025-05-09 12:15,Q7,returning,,E-wallet,10,"402,000",delivered,41.3,4.0
G002040,2025-05-09 12:39,Binh Tan,returning,,Cash,5,"89,000",delivered,51.9,2.0
G002041,2025-05-09 13:09,Binh Thanh,member,Silver,E-wallet,10,"306,000",cancelled,,
G002042,2025-05-09 13:50,Go Vap,member,Silver,Card,6,"266,000",delivered,52.0,
G002043,2025-05-09 14:33,Binh Tan,returning,,E-wallet,4,"159,000",delivered,69.5,
G002044,2025-05-09 16:19,Phu Nhuan,returning,,Cash,13,"400,000",delivered,27.3,3.0
G002045,2025-05-09 17:15,Go Vap,returning,,E-wallet,10,"345,000",delivered,36.3,3.0
G002046,2025-05-09 18:08,Go Vap,returning,,E-wallet,4,"132,000",delivered,42.2,
G002047,2025-05-09 18:51,Thu Duc City,new,,Bank transfer,5,"161,000",delivered,52.8,
G002048,2025-05-09 19:07,Tan Binh,returning,,Cash,11,"200,000",delivered,39.1,4.0
G002049,2025-05-09 19:43,Go Vap,returning,,Card,9,"290,000",delivered,44.8,2.0
G002050,2025-05-09 20:02,District 3,member,Silver,Bank transfer,10,"353,000",delivered,32.1,4.0
G002051,2025-05-09 20:31,Binh Thanh,new,,Cash,5,"143,000",delivered,51.8,2.0
G002052,2025-05-09 21:09,Tan Binh,returning,,E-wallet,4,"131,000",delivered,36.6,4.0
G002053,2025-05-09 21:22,Thu Duc City,returning,,Card,3,"92,000",delivered,50.9,
G002054,2025-05-09 21:53,Binh Thanh,returning,,E-wallet,7,"292,000",delivered,32.6,
G002055,2025-05-09 23:07,Tan Binh,new,,E-wallet,6,"203,000",delivered,27.6,5.0
G002056,2025-05-10 09:02,Tan Binh,returning,,Cash,11,"320,000",cancelled,,
G002057,2025-05-10 09:46,Binh Thanh,returning,,E-wallet,10,"378,000",delivered,31.7,5.0
G002058,2025-05-10 09:47,Tan Binh,returning,,E-wallet,12,"360,000",delivered,40.3,
G002059,2025-05-10 11:50,Tan Binh,returning,,Bank transfer,14,"461,000",delivered,48.2,
G002060,2025-05-10 11:54,Thu Duc City,returning,,E-wallet,5,"133,000",delivered,52.4,3.0
G002061,2025-05-10 12:10,Binh Thanh,member,Gold,Cash,11,"332,000",delivered,38.1,5.0
G002062,2025-05-10 12:28,Tan Binh,member,Silver,E-wallet,10,"245,000",delivered,39.5,
G002063,2025-05-10 12:29,District 7,member,Gold,Bank transfer,11,"372,000",delivered,41.5,3.0
G002064,2025-05-10 12:49,District 1,member,Platinum,Cash,11,"467,000",delivered,27.3,4.0
G002065,2025-05-10 13:08,Phu Nhuan,returning,,Cash,8,"271,000",delivered,31.8,
G002066,2025-05-10 13:19,Thu Duc City,new,,E-wallet,14,"574,000",delivered,49.4,
G002068,2025-05-10 14:56,District 3,new,,Cash,13,"307,000",delivered,24.4,
G002069,2025-05-10 17:12,District 10,new,,E-wallet,10,"248,000",delivered,22.4,5.0
G002070,2025-05-10 17:15,District 3,new,,E-wallet,14,"622,000",delivered,25.1,4.0
G002071,2025-05-10 17:36,Phu Nhuan,member,Silver,E-wallet,12,"395,000",delivered,29.6,4.0
G002072,2025-05-10 17:39,Binh Tan,member,Silver,E-wallet,12,"275,000",delivered,40.9,2.0
G002073,2025-05-10 18:07,Go Vap,new,,Card,9,"337,000",delivered,50.6,
G002074,2025-05-10 19:22,Go Vap,returning,,E-wallet,10,"290,000",cancelled,,
G002075,2025-05-10 19:44,Binh Tan,member,Gold,E-wallet,11,"226,000",delivered,56.5,2.0
G002076,2025-05-11 07:06,Tan Binh,returning,,E-wallet,8,"196,000",delivered,30.1,5.0
G002077,2025-05-11 08:06,Thu Duc City,new,,E-wallet,11,"499,000",delivered,59.5,3.0
G002078,2025-05-11 09:33,Tan Binh,returning,,Cash,11,"346,000",delivered,32.8,
G002079,2025-05-11 10:03,Binh Thanh,new,,E-wallet,8,"164,000",delivered,27.5,
G002080,2025-05-11 10:43,Binh Thanh,returning,,Card,22,"882,000",cancelled,,
G002081,2025-05-11 11:07,Q7,member,Gold,Cash,13,"449,000",delivered,41.3,
G002082,2025-05-11 12:22,Thu Duc City,new,,Card,10,"318,000",delivered,59.7,2.0
G002083,2025-05-11 12:44,District 7,member,Silver,Cash,12,"415,000",delivered,47.7,
G002084,2025-05-11 14:11,Binh Thanh,returning,,Card,9,"218,000",delivered,28.1,
G002085,2025-05-11 15:41,Phu Nhuan,member,Silver,E-wallet,14,"432,000",delivered,23.4,4.0
G002086,2025-05-11 17:33,Binh Thanh,returning,,Card,9,"306,000",delivered,36.5,4.0
G002088,2025-05-11 17:54,Tan Binh,returning,,E-wallet,8,"270,000",delivered,46.5,3.0
G002089,2025-05-11 19:12,Phu Nhuan,member,Gold,Card,12,"502,000",delivered,32.1,
G002090,2025-05-11 19:49,Tan Binh,member,Silver,E-wallet,9,"208,000",delivered,36.7,
G002091,2025-05-11 20:01,District 1,returning,,Card,9,"309,000",delivered,32.4,4.0
G002092,2025-05-11 20:13,Thu Duc City,returning,,Cash,12,"421,000",delivered,51.6,2.0
G002093,2025-05-11 20:25,District 10,returning,,E-wallet,13,"330,000",delivered,43.5,
G002094,2025-05-11 20:28,Binh Tan,returning,,E-wallet,6,"198,000",delivered,50.6,3.0
G002095,2025-05-11 21:43,Binh Tan,returning,,E-wallet,11,"367,000",delivered,43.5,2.0
G002096,2025-05-12 07:50,District 1,returning,,Cash,12,"390,000",delivered,19.7,
G002097,2025-05-12 08:39,Tan Binh,returning,,Card,8,"312,000",delivered,28.8,
G002098,2025-05-12 11:18,District 3,returning,,Bank transfer,7,"242,000",delivered,30.9,4.0
G002099,2025-05-12 11:25,District 7,new,,Card,4,"79,000",delivered,41.1,4.0
G002100,2025-05-12 11:46,District 1,returning,,Cash,9,"306,000",delivered,28.0,
G002100,2025-05-12 11:46,District 1,returning,,Cash,9,"306,000",delivered,28.0,
G002101,2025-05-12 17:48,District 3,returning,,E-wallet,7,"197,000",delivered,31.4,4.0
G002102,2025-05-12 17:52,District 10,returning,,Bank transfer,5,"133,000",cancelled,,
G002103,2025-05-12 17:54,Tan Binh,returning,,Cash,5,"227,000",delivered,32.0,
G002104,2025-05-12 19:10,Go Vap,new,,E-wallet,4,"146,000",delivered,45.0,
G002105,2025-05-12 19:37,Phu Nhuan,new,,Cash,6,"136,000",delivered,37.2,2.0
G002106,2025-05-12 20:36,Go Vap,member,Silver,Cash,7,"79,000",delivered,44.9,3.0
G002107,2025-05-12 22:53,Phu Nhuan,returning,,Cash,9,"298,000",delivered,33.9,4.0
G002108,2025-05-13 09:47,District 10,member,Silver,Cash,7,"320,000",delivered,38.0,4.0
G002109,2025-05-13 10:41,Quận 7,new,,Bank transfer,6,"214,000",delivered,39.3,
G002110,2025-05-13 12:18,Binh Tan,new,,Cash,12,"364,000",delivered,51.8,1.0
G002111,2025-05-13 14:08,District 1,returning,,E-wallet,10,"301,000",delivered,23.0,5.0
G002112,2025-05-13 17:33,Thu Duc City,member,Platinum,Card,6,"249,000",delivered,49.3,
G002113,2025-05-13 17:58,Binh Thanh,member,Silver,Card,7,"259,000",delivered,25.8,
G002114,2025-05-13 20:03,Binh Tan,returning,,Card,10,"346,000",delivered,55.1,
G002115,2025-05-13 20:08,Binh Tan,returning,,Card,8,"234,000",delivered,50.3,3.0
G002116,2025-05-13 20:46,Go Vap,member,Platinum,Bank transfer,10,"279,000",delivered,41.9,4.0
G002117,2025-05-13 21:58,District 3,returning,,Bank transfer,9,"329,000",delivered,23.9,5.0
G002118,2025-05-14 08:54,Go Vap,returning,,Cash,7,"274,000",delivered,37.0,
G002119,2025-05-14 10:46,Go Vap,member,Gold,Bank transfer,8,"163,000",delivered,37.0,4.0
G002120,2025-05-14 11:50,Go Vap,member,Gold,Card,5,"178,000",delivered,43.0,3.0
G002121,2025-05-14 11:51,Thu Duc City,returning,,Bank transfer,5,"224,000",delivered,51.4,1.0
G002122,2025-05-14 12:00,District 7,new,,Card,7,"140,000",delivered,50.4,
G002123,2025-05-14 12:12,Go Vap,new,,Bank transfer,6,"131,000",delivered,44.9,2.0
G002124,2025-05-14 12:54,Go Vap,returning,,E-wallet,9,"309,000",delivered,49.8,2.0
G002125,2025-05-14 12:59,Thu Duc City,returning,,Bank transfer,4,"148,000",delivered,55.6,3.0
G002126,2025-05-14 16:48,Binh Tan,new,,E-wallet,5,"145,000",delivered,54.5,2.0
G002127,2025-05-14 17:43,Phu Nhuan,new,,Cash,8,"199,000",delivered,26.2,
G002128,2025-05-14 17:52,Phu Nhuan,returning,,Bank transfer,7,"176,000",delivered,30.5,4.0
G002129,2025-05-14 18:25,District 1,returning,,E-wallet,8,"258,000",delivered,42.0,3.0
G002130,2025-05-14 18:30,District 7,returning,,E-wallet,14,"492,000",delivered,46.3,
G002131,2025-05-14 18:42,Binh Tan,member,Platinum,E-wallet,10,"393,000",delivered,57.7,2.0
G002132,2025-05-14 18:47,District 10,returning,,E-wallet,3,"91,000",delivered,31.8,5.0
G002133,2025-05-14 19:49,Go Vap,returning,,Bank transfer,7,"252,000",cancelled,,
G002134,2025-05-14 19:52,Thu Duc City,member,Silver,Card,6,"129,000",delivered,57.1,
G002135,2025-05-14 20:49,District 1,returning,,Bank transfer,7,"162,000",delivered,29.8,4.0
G002135,2025-05-14 20:49,District 1,returning,,Bank transfer,7,"162,000",delivered,29.8,4.0
G002136,2025-05-14 21:43,Binh Tan,new,,Card,12,"370,000",delivered,40.4,
G002137,2025-05-15 09:46,District 7,returning,,E-wallet,12,"293,000",delivered,34.1,4.0
G002138,2025-05-15 09:47,District 10,member,Silver,Card,11,"378,000",delivered,28.0,
G002139,2025-05-15 11:12,District 7,member,Silver,Cash,7,"248,000",delivered,41.7,
G002140,2025-05-15 11:42,District 1,new,,E-wallet,6,"255,000",delivered,31.6,
G002141,2025-05-15 11:55,District 1,returning,,Card,9,"363,000",delivered,32.7,5.0
G002142,2025-05-15 11:56,Binh Thanh,member,Silver,Card,4,"114,000",delivered,33.7,
G002143,2025-05-15 12:13,Binh Thanh,returning,,Bank transfer,5,"188,000",delivered,38.4,3.0
G002144,2025-05-15 12:23,Tan Binh,new,,E-wallet,5,"115,000",delivered,40.8,3.0
G002145,2025-05-15 12:31,Tan Binh,member,Silver,Card,7,"206,000",cancelled,,
G002146,2025-05-15 14:20,Binh Tan,returning,,Card,7,"183,000",delivered,42.9,
G002147,2025-05-15 14:29,Tan Binh,returning,,E-wallet,6,"182,000",cancelled,,
G002148,2025-05-15 14:36,Binh Tan,member,Gold,Bank transfer,9,"248,000",delivered,46.3,1.0
G002149,2025-05-15 17:27,Binh Tan,member,Silver,Bank transfer,11,"305,000",delivered,42.8,3.0
G002150,2025-05-15 17:29,District 1,member,Silver,E-wallet,9,"277,000",delivered,19.8,5.0
G002151,2025-05-15 17:45,Phu Nhuan,returning,,Cash,3,"95,000",delivered,32.9,
G002152,2025-05-15 19:55,District 3,new,,E-wallet,5,"117,000",delivered,33.9,4.0
G002153,2025-05-15 19:57,BINH THANH,member,Platinum,E-wallet,9,"459,000",delivered,41.2,3.0
G002154,2025-05-15 20:42,Go Vap,member,Gold,E-wallet,9,"342,000",delivered,42.4,3.0
G002155,2025-05-15 21:02,District 7,returning,,Cash,7,"257,000",delivered,41.7,3.0
G002156,2025-05-15 21:46,Go Vap,new,,Cash,9,"325,000",delivered,45.6,
G002157,2025-05-16 07:59,Phu Nhuan,returning,,E-wallet,8,"245,000",delivered,24.1,4.0
G002158,2025-05-16 08:57,District 7,member,Gold,Card,4,"149,000",delivered,38.6,3.0
G002159,2025-05-16 09:28,Phu Nhuan,new,,Cash,10,"278,000",delivered,29.5,4.0
G002160,2025-05-16 10:32,District 3,returning,,Cash,10,"241,000",cancelled,,
G002161,2025-05-16 11:58,District 10,new,,E-wallet,10,"302,000",cancelled,,
G002162,2025-05-16 13:08,District 1,member,Silver,Cash,8,"128,000",delivered,30.0,
G002163,2025-05-16 13:41,Go Vap ,new,,E-wallet,7,"266,000",delivered,38.5,
G002164,2025-05-16 14:22,Phu Nhuan,new,,E-wallet,8,"172,000",delivered,24.3,5.0
G002165,2025-05-16 15:08,District 3,member,Platinum,Card,7,"315,000",delivered,20.5,
G002167,2025-05-16 18:49,Binh Tan,returning,,Cash,9,"360,000",delivered,48.6,2.0
G002168,2025-05-16 19:22,Go Vap,returning,,Card,9,"264,000",delivered,54.1,
G002169,2025-05-16 21:49,District 10,returning,,E-wallet,6,"202,000",delivered,24.4,4.0
G002170,2025-05-16 22:14,District 1,new,,E-wallet,5,"175,000",delivered,27.9,5.0
G002171,2025-05-17 07:21,District 1,member,Silver,E-wallet,5,"192,000",delivered,30.1,
G002172,2025-05-17 08:53,Thu Duc City,member,Silver,E-wallet,13,"308,000",delivered,47.0,1.0
G002173,2025-05-17 09:05,Thu Duc City,returning,,Cash,9,"196,000",delivered,47.9,
G002174,2025-05-17 10:07,Tan Binh,new,,Cash,10,"442,000",delivered,28.8,4.0
G002175,2025-05-17 10:46,Phu Nhuan,new,,Bank transfer,8,"286,000",delivered,26.7,
G002176,2025-05-17 12:07,District 3,new,,Bank transfer,8,"227,000",delivered,36.8,4.0
G002177,2025-05-17 12:48,District 3,member,Gold,Cash,11,"426,000",delivered,32.5,
G002178,2025-05-17 13:57,Binh Thanh,new,,E-wallet,6,"80,000",delivered,25.1,
G002179,2025-05-17 15:08,District 1,new,,Cash,9,"325,000",delivered,19.1,
G002180,2025-05-17 16:01,Binh Thanh,returning,,Card,11,"396,000",delivered,26.9,5.0
G002181,2025-05-17 17:27,Thu Duc City,new,,Cash,12,"346,000",delivered,43.2,3.0
G002182,2025-05-17 17:46,Go Vap,returning,,Bank transfer,6,"141,000",delivered,33.3,
G002183,2025-05-17 18:11,District 3,member,Silver,E-wallet,14,"541,000",delivered,38.7,
G002184,2025-05-17 18:53,District 7,returning,,E-wallet,5,,delivered,51.9,3.0
G002185,2025-05-17 19:18,Phu Nhuan,returning,,Bank transfer,10,"181,000",delivered,41.8,3.0
G002186,2025-05-17 19:20,District 10,new,,Cash,10,"357,000",delivered,34.7,3.0
G002187,2025-05-17 20:14,Tan Binh,returning,,Cash,12,"214,000",cancelled,,
G002188,2025-05-17 20:21,Tan Binh,member,Silver,E-wallet,13,"355,000",delivered,36.6,4.0
G002189,2025-05-17 21:14,Thu Duc City,returning,,E-wallet,10,"344,000",delivered,44.8,
G002190,2025-05-17 21:36,Thu Duc City,returning,,Card,8,"295,000",delivered,49.1,3.0
G002191,2025-05-18 07:11,District 1,returning,,E-wallet,12,"315,000",delivered,24.9,
G002192,2025-05-18 09:33,District 10,member,Silver,Cash,10,"435,000",delivered,26.0,5.0
G002193,2025-05-18 09:59,District 1,member,Platinum,E-wallet,9,"241,000",delivered,21.7,4.0
G002194,2025-05-18 12:39,District 10,new,,Cash,6,"303,000",delivered,30.2,
G002195,2025-05-18 14:14,District 1,returning,,E-wallet,11,"394,000",delivered,23.0,5.0
G002197,2025-05-18 17:19,District 1,returning,,E-wallet,9,"333,000",delivered,23.7,5.0
G002198,2025-05-18 17:58,district 1,member,Silver,Card,8,"304,000",delivered,18.4,4.0
G002199,2025-05-18 18:31,District 10,returning,,Cash,15,"522,000",delivered,32.4,4.0
G002200,2025-05-18 18:34,Binh Tan,returning,,Cash,12,"421,000",delivered,61.4,3.0
G002201,2025-05-18 19:49,Thu Duc,member,Gold,Cash,7,"205,000",delivered,50.7,3.0
G002202,2025-05-18 20:06,District 1,returning,,E-wallet,9,"327,000",delivered,32.8,4.0
G002203,2025-05-19 08:31,Binh Tan,new,,Bank transfer,7,"212,000",delivered,43.1,
G002204,2025-05-19 10:31,Go Vap,returning,,E-wallet,7,"283,000",delivered,38.2,3.0
G002205,2025-05-19 10:50,Binh Thanh,member,Silver,E-wallet,5,"167,000",delivered,25.3,5.0
G002206,2025-05-19 10:55,Binh Thanh,returning,,Cash,8,"271,000",delivered,32.0,
G002207,2025-05-19 11:57,District 10,returning,,Bank transfer,8,"181,000",delivered,38.3,3.0
G002208,2025-05-19 14:22,Phu Nhuan,new,,Card,7,"265,000",delivered,25.0,4.0
G002209,2025-05-19 19:18,Tan Binh,returning,,Cash,7,"178,000",delivered,34.8,
G002210,2025-05-19 19:39,Go Vap,new,,E-wallet,10,"252,000",delivered,51.5,
G002211,2025-05-19 19:43,Thu Duc City,returning,,Bank transfer,4,"121,000",delivered,56.7,2.0
G002212,2025-05-19 20:12,District 1,returning,,Bank transfer,10,"246,000",delivered,32.8,4.0
G002213,2025-05-19 20:12,Binh Thanh,member,Silver,Cash,13,"295,000",delivered,36.6,
G002214,2025-05-19 20:13,District 7,member,Gold,Cash,6,"228,000",delivered,56.8,2.0
G002215,2025-05-19 20:53,Go Vap,member,Gold,Bank transfer,9,"258,000",delivered,44.4,3.0
G002216,2025-05-19 21:03,Phu Nhuan,returning,,Bank transfer,7,"230,000",delivered,35.9,4.0
G002217,2025-05-19 22:52,Binh Tan,new,,Bank transfer,7,"255,000",delivered,52.2,3.0
G002218,2025-05-20 09:25,Phu Nhuan,new,,Cash,7,"250,000",delivered,25.8,
G002219,2025-05-20 09:58,Tan Binh,member,Platinum,Bank transfer,8,"295,000",delivered,31.2,5.0
G002220,2025-05-20 10:21,Binh Tan,new,,Cash,7,"256,000",delivered,50.4,
G002221,2025-05-20 10:59,Tan Binh,returning,,E-wallet,6,"160,000",delivered,38.5,3.0
G002222,2025-05-20 12:27,District 7,member,Silver,E-wallet,7,"163,000",delivered,42.1,3.0
G002223,2025-05-20 12:50,Binh Tan,new,,Bank transfer,4,"151,000",delivered,53.5,3.0
G002224,2025-05-20 16:24,Binh Thanh,returning,,Card,3,"129,000",delivered,26.4,5.0
G002225,2025-05-20 18:16,Go Vap,member,Silver,Cash,4,"119,000",delivered,49.9,3.0
G002226,2025-05-20 19:52,District 1,returning,,Card,7,"220,000",delivered,31.7,5.0
G002227,2025-05-20 20:19,Phu Nhuan,member,Silver,Momo/ZaloPay,8,"251,000",delivered,36.5,4.0
G002228,2025-05-20 20:25,Binh Thanh,new,,Card,6,"217,000",delivered,34.5,
G002229,2025-05-20 23:57,Thu Duc,returning,,Bank transfer,6,"206,000",delivered,53.4,3.0
G002230,2025-05-21 08:56,Binh Thanh,returning,,Cash,4,"104,000",cancelled,,
G002231,2025-05-21 09:58,District 1,returning,,E-wallet,5,"111,000",delivered,19.2,5.0
G002232,2025-05-21 11:15,Binh Tan,new,,E-wallet,4,"121,000",delivered,49.2,
G002233,2025-05-21 11:18,Thu Duc City,new,,E-wallet,5,"141,000",delivered,56.3,
G002234,2025-05-21 12:17,Go Vap,new,,Bank transfer,8,"201,000",delivered,43.4,3.0
G002235,2025-05-21 12:37,Phu Nhuan,new,,Momo/ZaloPay,4,"146,000",delivered,35.3,4.0
G002236,2025-05-21 13:26,District 1,member,Gold,Card,9,"287,000",delivered,21.4,4.0
G002237,2025-05-21 14:18,Go Vap,returning,,E-wallet,6,"278,000",delivered,37.6,3.0
G002238,2025-05-21 14:31,Binh thanh,new,,Cash,6,"240,000",cancelled,,
G002239,2025-05-21 15:11,District 7,returning,,Card,5,"193,000",delivered,44.0,4.0
G002240,2025-05-21 15:15,TP Thu Duc,new,,E-wallet,6,"191,000",delivered,43.3,2.0
G002241,2025-05-21 16:43,District 10,new,,Bank transfer,5,"169,000",delivered,22.4,
G002242,2025-05-21 17:16,Binh Tan,returning,,E-wallet,9,"357,000",delivered,54.9,2.0
G002243,2025-05-21 17:37,Binh Thanh,member,Silver,Cash,7,"221,000",delivered,25.8,5.0
G002244,2025-05-21 18:27,Tan Binh,new,,Card,7,"195,000",delivered,36.3,4.0
G002245,2025-05-21 18:34,Binh Thanh,member,Gold,Cash,10,"348,000",delivered,38.5,3.0
G002246,2025-05-21 18:39,Thu Duc City,returning,,Card,5,"183,000",delivered,53.5,
G002247,2025-05-21 18:48,Tan Binh,returning,,E-wallet,4,"113,000",delivered,36.3,4.0
G002248,2025-05-21 19:34,Go Vap,member,Gold,Cash,6,"230,000",delivered,43.7,
G002249,2025-05-21 20:23,District 7,returning,,Bank transfer,6,"151,000",delivered,46.3,2.0
G002250,2025-05-21 20:50,Tan Binh,member,Platinum,E-wallet,11,"564,000",delivered,42.0,3.0
G002251,2025-05-21 20:58,Thu Duc City,member,Gold,Cash,10,"235,000",delivered,53.5,3.0
G002252,2025-05-22 09:23,District 10,returning,,Cash,5,,delivered,25.1,5.0
G002253,2025-05-22 09:59,Binh Thanh,returning,,Bank transfer,7,"195,000",cancelled,,
G002254,2025-05-22 11:10,Go Vap,member,Silver,E-wallet,8,"250,000",delivered,45.5,3.0
G002255,2025-05-22 11:34,Tan Binh,member,Gold,E-wallet,5,"141,000",delivered,45.1,4.0
G002256,2025-05-22 12:42,District 3,member,Silver,Bank transfer,4,"103,000",delivered,31.5,
G002257,2025-05-22 13:43,Go Vap,returning,,Cash,6,"207,000",delivered,35.7,
G002258,2025-05-22 14:14,Binh Tan,new,,Cash,6,"199,000",delivered,50.6,
G002259,2025-05-22 16:18,District 7,returning,,Bank transfer,3,"121,000",delivered,49.5,2.0
G002260,2025-05-22 18:26,Go Vap,member,Platinum,Bank transfer,3,"166,000",delivered,44.0,2.0
G002261,2025-05-22 18:28,Tan Binh,returning,,E-wallet,12,"393,000",delivered,38.2,
G002262,2025-05-22 18:30,Thu Duc City,new,,E-wallet,12,"399,000",cancelled,,
G002263,2025-05-22 20:09,Binh Thanh,returning,,Cash,5,"103,000",delivered,35.4,5.0
G002264,2025-05-22 22:50,Binh Tan,new,,Cash,8,"232,000",delivered,46.0,2.0
G002265,2025-05-22 23:17,District 1,member,Gold,Cash,6,"214,000",delivered,19.6,5.0
G002266,2025-05-23 08:54,District 1,member,Gold,Cash,6,"225,000",delivered,27.3,4.0
G002267,2025-05-23 12:51,Go Vap,member,Gold,E-wallet,5,"181,000",delivered,41.8,4.0
G002268,2025-05-23 13:17,Phu Nhuan,returning,,E-wallet,7,"234,000",delivered,28.5,5.0
G002269,2025-05-23 13:17,Thu Duc City,returning,,E-wallet,8,"281,000",delivered,46.7,
G002270,2025-05-23 13:53,Thu Duc City,returning,,Cash,6,"162,000",delivered,47.4,3.0
G002271,2025-05-23 15:11,Thu Duc City,member,Gold,Cash,9,"337,000",delivered,44.3,
G002272,2025-05-23 17:37,Tan Binh,member,Gold,Bank transfer,3,"103,000",delivered,26.2,5.0
G002273,2025-05-23 18:31,Binh Thanh,member,Gold,E-wallet,9,"259,000",delivered,40.9,
G002274,2025-05-23 19:33,District 1,returning,,E-wallet,5,"139,000",delivered,40.8,
G002275,2025-05-23 19:46,Thu Duc City,member,Silver,Cash,9,"328,000",delivered,51.9,
G002276,2025-05-23 19:49,Tan Binh,member,Silver,Card,10,"275,000",delivered,38.3,5.0
G002277,2025-05-23 20:05,Binh Thanh,returning,,E-wallet,11,"378,000",delivered,37.7,4.0
G002278,2025-05-23 20:23,Go Vap,new,,E-wallet,5,"71,000",delivered,48.5,3.0
G002279,2025-05-23 20:33,Tan Binh,returning,,Cash,7,"208,000",delivered,36.6,3.0
G002280,2025-05-23 21:53,District 1,member,Platinum,Card,6,"286,000",delivered,21.1,4.0
G002281,2025-05-23 22:28,Binh Tan,member,Gold,E-wallet,7,"185,000",delivered,43.9,3.0
G002282,2025-05-23 22:51,Go Vap,member,Gold,Bank transfer,14,"482,000",delivered,35.7,4.0
G002283,2025-05-24 10:13,Thu Duc City,new,,E-wallet,14,"467,000",delivered,46.0,2.0
G002284,2025-05-24 10:15,District 10,new,,Bank transfer,13,"392,000",delivered,28.6,3.0
G002285,2025-05-24 11:52,District 1,member,Silver,E-wallet,7,"348,000",delivered,31.2,4.0
G002286,2025-05-24 13:44,Binh Thanh,member,Platinum,E-wallet,8,"386,000",delivered,27.7,5.0
G002286,2025-05-24 13:44,Binh Thanh,member,Platinum,E-wallet,8,"386,000",delivered,27.7,5.0
G002287,2025-05-24 15:01,Tan Binh,member,Silver,Bank transfer,9,,cancelled,,
G002288,2025-05-24 16:12,Binh Tan,returning,,E-wallet,4,"113,000",delivered,42.1,
G002289,2025-05-24 17:17,Binh Tan,returning,,Bank transfer,12,"395,000",delivered,43.2,3.0
G002290,2025-05-24 17:26,District 10,member,Silver,Cash,9,"221,000",delivered,23.6,5.0
G002291,2025-05-24 18:58,District 1,returning,,Cash,11,"442,000",delivered,29.2,4.0
G002292,2025-05-24 19:05,Go Vap,new,,Cash,7,"182,000",delivered,42.7,
G002293,2025-05-24 20:31,Binh Thanh,new,,E-wallet,12,"535,000",delivered,41.6,3.0
G002294,2025-05-24 20:32,Binh Thanh,returning,,E-wallet,9,"359,000",delivered,40.2,4.0
G002295,2025-05-24 22:41,Phu Nhuan,returning,,Cash,11,"173,000",delivered,32.7,4.0
G002296,2025-05-25 09:08,District 7,new,,E-wallet,9,"248,000",delivered,36.7,5.0
G002297,2025-05-25 10:42,District 1,returning,,E-wallet,7,"350,000",delivered,21.0,5.0
G002298,2025-05-25 11:25,District 7,returning,,Cash,8,"337,000",delivered,44.7,4.0
G002299,2025-05-25 12:36,Binh Thanh,returning,,Card,8,"274,000",delivered,33.4,
G002300,2025-05-25 12:39,Thu Duc City,returning,,Cash,11,"351,000",delivered,58.4,1.0
G002301,2025-05-25 12:42,Phu Nhuan,returning,,E-wallet,11,"471,000",delivered,33.3,
G002302,2025-05-25 16:30,Go Vap,returning,,Cash,14,"427,000",cancelled,,
G002303,2025-05-25 17:10,Phu Nhuan,new,,Cash,9,"341,000",delivered,25.6,5.0
G002304,2025-05-25 17:47,District 10,returning,,E-wallet,13,"404,000",delivered,26.9,4.0
G002305,2025-05-25 17:58,Tan Binh,returning,,Cash,10,"350,000",delivered,30.9,4.0
G002306,2025-05-25 18:24,Thu Duc City,member,Silver,Card,10,"373,000",delivered,51.2,3.0
G002307,2025-05-25 18:26,Binh Thanh,returning,,Cash,8,"220,000",delivered,39.2,3.0
G002308,2025-05-25 18:32,Binh Tan,new,,E-wallet,7,"200,000",delivered,51.4,
G002309,2025-05-25 19:51,Go Vap,new,,E-wallet,8,"195,000",delivered,46.7,3.0
G002310,2025-05-25 20:43,Tan Binh,new,,E-wallet,10,"365,000",delivered,40.8,3.0
G002311,2025-05-25 21:14,Binh Tan,returning,,E-wallet,10,"292,000",delivered,41.3,
G002312,2025-05-25 22:40,TP Thu Duc,new,,Cash,14,"643,000",delivered,46.8,
G002313,2025-05-26 09:25,Thu Duc City,returning,,E-wallet,9,"343,000",delivered,48.9,2.0
G002314,2025-05-26 11:20,Go Vap,new,,Cash,10,"405,000",delivered,43.9,4.0
G002315,2025-05-26 11:34,Tan Binh,returning,,Card,4,"100,000",delivered,39.3,3.0
G002316,2025-05-26 12:11,Binh Tan,returning,,E-wallet,10,"233,000",delivered,48.4,3.0
G002317,2025-05-26 12:22,Binh Thanh,returning,,Cash,15,"384,000",delivered,35.6,4.0
G002318,2025-05-26 12:47,District 3,member,Silver,Cash,9,"251,000",delivered,34.1,5.0
G002318,2025-05-26 12:47,District 3,member,Silver,Cash,9,"251,000",delivered,34.1,5.0
G002319,2025-05-26 13:17,Binh Tan,member,Silver,Bank transfer,5,"102,000",delivered,47.7,
G002320,2025-05-26 13:20,District 1,new,,E-wallet,9,"298,000",delivered,22.9,5.0
G002321,2025-05-26 14:11,Tan Binh,new,,E-wallet,3,"133,000",delivered,32.4,
G002322,2025-05-26 14:16,Binh Thanh,member,Platinum,Cash,9,"359,000",delivered,31.7,
G002323,2025-05-26 14:34,Go Vap,returning,,E-wallet,7,"225,000",delivered,38.1,
G002324,2025-05-26 15:53,District 7,new,,Card,10,"416,000",delivered,35.0,4.0
G002325,2025-05-26 16:11,District 7,returning,,E-wallet,8,"307,000",delivered,35.6,5.0
G002326,2025-05-26 18:06,District 7,member,Silver,E-wallet,6,"144,000",cancelled,,
G002327,2025-05-26 18:28,Binh Thanh,member,Silver,E-wallet,7,"306,000",delivered,37.2,
G002328,2025-05-26 18:52,District 10,returning,,Card,12,"386,000",delivered,30.0,4.0
G002329,2025-05-26 19:01,Phu Nhuan,new,,E-wallet,6,"192,000",delivered,35.0,
G002330,2025-05-26 19:07,District 3,new,,Bank transfer,8,"293,000",delivered,30.8,4.0
G002331,2025-05-26 19:34,Tan Binh,new,,E-wallet,6,"123,000",delivered,42.8,
G002332,2025-05-26 19:35,District 3,new,,Card,5,"189,000",delivered,29.7,5.0
G002333,2025-05-26 20:42,Tan Binh,returning,,Cash,5,"167,000",delivered,41.6,
G002334,2025-05-26 20:55,Phu Nhuan,returning,,Bank transfer,8,"227,000",delivered,36.8,
G002335,2025-05-26 21:40,District 10,returning,,Cash,7,"188,000",delivered,28.8,
G002336,2025-05-26 21:49,District 10,member,Silver,E-wallet,6,"262,000",delivered,24.8,
G002337,2025-05-27 10:22,District 3,new,,Cash,7,"209,000",delivered,34.6,
G002338,2025-05-27 11:25,TP Thu Duc,member,Platinum,Cash,6,"247,000",delivered,54.1,2.0
G002339,2025-05-27 11:35,Go Vap,new,,Cash,6,"244,000",delivered,51.5,3.0
G002340,2025-05-27 12:07,District 1,member,Silver,Cash,6,"213,000",delivered,33.1,
G002341,2025-05-27 12:19,District 3,returning,,E-wallet,6,"212,000",delivered,36.2,4.0
G002342,2025-05-27 13:39,Go Vap,returning,,e-wallet,8,"300,000",delivered,38.9,
G002343,2025-05-27 15:17,Binh Tan,new,,E-wallet,5,"193,000",delivered,44.0,1.0
G002344,2025-05-27 15:32,District 3,returning,,E-wallet,5,"137,000",delivered,26.0,
G002345,2025-05-27 16:24,Phu Nhuan,returning,,Card,8,"181,000",delivered,23.2,
G002346,2025-05-27 19:39,Q1,member,Silver,Cash,4,"131,000",delivered,28.1,5.0
G002347,2025-05-27 19:44,District 7,new,,Card,6,"206,000",delivered,47.5,3.0
G002348,2025-05-27 19:44,Binh Tan,returning,,Card,2,"71,000",delivered,50.9,
G002349,2025-05-27 19:50,District 7,returning,,Bank transfer,10,"402,000",delivered,41.4,4.0
G002350,2025-05-27 19:54,Binh Thanh,member,Silver,E-wallet,4,"95,000",delivered,37.3,5.0
G002351,2025-05-27 20:35,Thu Duc City,new,,Card,6,"215,000",delivered,64.5,
G002352,2025-05-27 22:17,Thu Duc City,member,Silver,E-wallet,4,"147,000",delivered,51.2,
G002353,2025-05-28 09:06,District 10,returning,,Cash,6,"178,000",delivered,21.9,5.0
G002354,2025-05-28 10:14,Binh Thanh,member,Gold,Card,8,"226,000",delivered,28.4,
G002355,2025-05-28 10:22,District 7,member,Gold,E-wallet,7,"306,000",delivered,36.4,
G002356,2025-05-28 11:20,Binh Tan,member,Silver,Card,5,"140,000",delivered,55.0,3.0
G002357,2025-05-28 12:06,District 3,new,,Cash,6,"219,000",delivered,32.2,4.0
G002358,2025-05-28 12:43,District 1,member,Gold,Bank transfer,4,"151,000",cancelled,,
G002359,2025-05-28 12:43,Phu Nhuan,returning,,E-wallet,3,"106,000",delivered,30.6,4.0
G002360,2025-05-28 14:10,Phu Nhuan,new,,Cash,5,"124,000",delivered,24.4,4.0
G002361,2025-05-28 15:52,District 10,new,,E-wallet,14,"393,000",delivered,26.5,5.0
G002362,2025-05-28 17:19,District 7,new,,Card,9,"315,000",delivered,35.3,
G002363,2025-05-28 18:01,District 10,returning,,Cash,4,"123,000",cancelled,,
G002364,2025-05-28 18:48,Phu Nhuan,member,Gold,Cash,7,"256,000",delivered,34.9,4.0
G002366,2025-05-28 19:24,District 1,member,Gold,E-wallet,11,"340,000",delivered,27.2,5.0
G002367,2025-05-28 21:16,Binh Thanh,member,Silver,E-wallet,7,"285,000",delivered,29.1,
G002368,2025-05-29 07:20,Thu Duc City,new,,E-wallet,11,"242,000",delivered,47.9,3.0
G002369,2025-05-29 11:02,District 1,returning,,Card,13,"295,000",delivered,35.1,
G002370,2025-05-29 11:10,Go Vap ,member,Silver,Card,4,"141,000",delivered,42.8,3.0
G002371,2025-05-29 11:55,District 10,member,Gold,Bank transfer,6,"180,000",delivered,41.9,4.0
G002372,2025-05-29 12:59,Phu Nhuan,returning,,Cash,10,"320,000",delivered,33.2,
G002373,2025-05-29 14:06,Binh Thanh,new,,Card,6,"162,000",delivered,26.5,5.0
G002374,2025-05-29 15:37,Tan Binh,new,,E-wallet,8,"283,000",delivered,39.4,3.0
G002375,2025-05-29 16:02,Tan Binh,member,Platinum,E-wallet,11,"536,000",delivered,30.4,
G002375,2025-05-29 16:02,Tan Binh,member,Platinum,E-wallet,11,"536,000",delivered,30.4,
G002376,2025-05-29 17:04,District 10,returning,,Cash,11,"383,000",delivered,23.0,
G002377,2025-05-29 17:08,Thu Duc City,returning,,Cash,8,"146,000",delivered,49.0,
G002378,2025-05-29 17:13,District 3,member,Silver,E-wallet,4,"72,000",delivered,25.8,4.0
G002379,2025-05-29 17:36,District 1,member,Silver,E-wallet,7,"154,000",delivered,22.6,
G002380,2025-05-29 17:52,Tan Binh,returning,,Card,4,"150,000",delivered,35.0,
G002381,2025-05-29 17:58,Quận 7,returning,,Bank transfer,5,"175,000",delivered,34.6,4.0
G002382,2025-05-29 18:15,Tan Binh,returning,,E-wallet,6,"156,000",delivered,37.5,4.0
G002383,2025-05-29 18:19,District 1,new,,Bank transfer,6,"139,000",delivered,33.7,
G002384,2025-05-29 18:35,Binh Thanh,member,Silver,E-wallet,5,"207,000",delivered,39.7,
G002385,2025-05-29 19:06,Go Vap,returning,,Card,4,"144,000",delivered,45.0,
G002386,2025-05-29 19:37,District 10,returning,,E-wallet,3,"107,000",delivered,32.7,
G002387,2025-05-29 20:31,Binh thanh,returning,,Bank transfer,4,"62,000",delivered,40.6,3.0
G002388,2025-05-29 20:52,Go Vap,member,Gold,Cash,4,"127,000",delivered,54.7,3.0
G002389,2025-05-29 21:19,Binh Thanh,returning,,Card,5,"164,000",delivered,27.4,4.0
G002390,2025-05-29 21:45,Binh Tan,member,Silver,Cash,11,"321,000",cancelled,,
G002390,2025-05-29 21:45,Binh Tan,member,Silver,Cash,11,"321,000",cancelled,,
G002391,2025-05-29 22:45,District 7,new,,Bank transfer,8,"298,000",delivered,38.6,3.0
G002392,2025-05-29 22:49,District 1,member,Platinum,Card,8,"397,000",delivered,23.3,5.0
G002393,2025-05-30 08:05,District 3,new,,Cash,9,"326,000",delivered,21.6,5.0
G002394,2025-05-30 13:03,Phu Nhuan,returning,,E-wallet,7,"194,000",delivered,30.8,5.0
G002395,2025-05-30 14:51,Binh Tan,returning,,E-wallet,7,"178,000",delivered,43.8,2.0
G002396,2025-05-30 15:54,Binh Thanh,member,Gold,E-wallet,7,"232,000",delivered,27.7,4.0
G002397,2025-05-30 17:07,Binh Tan,new,,Cash,5,"137,000",delivered,43.2,
G002398,2025-05-30 18:41,Thu Duc City,returning,,Bank transfer,3,"105,000",delivered,52.7,
G002399,2025-05-30 18:47,District 3,returning,,Card,8,"228,000",delivered,35.0,4.0
G002400,2025-05-30 18:50,Go Vap,returning,,Card,6,"161,000",cancelled,,
G002401,2025-05-30 19:35,District 10,returning,,E-wallet,7,"271,000",delivered,32.1,5.0
G002402,2025-05-30 19:38,Go Vap,member,Platinum,Momo/ZaloPay,6,"297,000",delivered,47.0,
G002403,2025-05-30 19:48,District 1,returning,,Cash,9,"312,000",delivered,35.1,4.0
G002404,2025-05-30 19:57,District 3,member,Silver,E-wallet,3,"134,000",delivered,29.9,5.0
G002405,2025-05-30 19:59,Tan Binh,returning,,Cash,8,"256,000",delivered,46.1,
G002406,2025-05-30 20:06,District 3,member,Silver,E-wallet,5,"170,000",cancelled,,
G002407,2025-05-30 20:10,Phu Nhuan,member,Gold,Bank transfer,9,"183,000",delivered,38.2,
G002408,2025-05-30 20:23,Phu Nhuan,member,Platinum,Cash,8,"408,000",delivered,38.5,4.0
G002409,2025-05-30 21:44,District 7,member,Silver,E-wallet,4,"96,000",delivered,45.3,2.0
G002410,2025-05-30 22:07,Go Vap,member,Silver,E-wallet,6,"201,000",delivered,41.3,
G002411,2025-05-31 09:15,District 10,returning,,E-wallet,8,"312,000",delivered,27.2,
G002412,2025-05-31 09:30,Tan Binh,new,,Card,11,"408,000",delivered,27.0,5.0
G002413,2025-05-31 09:45,District 1,member,Gold,E-wallet,12,"437,000",delivered,19.6,
G002414,2025-05-31 12:14,Binh Thanh,returning,,E-wallet,8,"217,000",cancelled,,
G002415,2025-05-31 12:36,District 7,returning,,E-wallet,14,"170,000",delivered,40.1,
G002416,2025-05-31 13:40,District 10,new,,E-wallet,12,"441,000",delivered,24.4,
G002417,2025-05-31 13:43,District 1,new,,E-wallet,11,"307,000",delivered,31.4,4.0
G002418,2025-05-31 15:28,Go Vap,member,Gold,Cash,8,"241,000",delivered,41.5,3.0
G002419,2025-05-31 16:55,Phu Nhuan,member,Silver,E-wallet,14,"392,000",delivered,27.8,5.0
G002420,2025-05-31 17:08,Go Vap,returning,,Card,14,"403,000",delivered,38.8,3.0
G002421,2025-05-31 17:33,District 10,returning,,E-wallet,8,"224,000",delivered,24.9,
G002422,2025-05-31 17:46,Binh Thanh,returning,,Bank transfer,9,"292,000",delivered,32.0,5.0
G002422,2025-05-31 17:46,Binh Thanh,returning,,Bank transfer,9,"292,000",delivered,32.0,5.0
G002423,2025-05-31 18:41,District 7,new,,Cash,10,"176,000",delivered,45.6,3.0
G002424,2025-05-31 18:57,Phu Nhuan,returning,,Cash,11,"195,000",delivered,33.0,5.0
G002425,2025-05-31 19:11,Phu Nhuan,member,Silver,E-wallet,11,"360,000",delivered,31.0,
G002426,2025-05-31 19:32,District 10,member,Gold,E-wallet,6,"185,000",delivered,40.2,2.0
G002427,2025-05-31 19:40,Thu Duc City,member,Gold,Card,18,"684,000",delivered,59.4,2.0
G002428,2025-05-31 20:00,Tan Binh,returning,,Bank transfer,17,"618,000",delivered,35.4,2.0
G002429,2025-05-31 21:01,District 1,returning,,Cash,10,"249,000",delivered,21.1,5.0
G002430,2025-05-31 21:25,District 1,returning,,Card,14,"406,000",delivered,25.4,
G002431,2025-05-31 21:25,TP Thu Duc,returning,,E-wallet,5,"153,000",delivered,55.0,
G002432,2025-06-01 07:32,District 1,returning,,E-wallet,8,"284,000",delivered,25.1,5.0
G002433,2025-06-01 07:42,District 7,new,,Momo/ZaloPay,11,"213,000",delivered,34.3,
G002434,2025-06-01 11:42,District 7,returning,,Bank transfer,5,"132,000",delivered,44.5,3.0
G002435,2025-06-01 12:32,District 1,returning,,Card,12,"453,000",delivered,30.1,3.0
G002436,2025-06-01 13:13,District 7,returning,,E-wallet,15,"518,000",delivered,44.6,
G002437,2025-06-01 14:49,TP Thu Duc,returning,,E-wallet,15,"390,000",delivered,46.2,
G002438,2025-06-01 17:20,Go Vap,returning,,Cash,12,"520,000",delivered,40.5,
G002439,2025-06-01 17:26,Thu Duc City,member,Gold,Cash,7,"242,000",cancelled,,
G002440,2025-06-01 17:33,Phu Nhuan,returning,,E-wallet,14,"576,000",delivered,24.7,5.0
G002441,2025-06-01 17:39,Go Vap,returning,,E-wallet,7,"270,000",delivered,37.9,3.0
G002442,2025-06-01 17:58,Go Vap,returning,,E-wallet,7,"226,000",delivered,37.2,3.0
G002443,2025-06-01 18:23,District 1,returning,,Card,3,"102,000",delivered,27.3,
G002444,2025-06-01 18:24,Binh Thanh,returning,,E-wallet,3,"87,000",delivered,33.5,
G002445,2025-06-01 21:36,Tan Binh,new,,Cash,8,"282,000",delivered,26.0,3.0
G002446,2025-06-02 08:19,District 1,member,Gold,Cash,12,"338,000",delivered,22.1,
G002447,2025-06-02 09:46,Thu Duc City,returning,,Cash,5,"170,000",delivered,49.9,2.0
G002448,2025-06-02 10:51,District 7,returning,,Bank transfer,6,"158,000",delivered,35.4,4.0
G002449,2025-06-02 12:41,District 10,returning,,Card,4,"121,000",delivered,32.4,5.0
G002450,2025-06-02 16:05,District 10,member,Silver,E-wallet,5,"159,000",delivered,37.5,4.0
G002451,2025-06-02 16:08,Thu Duc City,new,,Bank transfer,9,"289,000",delivered,51.1,3.0
G002452,2025-06-02 16:51,Binh Tan,member,Gold,Cash,9,"324,000",delivered,42.8,
G002453,2025-06-02 17:09,Phu Nhuan,returning,,Cash,13,"259,000",delivered,30.3,5.0
G002454,2025-06-02 17:11,Binh Thanh,returning,,E-wallet,9,"318,000",delivered,26.1,
G002455,2025-06-02 18:53,Binh Tan,new,,E-wallet,10,"302,000",cancelled,,
G002456,2025-06-02 18:55,District 7,returning,,Bank transfer,8,"238,000",delivered,40.5,
G002457,2025-06-02 19:10,Binh Thanh,returning,,Card,4,"173,000",delivered,39.7,5.0
G002458,2025-06-02 19:20,Tan Binh,member,Silver,E-wallet,9,"299,000",delivered,35.7,4.0
G002459,2025-06-02 19:29,District 1,member,Silver,Bank transfer,2,"47,000",delivered,29.9,
G002460,2025-06-02 19:51,District 7,returning,,Bank transfer,9,"288,000",delivered,43.0,3.0
G002461,2025-06-02 20:23,Thu Duc City,returning,,E-wallet,7,"187,000",delivered,50.7,
G002462,2025-06-02 20:24,District 10,returning,,Cash,9,"307,000",delivered,30.9,
G002463,2025-06-02 20:39,District 1,member,Platinum,E-wallet,6,"332,000",delivered,30.2,
G002464,2025-06-02 20:59,District 7,returning,,Cash,9,"290,000",delivered,42.9,5.0
G002465,2025-06-02 22:22,Phu Nhuan,new,,Cash,7,"226,000",delivered,39.8,3.0
G002467,2025-06-02 23:07,Binh Tan,returning,,Cash,7,"263,000",delivered,43.3,
G002468,2025-06-03 12:04,Go Vap,returning,,Cash,5,"177,000",delivered,53.1,
G002469,2025-06-03 13:25,District 1,returning,,Cash,8,"216,000",delivered,26.2,5.0
G002470,2025-06-03 14:15,District 10,returning,,E-wallet,5,"156,000",delivered,29.6,
G002471,2025-06-03 15:24,Phu Nhuan,new,,E-wallet,5,"126,000",delivered,25.1,5.0
G002472,2025-06-03 16:48,District 3,new,,E-wallet,10,"268,000",delivered,23.6,5.0
G002473,2025-06-03 17:00,Binh Tan,member,Gold,Cash,9,"357,000",delivered,49.9,2.0
G002474,2025-06-03 18:17,District 1,returning,,Card,14,"589,000",delivered,37.0,
G002475,2025-06-03 18:26,Go Vap,member,Silver,E-wallet,5,"175,000",delivered,41.2,5.0
G002476,2025-06-03 18:34,Tan Binh,member,Gold,E-wallet,5,"180,000",delivered,39.6,5.0
G002477,2025-06-03 19:07,District 3,returning,,E-wallet,8,"209,000",delivered,30.9,4.0
G002478,2025-06-03 19:09,Thu Duc City,member,Platinum,Bank transfer,7,"321,000",delivered,54.0,
G002479,2025-06-03 19:24,Binh Tan,member,Gold,Cash,9,"211,000",delivered,51.6,
G002480,2025-06-03 19:35,District 10,new,,E-wallet,9,"312,000",delivered,31.6,4.0
G002481,2025-06-03 19:59,Tan Binh,new,,Cash,6,,delivered,37.2,3.0
G002482,2025-06-03 20:12,District 10,returning,,E-wallet,1,"30,000",delivered,36.7,
G002483,2025-06-04 10:17,District 7,member,Silver,Cash,10,"274,000",delivered,33.4,5.0
G002484,2025-06-04 11:45,Binh Thanh,new,,E-wallet,11,"368,000",delivered,42.3,
G002485,2025-06-04 11:47,District 3,new,,Cash,4,"114,000",delivered,39.0,
G002486,2025-06-04 12:28,Tan Binh,new,,Cash,5,"207,000",delivered,47.0,2.0
G002487,2025-06-04 13:43,District 10,new,,E-wallet,6,"160,000",delivered,30.7,
G002488,2025-06-04 14:12,Binh Tan,new,,E-wallet,5,"142,000",delivered,41.3,
G002489,2025-06-04 17:33,District 10,new,,Cash,9,"359,000",delivered,22.4,5.0
G002490,2025-06-04 18:03,District 1,returning,,Bank transfer,9,"261,000",delivered,30.1,
G002491,2025-06-04 18:27,Binh Thanh,returning,,Card,7,"232,000",delivered,34.4,
G002492,2025-06-04 20:57,Tan Binh,member,Silver,Cash,7,"344,000",delivered,44.0,
G002493,2025-06-04 21:05,District 1,member,Silver,Bank transfer,6,"132,000",delivered,27.7,4.0
G002494,2025-06-04 21:09,Binh Thanh,new,,E-wallet,10,"389,000",delivered,42.8,2.0
G002495,2025-06-05 11:04,District 10,returning,,Card,2,"74,000",delivered,38.1,3.0
G002496,2025-06-05 11:06,District 7,member,Platinum,E-wallet,8,"331,000",delivered,44.9,
G002497,2025-06-05 12:30,District 7,member,Platinum,Cash,6,"279,000",delivered,52.8,
G002498,2025-06-05 15:49,Binh Tan,new,,E-wallet,8,"207,000",delivered,44.5,3.0
G002499,2025-06-05 15:50,District 3,member,Platinum,Cash,4,"252,000",delivered,36.0,5.0
G002500,2025-06-05 18:17,District 1,member,Gold,E-wallet,8,"219,000",delivered,33.5,
G002501,2025-06-05 18:58,Go Vap,returning,,Card,8,"281,000",delivered,50.6,2.0
G002502,2025-06-05 20:14,Binh Thanh,member,Silver,E-wallet,8,"226,000",delivered,33.3,
G002503,2025-06-05 21:28,BINH THANH,returning,,Cash,6,"197,000",delivered,25.7,
G002504,2025-06-06 06:23,District 1,new,,E-wallet,4,"128,000",delivered,23.4,
G002505,2025-06-06 09:59,Go Vap,new,,E-wallet,9,"275,000",delivered,39.2,3.0
G002506,2025-06-06 11:35,Binh Tan,returning,,Cash,8,"280,000",delivered,51.7,3.0
G002507,2025-06-06 11:38,District 7,new,,Card,10,"275,000",delivered,43.3,3.0
G002508,2025-06-06 12:39,District 1,returning,,E-wallet,5,"97,000",delivered,26.3,5.0
G002509,2025-06-06 13:29,Binh Tan,member,Gold,E-wallet,11,"421,000",delivered,42.7,4.0
G002510,2025-06-06 13:54,Binh thanh,returning,,Cash,10,"425,000",delivered,25.0,
G002511,2025-06-06 14:21,Thu Duc City,new,,E-wallet,5,"149,000",delivered,44.6,3.0
G002512,2025-06-06 14:30,District 10,new,,Bank transfer,9,"241,000",delivered,27.9,
G002513,2025-06-06 17:15,Go Vap,member,Gold,Cash,8,"267,000",delivered,35.8,4.0
G002514,2025-06-06 17:57,Phu Nhuan,member,Silver,Cash,7,"238,000",delivered,29.5,5.0
G002515,2025-06-06 18:02,District 10,returning,,Card,9,"273,000",delivered,32.0,
G002516,2025-06-06 18:36,Binh Tan,member,Gold,E-wallet,7,"177,000",delivered,53.2,2.0
G002517,2025-06-06 18:42,Binh Thanh,new,,Bank transfer,7,"175,000",delivered,35.7,
G002518,2025-06-06 20:30,Tan Binh,member,Platinum,Bank transfer,7,"265,000",delivered,37.9,4.0
G002519,2025-06-06 21:00,Thu Duc City,member,Silver,Bank transfer,6,"172,000",delivered,45.7,2.0
G002520,2025-06-06 22:30,Tan Binh,member,Platinum,E-wallet,4,"229,000",delivered,28.7,4.0
G002521,2025-06-07 08:50,Thu Duc City,member,Gold,E-wallet,7,"191,000",delivered,42.4,2.0
G002522,2025-06-07 11:57,Go Vap,member,Gold,E-wallet,10,"433,000",delivered,41.8,3.0
G002523,2025-06-07 14:06,Binh Thanh,member,Silver,Cash,4,"117,000",delivered,27.1,5.0
G002524,2025-06-07 15:05,District 3,returning,,Cash,7,"229,000",delivered,24.1,
G002525,2025-06-07 16:41,Binh Thanh,returning,,Card,8,"303,000",delivered,27.5,5.0
G002526,2025-06-07 17:33,District 3,returning,,Bank transfer,15,"420,000",delivered,27.5,
G002527,2025-06-07 17:34,District 7,member,Gold,Card,15,"388,000",cancelled,,
G002528,2025-06-07 18:09,Binh Tan,returning,,E-wallet,13,"478,000",delivered,50.7,
G002529,2025-06-07 18:14,District 1,returning,,Card,7,"286,000",delivered,35.8,
G002530,2025-06-07 18:53,District 1,member,Gold,Bank transfer,13,"222,000",delivered,30.1,
G002531,2025-06-07 19:41,District 1,new,,Cash,8,"249,000",delivered,29.1,
G002532,2025-06-07 20:19,Binh Thanh,returning,,Cash,11,"427,000",delivered,43.4,3.0
G002533,2025-06-07 21:26,Thu Duc City,returning,,Card,12,"461,000",delivered,62.4,
G002534,2025-06-07 21:45,Phu Nhuan,new,,Bank transfer,17,"627,000",delivered,26.6,
G002535,2025-06-07 21:52,Phu Nhuan,member,Silver,E-wallet,9,"316,000",delivered,30.8,
G002536,2025-06-08 12:42,Q7,new,,Cash,5,"188,000",delivered,43.8,
G002537,2025-06-08 12:43,Thu Duc City,member,Silver,E-wallet,12,"431,000",delivered,51.0,3.0
G002538,2025-06-08 13:19,Binh Thanh,returning,,E-wallet,12,"478,000",delivered,32.8,
G002539,2025-06-08 13:23,Tan Binh,new,,E-wallet,9,"270,000",delivered,27.0,5.0
G002540,2025-06-08 14:28,Phu Nhuan,member,Silver,Bank transfer,11,"322,000",delivered,26.4,
G002541,2025-06-08 14:55,Thu Duc City,returning,,E-wallet,7,"209,000",delivered,52.7,2.0
G002542,2025-06-08 16:37,Binh Tan,returning,,Cash,14,"412,000",cancelled,,
G002543,2025-06-08 17:10,Thu Duc City,new,,Card,4,"184,000",delivered,53.6,2.0
G002544,2025-06-08 17:38,Binh Thanh,new,,Card,12,"451,000",delivered,27.0,4.0
G002545,2025-06-08 17:45,Binh Tan,new,,Cash,8,"333,000",delivered,42.0,3.0
G002546,2025-06-08 18:13,Binh Tan,returning,,Cash,10,"294,000",cancelled,,
G002547,2025-06-08 19:40,Phu Nhuan,returning,,Card,10,"508,000",delivered,33.9,3.0
G002548,2025-06-08 19:55,District 10,returning,,Cash,15,"384,000",delivered,37.0,3.0
G002549,2025-06-08 20:31,District 1,new,,Momo/ZaloPay,7,"243,000",delivered,29.4,3.0
G002550,2025-06-08 20:51,Tan Binh,member,Gold,Cash,8,"300,000",delivered,35.9,4.0
G002551,2025-06-08 21:13,District 1,returning,,Card,6,"154,000",delivered,22.3,5.0
G002552,2025-06-09 10:43,District 7,member,Gold,E-wallet,7,"119,000",delivered,40.9,4.0
G002553,2025-06-09 11:22,Binh Tan,returning,,Bank transfer,9,"247,000",delivered,48.4,2.0
G002554,2025-06-09 13:01,Phu Nhuan,returning,,E-wallet,7,"180,000",delivered,29.4,4.0
G002555,2025-06-09 13:15,Binh Thanh,returning,,E-wallet,11,"552,000",delivered,35.7,
G002556,2025-06-09 14:13,District 1,member,Gold,E-wallet,9,"354,000",delivered,24.5,3.0
G002557,2025-06-09 14:24,Binh Thanh,returning,,E-wallet,8,"245,000",delivered,33.3,4.0
G002559,2025-06-09 16:12,Tan Binh,new,,E-wallet,5,"133,000",delivered,28.4,5.0
G002560,2025-06-09 17:37,Tan Binh,returning,,Bank transfer,6,"290,000",delivered,34.5,4.0
G002561,2025-06-09 17:58,District 7,returning,,Card,6,"167,000",delivered,35.4,
G002562,2025-06-09 18:06,Go Vap,returning,,E-wallet,7,"231,000",delivered,49.8,2.0
G002563,2025-06-09 18:54,Thu Duc,returning,,E-wallet,10,"275,000",delivered,52.0,4.0
G002564,2025-06-09 19:26,District 3,returning,,Cash,6,"174,000",delivered,30.2,
G002565,2025-06-09 19:37,Tan Binh,returning,,Cash,10,"355,000",delivered,36.2,4.0
G002566,2025-06-09 19:54,Go Vap,returning,,E-wallet,7,,delivered,42.8,4.0
G002567,2025-06-09 20:24,Binh Thanh,member,Silver,E-wallet,11,"291,000",delivered,38.0,3.0
G002568,2025-06-09 20:44,Binh Tan,returning,,Momo/ZaloPay,9,"260,000",delivered,60.0,2.0
G002569,2025-06-10 11:22,District 3,member,Silver,Cash,8,"332,000",delivered,30.3,4.0
G002570,2025-06-10 12:49,District 10,member,Platinum,Card,9,"394,000",delivered,33.7,
G002571,2025-06-10 13:08,Binh Tan,member,Platinum,Card,6,"312,000",delivered,41.7,
G002572,2025-06-10 13:20,Tan Binh,member,Silver,Cash,6,"125,000",delivered,27.4,4.0
G002574,2025-06-10 16:31,Binh Tan,returning,,Cash,9,"184,000",delivered,49.2,3.0
G002575,2025-06-10 18:10,District 3,returning,,Cash,6,"187,000",delivered,38.3,
G002576,2025-06-10 18:11,Phu Nhuan,returning,,E-wallet,6,"236,000",delivered,37.2,3.0
G002577,2025-06-10 18:34,District 10,new,,Card,7,"262,000",delivered,33.3,3.0
G002578,2025-06-10 19:18,District 1,returning,,e-wallet,6,"140,000",delivered,27.1,5.0
G002579,2025-06-11 09:20,Tan Binh,returning,,Cash,5,"212,000",delivered,27.0,5.0
G002580,2025-06-11 09:30,Binh Thanh,member,Silver,Card,7,"235,000",delivered,34.6,
G002581,2025-06-11 10:17,Binh Thanh,returning,,Card,3,"112,000",delivered,34.0,
G002582,2025-06-11 10:45,Thu Duc City,returning,,Card,7,"214,000",delivered,43.4,4.0
G002583,2025-06-11 11:04,Binh Thanh,member,Silver,Cash,6,"180,000",delivered,40.2,
G002584,2025-06-11 12:02,Binh Thanh,member,Silver,E-wallet,8,"265,000",delivered,33.8,
G002585,2025-06-11 12:09,Binh Tan,new,,E-wallet,8,"277,000",cancelled,,
G002586,2025-06-11 12:30,Tan Binh,returning,,E-wallet,7,"202,000",delivered,39.8,
G002587,2025-06-11 14:05,District 1,returning,,Card,8,"253,000",delivered,33.0,
G002588,2025-06-11 15:03,District 1,returning,,Card,4,"128,000",delivered,20.3,
G002589,2025-06-11 16:10,District 3,member,Gold,E-wallet,7,"190,000",delivered,24.4,5.0
G002590,2025-06-11 16:47,Go Vap,returning,,Cash,5,"106,000",delivered,33.5,5.0
G002591,2025-06-11 17:46,District 3,new,,Cash,4,"159,000",delivered,22.6,5.0
G002592,2025-06-11 17:50,District 7,returning,,Cash,6,"224,000",delivered,35.0,
G002593,2025-06-11 18:20,Go Vap,returning,,Card,10,"302,000",delivered,48.1,3.0
G002594,2025-06-11 19:18,District 1,returning,,E-wallet,10,,delivered,32.3,4.0
G002595,2025-06-11 20:15,District 3,returning,,E-wallet,6,"133,000",delivered,35.6,3.0
G002596,2025-06-11 21:23,Tan Binh,returning,,E-wallet,7,"246,000",delivered,35.0,4.0
G002597,2025-06-11 21:34,Q7,member,Silver,E-wallet,5,"110,000",delivered,37.7,3.0
G002598,2025-06-12 08:45,Phu Nhuan,returning,,Bank transfer,8,"222,000",delivered,25.2,
G002599,2025-06-12 10:07,Binh Thanh,new,,E-wallet,4,"162,000",delivered,25.8,4.0
G002600,2025-06-12 12:32,Thu Duc City,new,,E-wallet,5,"174,000",delivered,56.6,
G002601,2025-06-12 13:55,Tan Binh,new,,Card,8,"151,000",delivered,25.8,5.0
G002602,2025-06-12 14:27,District 1,member,Silver,E-wallet,9,"277,000",delivered,19.4,5.0
G002603,2025-06-12 17:10,Tan Binh,returning,,Card,11,"366,000",delivered,36.5,4.0
G002604,2025-06-12 17:30,Thu Duc City,returning,,Card,8,"218,000",delivered,53.2,2.0
G002605,2025-06-12 17:37,District 1,new,,Bank transfer,3,"92,000",delivered,25.2,5.0
G002606,2025-06-12 19:47,Thu Duc City,new,,E-wallet,6,"218,000",delivered,52.3,2.0
G002607,2025-06-12 19:58,District 7,member,Silver,Card,6,"140,000",delivered,40.6,
G002608,2025-06-12 21:18,District 10,returning,,E-wallet,6,"245,000",delivered,25.6,
G002609,2025-06-12 21:59,District 7,new,,Cash,5,"120,000",delivered,37.2,3.0
G002610,2025-06-13 09:24,Thu Duc City,returning,,Card,5,"213,000",cancelled,,
G002611,2025-06-13 09:25,District 10,member,Silver,Card,9,"253,000",delivered,28.8,
G002612,2025-06-13 09:28,Thu Duc City,member,Silver,Cash,2,"59,000",delivered,44.0,2.0
G002613,2025-06-13 09:38,Binh Thanh,member,Silver,Cash,2,"53,000",delivered,29.9,5.0
G002614,2025-06-13 10:10,Tan Binh,returning,,Cash,7,"276,000",delivered,32.8,4.0
G002615,2025-06-13 10:57,Go Vap,returning,,Cash,5,"182,000",delivered,34.1,4.0
G002616,2025-06-13 11:41,Tan Binh,returning,,Cash,6,"200,000",delivered,42.7,
G002617,2025-06-13 11:51,Tan Binh,returning,,Card,9,"356,000",delivered,38.2,5.0
G002618,2025-06-13 12:54,District 10,new,,E-wallet,10,"269,000",delivered,32.4,
G002619,2025-06-13 13:13,District 3,returning,,Card,8,"361,000",delivered,25.5,
G002620,2025-06-13 16:11,Phu Nhuan,member,Gold,Bank transfer,6,"157,000",delivered,33.8,4.0
G002621,2025-06-13 17:06,Thu Duc City,member,Platinum,Cash,7,"282,000",delivered,45.2,3.0
G002622,2025-06-13 17:31,Tan Binh,member,Silver,e-wallet,13,"326,000",delivered,28.6,
G002623,2025-06-13 17:54,Phu Nhuan,returning,,E-wallet,6,"161,000",delivered,27.5,5.0
G002624,2025-06-13 18:56,Phu Nhuan,member,Silver,Cash,7,"256,000",delivered,34.2,
G002625,2025-06-13 18:57,Phu Nhuan,returning,,Card,6,"207,000",delivered,33.4,4.0
G002626,2025-06-13 19:04,District 1,member,Silver,E-wallet,7,"255,000",delivered,28.5,3.0
G002627,2025-06-13 19:09,Tan Binh,member,Silver,Cash,14,"350,000",delivered,40.0,3.0
G002628,2025-06-13 19:22,Phu Nhuan,returning,,E-wallet,4,"142,000",delivered,37.5,4.0
G002629,2025-06-13 19:38,Go Vap,member,Silver,Card,6,"218,000",delivered,46.4,3.0
G002630,2025-06-13 19:53,Binh Tan,new,,E-wallet,7,"214,000",delivered,52.9,3.0
G002631,2025-06-13 19:56,Thu Duc City,returning,,Bank transfer,4,"124,000",delivered,52.7,3.0
G002632,2025-06-13 20:10,Go Vap,returning,,E-wallet,5,"161,000",delivered,48.1,2.0
G002633,2025-06-13 20:11,Binh Thanh,returning,,Cash,8,"185,000",delivered,40.7,
G002634,2025-06-13 20:22,Go Vap,returning,,Cash,10,"469,000",delivered,59.0,3.0
G002635,2025-06-13 20:24,Go Vap,returning,,Cash,7,"274,000",delivered,42.6,3.0
G002636,2025-06-13 20:45,District 1,member,Silver,Card,5,"145,000",delivered,35.9,
G002637,2025-06-13 22:32,District 7,returning,,E-wallet,5,"145,000",delivered,42.8,3.0
G002638,2025-06-14 07:10,Tan Binh,member,Gold,E-wallet,8,"278,000",delivered,36.3,5.0
G002639,2025-06-14 10:42,District 7,returning,,E-wallet,11,"343,000",delivered,44.1,2.0
G002640,2025-06-14 10:49,District 10,returning,,Cash,10,"384,000",delivered,29.3,4.0
G002641,2025-06-14 11:13,Binh Thanh,returning,,Bank transfer,3,"96,000",delivered,33.8,4.0
G002642,2025-06-14 11:53,District 7,returning,,Card,4,"133,000",delivered,47.0,2.0
G002643,2025-06-14 12:28,Binh Tan,returning,,Cash,10,"282,000",delivered,52.3,2.0
G002644,2025-06-14 13:15,Thu Duc City,returning,,e-wallet,9,"332,000",cancelled,,
G002645,2025-06-14 14:08,Tan Binh,member,Platinum,Cash,11,"440,000",delivered,31.6,4.0
G002646,2025-06-14 16:22,Phu Nhuan,returning,,E-wallet,13,"386,000",delivered,34.4,
G002647,2025-06-14 17:13,Tan Binh,returning,,Bank transfer,6,"204,000",delivered,36.7,4.0
G002648,2025-06-14 18:20,District 1,returning,,Cash,5,"155,000",delivered,30.8,4.0
G002649,2025-06-14 18:58,District 3,member,Silver,Cash,11,"309,000",delivered,31.0,5.0
G002650,2025-06-14 19:16,District 7,returning,,E-wallet,10,"356,000",cancelled,,
G002651,2025-06-14 19:30,Phu Nhuan,new,,E-wallet,9,"434,000",delivered,35.1,5.0
G002652,2025-06-14 22:20,District 10,new,,Bank transfer,10,"369,000",delivered,23.9,
G002653,2025-06-15 07:15,District 3,returning,,E-wallet,12,"333,000",delivered,22.4,5.0
G002654,2025-06-15 08:41,Binh Tan,member,Silver,Cash,12,"462,000",delivered,43.9,4.0
G002655,2025-06-15 10:57,District 1,member,Gold,Cash,5,"170,000",delivered,24.0,5.0
G002656,2025-06-15 11:43,District 3,returning,,E-wallet,10,"347,000",delivered,35.7,
G002657,2025-06-15 12:14,Go Vap,new,,E-wallet,19,"765,000",delivered,51.2,
G002658,2025-06-15 12:15,District 1,new,,E-wallet,10,"448,000",delivered,31.9,
G002659,2025-06-15 12:22,District 1,returning,,Cash,10,"302,000",delivered,34.5,4.0
G002660,2025-06-15 12:40,District 1,returning,,E-wallet,15,"406,000",delivered,29.5,5.0
G002661,2025-06-15 13:03,District 10,member,Silver,Card,15,"434,000",delivered,25.5,
G002662,2025-06-15 13:16,Phu Nhuan,new,,E-wallet,7,"222,000",delivered,32.8,5.0
G002663,2025-06-15 13:22,Go Vap,member,Silver,E-wallet,8,"218,000",delivered,39.1,3.0
G002664,2025-06-15 13:46,Tan Binh,returning,,E-wallet,7,"133,000",cancelled,,
G002665,2025-06-15 16:49,Thu Duc City,new,,Cash,11,"335,000",delivered,47.0,1.0
G002666,2025-06-15 17:01,District 1,new,,Bank transfer,9,"307,000",delivered,26.3,5.0
G002667,2025-06-15 17:49,District 3,new,,Cash,8,"308,000",delivered,21.5,5.0
G002668,2025-06-15 18:04,Phu Nhuan,member,Gold,E-wallet,8,"260,000",delivered,37.1,
G002669,2025-06-15 18:47,Phu Nhuan,member,Silver,E-wallet,13,"191,000",delivered,32.0,5.0
G002670,2025-06-15 19:32,Thu Duc City,returning,,E-wallet,13,"462,000",delivered,53.0,3.0
G002671,2025-06-15 20:27,Binh Tan,new,,E-wallet,13,"354,000",delivered,59.2,4.0
G002672,2025-06-15 23:09,District 1,new,,Cash,6,"186,000",delivered,22.2,
G002673,2025-06-16 07:30,District 3,returning,,Cash,6,"275,000",delivered,24.3,4.0
G002674,2025-06-16 08:54,Tan Binh,returning,,Cash,4,"123,000",delivered,29.4,
G002675,2025-06-16 10:17,Thu Duc City,new,,E-wallet,5,"142,000",delivered,44.4,2.0
G002676,2025-06-16 11:30,Binh Tan,member,Silver,E-wallet,12,"364,000",delivered,53.1,2.0
G002677,2025-06-16 11:42,District 10,returning,,Card,5,"152,000",delivered,34.2,4.0
G002678,2025-06-16 11:53,District 7,member,Gold,Card,5,"160,000",delivered,56.4,1.0
G002679,2025-06-16 12:00,Binh Tan,member,Gold,Cash,5,"144,000",delivered,62.3,
G002680,2025-06-16 12:04,Binh Thanh,member,Silver,E-wallet,5,"141,000",delivered,35.1,4.0
G002681,2025-06-16 12:28,District 1,new,,E-wallet,8,"290,000",delivered,32.3,
G002682,2025-06-16 13:15,District 3,returning,,Cash,8,"302,000",delivered,21.9,
G002683,2025-06-16 13:39,District 10,returning,,E-wallet,7,"207,000",delivered,30.5,
G002684,2025-06-16 15:07,Binh Thanh,returning,,Cash,7,"275,000",delivered,27.8,4.0
G002685,2025-06-16 17:06,Phu Nhuan,member,Silver,Cash,7,"168,000",delivered,26.0,5.0
G002686,2025-06-16 17:07,District 3,new,,E-wallet,7,"251,000",delivered,22.7,4.0
G002687,2025-06-16 17:11,District 10,member,Gold,E-wallet,8,"204,000",delivered,25.0,4.0
G002688,2025-06-16 18:31,Thu Duc City,returning,,E-wallet,12,"528,000",delivered,55.8,
G002689,2025-06-16 18:49,Tan Binh,member,Silver,Cash,5,"193,000",delivered,38.5,3.0
G002690,2025-06-16 19:06,District 7,returning,,Bank transfer,9,"284,000",delivered,49.8,2.0
G002691,2025-06-16 19:29,Thu Duc City,member,Platinum,Cash,5,"278,000",delivered,51.7,
G002692,2025-06-16 20:10,District 10,returning,,Card,7,"150,000",delivered,40.0,
G002693,2025-06-16 20:38,District 1,returning,,E-wallet,1,"25,000",delivered,27.9,
G002694,2025-06-16 20:46,Phu Nhuan,returning,,E-wallet,4,"135,000",delivered,40.4,4.0
G002695,2025-06-16 21:24,Go Vap,returning,,E-wallet,7,"241,000",delivered,36.4,
G002696,2025-06-16 22:30,Tan Binh,returning,,Card,7,"269,000",delivered,31.9,
G002697,2025-06-17 07:19,District 7,new,,Bank transfer,11,"396,000",delivered,34.7,4.0
G002698,2025-06-17 09:52,Go Vap,new,,E-wallet,6,"167,000",delivered,33.1,4.0
G002699,2025-06-17 09:57,District 10,member,Silver,E-wallet,4,"137,000",delivered,28.1,5.0
G002700,2025-06-17 10:54,District 7,new,,Cash,6,"148,000",delivered,36.6,4.0
G002701,2025-06-17 11:24,District 3,member,Silver,E-wallet,7,"209,000",delivered,36.1,
G002702,2025-06-17 12:01,District 1,member,Platinum,Card,5,"310,000",delivered,28.1,5.0
G002703,2025-06-17 12:23,Binh thanh,member,Silver,Cash,6,"133,000",delivered,32.3,3.0
G002704,2025-06-17 13:12,District 1,member,Silver,Cash,7,"148,000",delivered,24.0,
G002705,2025-06-17 13:13,Phu Nhuan,new,,Card,7,"279,000",delivered,31.3,
G002706,2025-06-17 13:58,Phu Nhuan,member,Gold,Cash,7,"158,000",delivered,32.4,4.0
G002707,2025-06-17 17:41,Tan Binh,returning,,Card,7,"229,000",delivered,28.0,4.0
G002708,2025-06-17 18:54,Tan Binh,member,Silver,E-wallet,7,"182,000",delivered,37.4,4.0
G002709,2025-06-17 19:11,Binh Thanh,new,,E-wallet,7,"177,000",delivered,34.4,
G002710,2025-06-17 19:11,District 10,new,,Bank transfer,11,,delivered,43.8,3.0
G002711,2025-06-17 19:32,Binh Thanh,returning,,E-wallet,6,"208,000",delivered,35.4,3.0
G002712,2025-06-17 19:35,District 3,returning,,Bank transfer,7,"242,000",delivered,33.4,
G002713,2025-06-17 20:00,Binh Thanh,returning,,Cash,10,"396,000",delivered,33.6,5.0
G002714,2025-06-17 20:54,Thu Duc City,member,Gold,E-wallet,3,"104,000",delivered,57.5,1.0
G002715,2025-06-17 21:21,District 3,returning,,E-wallet,6,"237,000",delivered,25.0,4.0
G002716,2025-06-17 22:47,Go Vap,returning,,Card,10,"357,000",delivered,34.4,3.0
G002717,2025-06-17 23:34,District 7,returning,,Cash,9,"270,000",delivered,34.6,
G002718,2025-06-18 10:03,District 1,returning,,Bank transfer,14,"487,000",delivered,23.2,5.0
G002719,2025-06-18 13:49,Tan Binh,member,Silver,Card,8,"248,000",delivered,27.3,
G002720,2025-06-18 16:04,District 7,returning,,E-wallet,3,"79,000",delivered,37.9,5.0
G002721,2025-06-18 16:25,District 10,member,Gold,Cash,3,"69,000",delivered,27.5,
G002722,2025-06-18 16:47,Thu Duc City,member,Gold,Card,8,"277,000",delivered,43.0,4.0
G002723,2025-06-18 18:17,District 7,member,Silver,E-wallet,4,"162,000",delivered,41.1,4.0
G002724,2025-06-18 18:34,Binh Thanh,new,,Card,6,"224,000",delivered,32.9,5.0
G002725,2025-06-18 19:14,Binh Tan,new,,E-wallet,12,"423,000",delivered,52.7,2.0
G002726,2025-06-18 19:59,Phu Nhuan,new,,Bank transfer,7,"161,000",delivered,34.5,
G002727,2025-06-18 20:09,Binh Tan,returning,,E-wallet,4,"140,000",delivered,59.5,3.0
G002728,2025-06-18 20:40,District 10,returning,,E-wallet,5,"137,000",delivered,36.7,5.0
G002729,2025-06-18 20:54,Binh Thanh,member,Silver,Cash,4,"115,000",delivered,38.0,
G002730,2025-06-18 21:06,Binh Thanh,new,,Cash,6,"286,000",delivered,27.3,4.0
G002731,2025-06-18 21:14,Binh Thanh,returning,,Bank transfer,6,"155,000",delivered,25.4,3.0
G002732,2025-06-18 21:28,District 3,member,Silver,E-wallet,3,"94,000",delivered,23.1,5.0
G002733,2025-06-19 06:48,Thu Duc City,new,,Cash,6,"134,000",delivered,44.6,
G002734,2025-06-19 06:49,Phu Nhuan,returning,,Cash,5,"153,000",delivered,28.9,5.0
G002735,2025-06-19 07:42,Binh Tan,member,Silver,E-wallet,4,"120,000",delivered,52.7,
G002736,2025-06-19 09:37,District 10,returning,,E-wallet,5,"219,000",delivered,21.5,5.0
G002737,2025-06-19 10:16,Binh Tan,returning,,Bank transfer,6,"163,000",delivered,45.6,2.0
G002738,2025-06-19 10:57,Binh Tan,member,Silver,E-wallet,8,"273,000",delivered,44.1,2.0
G002739,2025-06-19 13:04,Go Vap,new,,Bank transfer,4,"106,000",delivered,39.7,4.0
G002740,2025-06-19 14:02,District 3,new,,E-wallet,13,"457,000",delivered,22.3,5.0
G002741,2025-06-19 14:18,Thu Duc City,new,,Card,4,"103,000",delivered,43.3,
G002742,2025-06-19 15:36,Binh Thanh,new,,E-wallet,7,"252,000",delivered,28.6,4.0
G002743,2025-06-19 17:57,Thu Duc City,returning,,Cash,4,"175,000",delivered,53.1,2.0
G002744,2025-06-19 18:38,District 7,new,,Bank transfer,6,"176,000",delivered,46.0,
G002745,2025-06-19 18:45,District 10,returning,,Bank transfer,5,"202,000",delivered,31.2,3.0
G002746,2025-06-19 19:07,District 1,returning,,E-wallet,6,"206,000",delivered,36.2,
G002747,2025-06-19 19:41,District 1,new,,Bank transfer,8,"186,000",delivered,32.7,5.0
G002748,2025-06-20 09:34,District 1,member,Silver,Cash,9,"296,000",delivered,29.6,
G002749,2025-06-20 09:58,Tan Binh,member,Silver,Cash,9,"316,000",delivered,28.4,5.0
G002750,2025-06-20 10:00,District 10,returning,,Cash,5,"201,000",delivered,26.8,4.0
G002751,2025-06-20 10:38,Thu Duc City,new,,Cash,5,"153,000",delivered,43.9,3.0
G002752,2025-06-20 10:45,Phu Nhuan,returning,,E-wallet,8,"241,000",delivered,27.5,4.0
G002753,2025-06-20 10:54,Binh Tan,returning,,E-wallet,9,"306,000",delivered,42.6,2.0
G002754,2025-06-20 10:56,Thu Duc City,member,Silver,Card,9,"137,000",cancelled,,
G002755,2025-06-20 13:27,Binh Tan,new,,Cash,4,"142,000",delivered,44.7,4.0
G002756,2025-06-20 14:30,Binh Tan,member,Silver,E-wallet,6,"181,000",delivered,46.5,3.0
G002757,2025-06-20 14:33,Thu Duc City,returning,,E-wallet,5,"122,000",delivered,43.0,3.0
G002758,2025-06-20 16:03,District 7,member,Silver,Cash,8,"191,000",delivered,37.8,
G002759,2025-06-20 18:04,Phu Nhuan,new,,Bank transfer,6,"157,000",delivered,39.5,4.0
G002760,2025-06-20 18:23,Go Vap,member,Gold,Bank transfer,6,"187,000",delivered,42.8,3.0
G002761,2025-06-20 18:30,Tan Binh,new,,E-wallet,8,"378,000",delivered,34.3,5.0
G002762,2025-06-20 18:37,Thu Duc City,new,,Bank transfer,9,"174,000",delivered,55.3,
G002763,2025-06-20 18:47,District 10,member,Gold,Card,8,"350,000",delivered,33.5,5.0
G002764,2025-06-20 18:52,District 1,returning,,E-wallet,6,"225,000",delivered,28.8,5.0
G002765,2025-06-20 20:10,Tan Binh,member,Platinum,E-wallet,6,"274,000",delivered,39.7,3.0
G002766,2025-06-20 20:34,District 7,returning,,E-wallet,4,"140,000",delivered,41.8,
G002767,2025-06-20 20:36,District 7,returning,,Card,4,"117,000",delivered,43.8,2.0
G002768,2025-06-20 20:39,District 7,new,,Cash,11,"461,000",delivered,46.9,
G002769,2025-06-20 21:33,Thu Duc City,returning,,Bank transfer,11,"311,000",delivered,46.9,
G002770,2025-06-21 06:36,District 3,returning,,Cash,8,"201,000",delivered,21.7,4.0
G002771,2025-06-21 07:58,Thu Duc City,member,Gold,Cash,5,"215,000",delivered,46.7,
G002772,2025-06-21 10:21,District 3,member,Silver,Cash,9,"262,000",delivered,20.8,
G002773,2025-06-21 11:21,Go Vap,new,,Cash,7,"216,000",delivered,41.5,4.0
G002774,2025-06-21 12:12,Thu Duc City,member,Gold,Bank transfer,14,"317,000",delivered,55.6,
G002775,2025-06-21 12:27,District 3,member,Silver,E-wallet,10,"418,000",delivered,32.0,3.0
G002776,2025-06-21 12:38,District 7,new,,Bank transfer,4,"144,000",delivered,44.5,4.0
G002777,2025-06-21 12:46,Binh Thanh,member,Silver,Cash,8,"281,000",delivered,34.6,
G002778,2025-06-21 15:16,District 7,member,Silver,E-wallet,13,"327,000",delivered,44.7,4.0
G002779,2025-06-21 16:28,District 10,new,,E-wallet,8,"199,000",delivered,22.6,
G002780,2025-06-21 18:43,Phu Nhuan,new,,E-wallet,7,"211,000",delivered,34.9,
G002781,2025-06-21 19:10,Tan Binh,returning,,Cash,5,"176,000",delivered,38.7,3.0
G002782,2025-06-21 19:59,District 1,new,,Cash,15,"599,000",delivered,26.3,5.0
G002783,2025-06-21 21:33,Phu Nhuan,returning,,Cash,12,"467,000",delivered,25.4,
G002784,2025-06-21 23:26,Thu Duc City,member,Silver,Card,7,"221,000",delivered,48.9,3.0
G002786,2025-06-22 10:06,Phu Nhuan,returning,,Cash,8,"297,000",delivered,36.1,3.0
G002787,2025-06-22 12:10,District 7,member,Silver,E-wallet,12,"288,000",delivered,41.9,4.0
G002788,2025-06-22 12:30,District 10,returning,,E-wallet,14,"377,000",delivered,32.7,4.0
G002789,2025-06-22 12:52,Go Vap,new,,Bank transfer,16,"506,000",delivered,40.9,2.0
G002790,2025-06-22 12:58,District 7,member,Gold,E-wallet,6,"239,000",delivered,47.6,
G002791,2025-06-22 13:18,District 7,member,Platinum,E-wallet,10,"247,000",delivered,37.7,3.0
G002792,2025-06-22 14:23,Go Vap,member,Silver,Cash,6,"197,000",delivered,34.3,4.0
G002793,2025-06-22 15:04,Go Vap ,member,Silver,Card,6,"169,000",delivered,45.9,1.0
G002794,2025-06-22 15:11,District 1,member,Silver,Cash,5,"183,000",delivered,22.3,
G002795,2025-06-22 16:51,Binh Thanh,returning,,Cash,13,"406,000",delivered,37.3,4.0
G002796,2025-06-22 17:24,Phu Nhuan,member,Gold,Cash,11,"536,000",delivered,29.7,4.0
G002797,2025-06-22 20:08,Phu Nhuan,new,,E-wallet,10,"311,000",delivered,32.7,
G002798,2025-06-22 20:18,Binh Thanh,new,,Card,7,"116,000",delivered,39.8,3.0
G002799,2025-06-22 20:21,District 3,returning,,Cash,7,"179,000",delivered,34.4,3.0
G002800,2025-06-22 20:46,Binh Tan,member,Platinum,Cash,7,"378,000",delivered,58.0,
G002801,2025-06-22 21:14,Phu Nhuan,returning,,e-wallet,7,"313,000",delivered,26.4,
G002802,2025-06-23 07:37,Thu Duc City,returning,,E-wallet,6,"186,000",delivered,45.7,3.0
G002803,2025-06-23 09:19,Tan Binh,returning,,E-wallet,5,"124,000",delivered,28.8,4.0
G002804,2025-06-23 13:47,District 3,returning,,Bank transfer,9,"238,000",delivered,24.3,4.0
G002805,2025-06-23 14:29,Binh Tan,member,Gold,Cash,4,"129,000",delivered,43.8,3.0
G002806,2025-06-23 15:10,Thu Duc City,member,Silver,E-wallet,6,"236,000",delivered,49.2,
G002807,2025-06-23 15:16,District 1,new,,Bank transfer,12,"526,000",delivered,26.6,5.0
G002808,2025-06-23 15:37,Thu Duc City,returning,,Cash,10,"368,000",delivered,44.5,
G002809,2025-06-23 15:54,Binh Tan,returning,,Cash,5,"128,000",delivered,56.4,1.0
G002810,2025-06-23 16:36,Thu Duc City,member,Gold,Cash,11,"338,000",delivered,45.5,2.0
G002811,2025-06-23 17:17,District 7,returning,,Card,8,"288,000",delivered,44.1,
G002812,2025-06-23 18:04,Phu Nhuan,returning,,Card,4,"169,000",delivered,34.8,4.0
G002813,2025-06-23 18:33,Phu Nhuan,returning,,E-wallet,5,"160,000",delivered,35.1,4.0
G002814,2025-06-23 19:26,Tan Binh,returning,,ewallet,4,"135,000",delivered,35.6,4.0
G002815,2025-06-23 19:58,Phu Nhuan,new,,E-wallet,8,"136,000",delivered,31.6,3.0
G002816,2025-06-23 20:22,Tan Binh,new,,E-wallet,8,"126,000",delivered,41.8,
G002817,2025-06-23 20:54,Binh Tan,returning,,E-wallet,4,"116,000",delivered,49.3,3.0
G002818,2025-06-23 21:24,Phu Nhuan,member,Silver,Bank transfer,4,"108,000",delivered,23.3,5.0
G002819,2025-06-23 22:48,Tan Binh,member,Gold,E-wallet,10,"362,000",delivered,33.0,4.0
G002821,2025-06-24 11:31,Tan Binh,new,,Cash,11,"200,000",cancelled,,
G002822,2025-06-24 11:44,Binh Thanh,new,,Cash,9,"296,000",delivered,36.8,3.0
G002823,2025-06-24 12:18,Phu Nhuan,returning,,Card,11,"440,000",delivered,41.1,
G002824,2025-06-24 12:30,District 7,new,,Momo/ZaloPay,11,"453,000",cancelled,,
G002825,2025-06-24 12:43,District 7,new,,Cash,4,"156,000",delivered,46.2,
G002826,2025-06-24 14:07,District 3,member,Gold,Card,8,"258,000",delivered,23.1,5.0
G002827,2025-06-24 14:45,Binh Tan,returning,,E-wallet,9,"292,000",delivered,42.5,
G002828,2025-06-24 17:46,Go Vap,member,Silver,E-wallet,7,"248,000",cancelled,,
G002829,2025-06-24 19:34,Binh Thanh,returning,,Cash,2,"43,000",delivered,38.1,
G002830,2025-06-24 19:49,Go Vap,returning,,E-wallet,2,"58,000",delivered,46.1,2.0
G002831,2025-06-24 20:24,Thu Duc City,member,Gold,E-wallet,8,"223,000",delivered,55.5,
G002832,2025-06-24 22:54,District 10,new,,Cash,6,"172,000",delivered,26.2,
G002833,2025-06-25 07:23,Binh Thanh,returning,,E-wallet,6,"214,000",delivered,28.3,5.0
G002834,2025-06-25 09:22,Go Vap,member,Silver,Card,2,"80,000",delivered,36.0,3.0
G002835,2025-06-25 09:46,District 7,member,Silver,Cash,12,"476,000",delivered,33.1,
G002836,2025-06-25 11:17,Tan Binh,member,Gold,Bank transfer,4,"130,000",delivered,37.3,
G002837,2025-06-25 12:22,District 3,returning,,E-wallet,9,"330,000",delivered,41.6,
G002838,2025-06-25 12:51,Thu Duc City,member,Gold,E-wallet,4,"124,000",delivered,59.5,1.0
G002839,2025-06-25 13:02,District 10,returning,,E-wallet,3,"98,000",delivered,24.9,4.0
G002840,2025-06-25 13:06,Binh Thanh,returning,,E-wallet,1,"37,000",delivered,26.1,5.0
G002841,2025-06-25 14:59,Go Vap,member,Gold,Cash,2,"37,000",delivered,37.4,4.0
G002842,2025-06-25 15:09,Binh Thanh,member,Gold,E-wallet,10,"366,000",delivered,26.9,3.0
G002843,2025-06-25 15:09,Tan Binh,returning,,Bank transfer,5,"157,000",delivered,35.6,4.0
G002844,2025-06-25 16:02,Thu Duc City,member,Silver,E-wallet,11,"432,000",delivered,46.2,3.0
G002845,2025-06-25 16:52,District 10,returning,,E-wallet,11,"385,000",cancelled,,
G002846,2025-06-25 17:49,Phu Nhuan,returning,,E-wallet,9,"331,000",delivered,25.2,5.0
G002847,2025-06-25 17:57,Thu Duc City,member,Platinum,E-wallet,5,"228,000",delivered,49.3,
G002848,2025-06-25 19:52,Binh Tan,returning,,Cash,10,"284,000",delivered,48.7,1.0
G002849,2025-06-26 09:52,Binh thanh,returning,,Cash,10,"281,000",delivered,31.1,5.0
G002850,2025-06-26 10:53,District 3,returning,,Card,5,"189,000",delivered,25.3,5.0
G002851,2025-06-26 12:00,Binh Thanh,new,,E-wallet,6,"221,000",delivered,43.5,2.0
G002852,2025-06-26 13:00,District 7,returning,,Card,6,"195,000",delivered,42.9,2.0
G002853,2025-06-26 13:41,District 7,returning,,Bank transfer,3,"118,000",delivered,32.7,
G002854,2025-06-26 14:45,Phu Nhuan,new,,Cash,5,"114,000",cancelled,,
G002855,2025-06-26 15:14,Thu Duc City,new,,E-wallet,7,"246,000",delivered,51.1,4.0
G002856,2025-06-26 17:41,Phu Nhuan,returning,,Bank transfer,8,"311,000",delivered,32.0,4.0
G002857,2025-06-26 18:59,Phu Nhuan,returning,,Card,7,"274,000",delivered,33.8,
G002858,2025-06-26 19:26,Go Vap,returning,,Card,7,"198,000",delivered,45.7,
G002859,2025-06-26 19:41,Binh Thanh,new,,Cash,8,"322,000",delivered,33.1,3.0
G002860,2025-06-26 19:57,District 3,returning,,Cash,5,"102,000",delivered,41.1,
G002861,2025-06-26 20:45,Phu Nhuan,new,,E-wallet,8,"350,000",cancelled,,
G002862,2025-06-26 22:17,Tan Binh,returning,,E-wallet,8,"307,000",delivered,35.4,5.0
G002863,2025-06-27 09:31,Go Vap,new,,Bank transfer,8,"270,000",delivered,38.2,3.0
G002864,2025-06-27 10:31,Thu Duc City,member,Silver,Card,8,"334,000",delivered,51.4,2.0
G002865,2025-06-27 12:38,District 1,member,Gold,Card,5,"108,000",delivered,32.8,4.0
G002866,2025-06-27 12:56,District 7,member,Silver,Bank transfer,8,"178,000",delivered,45.1,2.0
G002867,2025-06-27 13:25,District 7,member,Platinum,Cash,5,"216,000",delivered,35.8,4.0
G002868,2025-06-27 13:29,District 7,returning,,E-wallet,5,"69,000",cancelled,,
G002870,2025-06-27 14:36,Q7,returning,,E-wallet,5,"140,000",delivered,33.3,
G002871,2025-06-27 15:00,District 7,member,Silver,Cash,9,"312,000",delivered,31.8,4.0
G002872,2025-06-27 15:52,Tan Binh,new,,E-wallet,6,"222,000",delivered,26.6,4.0
G002873,2025-06-27 16:13,District 7,returning,,Cash,12,"432,000",delivered,33.6,4.0
G002874,2025-06-27 16:17,Phu Nhuan,member,Silver,E-wallet,6,"241,000",delivered,30.0,
G002875,2025-06-27 16:45,district 1,new,,Card,10,"320,000",delivered,25.1,5.0
G002876,2025-06-27 18:12,District 1,member,Gold,E-wallet,7,"226,000",delivered,26.5,
G002877,2025-06-27 18:18,District 7,member,Silver,Cash,4,"150,000",delivered,47.0,2.0
G002878,2025-06-27 18:20,Tan Binh,member,Silver,E-wallet,5,"127,000",delivered,39.8,
G002879,2025-06-27 18:28,Phu Nhuan,new,,E-wallet,5,"182,000",delivered,35.9,5.0
G002880,2025-06-27 18:41,Go Vap,new,,Cash,6,"139,000",delivered,45.6,
G002881,2025-06-27 18:43,District 3,returning,,E-wallet,11,"386,000",delivered,30.9,
G002882,2025-06-27 18:45,Tan Binh,returning,,E-wallet,7,"267,000",delivered,43.3,3.0
G002883,2025-06-27 19:41,Binh Thanh,returning,,Bank transfer,7,"217,000",delivered,35.2,
G002884,2025-06-27 20:08,District 7,new,,E-wallet,5,"180,000",delivered,48.0,3.0
G002885,2025-06-27 21:43,Tan Binh,new,,Bank transfer,7,"289,000",delivered,28.4,4.0
G002886,2025-06-27 22:56,Go Vap,returning,,Card,9,"290,000",cancelled,,
G002887,2025-06-28 07:47,Binh Thanh,member,Platinum,Card,10,"420,000",delivered,27.2,4.0
G002888,2025-06-28 08:45,Thu Duc City,returning,,Card,9,"348,000",delivered,53.2,2.0
G002889,2025-06-28 10:44,District 7,member,Gold,Card,7,"214,000",delivered,34.5,5.0
G002890,2025-06-28 12:53,Go Vap,member,Silver,Cash,9,"357,000",delivered,48.6,2.0
G002891,2025-06-28 17:16,District 1,new,,Card,8,"266,000",delivered,22.3,5.0
G002893,2025-06-28 19:34,Go Vap,returning,,Card,9,"258,000",cancelled,,
G002894,2025-06-28 19:46,Binh Tan,new,,Card,5,"161,000",delivered,51.7,1.0
G002895,2025-06-28 19:49,Phu Nhuan,new,,Cash,8,"277,000",delivered,40.8,2.0
G002896,2025-06-28 19:54,Thu Duc City,member,Silver,Bank transfer,9,"368,000",delivered,55.5,
G002897,2025-06-28 20:41,District 3,new,,Cash,13,"317,000",delivered,28.1,
G002898,2025-06-28 23:02,District 1,new,,E-wallet,4,"85,000",delivered,24.5,
G002899,2025-06-29 10:36,Binh Thanh,returning,,Cash,15,"492,000",delivered,27.8,
G002900,2025-06-29 11:30,Go Vap,returning,,E-wallet,10,"309,000",delivered,45.7,2.0
G002901,2025-06-29 11:36,District 10,member,Silver,Bank transfer,16,"605,000",delivered,47.3,
G002902,2025-06-29 12:52,Binh Tan,returning,,E-wallet,8,"350,000",delivered,59.8,
G002903,2025-06-29 13:28,Binh Tan,returning,,Card,9,"233,000",delivered,41.9,
G002904,2025-06-29 13:30,Phu Nhuan,new,,E-wallet,6,"250,000",cancelled,,
G002905,2025-06-29 14:34,District 1,returning,,Cash,9,"246,000",delivered,19.2,5.0
G002906,2025-06-29 14:50,District 7,returning,,Card,6,"265,000",delivered,41.3,3.0
G002907,2025-06-29 14:58,Tan Binh,returning,,E-wallet,8,"279,000",delivered,30.2,
G002908,2025-06-29 15:10,Binh Thanh,new,,Bank transfer,10,"287,000",delivered,31.5,5.0
G002909,2025-06-29 15:49,Tan Binh,member,Silver,Card,7,"223,000",delivered,29.5,5.0
G002910,2025-06-29 17:33,Go Vap,returning,,E-wallet,11,"378,000",delivered,42.7,2.0
G002911,2025-06-29 17:55,Binh Thanh,returning,,Cash,8,"188,000",delivered,35.2,4.0
G002912,2025-06-29 19:25,District 1,member,Silver,E-wallet,6,"163,000",delivered,29.5,4.0
G002913,2025-06-29 19:50,District 7,returning,,E-wallet,8,"240,000",delivered,41.2,3.0
G002914,2025-06-29 19:54,District 3,member,Platinum,E-wallet,8,"397,000",delivered,28.2,5.0
G002915,2025-06-29 21:47,District 10,member,Gold,Card,10,"384,000",delivered,29.4,
G002916,2025-06-29 23:42,Tan Binh,new,,E-wallet,7,"222,000",delivered,45.4,2.0
G002917,2025-06-30 07:44,Binh Tan,member,Gold,Cash,9,"183,000",delivered,43.9,4.0
G002918,2025-06-30 08:25,Binh Thanh,new,,Cash,4,"153,000",delivered,26.8,4.0
G002919,2025-06-30 10:22,Tan Binh,new,,Bank transfer,5,"115,000",delivered,27.3,
G002920,2025-06-30 10:53,Thu Duc City,returning,,Cash,7,"211,000",delivered,45.1,
G002921,2025-06-30 11:37,District 1,member,Gold,Bank transfer,7,,delivered,29.3,3.0
G002922,2025-06-30 14:45,District 3,member,Silver,E-wallet,7,"212,000",delivered,31.3,3.0
G002923,2025-06-30 14:49,Binh Thanh,new,,E-wallet,11,"252,000",delivered,25.6,4.0
G002924,2025-06-30 15:37,Binh Tan,returning,,Cash,4,"149,000",delivered,43.9,2.0
G002925,2025-06-30 17:18,Thu Duc City,new,,Card,8,"321,000",delivered,45.1,3.0
G002926,2025-06-30 17:28,Phu Nhuan,new,,Bank transfer,3,"86,000",delivered,40.1,
G002927,2025-06-30 17:40,Binh Thanh,returning,,Cash,8,"207,000",delivered,26.8,
G002928,2025-06-30 17:45,Tan Binh,new,,Card,7,"207,000",delivered,27.8,
G002929,2025-06-30 18:23,District 3,member,Gold,E-wallet,9,"251,000",delivered,29.5,4.0
G002930,2025-06-30 18:47,District 1,member,Silver,E-wallet,8,"249,000",delivered,32.5,
G002931,2025-06-30 20:25,Thu Duc City,returning,,Card,10,"298,000",delivered,54.9,
G002932,2025-06-30 21:02,District 10,returning,,E-wallet,7,"297,000",delivered,25.9,
G002933,2025-07-01 07:58,Phu Nhuan,returning,,Cash,8,"184,000",delivered,28.9,
G002934,2025-07-01 13:36,District 7,new,,Card,11,"344,000",delivered,42.4,4.0
G002935,2025-07-01 14:29,Binh Thanh,new,,E-wallet,5,"190,000",delivered,32.7,4.0
G002936,2025-07-01 15:33,Go Vap,new,,Cash,4,"96,000",delivered,36.2,4.0
G002937,2025-07-01 15:36,Thu Duc City,returning,,Bank transfer,10,"282,000",cancelled,,
G002938,2025-07-01 16:14,District 10,new,,E-wallet,8,"298,000",delivered,25.9,5.0
G002939,2025-07-01 16:15,District 3,returning,,E-wallet,4,"110,000",delivered,24.0,5.0
G002940,2025-07-01 17:10,Phu Nhuan,returning,,E-wallet,9,"354,000",delivered,30.9,
G002941,2025-07-01 17:33,Phu Nhuan,returning,,E-wallet,4,"110,000",delivered,28.1,3.0
G002942,2025-07-01 18:09,Thu Duc City,returning,,Bank transfer,3,"72,000",delivered,52.8,2.0
G002943,2025-07-01 19:15,Phu Nhuan,returning,,E-wallet,8,"289,000",delivered,40.3,3.0
G002944,2025-07-01 19:26,District 10,member,Gold,E-wallet,7,"222,000",delivered,36.9,4.0
G002945,2025-07-01 20:57,Tan Binh,member,Platinum,E-wallet,7,"347,000",delivered,37.6,3.0
G002946,2025-07-01 21:15,Tan Binh,returning,,E-wallet,6,"185,000",delivered,26.4,5.0
G002947,2025-07-01 21:18,Phu Nhuan,returning,,E-wallet,8,"200,000",delivered,26.0,4.0
G002948,2025-07-01 22:32,Binh Thanh,member,Gold,Cash,7,"254,000",delivered,31.9,4.0
G002949,2025-07-02 09:37,District 7,new,,Cash,5,"183,000",delivered,38.7,3.0
G002950,2025-07-02 12:05,Quận 7,member,Gold,Card,7,"251,000",delivered,40.7,3.0
G002951,2025-07-02 14:09,District 7,returning,,E-wallet,6,"211,000",delivered,35.3,
G002952,2025-07-02 14:33,District 7,returning,,Bank transfer,6,"178,000",delivered,37.2,4.0
G002953,2025-07-02 16:38,Go Vap,member,Silver,Card,7,"216,000",delivered,36.4,
G002954,2025-07-02 18:24,Binh Thanh,returning,,Bank transfer,11,"280,000",delivered,35.5,4.0
G002955,2025-07-02 20:31,Go Vap,member,Silver,E-wallet,6,"208,000",delivered,51.6,
G002956,2025-07-03 09:17,Go Vap,returning,,Card,6,"213,000",delivered,35.5,
G002957,2025-07-03 09:23,Go Vap,new,,E-wallet,4,"100,000",delivered,39.1,3.0
G002958,2025-07-03 09:40,Tan Binh,returning,,Card,7,"207,000",delivered,47.6,3.0
G002959,2025-07-03 10:31,Tan Binh,returning,,Cash,7,"236,000",delivered,26.7,5.0
G002960,2025-07-03 12:26,Thu Duc City,returning,,E-wallet,5,"213,000",delivered,53.1,2.0
G002961,2025-07-03 12:31,Binh Thanh,returning,,Cash,7,"228,000",delivered,36.7,
G002962,2025-07-03 12:43,District 1,member,Gold,E-wallet,8,"255,000",delivered,26.7,
G002963,2025-07-03 14:03,Binh Tan,member,Platinum,E-wallet,8,"265,000",delivered,44.6,3.0
G002965,2025-07-03 19:00,District 1,member,Gold,E-wallet,7,"225,000",cancelled,,
G002966,2025-07-03 19:52,District 7,member,Silver,E-wallet,9,"304,000",delivered,52.0,
G002967,2025-07-03 20:41,Binh Thanh,new,,Cash,9,"303,000",delivered,35.1,
G002968,2025-07-03 21:21,Go Vap,returning,,Cash,12,"409,000",delivered,39.7,4.0
G002969,2025-07-04 08:40,Phu Nhuan,member,Silver,E-wallet,9,"267,000",delivered,25.9,
G002970,2025-07-04 12:14,Thu Duc City,returning,,Card,4,"101,000",delivered,53.2,
G002971,2025-07-04 12:36,Binh Thanh,returning,,E-wallet,4,"99,000",delivered,34.6,
G002972,2025-07-04 12:51,Binh Thanh,returning,,E-wallet,11,"209,000",delivered,33.8,5.0
G002973,2025-07-04 13:00,Binh Thanh,returning,,Cash,6,"202,000",delivered,31.5,4.0
G002974,2025-07-04 13:44,Binh Tan,new,,E-wallet,4,"166,000",delivered,42.3,3.0
G002975,2025-07-04 15:30,Q7,returning,,Card,6,"180,000",delivered,31.9,
G002976,2025-07-04 18:41,Binh Tan,new,,Bank transfer,11,"248,000",delivered,57.2,2.0
G002977,2025-07-04 19:04,Go Vap,returning,,Bank transfer,4,"153,000",delivered,46.4,
G002978,2025-07-04 19:12,Thu Duc City,member,Gold,Cash,6,"157,000",delivered,56.6,
G002979,2025-07-04 19:32,Thu Duc City,member,Silver,Cash,5,"164,000",delivered,51.7,
G002980,2025-07-04 23:31,Thu Duc City,returning,,Card,5,"136,000",delivered,55.6,
G002981,2025-07-05 10:01,District 7,new,,E-wallet,10,"274,000",delivered,35.6,3.0
G002982,2025-07-05 10:41,Phu Nhuan,returning,,Bank transfer,3,"75,000",delivered,24.3,3.0
G002983,2025-07-05 11:09,Thu Duc City,returning,,Cash,6,"210,000",delivered,67.8,2.0
G002984,2025-07-05 12:06,District 7,member,Gold,E-wallet,11,"355,000",delivered,41.5,
G002985,2025-07-05 12:29,Binh Thanh,new,,e-wallet,7,"214,000",delivered,35.7,4.0
G002986,2025-07-05 13:05,Binh Tan,member,Silver,Cash,9,"349,000",delivered,58.6,3.0
G002987,2025-07-05 14:07,Binh Thanh,member,Silver,E-wallet,16,"464,000",cancelled,,
G002988,2025-07-05 15:24,Go Vap,new,,Cash,3,"111,000",delivered,38.8,
G002989,2025-07-05 15:46,Binh Thanh,new,,E-wallet,8,"162,000",delivered,34.7,4.0
G002990,2025-07-05 16:16,District 3,returning,,E-wallet,13,"474,000",delivered,27.2,
G002991,2025-07-05 17:00,District 1,member,Gold,E-wallet,14,"514,000",delivered,22.5,4.0
G002992,2025-07-05 17:51,District 7,new,,Cash,11,"378,000",delivered,36.2,
G002993,2025-07-05 18:53,District 10,returning,,E-wallet,8,"307,000",delivered,35.5,4.0
G002994,2025-07-05 19:38,Thu Duc City,returning,,Cash,9,"359,000",delivered,60.7,
G002995,2025-07-05 20:12,District 3,returning,,Card,10,"350,000",delivered,29.4,5.0
G002996,2025-07-05 20:38,District 7,returning,,Cash,15,"473,000",delivered,43.4,4.0
G002997,2025-07-05 20:50,District 1,returning,,Card,8,"239,000",delivered,27.0,
G002998,2025-07-05 21:30,Binh Tan,returning,,Bank transfer,9,"280,000",delivered,45.1,
G002999,2025-07-05 21:30,Tan Binh,returning,,E-wallet,5,"168,000",delivered,30.1,4.0
G003000,2025-07-05 21:55,District 7,new,,E-wallet,9,"362,000",delivered,33.2,
G003001,2025-07-05 22:49,Phu Nhuan,returning,,E-wallet,10,"390,000",delivered,28.6,3.0
G003002,2025-07-06 09:20,District 3,returning,,E-wallet,8,"348,000",delivered,25.1,
G003003,2025-07-06 10:23,Thu Duc City,member,Silver,Card,12,"301,000",delivered,49.1,
G003004,2025-07-06 17:29,Phu Nhuan,returning,,Card,13,"513,000",delivered,23.8,4.0
G003005,2025-07-06 18:20,Thu Duc City,returning,,Cash,9,"316,000",delivered,50.6,
G003006,2025-07-06 20:27,District 7,member,Gold,Card,9,"360,000",delivered,40.5,
G003007,2025-07-06 21:57,Binh Thanh,member,Silver,E-wallet,13,"396,000",delivered,25.8,
G003008,2025-07-06 22:09,District 7,returning,,E-wallet,12,"280,000",delivered,36.6,
G003009,2025-07-06 23:32,Binh Tan,returning,,E-wallet,9,"300,000",delivered,46.5,1.0
G003010,2025-07-07 09:26,Tan Binh,new,,E-wallet,5,"191,000",delivered,29.8,4.0
G003011,2025-07-07 10:27,TP Thu Duc,returning,,E-wallet,10,"403,000",delivered,46.1,3.0
G003012,2025-07-07 11:14,District 10,returning,,E-wallet,3,"70,000",delivered,34.5,3.0
G003013,2025-07-07 12:21,Binh Tan,returning,,E-wallet,9,"269,000",delivered,62.2,1.0
G003014,2025-07-07 12:36,Go Vap,member,Gold,E-wallet,7,"176,000",delivered,44.3,3.0
G003015,2025-07-07 13:53,Phu Nhuan,returning,,E-wallet,8,"342,000",delivered,31.2,
G003016,2025-07-07 14:18,Binh Tan,member,Silver,E-wallet,5,"162,000",delivered,48.6,
G003017,2025-07-07 16:33,Quận 7,member,Silver,E-wallet,5,"142,000",delivered,41.4,2.0
G003018,2025-07-07 18:34,District 3,new,,Cash,7,"231,000",delivered,33.6,4.0
G003019,2025-07-07 18:59,TP Thu Duc,new,,Bank transfer,9,"427,000",delivered,53.8,3.0
G003020,2025-07-07 19:21,Tan Binh,returning,,Card,7,"152,000",delivered,44.6,2.0
G003021,2025-07-07 21:24,District 1,new,,Cash,7,"272,000",delivered,21.1,5.0
G003022,2025-07-07 21:52,Binh Thanh,returning,,E-wallet,10,"382,000",delivered,30.7,4.0
G003023,2025-07-08 08:44,Thu Duc City,new,,Card,9,"250,000",delivered,46.5,
G003024,2025-07-08 08:59,Binh Tan,member,Silver,E-wallet,8,"181,000",delivered,41.7,3.0
G003025,2025-07-08 11:43,District 1,member,Silver,Bank transfer,8,"259,000",delivered,28.2,3.0
G003026,2025-07-08 12:10,Binh Tan,new,,E-wallet,4,"154,000",delivered,52.2,2.0
G003027,2025-07-08 12:41,District 10,returning,,E-wallet,7,"238,000",delivered,34.3,3.0
G003028,2025-07-08 12:44,Thu Duc City,returning,,Card,5,"196,000",delivered,54.4,2.0
G003029,2025-07-08 12:45,Binh Thanh,new,,E-wallet,6,"184,000",delivered,39.5,3.0
G003030,2025-07-08 15:22,District 3,returning,,E-wallet,8,"248,000",delivered,24.4,
G003031,2025-07-08 17:16,Thu Duc City,new,,E-wallet,6,"252,000",delivered,49.8,2.0
G003032,2025-07-08 17:36,District 3,returning,,Card,8,"186,000",delivered,31.9,
G003033,2025-07-08 18:04,Phu Nhuan,returning,,E-wallet,8,"204,000",delivered,34.6,5.0
G003034,2025-07-08 18:06,District 3,member,Gold,E-wallet,6,"172,000",delivered,40.2,
G003035,2025-07-08 18:23,Tan Binh,member,Silver,E-wallet,3,"93,000",cancelled,,
G003036,2025-07-08 18:43,Tan Binh,member,Silver,Cash,13,"497,000",delivered,45.8,4.0
G003037,2025-07-08 18:44,District 1,returning,,Cash,5,"194,000",delivered,27.1,
G003038,2025-07-08 18:52,Binh Thanh,returning,,Cash,6,"213,000",cancelled,,
G003039,2025-07-08 19:09,Phu Nhuan,member,Platinum,Bank transfer,7,"307,000",delivered,36.4,3.0
G003040,2025-07-08 19:22,Binh Thanh,returning,,Card,8,"222,000",delivered,33.6,4.0
G003041,2025-07-08 19:54,Go Vap,returning,,Card,7,"243,000",delivered,56.7,3.0
G003042,2025-07-08 20:09,District 1,new,,Cash,8,"203,000",delivered,26.6,
G003043,2025-07-08 23:48,District 3,returning,,E-wallet,7,"207,000",delivered,20.9,5.0
G003044,2025-07-09 09:35,Phu Nhuan,returning,,Card,10,"395,000",delivered,30.9,
G003045,2025-07-09 09:50,District 10,returning,,Bank transfer,7,"140,000",delivered,30.4,
G003046,2025-07-09 10:57,Binh Thanh,returning,,Card,9,"227,000",cancelled,,
G003047,2025-07-09 11:32,Go Vap,new,,E-wallet,6,"224,000",delivered,49.4,3.0
G003048,2025-07-09 12:01,Thu Duc City,returning,,Cash,6,"212,000",delivered,50.7,
G003049,2025-07-09 13:44,Tan Binh,new,,Cash,6,"128,000",cancelled,,
G003050,2025-07-09 13:58,District 7,member,Silver,E-wallet,7,"177,000",delivered,35.1,5.0
G003051,2025-07-09 14:38,Tan Binh,new,,E-wallet,15,"555,000",delivered,29.2,4.0
G003052,2025-07-09 17:37,District 10,returning,,Card,5,"132,000",delivered,38.3,
G003053,2025-07-09 18:00,District 10,member,Platinum,Cash,7,"240,000",delivered,34.7,3.0
G003054,2025-07-09 18:43,District 10,member,Gold,Cash,4,"201,000",delivered,34.8,5.0
G003055,2025-07-09 18:47,Tan Binh,returning,,Card,6,"194,000",delivered,41.3,2.0
G003056,2025-07-09 19:12,Thu Duc City,returning,,E-wallet,6,"213,000",delivered,54.6,3.0
G003057,2025-07-09 20:37,District 10,member,Silver,E-wallet,6,"165,000",delivered,33.7,4.0
G003058,2025-07-09 21:21,District 10,returning,,E-wallet,8,"170,000",delivered,25.0,5.0
G003059,2025-07-09 21:28,Phu Nhuan,returning,,Bank transfer,7,"229,000",delivered,30.5,4.0
G003060,2025-07-09 21:44,Binh Tan,returning,,E-wallet,11,"445,000",delivered,41.8,2.0
G003061,2025-07-10 12:06,Q7,returning,,Card,13,"416,000",delivered,41.7,3.0
G003062,2025-07-10 12:49,District 7,returning,,Card,10,"351,000",delivered,40.4,2.0
G003063,2025-07-10 13:23,District 1,member,Gold,Bank transfer,5,"251,000",delivered,27.2,5.0
G003064,2025-07-10 15:38,District 1,new,,E-wallet,5,"142,000",delivered,24.0,5.0
G003065,2025-07-10 15:38,District 3,returning,,Bank transfer,9,"302,000",delivered,21.1,5.0
G003066,2025-07-10 18:29,Go Vap,returning,,Bank transfer,4,"111,000",delivered,50.1,
G003067,2025-07-10 19:47,Tan Binh,returning,,E-wallet,8,"255,000",delivered,38.8,3.0
G003068,2025-07-10 20:09,District 3,member,Silver,E-wallet,9,"195,000",delivered,28.7,5.0
G003069,2025-07-10 20:18,District 3,new,,Card,6,"136,000",delivered,31.5,5.0
G003070,2025-07-10 20:50,District 7,returning,,Cash,13,"479,000",delivered,42.9,3.0
G003071,2025-07-10 21:44,Binh Tan,member,Silver,E-wallet,8,"297,000",delivered,50.2,
G003072,2025-07-11 06:01,District 7,returning,,Momo/ZaloPay,11,"291,000",delivered,39.7,
G003073,2025-07-11 06:10,District 1,new,,Cash,6,"207,000",delivered,20.0,4.0
G003074,2025-07-11 10:36,Go Vap,new,,Card,8,"220,000",delivered,37.3,3.0
G003075,2025-07-11 11:54,Binh Thanh,returning,,Card,5,"192,000",delivered,38.2,
G003076,2025-07-11 12:17,Thu Duc City,returning,,E-wallet,4,"140,000",delivered,53.6,1.0
G003077,2025-07-11 12:41,Thu Duc City,returning,,E-wallet,9,"289,000",delivered,57.7,3.0
G003078,2025-07-11 13:19,Go Vap,new,,Cash,7,"157,000",delivered,33.8,2.0
G003079,2025-07-11 13:55,Phu Nhuan,member,Gold,E-wallet,6,"227,000",delivered,30.1,
G003080,2025-07-11 14:16,District 1,returning,,E-wallet,12,"384,000",delivered,21.9,5.0
G003081,2025-07-11 16:53,Binh Thanh,returning,,E-wallet,11,"259,000",delivered,36.3,5.0
G003082,2025-07-11 17:10,District 1,returning,,Cash,7,"245,000",delivered,21.5,
G003083,2025-07-11 18:03,District 3,new,,Card,7,"190,000",delivered,35.0,
G003084,2025-07-11 18:05,Phu Nhuan,new,,Cash,7,"219,000",delivered,39.5,3.0
G003085,2025-07-11 18:36,Thu Duc City,new,,Cash,7,"160,000",delivered,54.6,2.0
G003086,2025-07-11 19:21,District 7,member,Silver,Cash,11,"244,000",delivered,45.9,3.0
G003087,2025-07-11 19:48,Phu Nhuan,returning,,Bank transfer,6,"151,000",delivered,37.4,3.0
G003088,2025-07-11 21:25,Phu Nhuan,returning,,Cash,8,"156,000",delivered,27.2,
G003089,2025-07-11 21:55,District 3,new,,Cash,8,"258,000",cancelled,,
G003090,2025-07-11 23:38,district 1,new,,E-wallet,7,"150,000",delivered,24.3,
G003091,2025-07-12 08:33,Binh Thanh,member,Silver,Bank transfer,11,"320,000",delivered,32.0,4.0
G003092,2025-07-12 10:59,Phu Nhuan,returning,,E-wallet,15,"567,000",delivered,24.1,4.0
G003093,2025-07-12 12:12,Binh Thanh,returning,,Cash,8,"229,000",delivered,36.1,
G003094,2025-07-12 12:25,district 1,new,,E-wallet,6,"182,000",delivered,31.8,
G003095,2025-07-12 12:33,Go Vap,returning,,E-wallet,11,"499,000",delivered,44.9,
G003096,2025-07-12 14:08,District 10,returning,,E-wallet,5,"193,000",delivered,23.3,5.0
G003097,2025-07-12 14:25,District 10,new,,E-wallet,11,"416,000",delivered,25.7,
G003098,2025-07-12 17:04,Binh Thanh,returning,,Bank transfer,9,"342,000",delivered,29.4,
G003099,2025-07-12 18:56,Phu Nhuan,returning,,e-wallet,10,"411,000",delivered,35.9,4.0
G003100,2025-07-12 19:48,District 1,member,Silver,Card,8,"226,000",delivered,28.6,4.0
G003101,2025-07-12 19:49,Binh Tan,returning,,Cash,11,"376,000",delivered,56.7,
G003102,2025-07-12 20:22,Binh Thanh,member,Gold,E-wallet,8,"223,000",delivered,34.0,
G003103,2025-07-12 21:13,District 3,returning,,E-wallet,8,"317,000",delivered,22.7,4.0
G003104,2025-07-13 10:45,Go Vap,member,Silver,E-wallet,7,"138,000",cancelled,,
G003105,2025-07-13 10:51,Tan Binh,returning,,E-wallet,7,"260,000",delivered,38.9,
G003106,2025-07-13 12:01,Thu Duc City,member,Silver,E-wallet,7,"208,000",delivered,53.6,2.0
G003107,2025-07-13 12:54,Thu Duc City,returning,,Cash,10,"266,000",delivered,54.9,2.0
G003108,2025-07-13 13:10,Tan Binh,returning,,Cash,7,"243,000",delivered,36.3,4.0
G003109,2025-07-13 13:14,District 10,returning,,E-wallet,16,"589,000",cancelled,,
G003110,2025-07-13 14:12,Go Vap,returning,,Cash,14,"401,000",delivered,48.5,4.0
G003111,2025-07-13 14:52,Thu Duc City,returning,,E-wallet,9,"192,000",delivered,42.9,3.0
G003112,2025-07-13 15:42,District 7,member,Gold,E-wallet,14,"454,000",delivered,34.7,
G003113,2025-07-13 16:10,Thu Duc City,member,Silver,Card,10,"417,000",delivered,43.8,1.0
G003114,2025-07-13 17:05,Phu Nhuan,returning,,Bank transfer,11,"511,000",delivered,26.8,5.0
G003115,2025-07-13 17:13,Go Vap,member,Silver,E-wallet,12,"326,000",delivered,35.1,3.0
G003116,2025-07-13 21:29,Thu Duc City,new,,Card,12,"484,000",delivered,51.1,
G003117,2025-07-14 09:18,District 7,member,Silver,E-wallet,7,"248,000",delivered,43.3,4.0
G003118,2025-07-14 10:01,Go Vap,returning,,Card,9,"279,000",delivered,34.2,
G003119,2025-07-14 10:58,Thu Duc City,returning,,Cash,6,"228,000",delivered,44.3,2.0
G003120,2025-07-14 11:49,Thu Duc City,returning,,Card,5,"208,000",delivered,56.9,1.0
G003121,2025-07-14 12:32,Go Vap,returning,,Bank transfer,8,"171,000",delivered,44.6,
G003122,2025-07-14 12:39,District 10,new,,E-wallet,7,"179,000",delivered,31.7,
G003123,2025-07-14 16:27,Tan Binh,member,Silver,E-wallet,9,"306,000",delivered,31.2,5.0
G003124,2025-07-14 17:18,District 10,returning,,E-wallet,3,"113,000",delivered,24.4,
G003125,2025-07-14 17:33,District 7,returning,,Bank transfer,11,"318,000",delivered,32.9,
G003126,2025-07-14 17:53,Binh Tan,new,,Card,4,"104,000",delivered,41.3,
G003127,2025-07-14 18:33,District 7,member,Silver,E-wallet,9,"211,000",delivered,43.0,3.0
G003128,2025-07-14 18:50,District 1,returning,,Cash,10,"400,000",delivered,28.0,5.0
G003129,2025-07-14 18:52,Phu Nhuan,new,,E-wallet,6,"177,000",delivered,32.9,5.0
G003130,2025-07-14 19:29,Tan Binh,new,,E-wallet,10,"332,000",delivered,55.5,
G003131,2025-07-14 19:31,Binh Tan,new,,Cash,9,"286,000",delivered,56.6,
G003132,2025-07-14 19:49,Binh Thanh,returning,,E-wallet,5,"225,000",delivered,36.4,3.0
G003134,2025-07-14 21:31,District 1,returning,,Card,5,"141,000",delivered,29.8,5.0
G003135,2025-07-15 11:16,Tan Binh,new,,Card,8,"308,000",delivered,45.5,2.0
G003136,2025-07-15 11:56,District 1,new,,Cash,7,"245,000",delivered,27.9,5.0
G003137,2025-07-15 14:39,Tan Binh,returning,,Bank transfer,13,"364,000",delivered,33.6,
G003138,2025-07-15 16:06,Go Vap,member,Platinum,E-wallet,8,"318,000",delivered,33.5,4.0
G003139,2025-07-15 17:08,Go Vap,member,Gold,Card,5,"132,000",delivered,43.0,
G003140,2025-07-15 18:32,Binh Thanh,member,Gold,Cash,7,"176,000",delivered,34.9,
G003141,2025-07-15 19:13,Binh Thanh,new,,Cash,5,"138,000",delivered,38.2,3.0
G003142,2025-07-15 19:42,District 3,returning,,E-wallet,5,"150,000",delivered,32.8,
G003143,2025-07-15 20:06,District 3,returning,,E-wallet,5,"113,000",delivered,35.5,3.0
G003144,2025-07-15 20:58,District 3,member,Silver,Card,7,"157,000",cancelled,,
G003145,2025-07-16 07:33,District 3,returning,,E-wallet,7,"330,000",delivered,22.2,5.0
G003146,2025-07-16 10:25,Thu Duc City,member,Gold,Cash,10,"315,000",delivered,45.3,
G003147,2025-07-16 12:34,District 10,returning,,E-wallet,4,"86,000",delivered,36.8,3.0
G003148,2025-07-16 12:57,Go Vap,returning,,Bank transfer,12,"296,000",delivered,43.4,
G003149,2025-07-16 13:55,Tan Binh,new,,E-wallet,9,"318,000",delivered,37.0,
G003150,2025-07-16 14:00,District 10,new,,E-wallet,4,"139,000",delivered,29.7,
G003151,2025-07-16 15:00,Thu Duc City,returning,,Cash,5,"202,000",delivered,45.6,
G003152,2025-07-16 15:07,District 7,member,Silver,Cash,7,"237,000",delivered,45.0,2.0
G003153,2025-07-16 17:18,Binh Tan,new,,Bank transfer,6,"145,000",delivered,43.4,4.0
G003154,2025-07-16 17:29,District 7,new,,E-wallet,6,"227,000",delivered,34.9,4.0
G003155,2025-07-16 19:13,Tan Binh,new,,Cash,6,"139,000",delivered,46.3,3.0
G003156,2025-07-16 21:18,Tan Binh,member,Silver,E-wallet,7,"174,000",delivered,36.0,3.0
G003157,2025-07-17 11:16,Tan Binh,returning,,E-wallet,6,"210,000",delivered,34.9,
G003158,2025-07-17 11:50,Thu Duc City,new,,Bank transfer,5,"163,000",delivered,53.0,
G003159,2025-07-17 13:18,District 1,new,,Bank transfer,5,"136,000",delivered,34.7,
G003160,2025-07-17 13:47,Phu Nhuan,returning,,E-wallet,6,"215,000",delivered,26.6,5.0
G003161,2025-07-17 16:33,Binh Tan,new,,E-wallet,7,"171,000",delivered,42.7,2.0
G003162,2025-07-17 18:46,Thu Duc City,member,Gold,Card,7,"244,000",delivered,50.7,
G003163,2025-07-17 19:06,Tan Binh,member,Platinum,Cash,4,"204,000",delivered,36.8,
G003164,2025-07-17 19:38,Tan Binh,member,Gold,Cash,7,"184,000",delivered,34.2,4.0
G003165,2025-07-17 19:51,District 1,returning,,Cash,6,"119,000",cancelled,,
G003166,2025-07-17 20:36,Thu Duc City,new,,Bank transfer,2,"48,000",delivered,63.6,2.0
G003167,2025-07-17 20:49,Phu Nhuan,new,,E-wallet,11,"363,000",delivered,42.6,4.0
G003168,2025-07-17 20:59,Thu Duc City,member,Gold,Cash,8,"170,000",delivered,58.9,2.0
G003169,2025-07-17 21:34,District 7,member,Silver,Cash,7,"249,000",delivered,36.3,4.0
G003170,2025-07-17 21:55,District 7,member,Silver,E-wallet,7,"238,000",delivered,36.0,4.0
G003171,2025-07-18 07:34,Thu Duc City,returning,,Cash,6,"195,000",delivered,43.7,
G003172,2025-07-18 08:59,BINH THANH,returning,,E-wallet,5,"130,000",delivered,32.3,3.0
G003173,2025-07-18 09:15,District 1,member,Silver,Cash,8,"266,000",cancelled,,
G003174,2025-07-18 10:02,Go Vap,new,,E-wallet,9,"324,000",delivered,35.6,
G003175,2025-07-18 10:50,Binh Tan,new,,Cash,9,"242,000",delivered,41.1,
G003176,2025-07-18 11:40,Tan Binh,member,Silver,Bank transfer,13,"527,000",delivered,37.3,4.0
G003177,2025-07-18 13:46,District 1,member,Gold,E-wallet,7,"276,000",delivered,21.1,4.0
G003178,2025-07-18 19:30,Thu Duc City,returning,,E-wallet,9,"283,000",delivered,59.3,
G003179,2025-07-19 07:08,Thu Duc City,returning,,Card,9,"192,000",delivered,47.9,4.0
G003180,2025-07-19 08:21,Tan Binh,member,Platinum,E-wallet,7,"298,000",cancelled,,
G003181,2025-07-19 09:24,Binh Thanh,new,,Cash,15,"715,000",delivered,32.0,4.0
G003182,2025-07-19 11:44,District 1,member,Silver,Cash,9,"234,000",delivered,30.9,3.0
G003183,2025-07-19 12:02,Go Vap,new,,Card,12,"241,000",delivered,44.0,2.0
G003184,2025-07-19 12:05,District 1,returning,,E-wallet,10,"158,000",delivered,31.6,
G003185,2025-07-19 12:15,District 7,returning,,Cash,14,"631,000",delivered,43.9,3.0
G003186,2025-07-19 13:11,District 10,member,Gold,E-wallet,7,"241,000",delivered,21.7,5.0
G003187,2025-07-19 13:22,Binh Tan,returning,,E-wallet,10,"366,000",delivered,45.7,3.0
G003188,2025-07-19 14:55,District 1,member,Gold,Bank transfer,12,"301,000",delivered,27.4,
G003189,2025-07-19 16:00,Tan Binh,new,,E-wallet,11,"351,000",delivered,28.9,
G003190,2025-07-19 17:52,Binh Tan,new,,E-wallet,9,"317,000",delivered,41.2,3.0
G003191,2025-07-19 18:43,Binh Thanh,returning,,E-wallet,8,"253,000",delivered,35.2,5.0
G003192,2025-07-19 18:47,Phu Nhuan,member,Gold,E-wallet,11,"304,000",delivered,41.9,4.0
G003193,2025-07-19 19:07,District 7,returning,,Cash,11,"322,000",delivered,46.5,
G003194,2025-07-19 19:20,Go Vap,member,Gold,Cash,12,"435,000",delivered,46.5,3.0
G003195,2025-07-19 19:26,District 10,returning,,Cash,13,"410,000",delivered,41.6,2.0
G003196,2025-07-19 19:56,Binh Tan,returning,,E-wallet,6,"136,000",delivered,55.0,4.0
G003197,2025-07-19 20:18,Tan Binh,new,,Card,16,"505,000",delivered,34.6,3.0
G003198,2025-07-19 20:56,Thu Duc City,returning,,E-wallet,13,"498,000",delivered,61.9,2.0
G003199,2025-07-20 08:52,District 1,returning,,Cash,9,"360,000",delivered,24.7,
G003200,2025-07-20 10:26,Tan Binh,member,Silver,Card,10,"377,000",delivered,26.6,4.0
G003201,2025-07-20 10:33,Go Vap,member,Gold,Cash,8,"354,000",delivered,37.7,
G003202,2025-07-20 11:29,District 10,returning,,E-wallet,7,"193,000",delivered,31.6,
G003203,2025-07-20 11:51,District 1,returning,,E-wallet,14,"376,000",delivered,29.7,4.0
G003203,2025-07-20 11:51,District 1,returning,,E-wallet,14,"376,000",delivered,29.7,4.0
G003204,2025-07-20 12:29,District 7,member,Silver,Cash,17,"529,000",delivered,40.1,5.0
G003205,2025-07-20 13:08,Binh Thanh,returning,,E-wallet,17,"351,000",delivered,35.9,3.0
G003206,2025-07-20 14:10,District 3,returning,,Cash,8,"237,000",delivered,20.8,4.0
G003207,2025-07-20 14:54,District 7,member,Gold,E-wallet,7,"261,000",delivered,41.2,
G003208,2025-07-20 14:57,District 10,new,,Cash,14,"478,000",delivered,32.7,5.0
G003209,2025-07-20 15:05,District 7,returning,,Bank transfer,9,"250,000",delivered,38.2,3.0
G003210,2025-07-20 15:06,District 1,new,,Cash,11,"318,000",delivered,17.8,
G003211,2025-07-20 16:06,Thu Duc City,returning,,E-wallet,5,"185,000",delivered,51.2,
G003212,2025-07-20 17:01,District 3,member,Silver,E-wallet,17,"545,000",delivered,33.9,
G003213,2025-07-20 19:30,Binh Thanh,returning,,Cash,6,"232,000",delivered,40.1,3.0
G003214,2025-07-21 08:49,District 7,returning,,E-wallet,5,"141,000",delivered,39.3,3.0
G003215,2025-07-21 11:48,Tan Binh,new,,Card,6,"192,000",delivered,38.8,3.0
G003216,2025-07-21 12:43,Binh Tan,returning,,Card,8,"297,000",delivered,51.7,
G003217,2025-07-21 13:30,District 3,returning,,E-wallet,11,"433,000",delivered,22.6,4.0
G003218,2025-07-21 15:01,Binh Tan,returning,,E-wallet,10,"226,000",delivered,45.8,3.0
G003219,2025-07-21 15:18,Tan Binh,returning,,Cash,11,"582,000",delivered,36.5,3.0
G003220,2025-07-21 16:59,Thu Duc City,new,,Bank transfer,9,"300,000",delivered,44.1,2.0
G003221,2025-07-21 17:34,Thu Duc City,returning,,E-wallet,2,"68,000",delivered,54.4,
G003222,2025-07-21 18:40,Tan Binh,returning,,Cash,10,"173,000",delivered,42.8,3.0
G003223,2025-07-21 18:47,Tan Binh,returning,,E-wallet,4,"157,000",delivered,41.2,4.0
G003224,2025-07-21 21:18,Binh Thanh,returning,,Cash,5,"129,000",delivered,34.3,
G003225,2025-07-21 21:46,Thu Duc City,member,Silver,E-wallet,12,"265,000",delivered,50.0,2.0
G003226,2025-07-21 23:53,District 1,returning,,E-wallet,10,"396,000",delivered,19.7,
G003227,2025-07-22 06:08,BINH THANH,returning,,Bank transfer,8,"246,000",delivered,27.7,
G003228,2025-07-22 11:17,Thu Duc City,returning,,Card,9,"361,000",delivered,62.9,3.0
G003229,2025-07-22 12:26,Thu Duc City,member,Gold,E-wallet,9,"208,000",delivered,56.3,
G003230,2025-07-22 13:22,District 1,returning,,Card,8,"264,000",delivered,18.9,
G003231,2025-07-22 16:57,Binh Tan,returning,,Cash,6,"239,000",delivered,45.5,
G003232,2025-07-22 18:21,District 7,member,Silver,Bank transfer,7,"253,000",delivered,44.5,3.0
G003233,2025-07-22 18:39,District 7,new,,E-wallet,6,"189,000",delivered,41.1,3.0
G003234,2025-07-22 18:49,Thu Duc City,returning,,E-wallet,8,"240,000",delivered,51.7,3.0
G003235,2025-07-22 19:10,Binh Tan,returning,,E-wallet,10,"427,000",delivered,55.9,3.0
G003236,2025-07-22 20:02,District 10,returning,,E-wallet,8,"284,000",delivered,35.3,
G003237,2025-07-22 20:05,Go Vap,returning,,E-wallet,6,"229,000",delivered,45.3,2.0
G003238,2025-07-22 20:05,Binh Tan,member,Silver,Bank transfer,4,"140,000",delivered,53.5,
G003239,2025-07-22 20:53,District 3,returning,,Bank transfer,6,"245,000",delivered,33.5,
G003240,2025-07-22 20:57,Thu Duc City,member,Silver,Bank transfer,4,"127,000",delivered,54.8,
G003241,2025-07-23 11:40,Go Vap,member,Platinum,E-wallet,8,"445,000",delivered,40.9,3.0
G003242,2025-07-23 11:45,Phu Nhuan,new,,Bank transfer,8,"321,000",delivered,36.4,4.0
G003243,2025-07-23 12:14,Binh Tan,returning,,Bank transfer,7,"276,000",delivered,50.9,
G003244,2025-07-23 12:27,Thu Duc City,returning,,E-wallet,5,"131,000",delivered,56.2,2.0
G003245,2025-07-23 12:34,Phu Nhuan,member,Silver,E-wallet,7,"221,000",delivered,43.2,2.0
G003246,2025-07-23 14:53,Tan Binh,returning,,E-wallet,9,"301,000",delivered,35.2,
G003247,2025-07-23 14:59,Thu Duc City,member,Platinum,E-wallet,8,"318,000",delivered,48.3,
G003248,2025-07-23 15:04,Binh Thanh,returning,,Cash,9,"186,000",delivered,29.6,
G003249,2025-07-23 17:03,Binh Thanh,member,Silver,E-wallet,11,"347,000",delivered,31.4,
G003250,2025-07-23 17:04,Binh Tan,new,,E-wallet,7,"314,000",delivered,57.2,2.0
G003251,2025-07-23 17:48,Phu Nhuan,new,,E-wallet,10,"356,000",delivered,26.8,4.0
G003252,2025-07-23 18:32,Binh Thanh,new,,Bank transfer,4,"143,000",delivered,40.9,4.0
G003253,2025-07-23 18:58,Binh Thanh,member,Silver,Cash,11,"285,000",delivered,35.6,4.0
G003254,2025-07-23 19:18,District 1,returning,,Cash,4,"112,000",delivered,25.7,5.0
G003255,2025-07-23 20:53,Thu Duc City,member,Silver,Card,4,"123,000",delivered,56.7,3.0
G003256,2025-07-23 20:56,Binh Thanh,returning,,Bank transfer,6,"239,000",delivered,47.8,
G003257,2025-07-23 21:49,Thu Duc City,member,Silver,Cash,6,"180,000",delivered,47.0,2.0
G003258,2025-07-23 22:04,Binh Thanh,new,,Bank transfer,4,"139,000",delivered,31.2,
G003259,2025-07-24 10:28,Tan Binh,returning,,Bank transfer,8,"346,000",delivered,34.2,
G003260,2025-07-24 10:31,Binh Tan,member,Gold,E-wallet,5,"210,000",cancelled,,
G003261,2025-07-24 10:54,District 7,member,Silver,Cash,8,"311,000",delivered,47.0,
G003262,2025-07-24 11:34,District 3,new,,E-wallet,5,"140,000",delivered,39.3,
G003263,2025-07-24 13:36,Phu Nhuan,returning,,E-wallet,10,"279,000",delivered,32.7,4.0
G003264,2025-07-24 14:10,Thu Duc City,returning,,Bank transfer,7,"234,000",delivered,48.1,3.0
G003265,2025-07-24 15:56,Thu Duc City,member,Silver,E-wallet,9,"280,000",delivered,45.7,2.0
G003266,2025-07-24 18:46,Go Vap,returning,,E-wallet,3,"87,000",delivered,44.1,
G003267,2025-07-24 19:38,District 7,returning,,ewallet,5,"120,000",delivered,44.0,3.0
G003268,2025-07-24 19:47,Binh Thanh,member,Gold,E-wallet,4,"164,000",delivered,38.9,
G003269,2025-07-24 19:49,District 1,returning,,Cash,5,"157,000",delivered,25.9,
G003270,2025-07-24 19:57,District 10,new,,Momo/ZaloPay,8,"296,000",delivered,34.2,4.0
G003271,2025-07-24 20:40,Binh Tan,member,Silver,E-wallet,6,"188,000",delivered,50.3,
G003272,2025-07-24 20:57,District 7,new,,Cash,9,"194,000",delivered,42.0,4.0
G003273,2025-07-24 21:19,District 10,new,,Bank transfer,10,"172,000",delivered,24.5,
G003274,2025-07-24 21:57,Phu Nhuan,returning,,Cash,8,"249,000",delivered,27.2,
G003275,2025-07-24 22:29,District 3,returning,,Cash,12,"305,000",delivered,26.6,
G003276,2025-07-25 06:49,Thu Duc City,returning,,E-wallet,5,"138,000",delivered,46.3,
G003277,2025-07-25 08:41,Phu Nhuan,member,Silver,E-wallet,6,"222,000",delivered,25.3,5.0
G003278,2025-07-25 11:08,Binh Tan,returning,,Cash,6,"184,000",cancelled,,
G003279,2025-07-25 11:35,Binh Tan,returning,,Card,7,"259,000",delivered,53.4,
G003280,2025-07-25 11:42,Go Vap,new,,Bank transfer,7,"230,000",cancelled,,
G003281,2025-07-25 11:50,Tan Binh,member,Silver,Bank transfer,5,"162,000",cancelled,,
G003282,2025-07-25 12:16,Q7,member,Silver,E-wallet,7,"254,000",delivered,41.4,
G003283,2025-07-25 12:22,Tan Binh,returning,,E-wallet,8,"307,000",delivered,36.5,
G003284,2025-07-25 14:14,District 7,new,,Card,3,"74,000",delivered,48.4,
G003285,2025-07-25 14:33,District 3,returning,,Cash,10,"411,000",delivered,21.0,
G003286,2025-07-25 14:45,Binh Tan,returning,,Cash,6,"179,000",delivered,45.3,3.0
G003287,2025-07-25 15:59,Thu Duc City,member,Silver,Bank transfer,6,"240,000",delivered,46.1,3.0
G003288,2025-07-25 16:55,District 1,new,,Bank transfer,6,"177,000",cancelled,,
G003289,2025-07-25 18:52,Thu Duc City,member,Silver,Card,11,"309,000",delivered,55.9,
G003290,2025-07-25 18:58,District 7,returning,,Card,8,"275,000",delivered,55.5,
G003291,2025-07-25 19:18,Go Vap,new,,Card,12,"391,000",delivered,45.2,
G003292,2025-07-25 19:20,District 7,new,,Cash,8,"299,000",delivered,47.1,2.0
G003293,2025-07-25 19:53,Go Vap,returning,,E-wallet,7,"165,000",delivered,44.5,3.0
G003294,2025-07-25 19:56,Tan Binh,new,,E-wallet,7,"286,000",delivered,43.3,3.0
G003295,2025-07-25 20:14,Thu Duc City,new,,E-wallet,10,"417,000",delivered,58.5,3.0
G003296,2025-07-25 20:16,Tan Binh,member,Platinum,Bank transfer,10,"389,000",delivered,37.8,
G003297,2025-07-25 20:33,Binh Tan,returning,,E-wallet,7,"207,000",delivered,0.0,
G003298,2025-07-25 23:14,Phu Nhuan,returning,,Cash,11,"270,000",cancelled,,
G003299,2025-07-26 14:16,District 3,returning,,E-wallet,12,"367,000",delivered,21.6,5.0
G003300,2025-07-26 14:29,Thu Duc City,returning,,Card,9,"223,000",delivered,52.2,2.0
G003301,2025-07-26 17:35,Thu Duc City,new,,E-wallet,10,"246,000",delivered,42.4,
G003302,2025-07-26 18:16,Go Vap,member,Gold,E-wallet,21,"651,000",delivered,44.7,
G003303,2025-07-26 20:41,District 1,returning,,Cash,13,"504,000",delivered,28.2,4.0
G003304,2025-07-26 21:07,Binh Thanh,returning,,Card,10,"237,000",delivered,27.9,5.0
G003305,2025-07-26 21:59,Thu Duc City,returning,,Cash,17,"733,000",delivered,46.5,
G003306,2025-07-26 23:46,Tan Binh,member,Gold,E-wallet,14,"441,000",delivered,30.4,
G003307,2025-07-27 09:25,District 1,new,,ewallet,8,"383,000",delivered,21.4,
G003308,2025-07-27 09:42,Go Vap,member,Silver,Cash,8,"190,000",delivered,33.9,3.0
G003309,2025-07-27 10:22,Tan Binh,new,,Bank transfer,15,"586,000",delivered,34.0,
G003310,2025-07-27 12:23,Thu Duc City,returning,,Momo/ZaloPay,7,"117,000",delivered,52.6,
G003311,2025-07-27 13:15,Go Vap,new,,Cash,9,"286,000",delivered,40.1,3.0
G003312,2025-07-27 15:12,Binh Thanh,member,Gold,Cash,16,"409,000",delivered,24.6,4.0
G003313,2025-07-27 17:26,Thu Duc City,new,,Cash,9,"336,000",delivered,46.9,3.0
G003314,2025-07-27 17:40,Thu Duc City,returning,,Cash,15,"424,000",delivered,47.4,2.0
G003315,2025-07-27 18:21,Thu Duc City,returning,,Cash,17,"672,000",delivered,57.3,1.0
G003316,2025-07-27 18:48,Binh Tan,member,Platinum,Card,12,"557,000",delivered,53.3,
G003317,2025-07-27 19:05,District 7,member,Silver,Cash,10,"260,000",delivered,40.6,
G003318,2025-07-27 19:05,District 10,returning,,Card,11,"266,000",delivered,32.6,5.0
G003319,2025-07-27 19:20,Binh Tan,member,Gold,E-wallet,10,"458,000",delivered,52.0,
G003320,2025-07-27 20:13,Phu Nhuan,new,,E-wallet,9,"336,000",delivered,33.5,4.0
G003321,2025-07-27 20:19,Binh Thanh,member,Silver,Cash,12,"434,000",delivered,33.4,5.0
G003322,2025-07-27 21:12,Thu Duc City,new,,Card,17,"537,000",delivered,43.1,
G003323,2025-07-27 21:34,District 7,member,Gold,Card,11,"548,000",delivered,36.4,4.0
G003324,2025-07-27 21:39,Go Vap,member,Silver,Card,7,"254,000",delivered,37.1,3.0
G003325,2025-07-27 21:40,District 3,member,Silver,E-wallet,11,"426,000",delivered,22.3,5.0
G003326,2025-07-27 22:40,Binh Thanh,returning,,Card,4,"184,000",delivered,28.0,
G003327,2025-07-28 09:02,Binh Tan,returning,,E-wallet,5,,delivered,44.1,4.0
G003328,2025-07-28 10:31,Thu Duc City,returning,,E-wallet,7,"207,000",delivered,46.4,
G003329,2025-07-28 10:56,Binh Thanh,returning,,Card,5,"205,000",delivered,33.3,4.0
G003330,2025-07-28 11:28,District 3,new,,Cash,7,"245,000",delivered,29.6,5.0
G003331,2025-07-28 12:29,Binh thanh,new,,Bank transfer,11,"422,000",cancelled,,
G003332,2025-07-28 13:57,Binh Thanh,returning,,Cash,1,"33,000",delivered,27.6,4.0
G003333,2025-07-28 14:18,Binh Tan,member,Silver,Cash,6,"223,000",delivered,47.5,3.0
G003334,2025-07-28 16:07,Binh Tan,returning,,Cash,7,"260,000",delivered,44.7,
G003335,2025-07-28 16:35,Phu Nhuan,returning,,Bank transfer,10,"287,000",delivered,35.2,
G003336,2025-07-28 17:00,Phu Nhuan,returning,,E-wallet,12,"348,000",delivered,29.3,5.0
G003337,2025-07-28 17:08,District 7,member,Silver,E-wallet,8,"306,000",delivered,38.1,4.0
G003338,2025-07-28 18:36,Binh Thanh,new,,E-wallet,11,"492,000",delivered,38.0,
G003339,2025-07-28 18:46,Thu Duc City,member,Silver,E-wallet,11,"382,000",delivered,58.0,2.0
G003340,2025-07-28 20:25,District 3,returning,,Bank transfer,7,"244,000",delivered,34.7,4.0
G003341,2025-07-28 21:31,Binh Thanh,member,Silver,Cash,6,"246,000",delivered,27.0,
G003342,2025-07-28 21:46,Thu Duc City,returning,,Cash,6,"157,000",delivered,49.7,2.0
G003343,2025-07-29 11:07,Binh Thanh,member,Silver,E-wallet,7,"274,000",delivered,36.0,3.0
G003344,2025-07-29 12:09,District 3,member,Silver,Cash,10,"359,000",cancelled,,
G003345,2025-07-29 12:27,Thu Duc City,returning,,Cash,5,"166,000",delivered,59.1,2.0
G003346,2025-07-29 12:51,Tan Binh,member,Silver,E-wallet,9,"364,000",delivered,40.2,4.0
G003347,2025-07-29 13:24,Binh Tan,new,,Card,12,"370,000",delivered,43.0,3.0
G003348,2025-07-29 13:50,District 7,member,Silver,Cash,9,"318,000",delivered,38.9,2.0
G003349,2025-07-29 13:57,Tan Binh,returning,,Cash,9,"331,000",delivered,29.4,3.0
G003350,2025-07-29 14:11,Tan Binh,returning,,Card,7,"213,000",delivered,29.9,
G003351,2025-07-29 14:55,Binh Thanh,member,Silver,E-wallet,5,"168,000",delivered,29.4,
G003353,2025-07-29 17:20,Go Vap,new,,E-wallet,5,"183,000",delivered,41.5,3.0
G003354,2025-07-29 17:38,Phu Nhuan,new,,E-wallet,11,"278,000",delivered,25.6,5.0
G003355,2025-07-29 18:02,District 3,returning,,Card,11,"371,000",delivered,34.7,4.0
G003356,2025-07-29 18:20,District 10,member,Platinum,Card,7,"359,000",delivered,32.5,
G003357,2025-07-29 19:42,Tan Binh,returning,,E-wallet,6,"175,000",delivered,35.9,5.0
G003358,2025-07-29 19:42,District 3,member,Silver,E-wallet,7,"297,000",delivered,32.6,
G003359,2025-07-29 20:32,Thu Duc City,returning,,Card,5,"175,000",delivered,55.4,3.0
G003360,2025-07-29 23:41,Binh Thanh,new,,Card,6,"206,000",delivered,30.1,4.0
G003361,2025-07-30 10:42,Thu Duc City,member,Silver,E-wallet,9,"361,000",delivered,51.3,2.0
G003362,2025-07-30 12:21,TP Thu Duc,member,Silver,E-wallet,7,"207,000",delivered,50.9,2.0
G003363,2025-07-30 12:51,District 7,member,Silver,E-wallet,10,"279,000",delivered,41.9,3.0
G003364,2025-07-30 13:24,Tan Binh,member,Platinum,E-wallet,5,"257,000",delivered,27.6,5.0
G003365,2025-07-30 13:26,Thu Duc City,new,,E-wallet,10,"171,000",delivered,49.2,2.0
G003366,2025-07-30 13:38,Thu Duc City,returning,,E-wallet,9,"182,000",delivered,44.2,3.0
G003367,2025-07-30 13:49,Binh Thanh,returning,,E-wallet,4,"125,000",delivered,37.0,4.0
G003368,2025-07-30 14:03,Tan Binh,member,Gold,Card,9,"287,000",cancelled,,
G003369,2025-07-30 15:10,Thu Duc City,returning,,Card,7,"260,000",delivered,48.2,2.0
G003370,2025-07-30 16:55,Thu Duc City,returning,,E-wallet,5,"145,000",delivered,45.3,3.0
G003371,2025-07-30 17:22,Binh Thanh,returning,,Bank transfer,8,"265,000",delivered,29.1,5.0
G003372,2025-07-30 17:53,District 3,returning,,E-wallet,7,"230,000",delivered,28.6,
G003373,2025-07-30 18:09,Phu Nhuan,member,Platinum,E-wallet,7,"258,000",delivered,34.6,4.0
G003374,2025-07-30 19:00,Binh Thanh,new,,E-wallet,7,"257,000",delivered,35.1,4.0
G003375,2025-07-30 20:56,District 7,returning,,Cash,11,"346,000",delivered,46.9,
G003376,2025-07-30 21:03,Phu Nhuan,returning,,Bank transfer,8,"302,000",delivered,43.7,3.0
G003377,2025-07-30 21:06,District 7,member,Silver,Cash,6,"202,000",delivered,38.5,4.0
G003378,2025-07-30 21:23,District 7,new,,Card,9,"305,000",delivered,32.7,
G003379,2025-07-30 21:27,District 1,new,,Cash,4,"125,000",delivered,23.7,5.0
G003380,2025-07-30 22:23,Phu Nhuan,member,Silver,E-wallet,5,"147,000",delivered,28.0,
G003381,2025-07-31 09:54,District 10,returning,,E-wallet,8,"289,000",delivered,29.0,5.0
G003382,2025-07-31 11:30,Tan Binh,returning,,Cash,2,"48,000",delivered,42.6,
G003383,2025-07-31 12:31,Binh Thanh,returning,,E-wallet,4,"148,000",delivered,34.5,4.0
G003384,2025-07-31 14:07,Binh Tan,member,Silver,Card,11,"364,000",delivered,46.9,
G003385,2025-07-31 17:03,Thu Duc City,returning,,Card,5,,delivered,42.5,
G003386,2025-07-31 18:11,District 7,new,,E-wallet,5,"138,000",delivered,45.4,2.0
G003387,2025-07-31 20:22,Tan Binh,returning,,Bank transfer,9,"209,000",delivered,41.4,3.0
G003388,2025-07-31 20:50,District 3,new,,E-wallet,6,"232,000",delivered,42.9,
G003389,2025-07-31 21:26,Go Vap,returning,,E-wallet,3,"73,000",cancelled,,
G003390,2025-07-31 22:18,Phu Nhuan,returning,,Card,8,"253,000",delivered,28.6,
G003391,2025-07-31 22:37,Phu Nhuan,member,Platinum,E-wallet,9,"360,000",delivered,37.8,
G003392,2025-07-31 22:47,District 10,new,,E-wallet,8,"218,000",delivered,28.5,5.0
G003393,2025-08-01 12:11,Tan Binh,returning,,Card,8,"283,000",delivered,42.1,3.0
G003394,2025-08-01 13:18,District 1,returning,,Bank transfer,8,"286,000",delivered,21.9,4.0
G003395,2025-08-01 13:51,Tan Binh,member,Silver,E-wallet,9,"397,000",delivered,39.8,3.0
G003396,2025-08-01 14:15,District 7,returning,,E-wallet,8,"199,000",delivered,37.2,
G003397,2025-08-01 16:58,Binh Thanh,new,,Card,9,"288,000",delivered,27.9,4.0
G003398,2025-08-01 17:36,District 7,returning,,Bank transfer,7,"229,000",delivered,34.6,
G003399,2025-08-01 18:08,Binh Thanh,new,,Cash,2,"86,000",delivered,39.9,3.0
G003400,2025-08-01 18:57,Binh Thanh,member,Silver,E-wallet,10,"249,000",delivered,36.5,
G003401,2025-08-01 19:29,District 1,member,Silver,E-wallet,9,"385,000",delivered,34.8,
G003402,2025-08-01 20:05,District 3,new,,Card,7,"266,000",delivered,35.4,4.0
G003403,2025-08-01 20:07,Thu Duc City,member,Gold,E-wallet,6,"202,000",delivered,51.9,2.0
G003404,2025-08-01 20:14,Binh Tan,returning,,Cash,5,"117,000",delivered,50.9,4.0
G003405,2025-08-01 20:22,Tan Binh,returning,,E-wallet,5,"198,000",delivered,52.7,
G003406,2025-08-01 20:45,Tan Binh,new,,E-wallet,8,"237,000",delivered,41.5,3.0
G003407,2025-08-01 21:05,Go Vap,returning,,Bank transfer,7,"162,000",cancelled,,
G003408,2025-08-01 21:49,District 7,returning,,E-wallet,6,"233,000",delivered,34.9,5.0
G003409,2025-08-01 21:52,District 10,returning,,Card,5,"157,000",delivered,31.1,5.0
G003410,2025-08-01 23:44,Tan Binh,returning,,E-wallet,9,"269,000",delivered,28.7,4.0
G003411,2025-08-02 08:13,Phu Nhuan,returning,,E-wallet,8,"302,000",delivered,36.9,4.0
G003412,2025-08-02 09:25,BINH THANH,member,Silver,E-wallet,9,"341,000",delivered,32.8,5.0
G003413,2025-08-02 10:24,District 7,returning,,Card,5,"115,000",cancelled,,
G003414,2025-08-02 12:40,Binh Tan,returning,,E-wallet,15,"665,000",delivered,63.6,1.0
G003415,2025-08-02 14:20,Tan Binh,new,,Cash,9,"329,000",delivered,36.9,5.0
G003416,2025-08-02 15:12,District 3,member,Gold,Card,9,"193,000",delivered,20.7,
G003417,2025-08-02 15:25,District 10,returning,,Card,10,"272,000",delivered,33.0,4.0
G003418,2025-08-02 16:37,Binh Thanh,returning,,E-wallet,12,"506,000",delivered,36.6,3.0
G003419,2025-08-02 17:05,Binh Thanh,returning,,E-wallet,15,"448,000",delivered,37.3,4.0
G003420,2025-08-02 17:36,Binh Thanh,member,Silver,Cash,10,"256,000",delivered,28.0,
G003421,2025-08-02 18:10,Tan Binh,returning,,E-wallet,6,"127,000",delivered,41.6,3.0
G003422,2025-08-02 18:25,District 7,new,,E-wallet,11,"419,000",delivered,53.6,3.0
G003423,2025-08-02 19:38,District 7,returning,,E-wallet,15,"502,000",delivered,41.3,3.0
G003424,2025-08-02 20:29,District 3,returning,,Bank transfer,7,"305,000",cancelled,,
G003425,2025-08-02 21:18,District 3,member,Silver,E-wallet,11,"190,000",delivered,24.6,5.0
G003426,2025-08-02 21:33,Binh Tan,new,,Cash,15,"354,000",delivered,42.7,3.0
G003427,2025-08-03 08:14,Phu Nhuan,member,Silver,Cash,6,"211,000",delivered,27.3,5.0
G003428,2025-08-03 10:11,District 3,member,Silver,Cash,16,"578,000",delivered,25.9,5.0
G003429,2025-08-03 10:13,Tan Binh,returning,,E-wallet,11,"324,000",delivered,31.7,4.0
G003430,2025-08-03 10:23,Thu Duc City,member,Gold,Cash,11,"411,000",delivered,44.0,3.0
G003431,2025-08-03 11:00,District 3,returning,,Cash,6,"116,000",delivered,30.0,5.0
G003432,2025-08-03 11:26,District 10,new,,Cash,5,"177,000",delivered,31.8,4.0
G003433,2025-08-03 14:41,District 3,returning,,E-wallet,8,"278,000",delivered,23.7,
G003434,2025-08-03 14:51,Phu Nhuan,returning,,Cash,10,"407,000",delivered,25.2,4.0
G003435,2025-08-03 16:52,Binh Tan,returning,,E-wallet,19,"907,000",delivered,41.9,3.0
G003436,2025-08-03 17:02,District 7,returning,,Cash,9,"176,000",delivered,32.4,4.0
G003437,2025-08-03 18:23,Binh Thanh,member,Silver,E-wallet,7,"130,000",delivered,36.8,
G003438,2025-08-03 18:26,Phu Nhuan,returning,,Bank transfer,7,"301,000",delivered,33.2,
G003439,2025-08-03 18:36,Thu Duc City,returning,,Cash,12,"217,000",delivered,56.4,2.0
G003440,2025-08-03 18:59,District 3,new,,Cash,13,"391,000",delivered,37.5,2.0
G003441,2025-08-03 20:06,District 3,returning,,E-wallet,9,"296,000",delivered,33.8,5.0
G003442,2025-08-03 20:08,District 1,member,Silver,E-wallet,6,"195,000",delivered,33.5,4.0
G003443,2025-08-03 20:26,Thu Duc City,returning,,E-wallet,13,"534,000",delivered,51.8,3.0
G003444,2025-08-03 20:43,Tan Binh,returning,,E-wallet,13,"441,000",delivered,37.3,3.0
G003445,2025-08-03 20:45,Go Vap,returning,,E-wallet,10,"356,000",delivered,43.7,2.0
G003446,2025-08-03 21:39,District 7,returning,,Card,11,"356,000",delivered,38.0,3.0
G003447,2025-08-03 22:09,Tan Binh,new,,E-wallet,9,"353,000",delivered,31.7,4.0
G003448,2025-08-04 07:54,Thu Duc,new,,Bank transfer,11,"499,000",cancelled,,
G003449,2025-08-04 08:40,Thu Duc City,member,Silver,Cash,7,"91,000",delivered,45.0,
G003450,2025-08-04 09:54,District 3,member,Silver,E-wallet,14,"502,000",delivered,21.5,
G003451,2025-08-04 10:29,District 1,returning,,E-wallet,11,"365,000",delivered,23.1,4.0
G003452,2025-08-04 11:59,Phu Nhuan,returning,,Card,7,"303,000",delivered,36.4,5.0
G003453,2025-08-04 12:40,District 1,new,,Cash,6,"210,000",delivered,30.5,5.0
G003454,2025-08-04 16:28,Go Vap,member,Gold,E-wallet,10,"227,000",delivered,35.1,5.0
G003455,2025-08-04 17:31,District 3,member,Silver,E-wallet,9,"331,000",delivered,25.1,3.0
G003456,2025-08-04 17:44,District 7,member,Gold,E-wallet,7,"282,000",delivered,35.4,4.0
G003457,2025-08-04 18:06,Phu Nhuan,member,Silver,E-wallet,9,"273,000",delivered,32.4,
G003458,2025-08-04 18:10,Binh Tan,returning,,E-wallet,8,"156,000",delivered,56.5,
G003459,2025-08-04 18:28,Tan Binh,returning,,Bank transfer,9,"283,000",delivered,51.5,
G003460,2025-08-04 20:36,Binh Thanh,returning,,E-wallet,8,"243,000",delivered,39.9,3.0
G003461,2025-08-05 07:28,Binh Tan,member,Silver,Bank transfer,6,"162,000",delivered,42.6,4.0
G003462,2025-08-05 11:07,District 3,member,Platinum,Bank transfer,7,"355,000",delivered,31.6,3.0
G003463,2025-08-05 11:14,Thu Duc City,returning,,Card,6,"187,000",cancelled,,
G003464,2025-08-05 12:01,Tan Binh,returning,,Bank transfer,6,"210,000",delivered,43.9,2.0
G003465,2025-08-05 12:32,Tan Binh,new,,Cash,7,"200,000",delivered,42.4,3.0
G003466,2025-08-05 12:38,District 7,member,Platinum,Cash,5,"243,000",delivered,45.3,
G003467,2025-08-05 13:12,Thu Duc City,new,,E-wallet,10,"414,000",delivered,48.7,3.0
G003468,2025-08-05 13:17,Tan Binh,returning,,E-wallet,1,"40,000",delivered,40.7,3.0
G003469,2025-08-05 13:35,Phu Nhuan,returning,,E-wallet,3,"68,000",delivered,23.1,5.0
G003470,2025-08-05 17:30,Phu Nhuan,member,Gold,E-wallet,7,"227,000",delivered,26.7,
G003471,2025-08-05 19:20,Binh Thanh,returning,,E-wallet,5,"155,000",cancelled,,
G003472,2025-08-05 20:09,Binh Tan,member,Gold,Card,8,"268,000",delivered,53.5,4.0
G003473,2025-08-05 20:12,District 1,new,,E-wallet,8,"314,000",delivered,27.5,4.0
G003474,2025-08-06 09:32,District 3,member,Gold,Card,7,"390,000",cancelled,,
G003475,2025-08-06 09:59,Thu Duc City,returning,,Cash,9,"320,000",delivered,45.7,
G003475,2025-08-06 09:59,Thu Duc City,returning,,Cash,9,"320,000",delivered,45.7,
G003476,2025-08-06 11:56,District 1,returning,,Bank transfer,6,"242,000",delivered,28.6,5.0
G003477,2025-08-06 12:14,Binh Thanh,new,,Cash,3,"90,000",delivered,39.2,2.0
G003478,2025-08-06 12:22,District 7,new,,Bank transfer,5,"143,000",delivered,43.1,3.0
G003479,2025-08-06 13:02,Binh Thanh,returning,,Cash,8,"336,000",delivered,34.0,
G003480,2025-08-06 13:29,District 3,returning,,Bank transfer,5,"163,000",delivered,24.1,4.0
G003481,2025-08-06 14:09,Binh Thanh,new,,E-wallet,4,,delivered,27.4,5.0
G003482,2025-08-06 15:48,District 10,member,Silver,E-wallet,10,"271,000",delivered,31.9,
G003483,2025-08-06 15:56,Go Vap,member,Gold,E-wallet,9,"371,000",delivered,35.0,4.0
G003484,2025-08-06 18:01,Go Vap,new,,E-wallet,9,"390,000",delivered,43.0,3.0
G003485,2025-08-06 18:09,Binh Thanh,returning,,Cash,6,"122,000",cancelled,,
G003486,2025-08-06 18:56,Binh Tan,new,,Card,2,"57,000",delivered,52.3,3.0
G003487,2025-08-06 19:21,Thu Duc City,returning,,E-wallet,7,"246,000",delivered,52.2,
G003488,2025-08-06 19:41,District 3,member,Silver,E-wallet,6,"191,000",delivered,34.2,
G003489,2025-08-06 19:48,Phu Nhuan,new,,Card,6,"145,000",delivered,32.5,4.0
G003490,2025-08-06 20:59,District 7,new,,Cash,5,"149,000",delivered,44.4,1.0
G003491,2025-08-06 21:20,District 3,new,,E-wallet,5,"175,000",cancelled,,
G003492,2025-08-06 22:33,District 1,new,,E-wallet,8,"223,000",delivered,24.1,
G003493,2025-08-06 22:48,Tan Binh,returning,,E-wallet,6,"186,000",delivered,29.2,
G003494,2025-08-07 07:41,District 10,member,Silver,Cash,5,"228,000",delivered,27.2,5.0
G003495,2025-08-07 08:14,Binh Tan,returning,,Card,10,"342,000",delivered,45.6,3.0
G003496,2025-08-07 08:39,Binh Tan,new,,E-wallet,5,"216,000",delivered,40.4,
G003497,2025-08-07 09:11,District 7,returning,,Bank transfer,7,"306,000",delivered,36.4,
G003498,2025-08-07 09:26,Go Vap,returning,,E-wallet,7,"184,000",delivered,40.3,
G003499,2025-08-07 10:35,Go Vap,member,Silver,E-wallet,10,"277,000",delivered,36.1,4.0
G003500,2025-08-07 10:59,Phu Nhuan,member,Platinum,E-wallet,4,"242,000",delivered,30.1,5.0
G003501,2025-08-07 10:59,Thu Duc City,returning,,Bank transfer,4,"136,000",delivered,46.5,
G003502,2025-08-07 11:03,Tan Binh,returning,,Cash,4,"151,000",delivered,39.6,4.0
G003503,2025-08-07 11:55,Go Vap,member,Gold,Card,2,"70,000",delivered,46.8,2.0
G003504,2025-08-07 11:58,District 3,returning,,Card,13,"477,000",delivered,33.9,
G003504,2025-08-07 11:58,District 3,returning,,Card,13,"477,000",delivered,33.9,
G003505,2025-08-07 12:25,Go Vap,new,,Cash,6,"218,000",delivered,45.0,2.0
G003506,2025-08-07 13:01,Thu Duc City,member,Gold,E-wallet,3,"94,000",cancelled,,
G003507,2025-08-07 13:55,Binh Thanh,returning,,Bank transfer,10,"310,000",delivered,29.5,
G003509,2025-08-07 14:54,Thu Duc City,returning,,Bank transfer,2,"37,000",cancelled,,
G003510,2025-08-07 16:30,District 3,returning,,Card,8,"230,000",delivered,31.7,3.0
G003511,2025-08-07 17:06,District 7,member,Silver,E-wallet,9,"300,000",delivered,38.4,4.0
G003512,2025-08-07 17:42,Go Vap,returning,,E-wallet,6,"204,000",delivered,39.9,3.0
G003513,2025-08-07 19:57,Tan Binh,returning,,Card,9,"530,000",delivered,45.9,3.0
G003514,2025-08-07 20:38,Phu Nhuan,returning,,E-wallet,4,"95,000",delivered,36.5,5.0
G003515,2025-08-07 21:08,Thu Duc City,returning,,E-wallet,9,"341,000",delivered,45.4,4.0
G003516,2025-08-07 21:12,District 3,returning,,Bank transfer,5,"104,000",delivered,30.4,4.0
G003517,2025-08-07 22:27,District 1,new,,Cash,7,"246,000",delivered,18.9,5.0
G003518,2025-08-07 22:40,Go Vap,new,,Card,5,"116,000",delivered,34.5,5.0
G003519,2025-08-08 08:18,District 7,returning,,E-wallet,8,"292,000",cancelled,,
G003520,2025-08-08 10:35,Go Vap,member,Silver,E-wallet,7,"282,000",delivered,37.6,3.0
G003521,2025-08-08 12:01,Thu Duc City,returning,,E-wallet,4,"117,000",delivered,52.2,2.0
G003522,2025-08-08 12:27,District 3,returning,,E-wallet,8,"188,000",delivered,29.8,4.0
G003523,2025-08-08 13:41,District 10,member,Silver,Bank transfer,12,"316,000",delivered,25.4,
G003524,2025-08-08 14:49,District 1,member,Silver,Card,8,"386,000",delivered,21.7,4.0
G003525,2025-08-08 14:55,Tan Binh,new,,E-wallet,11,"202,000",delivered,33.0,4.0
G003526,2025-08-08 15:13,Tan Binh,new,,E-wallet,9,"150,000",delivered,31.0,5.0
G003527,2025-08-08 16:44,Phu Nhuan,member,Platinum,Card,6,"322,000",delivered,23.3,4.0
G003528,2025-08-08 16:53,Q7,returning,,Bank transfer,7,"212,000",delivered,37.7,
G003529,2025-08-08 17:13,District 1,returning,,Bank transfer,6,"191,000",delivered,19.2,
G003530,2025-08-08 18:11,Binh Tan,returning,,E-wallet,10,"325,000",delivered,49.1,3.0
G003531,2025-08-08 18:44,Phu Nhuan,returning,,Cash,4,"105,000",delivered,34.3,5.0
G003532,2025-08-08 19:42,District 3,member,Silver,Card,6,"274,000",delivered,46.6,2.0
G003533,2025-08-08 20:19,District 1,new,,E-wallet,7,"169,000",cancelled,,
G003534,2025-08-08 21:34,District 1,new,,Cash,5,"159,000",delivered,23.9,
G003535,2025-08-08 21:53,Binh Thanh,member,Gold,E-wallet,8,"314,000",delivered,33.8,4.0
G003536,2025-08-09 08:51,Phu Nhuan,returning,,Cash,11,"456,000",delivered,27.7,4.0
G003537,2025-08-09 09:02,District 1,new,,E-wallet,10,"361,000",delivered,19.3,4.0
G003538,2025-08-09 09:17,District 10,returning,,E-wallet,11,"385,000",delivered,27.3,4.0
G003539,2025-08-09 10:43,Thu Duc City,returning,,E-wallet,10,"276,000",delivered,51.9,2.0
G003540,2025-08-09 11:31,District 7,returning,,Card,11,"178,000",delivered,42.1,4.0
G003541,2025-08-09 11:32,District 3,returning,,Cash,7,"247,000",delivered,31.1,4.0
G003542,2025-08-09 11:32,District 3,new,,e-wallet,6,"195,000",delivered,30.8,3.0
G003543,2025-08-09 11:56,Thu Duc City,returning,,E-wallet,11,"396,000",delivered,55.0,3.0
G003544,2025-08-09 12:13,Go Vap,member,Gold,E-wallet,7,"211,000",delivered,46.3,3.0
G003545,2025-08-09 12:21,District 3,member,Silver,E-wallet,10,"319,000",cancelled,,
G003546,2025-08-09 12:26,Go Vap,member,Gold,E-wallet,11,"459,000",delivered,43.5,3.0
G003547,2025-08-09 13:17,Phu Nhuan,returning,,Cash,12,"243,000",delivered,23.6,5.0
G003548,2025-08-09 13:18,Binh Thanh,member,Silver,E-wallet,20,"699,000",delivered,31.3,4.0
G003549,2025-08-09 13:49,District 3,member,Silver,E-wallet,9,"286,000",delivered,28.8,5.0
G003550,2025-08-09 17:28,Go Vap,returning,,Cash,9,"342,000",delivered,44.8,3.0
G003551,2025-08-09 18:34,Phu Nhuan,member,Silver,E-wallet,7,"181,000",delivered,33.2,4.0
G003552,2025-08-09 19:50,Go Vap,member,Silver,E-wallet,7,"227,000",delivered,48.1,
G003553,2025-08-09 20:24,Thu Duc City,member,Silver,Card,10,"389,000",delivered,51.3,2.0
G003554,2025-08-09 20:25,Tan Binh,new,,Bank transfer,13,"522,000",delivered,34.3,
G003555,2025-08-09 21:14,Phu Nhuan,new,,E-wallet,9,"273,000",delivered,32.2,4.0
G003556,2025-08-09 21:25,District 1,member,Silver,Bank transfer,10,"300,000",delivered,27.1,5.0
G003557,2025-08-10 07:43,District 10,returning,,E-wallet,9,"328,000",delivered,26.3,
G003558,2025-08-10 07:52,Binh Tan,returning,,Card,7,"219,000",delivered,42.1,
G003558,2025-08-10 07:52,Binh Tan,returning,,Card,7,"219,000",delivered,42.1,
G003559,2025-08-10 08:26,Thu Duc City,returning,,E-wallet,6,"125,000",delivered,47.2,3.0
G003560,2025-08-10 08:29,District 1,returning,,Bank transfer,10,"361,000",delivered,19.8,5.0
G003561,2025-08-10 09:07,Binh Tan,member,Silver,Card,13,"363,000",delivered,41.9,
G003562,2025-08-10 09:44,Tan Binh,returning,,Card,11,"262,000",delivered,32.3,4.0
G003563,2025-08-10 09:50,Go Vap,new,,E-wallet,9,"316,000",delivered,44.5,3.0
G003564,2025-08-10 10:30,Tan Binh,member,Silver,Card,7,"270,000",delivered,30.3,
G003565,2025-08-10 11:32,District 10,member,Gold,E-wallet,8,"326,000",delivered,38.6,
G003566,2025-08-10 12:32,District 1,new,,E-wallet,11,"305,000",cancelled,,
G003567,2025-08-10 12:40,District 10,new,,Cash,5,"195,000",delivered,38.0,
G003568,2025-08-10 14:01,Tan Binh,new,,Cash,9,"292,000",delivered,32.9,5.0
G003569,2025-08-10 14:32,District 7,member,Gold,Cash,5,"150,000",delivered,35.1,5.0
G003570,2025-08-10 16:53,District 3,new,,Cash,7,"260,000",delivered,22.9,
G003571,2025-08-10 17:07,District 7,returning,,E-wallet,8,"260,000",delivered,58.3,
G003572,2025-08-10 17:22,Tan Binh,new,,E-wallet,8,"251,000",delivered,28.0,4.0
G003573,2025-08-10 18:16,Go Vap,returning,,Bank transfer,9,"212,000",delivered,44.0,2.0
G003574,2025-08-10 18:55,District 1,member,Gold,Cash,11,"236,000",delivered,33.1,
G003575,2025-08-10 19:19,District 7,member,Silver,Cash,17,"465,000",delivered,54.7,
G003576,2025-08-10 19:59,Go Vap,new,,Card,13,"402,000",cancelled,,
G003577,2025-08-10 22:55,Binh Tan,member,Silver,E-wallet,12,"147,000",delivered,48.8,2.0
G003578,2025-08-11 09:38,District 7,new,,E-wallet,3,"63,000",delivered,34.4,3.0
G003579,2025-08-11 10:02,Phu Nhuan,member,Gold,E-wallet,7,"278,000",delivered,28.8,5.0
G003580,2025-08-11 10:58,District 1,returning,,E-wallet,5,"182,000",delivered,19.7,4.0
G003581,2025-08-11 11:13,Phu Nhuan,returning,,Bank transfer,6,"227,000",delivered,38.4,3.0
G003582,2025-08-11 11:29,Phu Nhuan,member,Silver,Card,9,"303,000",delivered,39.5,2.0
G003583,2025-08-11 11:54,Thu Duc City,new,,Card,11,"376,000",delivered,50.5,
G003584,2025-08-11 12:16,District 7,member,Silver,Cash,6,"201,000",delivered,48.7,2.0
G003585,2025-08-11 12:40,District 7,member,Silver,Card,8,"320,000",delivered,47.3,
G003586,2025-08-11 12:43,District 1,new,,E-wallet,9,,delivered,31.3,
G003587,2025-08-11 13:47,Go Vap,new,,Card,12,"358,000",delivered,41.9,3.0
G003588,2025-08-11 14:48,District 10,returning,,E-wallet,7,"240,000",delivered,21.8,4.0
G003589,2025-08-11 15:17,District 10,member,Silver,Bank transfer,8,"261,000",delivered,27.9,
G003590,2025-08-11 17:38,Binh Thanh,member,Gold,Card,9,"409,000",delivered,31.4,3.0
G003591,2025-08-11 18:35,Phu Nhuan,member,Silver,Card,8,"178,000",delivered,37.5,3.0
G003592,2025-08-11 18:49,Tan Binh,member,Silver,E-wallet,10,"274,000",delivered,42.7,3.0
G003593,2025-08-11 19:05,Thu Duc City,returning,,E-wallet,8,"265,000",delivered,55.9,2.0
G003594,2025-08-11 20:48,District 7,returning,,Cash,6,"175,000",delivered,47.7,3.0
G003595,2025-08-11 21:40,District 10,returning,,E-wallet,7,"223,000",delivered,27.0,5.0
G003596,2025-08-11 21:44,Binh Thanh,returning,,Cash,15,"468,000",delivered,32.7,
G003597,2025-08-11 21:49,Tan Binh,returning,,Cash,10,"211,000",cancelled,,
G003597,2025-08-11 21:49,Tan Binh,returning,,Cash,10,"211,000",cancelled,,
G003598,2025-08-12 08:37,District 3,member,Gold,Cash,8,"282,000",delivered,30.6,5.0
G003599,2025-08-12 08:58,District 3,member,Silver,E-wallet,3,"105,000",delivered,31.6,4.0
G003600,2025-08-12 15:38,District 3,member,Silver,Cash,6,"151,000",delivered,20.7,5.0
G003601,2025-08-12 16:15,Binh Tan,new,,E-wallet,4,"123,000",delivered,42.1,4.0
G003602,2025-08-12 17:14,Tan Binh,member,Silver,Bank transfer,10,"304,000",delivered,29.3,4.0
G003603,2025-08-12 17:19,Thu Duc City,member,Gold,Cash,3,"103,000",delivered,52.1,3.0
G003604,2025-08-12 17:34,District 10,returning,,Card,7,"228,000",delivered,24.1,3.0
G003605,2025-08-12 18:47,Binh Tan,returning,,E-wallet,9,"295,000",delivered,50.6,2.0
G003606,2025-08-12 18:54,Thu Duc City,new,,E-wallet,6,"151,000",delivered,51.7,
G003607,2025-08-12 19:19,Thu Duc City,returning,,E-wallet,8,"233,000",delivered,58.0,2.0
G003608,2025-08-12 19:26,Binh Tan,member,Gold,E-wallet,5,"122,000",delivered,54.5,4.0
G003609,2025-08-12 20:08,District 7,returning,,Bank transfer,7,"212,000",delivered,54.5,2.0
G003610,2025-08-12 22:00,Tan Binh,returning,,E-wallet,8,"244,000",delivered,28.8,5.0
G003611,2025-08-12 22:08,Tan Binh,returning,,Card,9,"312,000",delivered,36.7,3.0
G003612,2025-08-12 22:28,Binh Thanh,new,,Bank transfer,11,"276,000",delivered,24.5,
G003613,2025-08-12 22:39,Phu Nhuan,returning,,E-wallet,6,"163,000",delivered,26.4,
G003614,2025-08-12 23:49,District 7,new,,Cash,7,"240,000",delivered,33.7,
G003615,2025-08-13 09:09,District 3,member,Silver,Card,6,"106,000",delivered,26.7,5.0
G003616,2025-08-13 10:02,Phu Nhuan,new,,Card,5,"148,000",delivered,28.0,4.0
G003617,2025-08-13 10:28,Tan Binh,returning,,Cash,7,"265,000",delivered,34.6,4.0
G003618,2025-08-13 11:16,Binh Tan,returning,,Bank transfer,4,"148,000",delivered,53.0,2.0
G003619,2025-08-13 12:27,District 7,returning,,E-wallet,8,"237,000",delivered,42.3,3.0
G003620,2025-08-13 13:46,Phu Nhuan,new,,Cash,5,"210,000",delivered,40.1,4.0
G003621,2025-08-13 15:41,Tan Binh,member,Silver,E-wallet,7,"189,000",delivered,38.6,4.0
G003622,2025-08-13 18:15,Thu Duc City,returning,,Bank transfer,8,"301,000",delivered,54.6,2.0
G003623,2025-08-13 18:40,BINH THANH,member,Silver,Card,3,"114,000",cancelled,,
G003624,2025-08-13 19:28,Binh Thanh,returning,,Card,8,"131,000",cancelled,,
G003625,2025-08-13 19:40,Tan Binh,returning,,Cash,8,"332,000",delivered,43.5,4.0
G003626,2025-08-13 20:43,District 3,new,,Cash,9,"288,000",cancelled,,
G003627,2025-08-13 21:02,Go Vap,new,,E-wallet,12,"360,000",delivered,35.3,
G003628,2025-08-13 21:58,Tan Binh,returning,,E-wallet,9,"340,000",delivered,27.3,5.0
G003629,2025-08-14 09:40,Quận 1,returning,,E-wallet,4,"104,000",delivered,34.8,
G003630,2025-08-14 10:29,Thu Duc City,member,Silver,E-wallet,11,"310,000",delivered,57.2,2.0
G003631,2025-08-14 13:21,Phu Nhuan,new,,E-wallet,12,"483,000",delivered,25.9,5.0
G003632,2025-08-14 13:25,Binh Thanh,member,Silver,Cash,6,"212,000",delivered,26.0,4.0
G003633,2025-08-14 13:47,District 10,returning,,E-wallet,7,"222,000",delivered,32.4,4.0
G003634,2025-08-14 17:12,Thu Duc City,returning,,E-wallet,8,"280,000",cancelled,,
G003635,2025-08-14 17:31,District 3,returning,,Cash,8,"280,000",delivered,22.1,4.0
G003636,2025-08-14 17:54,Binh Tan,returning,,Bank transfer,7,"304,000",cancelled,,
G003637,2025-08-14 19:26,District 1,new,,E-wallet,3,"103,000",delivered,26.6,5.0
G003638,2025-08-14 19:55,District 7,returning,,Card,5,"159,000",delivered,55.1,2.0
G003639,2025-08-14 20:30,Thu Duc City,new,,Cash,9,"302,000",delivered,55.1,2.0
G003640,2025-08-15 06:17,District 1,returning,,Card,4,"164,000",delivered,27.9,
G003641,2025-08-15 09:08,Go Vap,new,,E-wallet,4,"139,000",delivered,39.9,
G003642,2025-08-15 09:36,District 7,returning,,E-wallet,6,"209,000",delivered,38.5,
G003643,2025-08-15 09:47,Tan Binh,returning,,Card,9,"218,000",delivered,27.1,5.0
G003644,2025-08-15 10:47,District 10,returning,,E-wallet,4,"154,000",delivered,22.2,4.0
G003645,2025-08-15 10:57,District 7,returning,,E-wallet,7,"334,000",cancelled,,
G003646,2025-08-15 11:28,Tan Binh,returning,,Cash,6,"212,000",delivered,40.1,
G003647,2025-08-15 11:54,District 1,returning,,Card,10,"399,000",delivered,34.1,
G003648,2025-08-15 12:29,Binh Tan,returning,,Card,9,"294,000",delivered,53.5,2.0
G003649,2025-08-15 12:33,Go Vap,member,Platinum,Bank transfer,6,"342,000",delivered,41.9,3.0
G003650,2025-08-15 12:40,Go Vap,member,Gold,Card,5,"71,000",delivered,48.0,2.0
G003651,2025-08-15 14:26,Binh Thanh,member,Silver,E-wallet,7,"169,000",delivered,31.1,4.0
G003652,2025-08-15 14:56,District 1,returning,,E-wallet,5,"196,000",cancelled,,
G003653,2025-08-15 18:00,District 3,returning,,Cash,8,"284,000",delivered,35.2,4.0
G003654,2025-08-15 18:03,Phu Nhuan,new,,E-wallet,8,"97,000",delivered,31.8,
G003655,2025-08-15 18:22,Binh Thanh,new,,E-wallet,6,"153,000",delivered,34.1,3.0
G003656,2025-08-15 20:24,District 7,member,Platinum,Card,7,"233,000",delivered,47.3,
G003657,2025-08-15 21:12,Go Vap,member,Silver,Cash,6,"185,000",delivered,34.7,
G003658,2025-08-15 21:29,District 7,member,Gold,Card,7,"254,000",delivered,36.9,4.0
G003659,2025-08-15 21:30,District 7,member,Platinum,E-wallet,6,"216,000",delivered,32.1,4.0
G003660,2025-08-15 21:41,Thu Duc City,member,Silver,ewallet,6,"162,000",delivered,51.4,1.0
G003661,2025-08-15 21:46,Binh Tan,member,Silver,Cash,9,"319,000",delivered,43.8,2.0
G003662,2025-08-15 23:09,Binh Thanh,member,Silver,E-wallet,9,"311,000",delivered,36.9,4.0
G003663,2025-08-16 10:22,Tan Binh,member,Platinum,Bank transfer,8,"360,000",delivered,35.4,
G003664,2025-08-16 10:59,District 10,member,Gold,E-wallet,6,"276,000",delivered,28.0,4.0
G003665,2025-08-16 12:14,Tan Binh,returning,,Bank transfer,7,"244,000",delivered,39.1,
G003666,2025-08-16 13:00,Binh Tan,member,Gold,E-wallet,6,"169,000",delivered,45.0,2.0
G003667,2025-08-16 15:57,Phu Nhuan,returning,,Card,6,"156,000",delivered,25.2,4.0
G003668,2025-08-16 16:45,District 7,member,Platinum,Cash,10,"496,000",delivered,37.7,
G003669,2025-08-16 18:01,Binh Thanh,new,,Cash,12,"283,000",delivered,36.0,4.0
G003670,2025-08-16 18:18,District 1,member,Silver,Card,10,"387,000",delivered,35.6,
G003671,2025-08-16 19:01,Go Vap,returning,,E-wallet,15,"500,000",delivered,48.5,3.0
G003672,2025-08-16 19:09,Go Vap,new,,Card,8,"247,000",delivered,46.0,
G003673,2025-08-16 19:28,Thu Duc City,new,,Cash,9,"252,000",delivered,54.4,1.0
G003674,2025-08-16 19:43,Thu Duc City,returning,,Card,8,"197,000",delivered,59.0,3.0
G003675,2025-08-16 20:27,Go Vap ,member,Silver,E-wallet,9,"374,000",delivered,43.6,
G003676,2025-08-16 20:31,Binh Thanh,new,,E-wallet,12,"459,000",delivered,32.3,4.0
G003677,2025-08-16 21:19,Go Vap,returning,,E-wallet,13,"557,000",delivered,41.8,3.0
G003678,2025-08-16 21:27,district 1,returning,,E-wallet,11,"424,000",delivered,22.6,
G003679,2025-08-16 21:31,District 7,new,,E-wallet,15,"393,000",delivered,33.0,4.0
G003680,2025-08-16 22:20,Binh Tan,member,Silver,E-wallet,9,"281,000",delivered,43.6,4.0
G003681,2025-08-17 08:33,Binh Tan,returning,,Card,4,"87,000",delivered,51.9,2.0
G003682,2025-08-17 10:19,District 7,member,Silver,Cash,8,"271,000",delivered,37.3,4.0
G003683,2025-08-17 11:15,Binh Thanh,new,,Card,9,"330,000",delivered,36.5,
G003684,2025-08-17 11:18,Go Vap ,returning,,Bank transfer,9,"257,000",delivered,43.4,3.0
G003685,2025-08-17 12:34,Binh Thanh,returning,,E-wallet,8,"246,000",delivered,36.7,
G003686,2025-08-17 14:55,Binh Tan,returning,,Card,11,"288,000",delivered,45.8,1.0
G003687,2025-08-17 15:25,Tan Binh,returning,,Card,13,"454,000",delivered,35.3,3.0
G003688,2025-08-17 17:54,Binh Thanh,returning,,E-wallet,16,"362,000",delivered,27.7,
G003689,2025-08-17 18:03,Thu Duc City,new,,E-wallet,10,"341,000",delivered,59.1,1.0
G003690,2025-08-17 18:52,District 3,member,Silver,E-wallet,9,"279,000",delivered,33.1,
G003691,2025-08-17 18:58,Go Vap,member,Silver,E-wallet,6,"222,000",delivered,45.7,3.0
G003692,2025-08-17 20:44,Go Vap,member,Gold,E-wallet,8,"320,000",cancelled,,
G003693,2025-08-18 06:29,District 1,returning,,E-wallet,7,"183,000",delivered,30.1,5.0
G003694,2025-08-18 07:54,District 1,new,,Bank transfer,5,"190,000",delivered,18.3,4.0
G003695,2025-08-18 09:42,Phu Nhuan,returning,,Card,7,"201,000",delivered,27.5,
G003696,2025-08-18 11:44,Thu Duc City,member,Gold,E-wallet,6,"156,000",delivered,59.8,3.0
G003697,2025-08-18 14:31,District 10,returning,,E-wallet,6,"162,000",delivered,30.7,4.0
G003698,2025-08-18 18:18,Phu Nhuan,returning,,E-wallet,7,"124,000",delivered,36.8,
G003699,2025-08-18 18:53,District 10,new,,e-wallet,6,"146,000",delivered,35.0,
G003700,2025-08-18 19:48,Thu Duc City,returning,,Cash,8,"263,000",delivered,60.0,
G003701,2025-08-18 19:50,Binh Tan,member,Silver,Card,4,"116,000",cancelled,,
G003702,2025-08-18 20:34,Tan Binh,returning,,E-wallet,7,"204,000",delivered,44.9,2.0
G003703,2025-08-19 08:34,Tan Binh,member,Silver,E-wallet,5,"87,000",delivered,30.0,4.0
G003704,2025-08-19 10:08,District 1,returning,,Bank transfer,11,"269,000",delivered,19.5,5.0
G003705,2025-08-19 10:14,District 10,returning,,Cash,7,"239,000",delivered,23.0,5.0
G003706,2025-08-19 10:44,Thu Duc City,returning,,E-wallet,6,"208,000",delivered,53.3,2.0
G003707,2025-08-19 11:11,District 3,member,Silver,Cash,11,"361,000",delivered,29.9,4.0
G003708,2025-08-19 11:36,Thu Duc City,returning,,E-wallet,12,"489,000",delivered,60.5,4.0
G003709,2025-08-19 13:28,Binh Thanh,new,,Card,8,"236,000",delivered,32.6,4.0
G003710,2025-08-19 15:44,Tan Binh,new,,Bank transfer,4,"176,000",delivered,28.8,5.0
G003711,2025-08-19 17:11,District 3,returning,,Card,6,"199,000",delivered,35.4,
G003712,2025-08-19 17:35,Tan Binh,returning,,E-wallet,6,"105,000",delivered,26.2,
G003713,2025-08-19 17:51,District 3,new,,E-wallet,7,"167,000",delivered,26.9,5.0
G003714,2025-08-19 18:47,District 3,new,,Cash,2,"64,000",delivered,30.1,5.0
G003715,2025-08-19 19:08,Binh Thanh,member,Silver,E-wallet,10,"383,000",delivered,38.8,3.0
G003716,2025-08-19 19:52,Binh Thanh,member,Silver,Bank transfer,3,"123,000",delivered,42.9,
G003717,2025-08-20 08:25,District 1,returning,,Bank transfer,4,"198,000",delivered,19.8,5.0
G003718,2025-08-20 11:05,Thu Duc City,member,Silver,E-wallet,8,"292,000",delivered,51.6,1.0
G003719,2025-08-20 11:09,Tan Binh,returning,,E-wallet,7,"243,000",delivered,35.9,3.0
G003720,2025-08-20 12:00,Thu Duc City,returning,,Card,4,"111,000",delivered,51.6,2.0
G003721,2025-08-20 12:45,District 1,new,,Bank transfer,3,"100,000",delivered,31.3,
G003722,2025-08-20 13:07,Binh Tan,member,Platinum,E-wallet,6,"199,000",cancelled,,
G003723,2025-08-20 14:49,Go Vap,returning,,E-wallet,4,"162,000",delivered,34.5,
G003724,2025-08-20 14:58,Go Vap,member,Silver,Card,8,"314,000",delivered,40.3,
G003725,2025-08-20 16:02,Go Vap,returning,,Bank transfer,6,"204,000",delivered,53.7,2.0
G003726,2025-08-20 16:18,Thu Duc City,new,,Cash,7,"154,000",delivered,44.6,
G003727,2025-08-20 18:13,Binh Tan,returning,,Cash,5,"181,000",delivered,54.8,
G003728,2025-08-20 19:16,Go Vap,returning,,Card,6,"263,000",delivered,46.3,
G003729,2025-08-20 19:38,District 10,member,Silver,E-wallet,8,"272,000",delivered,33.5,4.0
G003730,2025-08-20 19:57,Thu Duc City,returning,,E-wallet,13,"333,000",delivered,55.0,
G003731,2025-08-20 20:05,District 7,member,Silver,E-wallet,9,"263,000",delivered,43.7,
G003732,2025-08-20 21:42,District 7,returning,,Cash,7,"220,000",delivered,36.3,3.0
G003733,2025-08-20 21:52,District 10,returning,,E-wallet,6,"218,000",delivered,24.9,
G003734,2025-08-21 07:24,Thu Duc City,new,,Bank transfer,8,"255,000",delivered,47.2,1.0
G003735,2025-08-21 08:28,Binh Thanh,new,,E-wallet,6,"153,000",delivered,48.1,
G003736,2025-08-21 08:39,Phu Nhuan,returning,,E-wallet,6,"212,000",delivered,28.8,5.0
G003737,2025-08-21 10:05,Binh Tan,returning,,E-wallet,7,"247,000",delivered,50.8,2.0
G003738,2025-08-21 10:31,District 3,new,,Cash,7,"214,000",delivered,24.1,5.0
G003739,2025-08-21 10:55,Binh Tan,new,,Cash,9,"355,000",delivered,42.0,
G003740,2025-08-21 11:33,District 1,new,,Cash,12,"524,000",delivered,34.0,4.0
G003741,2025-08-21 12:47,Go Vap,member,Platinum,E-wallet,6,"219,000",delivered,47.5,2.0
G003742,2025-08-21 12:53,Binh Thanh,returning,,Cash,10,"332,000",delivered,40.5,2.0
G003743,2025-08-21 16:17,District 7,member,Silver,E-wallet,6,"160,000",delivered,34.7,4.0
G003744,2025-08-21 16:32,Tan Binh,member,Silver,E-wallet,3,"95,000",delivered,34.1,4.0
G003745,2025-08-21 16:33,Binh Tan,returning,,Cash,6,"259,000",delivered,44.6,
G003746,2025-08-21 17:15,District 1,returning,,Bank transfer,5,"189,000",delivered,27.7,4.0
G003747,2025-08-21 18:13,District 3,new,,E-wallet,9,"295,000",delivered,38.5,
G003748,2025-08-21 18:19,District 7,returning,,ewallet,6,"175,000",delivered,49.7,3.0
G003749,2025-08-21 19:03,Tan Binh,returning,,E-wallet,9,"236,000",delivered,36.7,4.0
G003750,2025-08-21 19:03,Tan Binh,returning,,Cash,8,"241,000",delivered,47.6,3.0
G003751,2025-08-21 19:09,Go Vap,member,Gold,E-wallet,6,"182,000",cancelled,,
G003752,2025-08-21 19:17,Go Vap,returning,,Card,4,"145,000",delivered,42.2,3.0
G003753,2025-08-21 19:32,District 1,new,,Cash,13,"505,000",cancelled,,
G003754,2025-08-21 19:33,District 7,member,Silver,Bank transfer,12,"430,000",delivered,45.0,2.0
G003755,2025-08-21 19:42,District 10,returning,,E-wallet,3,"75,000",delivered,34.5,5.0
G003756,2025-08-21 19:43,District 7,member,Gold,E-wallet,6,"137,000",delivered,42.1,
G003757,2025-08-21 20:00,District 7,new,,E-wallet,2,"47,000",delivered,57.2,2.0
G003758,2025-08-21 20:07,District 3,new,,E-wallet,6,"139,000",delivered,34.4,
G003759,2025-08-21 21:10,Go Vap,new,,Bank transfer,4,"114,000",delivered,46.0,3.0
G003760,2025-08-22 08:26,Phu Nhuan,returning,,Card,6,"195,000",delivered,25.9,
G003761,2025-08-22 10:33,Tan Binh,member,Silver,E-wallet,9,"304,000",delivered,27.1,5.0
G003761,2025-08-22 10:33,Tan Binh,member,Silver,E-wallet,9,"304,000",delivered,27.1,5.0
G003762,2025-08-22 12:05,Go Vap,new,,Cash,7,"229,000",delivered,43.0,3.0
G003763,2025-08-22 12:45,District 7,returning,,Bank transfer,6,"167,000",delivered,44.1,
G003764,2025-08-22 13:12,District 7,new,,E-wallet,3,"99,000",delivered,35.6,4.0
G003765,2025-08-22 14:51,district 1,new,,Cash,6,"188,000",delivered,24.0,
G003766,2025-08-22 15:03,Phu Nhuan,member,Gold,Card,7,"257,000",delivered,35.5,4.0
G003767,2025-08-22 17:05,Phu Nhuan,new,,E-wallet,11,"430,000",delivered,30.8,
G003768,2025-08-22 17:10,Thu Duc City,new,,Bank transfer,4,"145,000",delivered,56.9,3.0
G003769,2025-08-22 17:21,Tan Binh,returning,,Card,9,"379,000",delivered,26.0,3.0
G003770,2025-08-22 17:23,Binh Thanh,member,Platinum,Card,6,"292,000",delivered,25.6,
G003771,2025-08-22 17:41,Thu Duc City,member,Platinum,E-wallet,11,"530,000",delivered,51.7,3.0
G003772,2025-08-22 18:42,Phu Nhuan,new,,Cash,6,"184,000",delivered,31.5,4.0
G003773,2025-08-22 19:02,District 3,returning,,Card,7,"285,000",delivered,30.6,
G003774,2025-08-22 19:17,Phu Nhuan,member,Gold,Card,9,"272,000",delivered,45.7,4.0
G003775,2025-08-22 19:17,District 7,member,Silver,E-wallet,9,"428,000",delivered,47.9,2.0
G003776,2025-08-22 20:08,District 1,returning,,Cash,9,"274,000",delivered,37.0,4.0
G003777,2025-08-22 22:39,Thu Duc City,new,,Card,7,"191,000",delivered,47.7,
G003778,2025-08-22 22:39,District 10,returning,,Card,8,"275,000",delivered,23.3,5.0
G003779,2025-08-23 06:51,District 7,new,,Bank transfer,19,"593,000",delivered,34.4,
G003780,2025-08-23 09:00,Phu Nhuan,member,Silver,E-wallet,12,"399,000",delivered,24.5,4.0
G003781,2025-08-23 09:32,Binh Thanh,member,Silver,E-wallet,10,"261,000",delivered,39.9,4.0
G003782,2025-08-23 12:27,District 7,member,Platinum,E-wallet,12,"446,000",delivered,47.3,2.0
G003783,2025-08-23 12:31,Binh Tan,new,,Cash,9,"383,000",delivered,57.1,
G003784,2025-08-23 12:33,Tan Binh,returning,,Card,13,"462,000",delivered,38.5,
G003785,2025-08-23 12:40,Go Vap,returning,,Bank transfer,11,"221,000",delivered,43.6,
G003786,2025-08-23 13:03,District 3,member,Silver,Card,13,"341,000",delivered,21.0,4.0
G003787,2025-08-23 18:19,Tan Binh,returning,,E-wallet,8,"345,000",delivered,35.1,
G003788,2025-08-23 19:09,District 10,returning,,Bank transfer,11,"252,000",delivered,32.0,4.0
G003789,2025-08-23 19:11,Binh Tan,returning,,E-wallet,10,"407,000",delivered,54.7,1.0
G003790,2025-08-23 19:30,District 3,new,,Card,12,"342,000",delivered,39.1,3.0
G003791,2025-08-23 20:02,Thu Duc City,new,,E-wallet,6,"161,000",delivered,53.3,2.0
G003792,2025-08-23 20:32,Tan Binh,returning,,E-wallet,11,"413,000",delivered,37.1,4.0
G003793,2025-08-23 23:48,District 7,returning,,E-wallet,6,"189,000",delivered,32.6,5.0
G003794,2025-08-24 07:16,Thu Duc City,new,,Bank transfer,11,"305,000",cancelled,,
G003795,2025-08-24 07:56,District 3,new,,Bank transfer,14,"382,000",delivered,29.1,
G003796,2025-08-24 08:38,District 10,member,Silver,Cash,10,"355,000",delivered,24.0,5.0
G003797,2025-08-24 09:50,Tan Binh,member,Silver,E-wallet,13,"310,000",delivered,31.5,4.0
G003798,2025-08-24 10:54,District 10,returning,,E-wallet,8,"323,000",delivered,32.1,
G003799,2025-08-24 11:31,District 7,member,Silver,Card,10,"310,000",delivered,43.9,4.0
G003800,2025-08-24 11:53,Binh Thanh,new,,E-wallet,8,"224,000",delivered,39.8,2.0
G003801,2025-08-24 11:53,District 7,returning,,E-wallet,9,"248,000",delivered,48.5,2.0
G003802,2025-08-24 11:54,District 7,new,,e-wallet,13,"457,000",delivered,40.6,3.0
G003803,2025-08-24 12:09,District 7,member,Gold,E-wallet,10,"503,000",delivered,45.8,
G003804,2025-08-24 12:09,District 10,returning,,Cash,10,"392,000",delivered,35.2,
G003805,2025-08-24 15:15,Go Vap ,new,,E-wallet,10,"337,000",delivered,39.3,4.0
G003806,2025-08-24 16:33,District 1,member,Silver,Cash,11,"332,000",delivered,18.4,4.0
G003807,2025-08-24 16:59,District 7,member,Gold,Cash,5,"197,000",delivered,35.4,4.0
G003808,2025-08-24 17:02,District 7,returning,,Card,10,"453,000",delivered,34.3,4.0
G003809,2025-08-24 19:00,Thu Duc City,returning,,E-wallet,15,"275,000",delivered,60.5,3.0
G003810,2025-08-24 20:32,Go Vap,member,Silver,E-wallet,14,"351,000",delivered,42.8,
G003811,2025-08-24 20:41,District 10,new,,E-wallet,10,"361,000",delivered,29.7,4.0
G003812,2025-08-24 20:52,District 3,returning,,Bank transfer,9,"315,000",delivered,32.8,4.0
G003813,2025-08-24 20:53,Binh Tan,returning,,Cash,11,"356,000",delivered,51.8,
G003814,2025-08-24 20:55,District 3,member,Gold,Bank transfer,11,"429,000",delivered,36.6,
G003815,2025-08-24 21:34,Binh Tan,member,Gold,E-wallet,6,"182,000",delivered,53.1,3.0
G003816,2025-08-25 10:20,Phu Nhuan,new,,E-wallet,8,"327,000",delivered,29.1,4.0
G003817,2025-08-25 11:25,District 7,returning,,Card,10,"272,000",cancelled,,
G003818,2025-08-25 12:16,District 10,member,Silver,Cash,5,"142,000",delivered,36.0,4.0
G003819,2025-08-25 12:17,District 3,member,Gold,Cash,6,"288,000",delivered,35.7,4.0
G003820,2025-08-25 12:48,Phu Nhuan,member,Silver,E-wallet,12,"346,000",delivered,44.9,
G003821,2025-08-25 12:57,District 1,member,Silver,E-wallet,4,"110,000",delivered,27.7,
G003822,2025-08-25 13:00,Tan Binh,returning,,E-wallet,5,"148,000",delivered,33.9,4.0
G003823,2025-08-25 13:01,District 3,returning,,E-wallet,7,"159,000",delivered,20.5,
G003824,2025-08-25 14:47,District 3,returning,,Bank transfer,8,"301,000",delivered,21.9,5.0
G003825,2025-08-25 15:37,District 1,returning,,E-wallet,11,"489,000",delivered,23.6,
G003826,2025-08-25 16:08,Binh Thanh,member,Silver,Cash,9,"291,000",delivered,32.0,3.0
G003827,2025-08-25 16:24,Tan Binh,returning,,E-wallet,6,"109,000",delivered,27.6,4.0
G003828,2025-08-25 17:56,District 1,returning,,Card,10,"314,000",delivered,31.1,5.0
G003829,2025-08-25 18:12,District 7,member,Gold,Cash,9,"218,000",delivered,40.8,5.0
G003830,2025-08-25 19:40,Thu Duc City,member,Silver,Card,7,"210,000",delivered,53.8,2.0
G003831,2025-08-25 20:28,Phu Nhuan,returning,,Cash,7,"188,000",delivered,35.6,4.0
G003832,2025-08-25 20:33,District 7,member,Silver,E-wallet,6,"227,000",delivered,45.5,2.0
G003833,2025-08-25 20:46,Thu Duc City,new,,Bank transfer,7,"194,000",delivered,61.8,2.0
G003834,2025-08-25 20:47,Phu Nhuan,new,,Cash,5,"185,000",delivered,39.1,3.0
G003835,2025-08-25 21:02,District 7,returning,,Card,9,"282,000",delivered,33.0,4.0
G003836,2025-08-26 09:56,Phu Nhuan,member,Silver,E-wallet,7,"253,000",delivered,28.1,5.0
G003837,2025-08-26 11:32,District 10,returning,,Bank transfer,5,"210,000",delivered,30.6,
G003838,2025-08-26 11:49,District 1,new,,Cash,4,"108,000",cancelled,,
G003839,2025-08-26 14:51,District 1,new,,Cash,7,"268,000",cancelled,,
G003840,2025-08-26 16:18,Go Vap,returning,,Card,8,"192,000",delivered,42.8,
G003841,2025-08-26 16:45,District 3,returning,,E-wallet,8,"169,000",delivered,29.3,
G003842,2025-08-26 17:50,District 1,returning,,E-wallet,11,"386,000",delivered,20.2,
G003843,2025-08-26 17:55,District 10,returning,,Card,6,"109,000",delivered,23.3,
G003844,2025-08-26 18:24,Thu Duc City,new,,Card,8,"264,000",delivered,52.6,
G003845,2025-08-26 19:32,Binh Tan,returning,,Bank transfer,5,"191,000",delivered,63.1,2.0
G003846,2025-08-26 19:46,District 3,member,Silver,Cash,5,"228,000",delivered,32.7,
G003847,2025-08-26 20:13,Tan Binh,returning,,Card,6,"228,000",delivered,38.9,4.0
G003848,2025-08-26 20:13,District 7,member,Platinum,E-wallet,11,"514,000",delivered,45.6,
G003849,2025-08-26 20:17,District 1,returning,,Cash,4,"106,000",delivered,32.3,4.0
G003850,2025-08-26 20:33,Binh Tan,returning,,Card,4,"135,000",delivered,50.1,1.0
G003851,2025-08-27 10:01,Binh Thanh,returning,,E-wallet,7,"271,000",delivered,29.5,
G003852,2025-08-27 11:36,Go Vap,member,Gold,Card,6,"190,000",cancelled,,
G003853,2025-08-27 12:01,Thu Duc City,returning,,E-wallet,10,"317,000",delivered,52.9,3.0
G003854,2025-08-27 12:10,District 1,returning,,E-wallet,5,"140,000",delivered,32.0,4.0
G003855,2025-08-27 12:29,Go Vap,new,,E-wallet,3,"92,000",delivered,47.5,2.0
G003856,2025-08-27 16:34,Binh Thanh,member,Gold,Card,8,"273,000",delivered,24.2,5.0
G003857,2025-08-27 16:52,Thu Duc City,member,Silver,E-wallet,9,"321,000",delivered,48.3,
G003858,2025-08-27 18:19,Thu Duc City,member,Platinum,E-wallet,10,"408,000",delivered,55.6,1.0
G003859,2025-08-27 18:48,Thu Duc City,new,,E-wallet,10,"273,000",cancelled,,
G003860,2025-08-27 19:35,Tan Binh,returning,,E-wallet,9,"306,000",delivered,37.5,3.0
G003861,2025-08-27 19:48,Tan Binh,member,Silver,Cash,8,"246,000",delivered,37.6,4.0
G003862,2025-08-27 20:42,Go Vap,member,Gold,E-wallet,5,"197,000",delivered,41.2,
G003863,2025-08-27 20:47,District 1,returning,,E-wallet,10,"365,000",delivered,38.2,3.0
G003864,2025-08-27 20:48,District 10,member,Silver,Cash,12,"335,000",delivered,34.1,4.0
G003865,2025-08-27 21:43,Tan Binh,new,,Card,9,"208,000",delivered,31.4,
G003866,2025-08-28 06:31,District 3,new,,E-wallet,8,"355,000",delivered,20.2,
G003867,2025-08-28 09:05,Thu Duc City,member,Silver,E-wallet,7,"250,000",delivered,43.8,3.0
G003868,2025-08-28 09:06,District 7,returning,,E-wallet,6,"205,000",delivered,35.3,3.0
G003869,2025-08-28 09:16,Thu Duc City,returning,,Card,9,"319,000",cancelled,,
G003870,2025-08-28 09:17,Binh Thanh,returning,,Card,7,"143,000",delivered,28.6,
G003871,2025-08-28 11:51,Tan Binh,member,Platinum,Card,5,"262,000",delivered,40.8,3.0
G003872,2025-08-28 12:19,Go Vap,returning,,E-wallet,6,"106,000",delivered,48.4,
G003873,2025-08-28 13:05,District 7,member,Gold,E-wallet,5,"231,000",delivered,32.8,
G003874,2025-08-28 13:55,Go Vap,returning,,Card,8,"220,000",delivered,34.4,4.0
G003875,2025-08-28 13:57,Binh Thanh,returning,,Cash,5,"227,000",delivered,26.1,
G003876,2025-08-28 15:24,District 7,new,,Bank transfer,9,"286,000",cancelled,,
G003877,2025-08-28 17:08,Tan Binh,member,Gold,E-wallet,10,"344,000",delivered,31.8,5.0
G003878,2025-08-28 17:42,District 1,new,,E-wallet,4,"77,000",delivered,25.9,
G003879,2025-08-28 18:27,Thu Duc City,returning,,Card,9,"242,000",delivered,55.1,2.0
G003880,2025-08-28 19:19,Binh thanh,member,Gold,E-wallet,9,"278,000",delivered,33.8,
G003881,2025-08-28 20:22,Go Vap,new,,E-wallet,6,"253,000",delivered,44.2,4.0
G003882,2025-08-29 08:25,Phu Nhuan,member,Gold,E-wallet,7,"242,000",delivered,41.1,
G003883,2025-08-29 12:06,District 1,returning,,Bank transfer,12,"350,000",delivered,32.9,
G003884,2025-08-29 12:22,Go Vap,returning,,Bank transfer,9,"288,000",delivered,47.1,4.0
G003885,2025-08-29 12:26,Binh Thanh,member,Gold,E-wallet,4,"129,000",delivered,34.0,5.0
G003886,2025-08-29 12:59,Binh Tan,new,,Card,4,"141,000",delivered,52.9,
G003887,2025-08-29 13:51,Binh Thanh,member,Silver,Cash,7,"225,000",delivered,31.9,5.0
G003888,2025-08-29 14:21,Tan Binh,member,Gold,E-wallet,1,"27,000",delivered,29.7,
G003889,2025-08-29 15:25,Thu Duc City,member,Silver,E-wallet,9,"255,000",delivered,44.9,3.0
G003890,2025-08-29 15:34,Thu Duc City,new,,Card,6,"156,000",delivered,45.5,
G003891,2025-08-29 16:03,District 1,returning,,E-wallet,11,"383,000",delivered,29.4,
G003892,2025-08-29 17:09,Binh Thanh,member,Silver,E-wallet,6,"200,000",delivered,38.2,2.0
G003893,2025-08-29 17:12,Go Vap,new,,E-wallet,9,"274,000",delivered,34.3,4.0
G003894,2025-08-29 17:34,District 7,returning,,E-wallet,8,"203,000",delivered,35.5,3.0
G003895,2025-08-29 17:50,Tan Binh,member,Platinum,Bank transfer,7,"270,000",delivered,29.7,3.0
G003896,2025-08-29 18:41,Binh Thanh,returning,,Bank transfer,7,"237,000",delivered,36.8,4.0
G003897,2025-08-29 18:44,Thu Duc City,new,,Card,8,"238,000",delivered,53.1,
G003898,2025-08-29 19:30,Binh thanh,member,Silver,Bank transfer,9,"264,000",delivered,34.2,
G003899,2025-08-29 20:44,Thu Duc City,returning,,E-wallet,7,"297,000",delivered,62.9,
G003900,2025-08-29 21:33,District 10,returning,,E-wallet,3,"102,000",delivered,22.0,
G003901,2025-08-29 22:09,Tan Binh,returning,,Card,6,"162,000",delivered,30.2,5.0
G003902,2025-08-29 22:38,Binh Tan,new,,Bank transfer,8,"343,000",delivered,42.2,4.0
G003903,2025-08-29 23:55,Tan Binh,member,Silver,Cash,6,"264,000",delivered,29.4,4.0
G003904,2025-08-30 07:12,Thu Duc City,member,Silver,Cash,6,,delivered,48.9,1.0
G003905,2025-08-30 10:44,Binh Tan,returning,,E-wallet,10,"347,000",delivered,44.7,
G003906,2025-08-30 11:01,Binh Tan,returning,,E-wallet,10,"252,000",delivered,50.7,1.0
G003907,2025-08-30 11:26,District 7,member,Silver,E-wallet,6,"154,000",delivered,40.7,4.0
G003908,2025-08-30 12:45,Thu Duc City,returning,,Bank transfer,8,"281,000",delivered,59.1,2.0
G003909,2025-08-30 16:31,District 7,returning,,Card,4,"152,000",delivered,41.2,3.0
G003910,2025-08-30 18:28,District 10,member,Silver,Card,12,"315,000",delivered,35.8,4.0
G003911,2025-08-30 19:16,District 1,member,Silver,e-wallet,10,"406,000",delivered,27.6,
G003912,2025-08-30 20:14,Thu Duc City,returning,,E-wallet,11,"325,000",delivered,52.9,
G003913,2025-08-30 20:24,Go Vap,member,Silver,E-wallet,8,"261,000",delivered,45.7,
G003914,2025-08-30 21:09,District 10,new,,Bank transfer,12,"514,000",delivered,23.2,
G003915,2025-08-30 21:36,District 1,member,Silver,E-wallet,12,"479,000",delivered,22.5,5.0
G003916,2025-08-31 08:43,TP Thu Duc,returning,,E-wallet,9,"251,000",delivered,44.8,2.0
G003917,2025-08-31 11:04,Thu Duc City,new,,E-wallet,8,"209,000",delivered,53.2,
G003918,2025-08-31 11:18,District 10,new,,Card,9,"224,000",delivered,31.2,4.0
G003919,2025-08-31 11:30,Tan Binh,new,,Cash,7,"196,000",cancelled,,
G003920,2025-08-31 11:59,District 7,returning,,Cash,10,"239,000",delivered,49.8,3.0
G003921,2025-08-31 12:08,Binh Tan,returning,,Card,18,"404,000",delivered,53.5,
G003922,2025-08-31 12:16,Tan Binh,member,Silver,Card,10,"295,000",delivered,37.1,
G003923,2025-08-31 13:43,District 10,member,Silver,Card,11,"491,000",delivered,25.9,
G003924,2025-08-31 15:02,District 10,returning,,Cash,6,"153,000",delivered,34.9,5.0
G003925,2025-08-31 18:31,Go Vap,member,Silver,E-wallet,7,"153,000",delivered,44.9,
G003926,2025-08-31 18:32,Phu Nhuan,new,,E-wallet,12,"451,000",delivered,46.8,
G003927,2025-08-31 19:29,Binh Tan,returning,,E-wallet,9,"266,000",delivered,56.0,
G003928,2025-08-31 20:25,Binh Thanh,returning,,Cash,19,"487,000",delivered,42.8,
G003929,2025-08-31 20:50,Binh Thanh,new,,Cash,11,"309,000",delivered,35.8,5.0
G003930,2025-08-31 21:25,Binh Thanh,returning,,Bank transfer,10,"346,000",delivered,29.1,5.0
G003931,2025-08-31 21:53,Go Vap,returning,,Card,11,"269,000",delivered,34.9,4.0
G003932,2025-08-31 21:56,Phu Nhuan,returning,,Cash,10,"360,000",delivered,27.0,
G003933,2025-09-01 11:20,Binh Thanh,new,,Bank transfer,8,"116,000",delivered,37.5,4.0
G003934,2025-09-01 12:44,Thu Duc City,member,Gold,E-wallet,10,"263,000",delivered,55.0,
G003935,2025-09-01 13:34,Binh Thanh,returning,,Cash,9,"284,000",delivered,28.5,5.0
G003936,2025-09-01 15:20,Binh Thanh,returning,,E-wallet,9,"160,000",delivered,33.6,2.0
G003937,2025-09-01 17:17,Tan Binh,returning,,E-wallet,9,"299,000",delivered,29.5,
G003938,2025-09-01 17:24,Tan Binh,returning,,E-wallet,8,"194,000",delivered,28.5,4.0
G003939,2025-09-01 20:43,Go Vap,returning,,E-wallet,9,"341,000",delivered,44.9,
G003940,2025-09-01 21:34,Go Vap ,returning,,E-wallet,8,"293,000",delivered,35.7,2.0
G003941,2025-09-01 21:46,Phu Nhuan,new,,Cash,8,"279,000",delivered,26.4,5.0
G003942,2025-09-01 21:58,Binh Thanh,new,,E-wallet,6,"210,000",delivered,25.7,5.0
G003943,2025-09-01 22:40,Binh Thanh,returning,,Cash,2,"67,000",delivered,32.0,5.0
G003944,2025-09-02 06:26,District 10,member,Platinum,E-wallet,7,"319,000",delivered,40.3,
G003945,2025-09-02 08:28,Thu Duc City,returning,,E-wallet,5,"157,000",delivered,50.8,
G003946,2025-09-02 08:52,District 7,member,Silver,E-wallet,13,"477,000",delivered,46.2,2.0
G003947,2025-09-02 09:18,Thu Duc City,member,Gold,Bank transfer,4,"111,000",delivered,47.8,
G003948,2025-09-02 11:06,Binh Thanh,member,Silver,E-wallet,5,"170,000",delivered,38.7,5.0
G003949,2025-09-02 12:57,District 7,member,Gold,Bank transfer,4,"141,000",delivered,47.6,
G003950,2025-09-02 13:22,Binh Thanh,new,,E-wallet,5,"210,000",delivered,31.4,5.0
G003951,2025-09-02 14:14,Tan Binh,member,Gold,E-wallet,9,"244,000",delivered,31.0,3.0
G003952,2025-09-02 14:44,District 1,new,,E-wallet,9,"267,000",delivered,18.4,
G003953,2025-09-02 16:26,District 10,member,Gold,Bank transfer,10,"315,000",delivered,26.4,4.0
G003954,2025-09-02 17:08,Binh Thanh,returning,,E-wallet,9,"294,000",cancelled,,
G003955,2025-09-02 19:03,District 3,returning,,e-wallet,6,"194,000",delivered,38.1,3.0
G003956,2025-09-02 19:05,Binh Thanh,new,,E-wallet,8,"261,000",delivered,34.3,4.0
G003957,2025-09-02 19:42,District 10,returning,,Bank transfer,7,"262,000",delivered,30.1,
G003958,2025-09-02 19:47,Binh Thanh,new,,E-wallet,7,"194,000",delivered,41.9,3.0
G003959,2025-09-02 20:25,Thu Duc City,member,Gold,E-wallet,6,"185,000",delivered,56.0,
G003960,2025-09-02 20:38,District 1,new,,Card,6,"153,000",delivered,32.7,5.0
G003961,2025-09-02 20:43,District 3,member,Gold,Cash,5,"155,000",delivered,32.2,
G003962,2025-09-03 10:32,District 3,new,,E-wallet,8,"235,000",delivered,25.3,5.0
G003963,2025-09-03 10:56,Binh Tan,returning,,E-wallet,10,"287,000",cancelled,,
G003964,2025-09-03 11:15,Binh Tan,member,Silver,E-wallet,7,"188,000",delivered,50.2,
G003965,2025-09-03 12:47,Thu Duc City,returning,,Bank transfer,4,"120,000",delivered,60.5,2.0
G003966,2025-09-03 14:04,Go Vap,returning,,E-wallet,5,,delivered,42.4,
G003967,2025-09-03 14:13,Binh Thanh,returning,,Cash,13,"384,000",delivered,31.2,
G003968,2025-09-03 16:31,Phu Nhuan,new,,E-wallet,14,"373,000",delivered,45.5,
G003969,2025-09-03 18:14,District 7,member,Platinum,E-wallet,10,"413,000",delivered,49.8,2.0
G003970,2025-09-03 18:23,Thu Duc City,member,Gold,Cash,8,"277,000",delivered,58.9,
G003971,2025-09-03 19:17,Binh Thanh,returning,,Card,2,"76,000",delivered,40.7,4.0
G003972,2025-09-03 19:24,Binh Thanh,returning,,Cash,8,"221,000",delivered,36.1,
G003973,2025-09-03 19:25,Thu Duc City,returning,,E-wallet,4,"173,000",delivered,64.6,
G003974,2025-09-03 19:47,Tan Binh,returning,,Card,4,"152,000",delivered,37.3,4.0
G003975,2025-09-03 20:23,District 1,returning,,Card,7,"240,000",delivered,34.1,5.0
G003976,2025-09-03 20:36,Quận 7,returning,,E-wallet,9,"291,000",delivered,56.0,
G003977,2025-09-03 20:50,District 10,member,Platinum,E-wallet,6,"291,000",delivered,33.4,4.0
G003978,2025-09-03 21:30,District 7,returning,,Cash,8,"191,000",delivered,36.0,3.0
G003979,2025-09-04 07:25,Binh Thanh,returning,,Bank transfer,5,"168,000",delivered,25.9,5.0
G003980,2025-09-04 10:21,Binh Tan,new,,Card,5,"160,000",delivered,49.1,2.0
G003981,2025-09-04 10:29,District 1,returning,,E-wallet,8,"308,000",delivered,19.5,
G003982,2025-09-04 11:56,District 7,new,,Bank transfer,7,"150,000",delivered,44.7,
G003983,2025-09-04 12:03,Binh Thanh,new,,Bank transfer,7,"164,000",delivered,34.8,
G003984,2025-09-04 13:02,Thu Duc City,member,Silver,E-wallet,8,"223,000",delivered,46.3,4.0
G003985,2025-09-04 13:53,District 1,returning,,Card,10,"211,000",delivered,22.5,4.0
G003986,2025-09-04 16:06,Thu Duc City,returning,,E-wallet,7,"231,000",delivered,49.3,2.0
G003987,2025-09-04 17:19,District 7,returning,,E-wallet,5,"111,000",delivered,35.4,
G003988,2025-09-04 18:24,Binh Tan,member,Gold,E-wallet,7,"244,000",delivered,65.8,1.0
G003989,2025-09-04 18:55,Thu Duc City,new,,Card,6,"203,000",delivered,65.1,2.0
G003990,2025-09-04 18:55,Thu Duc City,returning,,E-wallet,11,"335,000",delivered,55.1,
G003991,2025-09-04 19:37,Thu Duc City,member,Gold,Card,8,"265,000",delivered,55.5,
G003992,2025-09-04 19:56,Thu Duc City,returning,,Card,10,"263,000",delivered,53.8,
G003993,2025-09-04 20:48,Binh Tan,new,,Card,7,"227,000",delivered,54.0,3.0
G003994,2025-09-04 20:54,Tan Binh,returning,,Card,9,"212,000",delivered,47.1,3.0
G003995,2025-09-04 21:22,Tan Binh,member,Silver,Bank transfer,4,"109,000",delivered,41.9,4.0
G003996,2025-09-05 09:34,Phu Nhuan,new,,E-wallet,3,"141,000",delivered,25.9,
G003997,2025-09-05 11:22,Thu Duc City,member,Gold,E-wallet,5,"132,000",delivered,54.8,2.0
G003998,2025-09-05 12:07,District 10,member,Silver,Cash,9,"347,000",delivered,33.7,
G003999,2025-09-05 12:35,Go Vap,returning,,E-wallet,7,"133,000",delivered,47.1,2.0
G004000,2025-09-05 13:30,Binh Thanh,member,Gold,Bank transfer,3,"127,000",delivered,28.0,
G004001,2025-09-05 14:14,Go Vap,new,,E-wallet,7,"145,000",delivered,37.5,
G004002,2025-09-05 15:51,Phu Nhuan,returning,,Card,3,"117,000",delivered,33.6,5.0
G004003,2025-09-05 16:20,District 1,member,Platinum,E-wallet,6,"320,000",delivered,26.1,4.0
G004004,2025-09-05 16:56,District 3,member,Silver,E-wallet,8,"233,000",delivered,28.1,4.0
G004005,2025-09-05 18:15,District 1,member,Gold,E-wallet,9,"278,000",delivered,28.7,4.0
G004006,2025-09-05 19:02,Tan Binh,returning,,Bank transfer,6,"192,000",delivered,38.9,4.0
G004007,2025-09-05 19:03,Binh Tan,member,Gold,Bank transfer,10,"353,000",delivered,51.0,
G004008,2025-09-05 21:18,District 3,new,,Bank transfer,9,"284,000",delivered,21.1,
G004009,2025-09-06 08:34,District 10,returning,,Cash,15,"376,000",delivered,23.3,4.0
G004010,2025-09-06 10:02,Tan Binh,member,Gold,E-wallet,11,"261,000",delivered,28.6,4.0
G004011,2025-09-06 10:48,Binh Thanh,returning,,ewallet,13,"328,000",delivered,25.6,5.0
G004012,2025-09-06 12:14,Binh Tan,member,Silver,E-wallet,7,"334,000",delivered,56.4,2.0
G004013,2025-09-06 12:39,Binh Thanh,member,Gold,E-wallet,8,"269,000",delivered,38.1,4.0
G004014,2025-09-06 13:50,Tan Binh,member,Silver,Card,5,"196,000",cancelled,,
G004015,2025-09-06 15:06,Go Vap ,new,,Bank transfer,15,"613,000",delivered,35.5,
G004016,2025-09-06 15:33,District 7,returning,,E-wallet,12,"434,000",delivered,35.4,
G004017,2025-09-06 15:48,District 7,member,Silver,Card,7,"219,000",delivered,44.1,3.0
G004017,2025-09-06 15:48,District 7,member,Silver,Card,7,"219,000",delivered,44.1,3.0
G004018,2025-09-06 17:55,District 1,member,Silver,E-wallet,14,"452,000",delivered,24.0,
G004019,2025-09-06 19:04,Tan Binh,returning,,E-wallet,12,"353,000",delivered,37.9,4.0
G004020,2025-09-06 19:35,District 10,returning,,Cash,6,"196,000",delivered,37.3,
G004021,2025-09-06 19:39,Tan Binh,returning,,E-wallet,13,"527,000",delivered,43.1,2.0
G004022,2025-09-06 20:24,Binh Thanh,new,,E-wallet,8,"185,000",delivered,35.4,5.0
G004023,2025-09-06 20:49,Go Vap,new,,Cash,16,"406,000",delivered,41.8,
G004024,2025-09-06 21:19,District 1,returning,,Bank transfer,8,"248,000",delivered,21.2,4.0
G004025,2025-09-07 06:08,Go Vap,member,Silver,E-wallet,11,"370,000",delivered,44.5,
G004026,2025-09-07 10:18,Binh Tan,new,,E-wallet,5,"154,000",delivered,46.2,3.0
G004027,2025-09-07 12:29,Phu Nhuan,returning,,Cash,9,"213,000",cancelled,,
G004028,2025-09-07 12:34,District 7,returning,,Cash,12,"377,000",delivered,44.5,
G004029,2025-09-07 13:11,Thu Duc City,returning,,Bank transfer,11,"351,000",delivered,46.0,
G004030,2025-09-07 13:19,Binh Thanh,returning,,E-wallet,15,"479,000",delivered,27.4,5.0
G004031,2025-09-07 13:27,District 7,new,,E-wallet,6,"183,000",delivered,36.8,4.0
G004032,2025-09-07 14:25,Tan Binh,new,,E-wallet,13,"232,000",delivered,29.5,5.0
G004033,2025-09-07 17:27,Phu Nhuan,new,,Momo/ZaloPay,9,"273,000",delivered,30.5,4.0
G004034,2025-09-07 18:11,District 3,new,,E-wallet,14,"544,000",delivered,34.6,4.0
G004035,2025-09-07 18:33,Binh Tan,member,Silver,Cash,6,"203,000",delivered,48.8,
G004036,2025-09-07 18:51,District 10,returning,,E-wallet,10,"304,000",delivered,36.6,4.0
G004037,2025-09-07 19:44,Phu Nhuan,new,,Bank transfer,10,"291,000",delivered,32.4,
G004038,2025-09-07 19:51,District 1,member,Gold,E-wallet,10,"442,000",delivered,29.8,4.0
G004039,2025-09-07 20:12,Go Vap,returning,,E-wallet,14,"543,000",delivered,52.8,3.0
G004040,2025-09-07 20:45,Thu Duc City,new,,Card,9,"243,000",delivered,56.4,2.0
G004041,2025-09-07 20:51,District 7,returning,,E-wallet,13,"450,000",delivered,45.5,4.0
G004042,2025-09-07 20:58,Phu Nhuan,new,,Bank transfer,15,"672,000",delivered,36.8,4.0
G004043,2025-09-07 21:09,Binh Tan,new,,E-wallet,11,"353,000",delivered,42.4,3.0
G004044,2025-09-07 22:32,District 1,new,,Cash,6,"194,000",delivered,19.1,
G004045,2025-09-07 23:51,District 10,returning,,Bank transfer,10,"304,000",delivered,33.5,4.0
G004046,2025-09-08 07:18,Phu Nhuan,member,Gold,Bank transfer,8,"266,000",delivered,26.1,
G004047,2025-09-08 09:12,Binh Tan,returning,,E-wallet,7,"245,000",delivered,42.6,2.0
G004048,2025-09-08 10:30,Go Vap,member,Silver,E-wallet,6,"203,000",delivered,32.8,
G004049,2025-09-08 10:49,District 1,returning,,E-wallet,5,"149,000",delivered,18.2,5.0
G004050,2025-09-08 11:47,Binh Thanh,returning,,E-wallet,11,"439,000",delivered,50.7,3.0
G004051,2025-09-08 12:13,District 1,new,,E-wallet,6,"252,000",delivered,29.9,
G004052,2025-09-08 13:46,Tan Binh,returning,,E-wallet,5,"133,000",delivered,26.3,3.0
G004053,2025-09-08 13:54,District 7,returning,,E-wallet,4,"161,000",delivered,34.1,5.0
G004055,2025-09-08 17:44,Thu Duc City,member,Gold,Cash,4,"109,000",delivered,48.2,2.0
G004056,2025-09-08 18:52,Thu Duc City,returning,,Cash,8,"191,000",delivered,56.1,2.0
G004057,2025-09-08 19:51,Go Vap,member,Silver,Cash,17,"715,000",cancelled,,
G004058,2025-09-08 20:11,Tan Binh,member,Silver,Cash,7,"223,000",delivered,35.3,3.0
G004059,2025-09-08 21:44,Quận 1,member,Silver,E-wallet,13,"547,000",delivered,20.2,
G004060,2025-09-08 21:46,Q7,new,,Card,10,"312,000",delivered,36.0,4.0
G004061,2025-09-08 22:03,District 7,member,Platinum,Card,9,"241,000",delivered,35.5,5.0
G004062,2025-09-08 22:05,Thu Duc City,member,Gold,Cash,9,"283,000",delivered,52.3,3.0
G004063,2025-09-08 22:48,Tan Binh,member,Gold,Cash,2,"63,000",delivered,29.0,
G004064,2025-09-09 06:15,District 3,member,Silver,Bank transfer,5,"125,000",delivered,21.9,5.0
G004065,2025-09-09 10:18,District 10,new,,E-wallet,12,"412,000",delivered,23.9,5.0
G004066,2025-09-09 10:56,Go Vap,new,,E-wallet,6,"205,000",delivered,34.9,
G004067,2025-09-09 14:44,District 7,returning,,Card,7,"297,000",delivered,36.9,
G004068,2025-09-09 15:19,Thu Duc City,member,Gold,Card,6,"163,000",delivered,46.6,2.0
G004069,2025-09-09 16:25,Binh Tan,member,Silver,E-wallet,5,"168,000",delivered,56.5,2.0
G004070,2025-09-09 17:03,District 3,new,,Bank transfer,9,"218,000",delivered,29.3,5.0
G004071,2025-09-09 17:21,District 7,new,,E-wallet,8,"189,000",delivered,38.4,2.0
G004072,2025-09-09 17:24,District 1,new,,E-wallet,11,"324,000",delivered,20.1,5.0
G004073,2025-09-09 17:32,District 7,returning,,E-wallet,3,"69,000",delivered,35.6,3.0
G004074,2025-09-09 17:33,Go Vap,member,Silver,Cash,5,"135,000",delivered,37.0,
G004075,2025-09-09 19:08,Binh Thanh,returning,,Cash,8,"247,000",delivered,37.2,4.0
G004076,2025-09-09 19:13,Tan Binh,member,Silver,Cash,4,"107,000",cancelled,,
G004077,2025-09-09 19:25,District 7,member,Platinum,E-wallet,5,"250,000",delivered,57.5,2.0
G004078,2025-09-09 19:26,District 1,member,Gold,Bank transfer,10,"317,000",delivered,28.5,5.0
G004079,2025-09-09 19:52,District 1,new,,Card,10,"239,000",delivered,30.8,5.0
G004080,2025-09-09 20:41,Thu Duc City,member,Platinum,E-wallet,4,"216,000",delivered,53.9,
G004081,2025-09-09 21:05,Phu Nhuan,returning,,E-wallet,3,"111,000",delivered,28.8,
G004082,2025-09-09 21:07,District 1,member,Gold,E-wallet,10,"267,000",delivered,24.4,
G004083,2025-09-09 21:31,District 10,returning,,Card,6,"194,000",delivered,23.5,4.0
G004084,2025-09-09 22:34,Binh Tan,member,Silver,Cash,16,"622,000",delivered,48.3,
G004085,2025-09-10 10:22,District 7,member,Silver,E-wallet,13,"326,000",delivered,45.6,4.0
G004086,2025-09-10 11:11,Binh Tan,returning,,E-wallet,8,"213,000",delivered,50.5,3.0
G004087,2025-09-10 13:16,Phu Nhuan,returning,,E-wallet,8,"201,000",delivered,35.8,5.0
G004088,2025-09-10 15:15,Phu Nhuan,member,Gold,Cash,8,"353,000",delivered,24.0,5.0
G004089,2025-09-10 18:01,Go Vap,member,Silver,E-wallet,4,"149,000",delivered,42.5,4.0
G004090,2025-09-10 18:21,Tan Binh,returning,,E-wallet,6,"211,000",delivered,38.0,
G004091,2025-09-10 18:27,District 1,returning,,E-wallet,7,"203,000",delivered,28.5,5.0
G004092,2025-09-10 20:53,District 10,returning,,Cash,8,"237,000",delivered,32.5,
G004093,2025-09-10 21:22,District 7,new,,Cash,6,"149,000",delivered,41.1,
G004094,2025-09-11 08:55,District 7,returning,,Bank transfer,6,"164,000",delivered,41.8,
G004095,2025-09-11 09:59,Quận 1,member,Silver,E-wallet,8,"203,000",delivered,33.6,4.0
G004096,2025-09-11 10:42,District 1,returning,,Bank transfer,7,"139,000",delivered,24.1,
G004097,2025-09-11 11:17,Thu Duc City,returning,,Card,7,"222,000",delivered,53.2,1.0
G004098,2025-09-11 12:09,District 3,member,Silver,E-wallet,7,"223,000",delivered,30.3,5.0
G004099,2025-09-11 12:36,Binh Thanh,returning,,E-wallet,7,"154,000",delivered,41.3,3.0
G004100,2025-09-11 13:06,District 7,member,Silver,E-wallet,6,"158,000",delivered,44.1,3.0
G004101,2025-09-11 13:42,Quận 1,new,,Cash,8,"259,000",delivered,24.5,5.0
G004102,2025-09-11 16:55,Tan Binh,new,,E-wallet,7,"205,000",delivered,29.1,4.0
G004103,2025-09-11 19:01,District 1,returning,,Bank transfer,8,"106,000",delivered,29.7,5.0
G004104,2025-09-11 19:07,Go Vap,new,,Card,5,"197,000",delivered,44.5,3.0
G004105,2025-09-11 19:30,Binh Tan,new,,Card,5,"117,000",delivered,49.9,3.0
G004106,2025-09-11 21:13,Tan Binh,returning,,Card,5,"198,000",delivered,29.9,4.0
G004107,2025-09-11 21:58,Tan Binh,returning,,Bank transfer,10,"325,000",delivered,28.2,4.0
G004108,2025-09-12 09:53,District 3,returning,,Cash,3,"121,000",delivered,23.4,5.0
G004109,2025-09-12 11:57,District 3,new,,E-wallet,12,"405,000",delivered,31.5,
G004110,2025-09-12 12:27,Thu Duc City,member,Gold,Bank transfer,6,"229,000",delivered,51.2,2.0
G004111,2025-09-12 13:29,Thu Duc City,new,,Cash,6,"269,000",delivered,47.4,
G004112,2025-09-12 16:11,Thu Duc City,new,,Card,3,"90,000",delivered,46.3,3.0
G004113,2025-09-12 16:26,Binh Tan,member,Gold,E-wallet,7,"257,000",delivered,41.3,1.0
G004114,2025-09-12 16:44,Binh Tan,member,Silver,E-wallet,7,"245,000",delivered,46.5,2.0
G004115,2025-09-12 17:42,Tan Binh,returning,,Card,3,"98,000",delivered,35.0,4.0
G004116,2025-09-12 17:46,Binh Thanh,returning,,Cash,6,"187,000",delivered,30.9,
G004117,2025-09-12 18:17,Binh Thanh,new,,E-wallet,12,"265,000",delivered,32.7,4.0
G004118,2025-09-12 18:22,Thu Duc City,returning,,E-wallet,8,"241,000",delivered,51.2,
G004119,2025-09-12 19:40,District 3,new,,E-wallet,6,"212,000",delivered,29.1,5.0
G004120,2025-09-12 20:11,Binh Thanh,new,,E-wallet,4,"90,000",delivered,39.5,
G004121,2025-09-12 20:21,Thu Duc City,member,Silver,E-wallet,7,"125,000",delivered,53.5,1.0
G004122,2025-09-12 22:24,Binh Thanh,returning,,Cash,11,"432,000",delivered,29.6,4.0
G004123,2025-09-12 22:52,Tan Binh,member,Platinum,E-wallet,11,"595,000",delivered,31.3,
G004124,2025-09-13 12:07,Tan Binh,member,Silver,Cash,14,"545,000",delivered,43.2,
G004125,2025-09-13 12:09,Phu Nhuan,new,,Cash,13,"508,000",delivered,35.3,
G004126,2025-09-13 12:16,Binh Thanh,returning,,Cash,16,"642,000",delivered,33.4,4.0
G004127,2025-09-13 12:30,Binh Tan,member,Silver,Cash,10,"363,000",delivered,55.2,2.0
G004128,2025-09-13 13:33,District 1,member,Silver,E-wallet,10,"392,000",delivered,19.5,
G004129,2025-09-13 13:53,District 3,new,,Bank transfer,9,"157,000",delivered,21.7,5.0
G004130,2025-09-13 15:30,Go Vap,member,Gold,E-wallet,13,"397,000",delivered,41.0,3.0
G004131,2025-09-13 15:45,District 10,new,,E-wallet,6,"206,000",delivered,28.0,4.0
G004132,2025-09-13 16:29,Thu Duc City,returning,,E-wallet,10,"374,000",delivered,47.2,2.0
G004133,2025-09-13 16:33,Thu Duc City,returning,,Bank transfer,12,"265,000",cancelled,,
G004134,2025-09-13 17:19,Binh Tan,member,Gold,E-wallet,11,"288,000",delivered,44.1,
G004135,2025-09-13 18:22,District 3,new,,E-wallet,14,"321,000",delivered,30.9,3.0
G004136,2025-09-13 18:41,Go Vap,returning,,E-wallet,12,"476,000",delivered,41.4,
G004137,2025-09-13 19:05,District 10,member,Silver,Cash,11,"309,000",delivered,30.4,5.0
G004138,2025-09-13 19:48,Thu Duc City,new,,Bank transfer,7,"263,000",delivered,56.6,
G004139,2025-09-13 20:22,Binh Thanh,returning,,Cash,8,"191,000",delivered,40.5,3.0
G004140,2025-09-13 20:34,District 7,member,Silver,E-wallet,6,"164,000",delivered,46.0,1.0
G004141,2025-09-13 21:16,Tan Binh,new,,E-wallet,7,"242,000",delivered,31.3,
G004142,2025-09-13 21:40,Go Vap,returning,,Card,5,"183,000",delivered,42.8,
G004144,2025-09-13 21:46,Tan Binh,returning,,Bank transfer,14,"533,000",delivered,32.0,3.0
G004145,2025-09-13 22:28,Tan Binh,new,,Cash,12,"436,000",delivered,28.0,
G004146,2025-09-14 09:11,District 7,returning,,E-wallet,9,"270,000",delivered,34.5,4.0
G004147,2025-09-14 09:25,Phu Nhuan,member,Silver,E-wallet,10,"272,000",delivered,23.7,4.0
G004148,2025-09-14 10:25,Thu Duc City,member,Silver,E-wallet,7,"110,000",cancelled,,
G004149,2025-09-14 11:29,Binh Tan,new,,E-wallet,9,"361,000",delivered,63.7,2.0
G004150,2025-09-14 12:11,Thu Duc City,new,,Bank transfer,12,"328,000",delivered,59.4,
G004151,2025-09-14 12:59,Thu Duc City,member,Silver,Bank transfer,12,"330,000",delivered,56.8,
G004152,2025-09-14 13:07,District 7,member,Silver,E-wallet,15,"636,000",delivered,36.1,
G004153,2025-09-14 13:19,Go Vap,member,Platinum,Cash,8,"324,000",delivered,43.9,3.0
G004154,2025-09-14 13:41,District 7,returning,,E-wallet,11,"430,000",delivered,35.7,5.0
G004155,2025-09-14 16:05,Binh Thanh,returning,,E-wallet,14,"536,000",delivered,25.2,5.0
G004156,2025-09-14 16:57,District 10,returning,,E-wallet,13,"326,000",delivered,21.8,
G004157,2025-09-14 18:02,Thu Duc City,new,,Card,13,"410,000",delivered,54.3,
G004158,2025-09-14 18:31,Phu Nhuan,member,Gold,Card,11,"330,000",delivered,30.8,
G004159,2025-09-14 18:37,District 1,returning,,Card,9,"339,000",delivered,29.3,5.0
G004160,2025-09-14 18:38,Go Vap,returning,,Cash,8,"319,000",delivered,48.2,3.0
G004161,2025-09-14 18:49,Phu Nhuan,new,,Bank transfer,8,"238,000",delivered,31.7,4.0
G004162,2025-09-14 19:13,District 7,new,,Card,8,"204,000",delivered,44.8,2.0
G004163,2025-09-14 19:30,Binh Tan,new,,Card,12,"536,000",delivered,52.7,3.0
G004164,2025-09-14 19:44,Thu Duc City,returning,,Cash,7,,delivered,50.5,3.0
G004165,2025-09-14 22:09,Go Vap,new,,Cash,7,"194,000",delivered,40.8,
G004166,2025-09-15 07:05,Tan Binh,returning,,Cash,11,"345,000",delivered,26.4,5.0
G004167,2025-09-15 08:34,Binh Tan,returning,,E-wallet,15,"554,000",delivered,54.4,3.0
G004168,2025-09-15 11:47,Phu Nhuan,new,,Card,3,"93,000",delivered,36.1,4.0
G004169,2025-09-15 11:57,Go Vap,member,Silver,Card,13,"488,000",delivered,48.4,
G004170,2025-09-15 13:39,District 3,member,Platinum,E-wallet,6,"210,000",delivered,24.9,5.0
G004171,2025-09-15 16:19,District 1,returning,,Card,9,"223,000",delivered,30.0,4.0
G004172,2025-09-15 17:52,Phu Nhuan,returning,,E-wallet,4,"117,000",delivered,25.0,5.0
G004173,2025-09-15 17:53,District 3,new,,Bank transfer,8,"254,000",delivered,25.5,5.0
G004174,2025-09-15 18:03,District 1,new,,E-wallet,3,"115,000",delivered,31.0,4.0
G004175,2025-09-15 19:43,Tan Binh,returning,,Bank transfer,6,"137,000",delivered,37.0,3.0
G004176,2025-09-15 21:09,Tan Binh,member,Silver,Cash,8,"280,000",delivered,31.7,
G004177,2025-09-16 09:08,District 7,returning,,E-wallet,6,"200,000",delivered,35.1,4.0
G004178,2025-09-16 09:26,District 1,member,Silver,E-wallet,9,"265,000",delivered,19.9,5.0
G004179,2025-09-16 09:51,District 10,returning,,Cash,9,"147,000",delivered,33.7,4.0
G004180,2025-09-16 10:06,Go Vap,returning,,Cash,5,"191,000",delivered,35.8,4.0
G004181,2025-09-16 12:18,Tan Binh,returning,,E-wallet,11,"369,000",delivered,37.9,3.0
G004182,2025-09-16 12:43,Tan Binh,member,Silver,Card,6,"165,000",delivered,35.9,4.0
G004183,2025-09-16 13:12,Tan Binh,member,Silver,Cash,7,"278,000",delivered,27.0,5.0
G004184,2025-09-16 17:08,Binh Tan,returning,,Card,3,"89,000",delivered,45.5,
G004185,2025-09-16 18:14,District 3,member,Silver,E-wallet,4,"103,000",delivered,33.7,4.0
G004186,2025-09-16 18:52,District 7,returning,,Cash,8,"165,000",delivered,41.2,3.0
G004187,2025-09-16 19:30,Go Vap,returning,,Bank transfer,5,"203,000",delivered,42.6,3.0
G004188,2025-09-16 20:08,Tan Binh,returning,,E-wallet,2,"53,000",delivered,40.2,
G004189,2025-09-16 20:25,Binh Thanh,new,,E-wallet,8,"269,000",delivered,35.7,4.0
G004190,2025-09-16 20:28,District 7,member,Silver,Card,9,"166,000",delivered,45.8,2.0
G004191,2025-09-16 20:53,District 1,new,,Cash,6,"168,000",cancelled,,
G004192,2025-09-16 22:26,District 10,returning,,E-wallet,9,"315,000",delivered,24.3,4.0
G004193,2025-09-17 12:54,Phu Nhuan,returning,,Card,6,"154,000",delivered,32.1,4.0
G004194,2025-09-17 13:32,District 10,member,Silver,E-wallet,7,"251,000",delivered,22.6,
G004195,2025-09-17 14:15,Quận 1,member,Silver,Cash,5,"120,000",delivered,31.5,4.0
G004196,2025-09-17 15:30,Binh Tan,returning,,E-wallet,6,"200,000",delivered,52.6,1.0
G004197,2025-09-17 17:28,District 3,returning,,E-wallet,9,"246,000",delivered,21.2,
G004198,2025-09-17 17:37,District 1,member,Silver,E-wallet,13,"618,000",delivered,19.4,5.0
G004198,2025-09-17 17:37,District 1,member,Silver,E-wallet,13,"618,000",delivered,19.4,5.0
G004199,2025-09-17 17:52,Go Vap,new,,E-wallet,9,"240,000",delivered,44.1,3.0
G004200,2025-09-17 18:16,Tan Binh,returning,,E-wallet,4,"124,000",cancelled,,
G004201,2025-09-17 19:04,District 7,new,,Bank transfer,7,"260,000",delivered,41.4,1.0
G004202,2025-09-17 19:24,District 3,returning,,Card,6,"256,000",delivered,35.9,
G004203,2025-09-17 19:27,Thu Duc City,member,Gold,Cash,7,"171,000",delivered,52.0,2.0
G004204,2025-09-17 20:16,Tan Binh,returning,,Cash,5,"159,000",delivered,37.6,3.0
G004205,2025-09-17 21:40,Go Vap,member,Gold,Bank transfer,4,"188,000",cancelled,,
G004206,2025-09-17 22:04,Thu Duc City,returning,,E-wallet,9,"235,000",delivered,44.5,3.0
G004206,2025-09-17 22:04,Thu Duc City,returning,,E-wallet,9,"235,000",delivered,44.5,3.0
G004207,2025-09-18 06:24,Go Vap,member,Silver,Cash,5,"180,000",delivered,36.9,
G004208,2025-09-18 08:04,District 1,new,,E-wallet,8,"189,000",delivered,23.6,5.0
G004209,2025-09-18 09:31,Thu Duc City,new,,E-wallet,9,"328,000",delivered,53.3,3.0
G004210,2025-09-18 09:55,District 10,new,,E-wallet,7,"254,000",delivered,26.4,4.0
G004211,2025-09-18 10:19,Go Vap,returning,,E-wallet,7,"300,000",delivered,56.4,
G004212,2025-09-18 13:44,Go Vap,returning,,E-wallet,10,"468,000",delivered,34.9,
G004213,2025-09-18 14:56,Binh Thanh,member,Gold,Cash,6,"202,000",delivered,28.6,3.0
G004214,2025-09-18 19:07,Tan Binh,member,Silver,Cash,9,"326,000",delivered,47.6,3.0
G004215,2025-09-18 19:14,Phu Nhuan,returning,,Cash,12,"280,000",delivered,35.8,3.0
G004216,2025-09-18 20:20,District 3,returning,,Card,8,"316,000",delivered,37.6,2.0
G004217,2025-09-18 20:42,District 3,returning,,E-wallet,6,"246,000",delivered,30.7,4.0
G004218,2025-09-18 20:59,District 1,new,,Card,3,"78,000",delivered,29.4,4.0
G004219,2025-09-18 22:59,Thu Duc City,member,Silver,E-wallet,6,"115,000",delivered,55.1,2.0
G004220,2025-09-18 23:28,District 7,new,,E-wallet,8,"254,000",delivered,45.8,1.0
G004221,2025-09-19 07:34,Binh Thanh,member,Gold,E-wallet,3,"60,000",delivered,28.9,
G004222,2025-09-19 11:05,District 7,new,,Bank transfer,8,"254,000",delivered,47.2,
G004223,2025-09-19 11:24,District 1,new,,E-wallet,7,"296,000",delivered,36.3,4.0
G004224,2025-09-19 11:39,Binh Thanh,new,,Card,10,"479,000",delivered,36.3,4.0
G004225,2025-09-19 11:43,Thu Duc City,new,,Cash,6,"188,000",delivered,59.5,2.0
G004226,2025-09-19 12:43,Phu Nhuan,member,Silver,E-wallet,6,"124,000",delivered,36.9,
G004227,2025-09-19 14:59,Phu Nhuan,new,,E-wallet,12,"363,000",delivered,27.0,3.0
G004228,2025-09-19 16:18,Go Vap ,new,,Card,9,"389,000",delivered,42.5,1.0
G004229,2025-09-19 17:57,Phu Nhuan,returning,,Cash,2,"51,000",delivered,26.2,5.0
G004230,2025-09-19 18:44,Tan Binh,returning,,E-wallet,4,"116,000",delivered,38.7,
G004231,2025-09-19 19:28,Binh Thanh,member,Silver,E-wallet,13,"462,000",delivered,41.1,3.0
G004232,2025-09-19 19:57,Binh thanh,returning,,E-wallet,7,"231,000",delivered,42.6,3.0
G004233,2025-09-19 19:58,Go Vap,member,Silver,E-wallet,7,"281,000",delivered,41.3,3.0
G004234,2025-09-19 20:34,Phu Nhuan,new,,E-wallet,4,"87,000",delivered,36.3,
G004235,2025-09-19 21:52,District 7,new,,E-wallet,7,"254,000",delivered,32.8,
G004236,2025-09-19 21:57,Tan Binh,returning,,Bank transfer,7,"252,000",delivered,27.1,4.0
G004237,2025-09-20 07:47,District 3,returning,,e-wallet,16,"634,000",delivered,21.6,
G004238,2025-09-20 08:34,District 7,returning,,Card,17,"572,000",delivered,33.9,5.0
G004239,2025-09-20 09:43,District 7,returning,,E-wallet,8,"177,000",delivered,33.6,4.0
G004240,2025-09-20 09:57,Binh thanh,returning,,E-wallet,11,"356,000",cancelled,,
G004241,2025-09-20 11:01,Phu Nhuan,returning,,Card,12,"469,000",delivered,40.3,
G004242,2025-09-20 11:11,District 7,member,Gold,E-wallet,13,"567,000",delivered,41.1,
G004243,2025-09-20 11:40,District 7,returning,,E-wallet,10,"410,000",delivered,47.4,
G004244,2025-09-20 11:57,Binh Tan,new,,Card,12,"402,000",delivered,51.8,1.0
G004245,2025-09-20 13:17,Tan Binh,returning,,E-wallet,7,"254,000",delivered,29.2,4.0
G004246,2025-09-20 14:04,District 3,returning,,Bank transfer,7,"193,000",delivered,22.3,4.0
G004247,2025-09-20 15:26,Go Vap,member,Silver,E-wallet,10,"243,000",delivered,33.2,3.0
G004248,2025-09-20 16:01,District 10,member,Gold,E-wallet,14,"541,000",delivered,23.9,4.0
G004249,2025-09-20 16:03,Phu Nhuan,member,Gold,Card,8,"292,000",delivered,23.9,
G004250,2025-09-20 16:10,District 7,new,,Card,8,"242,000",delivered,34.6,4.0
G004251,2025-09-20 18:17,Phu Nhuan,returning,,e-wallet,9,"216,000",cancelled,,
G004252,2025-09-20 19:46,District 3,new,,E-wallet,11,"423,000",delivered,32.3,4.0
G004253,2025-09-20 20:37,District 7,member,Silver,ewallet,6,"116,000",cancelled,,
G004254,2025-09-20 20:55,Binh Tan,member,Gold,Card,18,"520,000",cancelled,,
G004255,2025-09-20 21:19,Tan Binh,returning,,E-wallet,11,"278,000",delivered,34.1,
G004256,2025-09-20 22:44,Go Vap,returning,,E-wallet,4,"106,000",delivered,37.9,3.0
G004257,2025-09-21 09:04,Binh Thanh,returning,,E-wallet,14,"384,000",delivered,35.7,3.0
G004259,2025-09-21 10:51,District 7,returning,,E-wallet,7,"228,000",delivered,43.7,5.0
G004260,2025-09-21 12:48,Thu Duc City,new,,E-wallet,6,"133,000",delivered,52.4,
G004261,2025-09-21 12:59,District 7,member,Silver,E-wallet,7,"189,000",delivered,43.9,
G004262,2025-09-21 15:22,District 7,member,Platinum,E-wallet,11,"464,000",cancelled,,
G004263,2025-09-21 16:06,District 1,member,Gold,E-wallet,10,"247,000",delivered,21.1,5.0
G004264,2025-09-21 16:32,District 10,new,,Bank transfer,11,"303,000",delivered,23.7,
G004265,2025-09-21 16:36,Thu Duc City,returning,,Cash,12,"391,000",delivered,43.3,4.0
G004266,2025-09-21 16:44,District 3,member,Gold,E-wallet,4,"156,000",delivered,27.2,5.0
G004267,2025-09-21 17:08,District 10,new,,E-wallet,11,"349,000",delivered,33.5,
G004268,2025-09-21 17:44,District 10,new,,Card,12,"466,000",delivered,26.3,4.0
G004269,2025-09-21 18:28,Go Vap,returning,,Card,9,"233,000",delivered,56.3,3.0
G004270,2025-09-21 18:32,District 10,returning,,E-wallet,10,"409,000",delivered,33.8,4.0
G004271,2025-09-21 18:53,Tan Binh,returning,,Cash,7,"256,000",delivered,37.5,3.0
G004272,2025-09-21 19:40,District 1,returning,,Bank transfer,3,"65,000",delivered,27.3,
G004273,2025-09-21 20:22,Phu Nhuan,new,,E-wallet,7,"244,000",delivered,37.5,3.0
G004274,2025-09-21 20:33,District 3,new,,E-wallet,11,"331,000",delivered,29.4,4.0
G004275,2025-09-21 21:13,Tan Binh,returning,,Bank transfer,7,"223,000",delivered,32.5,4.0
G004276,2025-09-21 22:02,District 10,member,Gold,E-wallet,8,"233,000",delivered,23.2,5.0
G004277,2025-09-22 06:16,Binh Thanh,new,,Cash,8,"360,000",delivered,31.6,
G004278,2025-09-22 09:38,Tan Binh,returning,,Card,6,"196,000",delivered,28.6,
G004279,2025-09-22 09:59,District 3,member,Platinum,Card,8,"314,000",delivered,33.8,
G004280,2025-09-22 10:15,Thu Duc City,member,Platinum,E-wallet,10,"440,000",delivered,54.7,
G004281,2025-09-22 11:09,Tan Binh,new,,Card,4,"101,000",delivered,45.2,
G004282,2025-09-22 12:30,Thu Duc City,new,,Cash,7,"274,000",delivered,50.5,
G004283,2025-09-22 13:00,District 7,member,Silver,Cash,5,"151,000",delivered,40.3,4.0
G004284,2025-09-22 13:07,District 1,member,Silver,Card,12,"371,000",delivered,18.2,5.0
G004285,2025-09-22 13:08,Binh Tan,new,,Cash,10,"360,000",delivered,42.8,3.0
G004286,2025-09-22 13:08,Binh Thanh,member,Silver,Card,4,"99,000",delivered,30.8,4.0
G004287,2025-09-22 14:14,Thu Duc City,member,Gold,Bank transfer,6,"178,000",delivered,45.2,2.0
G004288,2025-09-22 14:46,District 7,member,Silver,E-wallet,4,"189,000",delivered,34.7,5.0
G004289,2025-09-22 16:08,Thu Duc City,member,Gold,Cash,4,"150,000",delivered,46.3,2.0
G004290,2025-09-22 16:29,District 7,returning,,Cash,4,"145,000",delivered,35.0,
G004291,2025-09-22 16:44,Tan Binh,returning,,Cash,5,"150,000",delivered,32.7,5.0
G004292,2025-09-22 17:17,District 7,new,,Card,10,"251,000",delivered,35.4,5.0
G004293,2025-09-22 18:07,Binh Thanh,member,Silver,E-wallet,8,"303,000",delivered,37.4,
G004294,2025-09-22 18:11,District 7,member,Silver,E-wallet,9,"269,000",delivered,44.4,4.0
G004295,2025-09-22 18:22,District 1,member,Silver,Card,4,"119,000",delivered,30.4,4.0
G004296,2025-09-22 19:26,District 1,member,Silver,E-wallet,8,"185,000",cancelled,,
G004297,2025-09-22 19:34,Tan Binh,returning,,Card,7,"204,000",delivered,41.0,3.0
G004299,2025-09-22 21:21,Thu Duc City,member,Silver,E-wallet,6,"140,000",delivered,47.1,3.0
G004300,2025-09-22 21:34,Phu Nhuan,member,Gold,E-wallet,7,"330,000",delivered,25.3,4.0
G004301,2025-09-23 09:09,Thu Duc City,new,,Bank transfer,12,"389,000",delivered,46.3,
G004302,2025-09-23 09:44,Go Vap ,new,,Cash,9,"369,000",delivered,36.7,3.0
G004303,2025-09-23 11:43,Phu Nhuan,member,Platinum,Bank transfer,7,"280,000",delivered,37.5,
G004304,2025-09-23 12:32,District 7,returning,,Card,8,"250,000",delivered,49.9,3.0
G004305,2025-09-23 12:39,District 7,returning,,Bank transfer,3,"83,000",delivered,44.5,
G004306,2025-09-23 13:02,Binh Tan,member,Platinum,E-wallet,9,"390,000",delivered,44.6,2.0
G004307,2025-09-23 14:17,District 3,returning,,Cash,10,"185,000",delivered,25.7,5.0
G004308,2025-09-23 17:47,Go Vap,member,Silver,Card,8,"254,000",delivered,37.9,
G004309,2025-09-23 19:20,District 10,member,Silver,Cash,3,"79,000",delivered,29.7,
G004310,2025-09-23 19:30,District 3,returning,,E-wallet,6,"199,000",delivered,33.3,4.0
G004311,2025-09-23 19:42,Phu Nhuan,returning,,E-wallet,10,"392,000",delivered,35.1,3.0
G004312,2025-09-23 19:58,Thu Duc City,member,Silver,E-wallet,6,"211,000",delivered,53.7,2.0
G004313,2025-09-23 19:58,District 7,returning,,Card,5,"162,000",delivered,59.6,2.0
G004314,2025-09-23 21:18,Tan Binh,returning,,Card,3,"76,000",delivered,32.8,3.0
G004315,2025-09-23 21:21,Binh Thanh,returning,,E-wallet,8,"281,000",delivered,25.2,5.0
G004316,2025-09-23 21:35,Binh Tan,returning,,E-wallet,6,"266,000",delivered,45.1,3.0
G004317,2025-09-23 22:19,Tan Binh,returning,,E-wallet,3,"88,000",delivered,37.6,
G004318,2025-09-24 07:43,District 7,new,,E-wallet,7,"275,000",delivered,32.7,
G004319,2025-09-24 09:11,Go Vap,new,,E-wallet,10,"355,000",delivered,44.3,1.0
G004320,2025-09-24 09:22,District 10,member,Silver,Card,10,"303,000",delivered,32.8,
G004321,2025-09-24 12:48,Thu Duc City,returning,,Bank transfer,3,"109,000",delivered,55.4,2.0
G004322,2025-09-24 13:02,District 1,new,,Cash,9,"289,000",delivered,27.4,5.0
G004323,2025-09-24 13:44,District 1,member,Gold,Cash,7,"115,000",delivered,27.2,5.0
G004324,2025-09-24 15:56,Thu Duc City,returning,,Card,5,"221,000",delivered,47.1,
G004325,2025-09-24 16:09,Binh Thanh,returning,,Card,8,"212,000",delivered,24.6,5.0
G004326,2025-09-24 18:11,Thu Duc City,returning,,Card,9,"331,000",delivered,58.1,
G004327,2025-09-24 18:20,Go Vap ,new,,Card,8,"200,000",delivered,42.9,3.0
G004328,2025-09-24 19:54,Phu Nhuan,new,,Cash,4,"106,000",delivered,34.6,4.0
G004329,2025-09-24 19:55,District 3,returning,,E-wallet,5,"232,000",delivered,31.1,4.0
G004330,2025-09-24 20:19,Thu Duc City,returning,,E-wallet,15,"484,000",delivered,54.2,2.0
G004331,2025-09-24 21:15,Go Vap,returning,,E-wallet,8,"249,000",delivered,35.4,4.0
G004332,2025-09-24 21:43,Go Vap,returning,,Bank transfer,8,"215,000",delivered,35.1,
G004333,2025-09-25 09:57,District 1,new,,Card,9,"352,000",delivered,32.8,5.0
G004334,2025-09-25 10:42,Phu Nhuan,member,Silver,Cash,10,"358,000",delivered,32.6,
G004335,2025-09-25 11:06,Phu Nhuan,returning,,Cash,11,"349,000",delivered,37.0,3.0
G004336,2025-09-25 11:21,Go Vap,new,,Cash,12,"217,000",delivered,45.8,2.0
G004337,2025-09-25 13:33,Phu Nhuan,returning,,E-wallet,4,"131,000",delivered,32.5,
G004338,2025-09-25 14:37,District 7,returning,,Bank transfer,6,"186,000",delivered,36.6,3.0
G004339,2025-09-25 16:37,Go Vap,returning,,E-wallet,7,"241,000",delivered,39.3,
G004340,2025-09-25 16:41,Binh Thanh,returning,,E-wallet,7,"216,000",delivered,33.0,4.0
G004341,2025-09-25 18:34,District 1,new,,Cash,13,"481,000",cancelled,,
G004342,2025-09-25 20:48,Binh thanh,new,,E-wallet,7,"244,000",delivered,37.1,3.0
G004343,2025-09-25 22:15,Tan Binh,returning,,Cash,7,"131,000",delivered,27.1,5.0
G004344,2025-09-26 09:22,Binh Tan,member,Gold,Card,6,"170,000",cancelled,,
G004345,2025-09-26 12:50,District 10,new,,Card,8,"226,000",delivered,33.6,
G004346,2025-09-26 13:00,Phu Nhuan,new,,E-wallet,7,"190,000",delivered,24.0,4.0
G004347,2025-09-26 13:02,Binh Thanh,returning,,Cash,7,"238,000",delivered,30.3,4.0
G004348,2025-09-26 17:14,Go Vap,member,Silver,E-wallet,10,"393,000",cancelled,,
G004349,2025-09-26 19:57,Phu Nhuan,new,,Cash,9,"317,000",delivered,35.5,4.0
G004350,2025-09-26 20:35,District 7,member,Gold,E-wallet,7,"151,000",delivered,44.6,3.0
G004351,2025-09-26 22:04,Thu Duc City,member,Gold,Card,10,"247,000",delivered,49.1,
G004352,2025-09-27 07:49,District 1,returning,,Cash,7,"196,000",delivered,22.4,4.0
G004353,2025-09-27 08:34,Tan Binh,member,Silver,Card,14,"591,000",delivered,31.7,4.0
G004354,2025-09-27 09:20,Tan Binh,member,Platinum,E-wallet,14,"611,000",cancelled,,
G004355,2025-09-27 10:00,Tan Binh,returning,,E-wallet,16,"482,000",delivered,37.6,
G004356,2025-09-27 11:36,District 1,returning,,Bank transfer,9,"225,000",delivered,26.9,
G004357,2025-09-27 13:02,District 10,returning,,E-wallet,7,"144,000",delivered,22.3,
G004358,2025-09-27 14:59,Tan Binh,returning,,E-wallet,9,"257,000",delivered,45.4,2.0
G004359,2025-09-27 15:38,District 1,member,Gold,E-wallet,10,"335,000",delivered,20.7,5.0
G004360,2025-09-27 16:28,Tan Binh,new,,E-wallet,12,"304,000",delivered,33.9,4.0
G004361,2025-09-27 16:40,District 3,returning,,Bank transfer,17,"427,000",delivered,21.8,5.0
G004362,2025-09-27 16:44,Tan Binh,new,,Cash,9,"256,000",delivered,44.0,2.0
G004363,2025-09-27 17:06,District 3,returning,,E-wallet,7,"262,000",delivered,26.3,5.0
G004364,2025-09-27 17:27,Binh Thanh,member,Platinum,Cash,15,"552,000",delivered,24.7,
G004365,2025-09-27 18:14,District 3,member,Silver,E-wallet,10,"419,000",delivered,30.2,5.0
G004366,2025-09-27 18:38,Go Vap ,returning,,E-wallet,14,"584,000",delivered,48.7,1.0
G004367,2025-09-27 19:06,District 7,new,,E-wallet,11,"279,000",cancelled,,
G004368,2025-09-27 20:33,Go Vap,member,Gold,E-wallet,5,"172,000",delivered,47.4,2.0
G004369,2025-09-27 20:56,District 3,returning,,E-wallet,12,"440,000",cancelled,,
G004370,2025-09-28 07:30,BINH THANH,new,,E-wallet,13,"471,000",delivered,26.3,
G004371,2025-09-28 07:54,Phu Nhuan,new,,Cash,14,"428,000",delivered,29.2,4.0
G004372,2025-09-28 09:48,District 7,new,,Cash,5,"191,000",delivered,35.1,
G004373,2025-09-28 10:16,Go Vap,returning,,Cash,11,"372,000",delivered,34.1,
G004374,2025-09-28 12:38,District 7,returning,,E-wallet,11,"349,000",cancelled,,
G004375,2025-09-28 15:12,Binh Tan,member,Silver,E-wallet,9,"237,000",delivered,45.9,3.0
G004376,2025-09-28 15:15,Binh Thanh,member,Silver,E-wallet,12,"380,000",delivered,31.9,
G004377,2025-09-28 15:25,District 3,returning,,E-wallet,10,"366,000",delivered,24.5,5.0
G004378,2025-09-28 15:30,District 10,member,Platinum,E-wallet,10,"298,000",delivered,25.3,
G004379,2025-09-28 17:22,Binh Thanh,new,,Card,10,"383,000",delivered,29.7,
G004380,2025-09-28 17:37,District 7,returning,,E-wallet,7,"274,000",delivered,40.0,2.0
G004381,2025-09-28 17:39,Thu Duc City,returning,,E-wallet,12,"429,000",delivered,51.1,3.0
G004382,2025-09-28 17:52,Thu Duc City,member,Silver,Bank transfer,10,"323,000",delivered,48.0,1.0
G004383,2025-09-28 18:12,Tan Binh,returning,,E-wallet,11,"271,000",delivered,35.6,
G004384,2025-09-28 19:24,Go Vap,returning,,Bank transfer,10,"395,000",delivered,47.8,3.0
G004385,2025-09-28 20:12,District 3,returning,,E-wallet,12,"378,000",delivered,31.2,4.0
G004386,2025-09-28 21:30,Tan Binh,returning,,E-wallet,16,"509,000",delivered,31.8,4.0
G004387,2025-09-28 22:12,Go Vap,returning,,Bank transfer,10,"326,000",delivered,38.5,3.0
G004388,2025-09-29 06:55,Phu Nhuan,member,Gold,E-wallet,8,"205,000",delivered,34.4,
G004389,2025-09-29 10:23,Binh Thanh,returning,,E-wallet,3,"136,000",delivered,27.5,5.0
G004390,2025-09-29 10:27,Binh Tan,returning,,E-wallet,5,"199,000",delivered,41.3,
G004391,2025-09-29 11:35,Phu Nhuan,new,,Bank transfer,5,"159,000",delivered,39.5,5.0
G004392,2025-09-29 12:15,District 1,returning,,Cash,3,"70,000",delivered,29.0,5.0
G004393,2025-09-29 12:19,Go Vap,member,Platinum,E-wallet,7,"260,000",delivered,45.5,1.0
G004394,2025-09-29 12:32,Thu Duc City,returning,,E-wallet,9,"236,000",delivered,60.6,3.0
G004395,2025-09-29 12:57,Binh Thanh,returning,,Cash,4,"79,000",delivered,40.2,4.0
G004396,2025-09-29 13:38,District 7,returning,,Cash,6,"160,000",delivered,32.7,
G004397,2025-09-29 14:52,Thu Duc City,returning,,Bank transfer,7,"208,000",delivered,47.8,4.0
G004398,2025-09-29 15:04,Tan Binh,returning,,E-wallet,6,"203,000",delivered,33.0,5.0
G004399,2025-09-29 15:09,Go Vap,returning,,Cash,8,"289,000",delivered,35.0,
G004400,2025-09-29 18:23,Thu Duc City,returning,,E-wallet,3,"127,000",delivered,50.1,3.0
G004401,2025-09-29 19:01,District 1,returning,,E-wallet,11,"263,000",delivered,29.7,
G004402,2025-09-29 19:04,District 3,member,Gold,E-wallet,3,"99,000",delivered,32.5,3.0
G004403,2025-09-29 19:59,District 7,member,Silver,E-wallet,4,"99,000",delivered,41.0,3.0
G004404,2025-09-29 20:18,Thu Duc City,new,,Card,9,"259,000",delivered,55.7,2.0
G004405,2025-09-29 20:57,Phu Nhuan,returning,,Card,5,"188,000",delivered,39.5,2.0
G004406,2025-09-29 21:44,Binh Thanh,returning,,E-wallet,7,"155,000",delivered,33.5,4.0
G004407,2025-09-30 10:25,District 3,new,,Card,10,"332,000",cancelled,,
G004408,2025-09-30 11:15,Phu Nhuan,returning,,E-wallet,7,"253,000",delivered,40.0,3.0
G004409,2025-09-30 12:20,Phu Nhuan,returning,,E-wallet,8,"248,000",delivered,31.9,4.0
G004410,2025-09-30 12:34,District 7,returning,,Cash,10,"403,000",delivered,50.6,2.0
G004411,2025-09-30 13:48,Go Vap,new,,Card,10,"290,000",delivered,37.4,4.0
G004412,2025-09-30 13:48,District 1,new,,E-wallet,10,"260,000",delivered,25.5,5.0
G004413,2025-09-30 13:59,Binh Thanh,member,Gold,Cash,5,"187,000",delivered,26.2,4.0
G004414,2025-09-30 15:31,Phu Nhuan,returning,,E-wallet,11,"388,000",delivered,31.4,4.0
G004415,2025-09-30 17:07,Tan Binh,returning,,Card,11,"266,000",delivered,28.3,
G004416,2025-09-30 17:17,District 7,member,Silver,E-wallet,4,"164,000",delivered,38.7,4.0
G004417,2025-09-30 17:23,Binh Tan,returning,,Momo/ZaloPay,10,"346,000",delivered,46.8,
G004418,2025-09-30 18:52,Tan Binh,new,,E-wallet,7,"219,000",delivered,38.4,
G004419,2025-09-30 19:00,District 7,returning,,Cash,8,"183,000",delivered,41.6,2.0
G004420,2025-09-30 19:13,District 3,member,Silver,E-wallet,6,"249,000",delivered,36.1,
G004421,2025-09-30 19:47,Go Vap,member,Gold,E-wallet,6,"157,000",delivered,43.2,
G004422,2025-09-30 19:51,District 10,new,,E-wallet,10,"254,000",delivered,32.7,
G004423,2025-09-30 20:12,District 1,returning,,E-wallet,6,"247,000",delivered,34.8,
G004424,2025-09-30 21:36,Phu Nhuan,member,Silver,Cash,13,"490,000",delivered,27.6,
G004425,2025-09-30 21:48,District 1,returning,,E-wallet,4,"145,000",delivered,24.5,5.0
G004426,2025-09-30 23:06,District 7,new,,E-wallet,8,"177,000",delivered,35.4,
G004427,2025-10-01 09:39,District 3,returning,,e-wallet,9,"357,000",delivered,20.8,5.0
G004428,2025-10-01 10:09,Phu Nhuan,new,,Bank transfer,5,"189,000",delivered,33.9,
G004429,2025-10-01 11:23,Binh Tan,returning,,Cash,10,"328,000",cancelled,,
G004430,2025-10-01 11:50,District 10,member,Silver,Card,6,"192,000",delivered,32.6,
G004431,2025-10-01 12:11,Thu Duc City,new,,Cash,12,"584,000",delivered,56.5,2.0
G004432,2025-10-01 12:19,Tan Binh,returning,,E-wallet,7,"201,000",delivered,40.2,4.0
G004433,2025-10-01 17:00,District 10,returning,,E-wallet,3,"102,000",cancelled,,
G004434,2025-10-01 18:38,Binh Thanh,member,Gold,E-wallet,8,"195,000",delivered,34.5,4.0
G004435,2025-10-01 18:42,Tan Binh,new,,E-wallet,8,"198,000",delivered,42.8,
G004435,2025-10-01 18:42,Tan Binh,new,,E-wallet,8,"198,000",delivered,42.8,
G004436,2025-10-01 20:11,Thu Duc City,returning,,Cash,6,"222,000",delivered,67.8,3.0
G004437,2025-10-01 20:31,Phu Nhuan,returning,,E-wallet,8,"261,000",delivered,39.1,4.0
G004438,2025-10-01 21:47,District 7,returning,,Cash,9,"304,000",delivered,49.8,2.0
G004439,2025-10-02 08:43,Tan Binh,returning,,Bank transfer,6,"186,000",delivered,33.7,4.0
G004440,2025-10-02 09:02,District 3,member,Gold,Card,6,"134,000",delivered,23.5,4.0
G004441,2025-10-02 14:00,Binh Thanh,returning,,E-wallet,11,"286,000",delivered,34.4,4.0
G004442,2025-10-02 15:11,Thu Duc City,member,Silver,E-wallet,11,"345,000",delivered,46.8,
G004443,2025-10-02 15:32,District 3,returning,,Cash,8,"253,000",delivered,22.2,4.0
G004444,2025-10-02 15:39,Binh Thanh,returning,,Card,7,"290,000",delivered,29.5,
G004445,2025-10-02 15:44,District 1,member,Silver,Cash,7,"193,000",delivered,21.0,
G004446,2025-10-02 17:26,Thu Duc City,returning,,E-wallet,8,"312,000",delivered,52.4,2.0
G004447,2025-10-02 17:50,District 10,returning,,Bank transfer,6,"147,000",delivered,25.6,
G004448,2025-10-02 18:11,District 7,returning,,E-wallet,7,"181,000",delivered,46.0,
G004449,2025-10-02 19:05,Thu Duc City,member,Platinum,Bank transfer,5,"251,000",cancelled,,
G004450,2025-10-02 19:24,Binh Tan,returning,,E-wallet,5,"154,000",delivered,59.9,2.0
G004451,2025-10-02 19:30,district 1,returning,,Bank transfer,9,"253,000",delivered,34.8,4.0
G004452,2025-10-02 19:35,Thu Duc City,returning,,Cash,10,"334,000",delivered,58.4,2.0
G004453,2025-10-02 20:44,District 1,new,,E-wallet,5,"179,000",delivered,29.0,5.0
G004454,2025-10-02 20:52,Binh Tan,returning,,E-wallet,7,"239,000",cancelled,,
G004455,2025-10-02 21:21,Thu Duc City,returning,,Card,8,"219,000",delivered,48.6,
G004457,2025-10-02 23:27,District 10,member,Platinum,E-wallet,5,"252,000",delivered,25.2,
G004458,2025-10-03 07:34,Binh Thanh,returning,,E-wallet,9,"279,000",delivered,34.3,3.0
G004459,2025-10-03 07:49,District 7,returning,,Cash,9,"259,000",delivered,38.7,2.0
G004460,2025-10-03 08:44,Tan Binh,returning,,Bank transfer,4,"158,000",delivered,37.1,3.0
G004461,2025-10-03 11:10,Binh Thanh,member,Gold,E-wallet,12,"345,000",delivered,36.8,4.0
G004462,2025-10-03 11:36,Thu Duc City,returning,,E-wallet,3,"102,000",delivered,54.2,3.0
G004463,2025-10-03 12:03,Binh Thanh,new,,Card,9,"343,000",delivered,34.8,4.0
G004464,2025-10-03 12:09,Binh Tan,new,,E-wallet,4,"66,000",delivered,57.5,2.0
G004465,2025-10-03 12:57,District 1,new,,E-wallet,6,"203,000",cancelled,,
G004466,2025-10-03 13:27,Thu Duc City,returning,,E-wallet,4,"86,000",cancelled,,
G004467,2025-10-03 13:42,District 7,member,Gold,E-wallet,7,"187,000",delivered,33.0,4.0
G004468,2025-10-03 14:07,Tan Binh,returning,,E-wallet,4,"138,000",delivered,41.0,
G004469,2025-10-03 14:39,District 10,new,,Cash,5,"199,000",delivered,25.3,
G004470,2025-10-03 14:54,Binh Thanh,new,,Bank transfer,12,"354,000",delivered,26.9,
G004471,2025-10-03 15:10,Binh Thanh,returning,,Cash,11,"335,000",delivered,27.1,
G004472,2025-10-03 15:40,Phu Nhuan,member,Silver,Cash,4,"165,000",delivered,26.2,5.0
G004473,2025-10-03 18:44,Binh Tan,returning,,Cash,5,"174,000",delivered,53.3,
G004474,2025-10-03 19:07,Tan Binh,new,,E-wallet,10,"297,000",delivered,40.6,2.0
G004474,2025-10-03 19:07,Tan Binh,new,,E-wallet,10,"297,000",delivered,40.6,2.0
G004475,2025-10-03 19:40,Binh Thanh,new,,E-wallet,12,"321,000",delivered,35.9,3.0
G004476,2025-10-03 19:56,Tan Binh,new,,Card,5,"114,000",delivered,40.8,3.0
G004477,2025-10-03 19:59,Phu Nhuan,new,,Bank transfer,9,"198,000",delivered,38.1,5.0
G004478,2025-10-03 20:00,Binh Tan,returning,,Bank transfer,9,"313,000",delivered,60.2,2.0
G004479,2025-10-03 20:35,Thu Duc City,new,,E-wallet,7,"155,000",delivered,51.8,4.0
G004480,2025-10-03 20:55,District 7,new,,E-wallet,13,"341,000",delivered,43.4,4.0
G004481,2025-10-03 21:39,Phu Nhuan,returning,,Card,6,"156,000",delivered,28.2,5.0
G004482,2025-10-03 21:53,Binh Tan,member,Silver,Bank transfer,8,"358,000",delivered,50.0,4.0
G004483,2025-10-03 23:32,District 1,returning,,E-wallet,5,"138,000",delivered,21.2,5.0
G004484,2025-10-04 11:13,District 3,returning,,E-wallet,6,"220,000",cancelled,,
G004485,2025-10-04 11:32,Tan Binh,member,Silver,E-wallet,13,"326,000",delivered,34.4,5.0
G004486,2025-10-04 12:10,Tan Binh,new,,Cash,11,"309,000",delivered,34.7,3.0
G004487,2025-10-04 13:42,Tan Binh,new,,Card,7,"154,000",delivered,29.1,5.0
G004488,2025-10-04 15:18,Binh Thanh,member,Silver,e-wallet,9,"345,000",delivered,31.2,
G004489,2025-10-04 16:21,District 10,returning,,E-wallet,9,"248,000",delivered,25.6,
G004490,2025-10-04 17:18,Binh Thanh,returning,,E-wallet,9,"297,000",delivered,30.2,5.0
G004491,2025-10-04 19:37,District 3,returning,,Card,15,"409,000",delivered,36.6,4.0
G004492,2025-10-04 20:29,Tan Binh,member,Silver,Card,12,"249,000",delivered,46.8,1.0
G004493,2025-10-04 20:33,District 1,new,,Momo/ZaloPay,8,"182,000",delivered,32.3,
G004494,2025-10-04 21:30,District 3,new,,Cash,9,"380,000",delivered,20.5,5.0
G004495,2025-10-04 21:54,Go Vap,member,Silver,E-wallet,8,"243,000",delivered,38.3,
G004496,2025-10-05 09:50,Tan Binh,returning,,Cash,10,"323,000",delivered,30.6,4.0
G004497,2025-10-05 10:22,Binh Thanh,returning,,E-wallet,7,"225,000",delivered,27.4,
G004498,2025-10-05 10:51,District 3,member,Silver,Card,8,"250,000",delivered,26.5,
G004499,2025-10-05 11:02,Go Vap,member,Silver,E-wallet,10,"187,000",delivered,42.8,
G004500,2025-10-05 11:06,Binh Tan,returning,,Card,11,"440,000",delivered,56.5,
G004501,2025-10-05 13:09,Thu Duc City,member,Silver,E-wallet,11,"345,000",delivered,48.2,3.0
G004502,2025-10-05 15:40,District 7,returning,,Cash,5,"184,000",delivered,36.1,4.0
G004503,2025-10-05 17:00,Binh Tan,returning,,Cash,10,"296,000",delivered,43.4,
G004504,2025-10-05 18:15,District 3,returning,,Card,9,"275,000",delivered,34.0,
G004505,2025-10-05 18:31,District 7,returning,,Cash,16,"576,000",delivered,47.5,3.0
G004506,2025-10-05 18:54,Phu Nhuan,member,Gold,Card,11,"357,000",delivered,34.1,4.0
G004507,2025-10-05 19:10,Binh Tan,new,,Cash,12,"250,000",delivered,49.1,
G004508,2025-10-05 19:21,Phu Nhuan,returning,,Cash,13,"416,000",delivered,37.2,
G004509,2025-10-05 19:37,District 1,returning,,E-wallet,8,"302,000",delivered,28.4,5.0
G004510,2025-10-05 19:49,District 7,new,,E-wallet,12,"366,000",delivered,44.2,2.0
G004511,2025-10-05 20:50,Phu Nhuan,new,,E-wallet,13,"381,000",delivered,38.0,
G004512,2025-10-06 09:13,Phu Nhuan,member,Silver,E-wallet,10,"350,000",delivered,23.2,3.0
G004513,2025-10-06 10:21,District 1,returning,,e-wallet,9,"117,000",delivered,27.4,4.0
G004514,2025-10-06 12:45,Thu Duc City,member,Silver,Card,6,"180,000",delivered,57.3,2.0
G004515,2025-10-06 12:52,Tan Binh,new,,E-wallet,7,"200,000",delivered,37.4,3.0
G004516,2025-10-06 13:28,District 1,new,,E-wallet,5,"203,000",delivered,23.5,5.0
G004517,2025-10-06 15:54,Thu Duc City,returning,,E-wallet,16,"608,000",delivered,44.6,
G004518,2025-10-06 16:51,Binh Thanh,returning,,Card,6,"113,000",delivered,31.7,
G004519,2025-10-06 18:35,Binh Thanh,returning,,Card,3,"72,000",delivered,39.0,3.0
G004520,2025-10-06 19:43,Phu Nhuan,returning,,Card,9,"268,000",delivered,33.1,4.0
G004521,2025-10-06 20:28,Tan Binh,returning,,Cash,8,"190,000",delivered,40.1,3.0
G004522,2025-10-06 22:44,Go Vap,returning,,Bank transfer,3,"116,000",delivered,44.6,
G004523,2025-10-07 10:05,TP Thu Duc,returning,,Bank transfer,5,"202,000",delivered,43.2,
G004524,2025-10-07 12:06,Binh Thanh,member,Gold,E-wallet,4,"161,000",delivered,36.6,
G004525,2025-10-07 12:26,Phu Nhuan,returning,,Card,3,"83,000",delivered,34.3,4.0
G004526,2025-10-07 12:34,District 1,returning,,Bank transfer,3,"77,000",delivered,26.6,5.0
G004527,2025-10-07 12:38,Phu Nhuan,returning,,E-wallet,7,"216,000",delivered,38.2,
G004528,2025-10-07 13:00,Binh Thanh,returning,,E-wallet,8,"266,000",delivered,28.8,4.0
G004529,2025-10-07 13:33,Quận 1,new,,Card,5,"190,000",delivered,23.4,5.0
G004530,2025-10-07 13:44,Binh Thanh,new,,E-wallet,8,"288,000",delivered,36.2,
G004531,2025-10-07 15:06,Thu Duc City,member,Silver,E-wallet,7,"242,000",delivered,42.2,3.0
G004532,2025-10-07 19:12,Binh Tan,member,Silver,Card,2,"72,000",delivered,56.9,1.0
G004533,2025-10-07 19:22,Tan Binh,new,,Card,9,"227,000",delivered,33.8,4.0
G004534,2025-10-07 19:32,Go Vap,member,Platinum,E-wallet,7,"292,000",delivered,45.3,
G004535,2025-10-07 19:43,Thu Duc City,returning,,Card,7,"271,000",delivered,50.5,2.0
G004536,2025-10-07 19:58,District 3,member,Silver,E-wallet,10,"431,000",delivered,32.0,3.0
G004537,2025-10-07 20:00,Thu Duc City,member,Silver,Cash,4,"127,000",delivered,54.2,3.0
G004538,2025-10-07 21:06,Binh Thanh,returning,,E-wallet,5,"160,000",delivered,28.0,
G004539,2025-10-07 21:23,District 10,member,Silver,E-wallet,6,"181,000",cancelled,,
G004539,2025-10-07 21:23,District 10,member,Silver,E-wallet,6,"181,000",cancelled,,
G004540,2025-10-08 12:56,Phu Nhuan,member,Gold,E-wallet,6,"176,000",delivered,37.3,3.0
G004541,2025-10-08 13:14,Thu Duc City,new,,E-wallet,6,"173,000",delivered,50.2,
G004542,2025-10-08 15:22,Phu Nhuan,member,Gold,Bank transfer,9,"317,000",delivered,33.3,5.0
G004543,2025-10-08 17:00,Thu Duc City,returning,,E-wallet,8,"208,000",delivered,45.2,3.0
G004544,2025-10-08 17:59,Phu Nhuan,returning,,Card,5,"203,000",delivered,25.8,4.0
G004545,2025-10-08 18:11,District 3,returning,,E-wallet,5,"185,000",delivered,32.4,5.0
G004546,2025-10-08 18:47,District 3,new,,Card,3,"97,000",delivered,33.9,
G004547,2025-10-08 18:55,District 10,returning,,E-wallet,5,"157,000",delivered,32.9,4.0
G004548,2025-10-08 20:01,District 3,returning,,Card,4,"147,000",delivered,28.9,4.0
G004549,2025-10-08 20:09,Binh Thanh,new,,Cash,9,"291,000",delivered,34.0,5.0
G004550,2025-10-09 11:26,Go Vap,returning,,E-wallet,5,"186,000",delivered,53.6,2.0
G004551,2025-10-09 12:11,Q7,member,Gold,E-wallet,3,"125,000",delivered,44.2,3.0
G004552,2025-10-09 12:48,District 10,returning,,E-wallet,7,"163,000",delivered,34.4,4.0
G004553,2025-10-09 13:14,District 10,returning,,E-wallet,9,"220,000",delivered,27.0,5.0
G004554,2025-10-09 13:16,District 10,returning,,E-wallet,5,"119,000",delivered,21.7,5.0
G004555,2025-10-09 17:39,BINH THANH,member,Gold,Cash,9,"300,000",delivered,39.7,
G004556,2025-10-09 18:18,Binh Tan,returning,,E-wallet,10,"320,000",delivered,55.9,2.0
G004557,2025-10-09 18:52,District 3,member,Silver,Cash,7,"234,000",delivered,29.3,
G004558,2025-10-09 19:18,Binh Thanh,returning,,E-wallet,8,"296,000",delivered,39.0,
G004559,2025-10-09 20:03,Q7,returning,,Bank transfer,9,"178,000",delivered,41.8,4.0
G004560,2025-10-09 20:19,Tan Binh,new,,E-wallet,7,"221,000",delivered,39.2,3.0
G004561,2025-10-09 22:06,Tan Binh,returning,,Bank transfer,3,"120,000",delivered,30.3,5.0
G004562,2025-10-09 22:20,District 1,new,,Bank transfer,8,"254,000",delivered,24.8,5.0
G004563,2025-10-10 06:54,Binh Thanh,returning,,Cash,3,"124,000",delivered,25.1,5.0
G004564,2025-10-10 10:40,District 3,returning,,E-wallet,6,"165,000",delivered,22.3,4.0
G004565,2025-10-10 11:12,Go Vap,new,,E-wallet,11,"519,000",delivered,48.8,2.0
G004566,2025-10-10 11:41,District 3,returning,,Cash,10,"321,000",delivered,32.5,4.0
G004567,2025-10-10 13:57,Tan Binh,returning,,E-wallet,7,"166,000",delivered,28.7,
G004568,2025-10-10 15:31,District 1,member,Silver,Bank transfer,6,"214,000",delivered,25.6,
G004569,2025-10-10 15:38,Binh Tan,new,,Cash,6,"207,000",delivered,42.3,3.0
G004570,2025-10-10 16:38,District 3,member,Platinum,E-wallet,6,"309,000",delivered,19.7,5.0
G004571,2025-10-10 16:57,Go Vap,member,Platinum,E-wallet,8,"324,000",delivered,38.6,2.0
G004572,2025-10-10 17:05,Phu Nhuan,returning,,Bank transfer,7,"281,000",delivered,31.7,4.0
G004573,2025-10-10 19:14,Tan Binh,returning,,Card,11,"384,000",delivered,34.8,
G004574,2025-10-10 19:30,Thu Duc City,member,Silver,E-wallet,10,"219,000",delivered,58.2,1.0
G004575,2025-10-10 21:32,Phu Nhuan,returning,,Card,7,"157,000",delivered,22.9,
G004576,2025-10-11 08:28,Tan Binh,new,,Card,11,"234,000",delivered,31.3,
G004577,2025-10-11 10:27,Binh Tan,returning,,E-wallet,9,"324,000",delivered,55.5,3.0
G004578,2025-10-11 10:31,Thu Duc City,member,Silver,Cash,14,"331,000",delivered,45.6,1.0
G004579,2025-10-11 10:53,District 10,member,Silver,Bank transfer,11,"531,000",delivered,22.5,
G004580,2025-10-11 11:20,District 10,new,,Bank transfer,9,"365,000",delivered,30.6,4.0
G004581,2025-10-11 12:54,District 1,new,,Cash,13,"319,000",delivered,33.1,4.0
G004582,2025-10-11 14:55,Tan Binh,returning,,Cash,12,"405,000",delivered,28.9,4.0
G004583,2025-10-11 16:25,District 1,new,,E-wallet,10,"436,000",delivered,29.4,
G004584,2025-10-11 17:13,Thu Duc City,new,,Card,8,"338,000",cancelled,,
G004585,2025-10-11 17:16,Thu Duc City,member,Gold,Bank transfer,14,"458,000",delivered,45.3,
G004586,2025-10-11 17:49,Thu Duc City,new,,Cash,8,"262,000",delivered,43.3,4.0
G004587,2025-10-11 18:05,Phu Nhuan,new,,E-wallet,10,"304,000",delivered,31.9,
G004588,2025-10-11 18:19,Binh Tan,member,Silver,E-wallet,12,"381,000",delivered,51.0,2.0
G004589,2025-10-11 18:50,Thu Duc City,member,Platinum,E-wallet,8,"348,000",delivered,50.9,1.0
G004590,2025-10-11 19:33,Go Vap,returning,,Card,7,"255,000",delivered,41.1,3.0
G004590,2025-10-11 19:33,Go Vap,returning,,Card,7,"255,000",delivered,41.1,3.0
G004591,2025-10-11 19:58,Phu Nhuan,returning,,Cash,11,"317,000",delivered,33.6,4.0
G004591,2025-10-11 19:58,Phu Nhuan,returning,,Cash,11,"317,000",delivered,33.6,4.0
G004592,2025-10-11 20:47,District 10,member,Silver,Cash,6,"185,000",delivered,31.4,4.0
G004593,2025-10-11 21:33,Tan Binh,member,Silver,Bank transfer,12,"282,000",delivered,29.4,3.0
G004594,2025-10-11 22:16,Binh Thanh,returning,,Card,6,"194,000",delivered,24.6,5.0
G004595,2025-10-12 10:47,District 7,member,Platinum,Card,11,"353,000",delivered,36.4,2.0
G004596,2025-10-12 10:56,Binh Tan,member,Silver,Cash,9,"189,000",delivered,45.4,3.0
G004597,2025-10-12 11:37,District 10,new,,Card,9,"263,000",delivered,32.8,
G004598,2025-10-12 12:33,Phu Nhuan,new,,E-wallet,12,"324,000",delivered,38.6,
G004599,2025-10-12 12:49,District 1,member,Gold,Bank transfer,8,"346,000",delivered,29.7,3.0
G004600,2025-10-12 14:41,District 7,returning,,Cash,6,"202,000",delivered,37.8,
G004601,2025-10-12 16:10,Thu Duc City,member,Gold,Card,6,"165,000",delivered,49.2,3.0
G004602,2025-10-12 18:04,Binh Tan,returning,,Bank transfer,15,"169,000",delivered,54.3,3.0
G004603,2025-10-12 18:14,Binh Thanh,member,Gold,Cash,11,"500,000",delivered,32.9,5.0
G004604,2025-10-12 18:41,District 7,member,Silver,Cash,17,"564,000",delivered,44.2,3.0
G004605,2025-10-12 19:17,Go Vap,returning,,E-wallet,12,"389,000",delivered,41.0,
G004606,2025-10-12 21:48,District 1,new,,E-wallet,12,"199,000",delivered,30.6,3.0
G004607,2025-10-13 10:14,District 7,returning,,Cash,4,"84,000",delivered,45.6,
G004608,2025-10-13 10:17,Phu Nhuan,returning,,E-wallet,5,"116,000",delivered,26.1,4.0
G004609,2025-10-13 10:26,Quận 7,new,,Card,5,"183,000",delivered,35.1,5.0
G004610,2025-10-13 11:04,District 1,new,,Card,9,"269,000",delivered,30.4,
G004611,2025-10-13 11:29,Binh Tan,member,Silver,Cash,4,"113,000",delivered,56.8,
G004612,2025-10-13 11:55,Binh Tan,member,Silver,Cash,7,"166,000",delivered,52.7,4.0
G004613,2025-10-13 12:11,District 10,new,,Card,9,"271,000",delivered,40.0,4.0
G004614,2025-10-13 12:34,District 1,returning,,Bank transfer,6,"139,000",delivered,26.0,5.0
G004615,2025-10-13 12:41,District 10,returning,,Cash,6,"157,000",delivered,32.3,4.0
G004616,2025-10-13 13:31,Thu Duc City,member,Platinum,Cash,9,"380,000",delivered,44.7,4.0
G004617,2025-10-13 17:29,Go Vap,returning,,E-wallet,7,"146,000",delivered,33.8,
G004618,2025-10-13 18:21,Thu Duc City,returning,,Bank transfer,6,"287,000",delivered,51.6,
G004619,2025-10-13 18:24,Binh Thanh,member,Silver,E-wallet,9,"265,000",delivered,48.2,
G004620,2025-10-13 19:41,Thu Duc City,new,,E-wallet,4,"96,000",delivered,53.6,2.0
G004621,2025-10-13 19:44,Binh Tan,returning,,Card,10,"296,000",delivered,51.5,1.0
G004622,2025-10-13 19:52,District 1,returning,,Bank transfer,7,"167,000",delivered,32.8,
G004623,2025-10-13 19:54,Binh Tan,new,,E-wallet,8,"218,000",delivered,59.0,3.0
G004624,2025-10-13 19:59,District 1,member,Gold,E-wallet,10,"238,000",delivered,28.8,5.0
G004625,2025-10-13 20:29,District 7,new,,E-wallet,5,"148,000",delivered,50.7,
G004626,2025-10-13 22:24,Binh Thanh,returning,,E-wallet,5,"145,000",delivered,31.0,
G004627,2025-10-14 07:17,Binh Thanh,returning,,Card,9,"313,000",delivered,26.9,
G004628,2025-10-14 09:01,District 7,returning,,Cash,5,"85,000",delivered,37.6,3.0
G004629,2025-10-14 09:36,Phu Nhuan,returning,,E-wallet,11,"336,000",delivered,29.6,
G004630,2025-10-14 09:41,District 3,member,Silver,Cash,10,"349,000",delivered,24.0,5.0
G004631,2025-10-14 10:58,Phu Nhuan,new,,Cash,6,"199,000",delivered,26.0,
G004632,2025-10-14 11:13,Phu Nhuan,member,Gold,E-wallet,7,"196,000",delivered,31.9,4.0
G004633,2025-10-14 11:17,District 7,member,Platinum,E-wallet,8,"377,000",delivered,45.1,3.0
G004634,2025-10-14 11:27,Binh thanh,returning,,Cash,5,"154,000",cancelled,,
G004635,2025-10-14 12:11,District 10,new,,Card,5,"185,000",delivered,39.4,2.0
G004636,2025-10-14 13:32,Binh Tan,returning,,E-wallet,8,"194,000",delivered,43.8,3.0
G004637,2025-10-14 13:53,Binh Thanh,member,Gold,Cash,7,"157,000",delivered,24.7,
G004638,2025-10-14 15:00,Go Vap,new,,E-wallet,5,"155,000",delivered,38.3,3.0
G004639,2025-10-14 16:35,Go Vap,returning,,E-wallet,11,"317,000",delivered,37.3,4.0
G004640,2025-10-14 17:00,Binh Thanh,new,,Card,10,"400,000",delivered,26.0,
G004641,2025-10-14 18:01,District 3,member,Gold,E-wallet,6,"211,000",delivered,28.2,
G004642,2025-10-14 18:09,Phu Nhuan,member,Silver,Bank transfer,9,"330,000",delivered,32.4,4.0
G004643,2025-10-14 18:17,Thu Duc City,returning,,E-wallet,12,"343,000",delivered,51.5,3.0
G004644,2025-10-14 18:59,Binh thanh,new,,Cash,7,"252,000",delivered,33.5,
G004645,2025-10-14 19:34,District 7,member,Platinum,Cash,9,"359,000",delivered,45.1,
G004646,2025-10-14 19:46,Binh Thanh,member,Silver,Cash,2,"76,000",delivered,41.6,
G004647,2025-10-14 19:54,Thu Duc City,new,,Cash,9,"298,000",cancelled,,
G004648,2025-10-14 21:58,District 7,returning,,Bank transfer,9,"322,000",delivered,36.7,4.0
G004649,2025-10-15 10:17,Tan Binh,member,Gold,Card,6,"185,000",delivered,31.6,4.0
G004650,2025-10-15 10:53,Thu Duc City,new,,E-wallet,8,"327,000",delivered,47.2,
G004651,2025-10-15 11:58,Binh Thanh,returning,,E-wallet,3,"72,000",delivered,45.9,3.0
G004652,2025-10-15 12:15,Binh Thanh,member,Gold,E-wallet,5,,delivered,37.9,5.0
G004653,2025-10-15 13:31,Thu Duc City,returning,,Bank transfer,8,"240,000",delivered,53.2,3.0
G004654,2025-10-15 15:59,District 10,new,,E-wallet,8,"149,000",delivered,25.9,
G004655,2025-10-15 17:04,Binh Thanh,new,,Card,5,"174,000",delivered,25.3,
G004656,2025-10-15 18:00,District 3,returning,,E-wallet,5,"177,000",delivered,32.9,4.0
G004657,2025-10-15 18:16,Thu Duc City,returning,,Momo/ZaloPay,7,"271,000",delivered,59.1,
G004658,2025-10-15 18:48,Phu Nhuan,returning,,Momo/ZaloPay,8,"212,000",delivered,35.8,
G004659,2025-10-15 19:19,Thu Duc City,returning,,E-wallet,12,"479,000",delivered,50.8,
G004660,2025-10-15 19:26,Thu Duc City,member,Gold,E-wallet,6,"203,000",delivered,51.9,2.0
G004661,2025-10-15 19:41,Phu Nhuan,returning,,Cash,6,"271,000",delivered,45.4,3.0
G004662,2025-10-15 20:05,Thu Duc City,returning,,Cash,9,"300,000",delivered,55.6,
G004663,2025-10-15 20:05,District 10,member,Silver,Card,5,"143,000",delivered,33.9,3.0
G004664,2025-10-15 20:47,Binh Thanh,returning,,E-wallet,6,"171,000",delivered,33.4,4.0
G004665,2025-10-15 21:38,Thu Duc City,new,,Card,8,"340,000",delivered,46.7,
G004666,2025-10-15 22:55,Binh Thanh,returning,,E-wallet,11,"392,000",delivered,31.7,4.0
G004667,2025-10-15 23:21,Thu Duc City,returning,,Bank transfer,10,"240,000",delivered,47.9,3.0
G004668,2025-10-16 10:40,Tan Binh,member,Platinum,E-wallet,7,"292,000",delivered,29.0,
G004669,2025-10-16 11:39,District 7,new,,E-wallet,3,"79,000",cancelled,,
G004670,2025-10-16 12:08,District 10,member,Gold,Cash,9,"289,000",delivered,50.2,2.0
G004671,2025-10-16 12:10,Go Vap,member,Silver,Card,4,"169,000",delivered,57.1,2.0
G004672,2025-10-16 12:27,District 7,returning,,E-wallet,4,"98,000",delivered,51.5,2.0
G004673,2025-10-16 13:09,District 7,returning,,Bank transfer,6,"174,000",delivered,36.4,3.0
G004674,2025-10-16 13:21,Binh Thanh,returning,,Cash,11,"388,000",delivered,25.8,4.0
G004675,2025-10-16 13:58,District 10,member,Gold,Card,8,"272,000",cancelled,,
G004676,2025-10-16 14:09,Binh Thanh,returning,,Bank transfer,3,"107,000",delivered,33.8,5.0
G004677,2025-10-16 14:25,Go Vap,returning,,E-wallet,4,"159,000",delivered,40.5,3.0
G004678,2025-10-16 14:28,Quận 1,member,Silver,Cash,10,"451,000",delivered,25.0,5.0
G004679,2025-10-16 15:42,Go Vap,returning,,E-wallet,2,"81,000",delivered,41.6,
G004680,2025-10-16 17:46,Tan Binh,new,,Bank transfer,14,"281,000",delivered,28.1,5.0
G004681,2025-10-16 19:10,Tan Binh,returning,,E-wallet,9,"372,000",delivered,35.1,5.0
G004682,2025-10-16 19:14,Go Vap,returning,,E-wallet,9,"220,000",delivered,44.0,2.0
G004683,2025-10-16 19:25,District 10,new,,E-wallet,7,"204,000",delivered,44.8,2.0
G004684,2025-10-16 19:58,Binh Tan,member,Silver,Card,8,"209,000",delivered,52.0,
G004685,2025-10-16 20:27,Tan Binh,returning,,Cash,1,"30,000",delivered,44.7,
G004686,2025-10-16 21:48,District 7,member,Silver,Card,7,"227,000",delivered,33.8,
G004687,2025-10-17 10:38,Tan Binh,new,,E-wallet,6,"221,000",delivered,27.4,
G004688,2025-10-17 12:03,District 3,returning,,E-wallet,4,"145,000",delivered,31.0,4.0
G004689,2025-10-17 12:58,District 7,returning,,Card,9,"407,000",delivered,42.6,4.0
G004690,2025-10-17 15:43,Binh Thanh,returning,,Cash,10,"325,000",delivered,27.4,4.0
G004691,2025-10-17 19:44,Binh Tan,new,,E-wallet,4,"112,000",delivered,48.7,2.0
G004692,2025-10-17 21:11,District 10,member,Silver,Bank transfer,7,"200,000",delivered,33.7,5.0
G004693,2025-10-17 21:19,Binh Tan,returning,,E-wallet,8,"213,000",delivered,46.4,
G004694,2025-10-17 22:13,District 3,returning,,E-wallet,9,"199,000",delivered,20.3,5.0
G004695,2025-10-17 22:29,District 1,returning,,Card,9,"425,000",delivered,22.9,5.0
G004696,2025-10-17 22:41,Thu Duc City,returning,,E-wallet,9,"298,000",delivered,42.5,2.0
G004697,2025-10-17 22:43,District 1,returning,,E-wallet,6,"136,000",delivered,20.0,5.0
G004698,2025-10-18 06:30,Binh Thanh,returning,,Card,9,"168,000",delivered,36.9,
G004699,2025-10-18 10:34,Go Vap,new,,E-wallet,5,"132,000",delivered,37.2,
G004700,2025-10-18 10:53,Phu Nhuan,member,Platinum,Cash,9,"359,000",delivered,27.9,
G004701,2025-10-18 11:14,Binh Thanh,member,Gold,E-wallet,9,"298,000",delivered,36.2,5.0
G004702,2025-10-18 11:25,District 3,member,Silver,E-wallet,8,"193,000",delivered,32.1,4.0
G004703,2025-10-18 11:39,Binh Thanh,member,Silver,E-wallet,10,"270,000",delivered,33.9,3.0
G004704,2025-10-18 12:38,Thu Duc City,returning,,E-wallet,7,"178,000",delivered,58.5,
G004705,2025-10-18 12:44,Binh Tan,member,Silver,E-wallet,11,"248,000",delivered,56.5,
G004706,2025-10-18 13:04,Go Vap,returning,,E-wallet,17,"490,000",delivered,39.5,4.0
G004707,2025-10-18 15:12,District 1,member,Platinum,E-wallet,8,"312,000",cancelled,,
G004708,2025-10-18 17:46,Go Vap,returning,,E-wallet,9,"339,000",delivered,34.5,4.0
G004709,2025-10-18 17:52,Thu Duc City,returning,,E-wallet,8,"213,000",delivered,51.1,2.0
G004710,2025-10-18 19:05,Thu Duc City,member,Silver,E-wallet,9,"308,000",delivered,57.9,1.0
G004711,2025-10-18 19:14,Thu Duc City,new,,E-wallet,10,"392,000",delivered,59.7,
G004712,2025-10-19 07:09,District 1,new,,Cash,11,"365,000",delivered,28.2,5.0
G004713,2025-10-19 11:19,Binh Thanh,new,,Bank transfer,12,"351,000",delivered,34.5,4.0
G004714,2025-10-19 15:25,District 7,returning,,Card,7,"160,000",delivered,36.4,
G004715,2025-10-19 17:52,District 7,returning,,Cash,15,"674,000",delivered,35.6,4.0
G004716,2025-10-19 18:19,Binh Thanh,new,,E-wallet,13,"335,000",cancelled,,
G004717,2025-10-19 18:45,District 3,member,Gold,E-wallet,7,"236,000",delivered,30.4,5.0
G004718,2025-10-19 19:22,Binh Tan,returning,,E-wallet,10,"266,000",cancelled,,
G004719,2025-10-19 19:24,Tan Binh,new,,Card,11,"418,000",delivered,37.4,
G004720,2025-10-19 19:38,Binh Thanh,returning,,Cash,8,"254,000",delivered,36.8,
G004721,2025-10-19 19:50,Binh Tan,new,,Card,10,"485,000",delivered,51.4,3.0
G004722,2025-10-19 21:47,District 3,returning,,Cash,10,"331,000",delivered,31.1,
G004723,2025-10-19 21:48,Tan Binh,new,,E-wallet,9,"361,000",delivered,35.1,3.0
G004724,2025-10-19 22:49,District 10,new,,Bank transfer,14,"534,000",delivered,27.8,5.0
G004725,2025-10-20 09:26,District 1,returning,,E-wallet,11,"305,000",delivered,20.3,5.0
G004726,2025-10-20 09:56,Thu Duc City,new,,e-wallet,8,"266,000",delivered,46.2,
G004727,2025-10-20 10:18,Thu Duc City,member,Gold,Bank transfer,7,"232,000",delivered,45.3,3.0
G004728,2025-10-20 11:50,District 1,returning,,Card,6,"125,000",delivered,29.7,4.0
G004729,2025-10-20 12:23,Thu Duc City,returning,,E-wallet,5,"124,000",delivered,54.3,2.0
G004730,2025-10-20 12:36,Phu Nhuan,new,,E-wallet,5,"109,000",delivered,37.3,
G004731,2025-10-20 12:53,Binh Thanh,returning,,E-wallet,6,"181,000",delivered,38.2,
G004732,2025-10-20 14:54,District 3,member,Platinum,E-wallet,7,"373,000",delivered,25.7,
G004733,2025-10-20 16:16,Tan Binh,returning,,Cash,5,"118,000",cancelled,,
G004734,2025-10-20 19:29,District 3,new,,Card,8,"258,000",delivered,35.8,3.0
G004735,2025-10-20 20:14,Thu Duc City,new,,Cash,4,"149,000",delivered,51.3,3.0
G004736,2025-10-20 20:26,Thu Duc City,returning,,Cash,2,"71,000",delivered,54.0,
G004737,2025-10-20 21:50,Phu Nhuan,returning,,Bank transfer,9,"361,000",delivered,23.0,
G004738,2025-10-20 22:31,Phu Nhuan,returning,,Cash,5,"138,000",delivered,24.4,
G004739,2025-10-21 07:00,Thu Duc City,new,,E-wallet,6,"157,000",delivered,54.2,2.0
G004740,2025-10-21 07:09,Binh Tan,member,Silver,E-wallet,8,"250,000",delivered,44.9,3.0
G004741,2025-10-21 10:49,Thu Duc City,returning,,E-wallet,3,"105,000",delivered,52.1,
G004742,2025-10-21 11:45,Phu Nhuan,member,Silver,E-wallet,10,"337,000",delivered,32.1,5.0
G004743,2025-10-21 12:05,Thu Duc City,new,,ewallet,7,"254,000",delivered,59.7,2.0
G004744,2025-10-21 12:44,Thu Duc,member,Silver,Cash,9,"301,000",delivered,51.1,
G004745,2025-10-21 16:47,Thu Duc City,member,Silver,E-wallet,8,"280,000",delivered,45.4,
G004746,2025-10-21 19:50,Go Vap,returning,,Card,8,"312,000",delivered,50.6,
G004747,2025-10-21 19:55,Go Vap,returning,,E-wallet,10,"495,000",delivered,45.6,
G004748,2025-10-21 21:44,District 10,new,,E-wallet,7,"185,000",delivered,23.9,5.0
G004749,2025-10-22 07:41,District 7,returning,,Cash,5,"181,000",delivered,35.8,4.0
G004750,2025-10-22 07:47,Go Vap,new,,Cash,5,"132,000",delivered,37.6,3.0
G004751,2025-10-22 11:13,Thu Duc City,returning,,E-wallet,10,"318,000",delivered,63.7,
G004752,2025-10-22 11:56,Go Vap,returning,,E-wallet,4,"148,000",delivered,43.9,2.0
G004753,2025-10-22 12:01,District 10,returning,,Card,5,"167,000",cancelled,,
G004754,2025-10-22 12:15,District 3,new,,Card,10,"386,000",delivered,33.0,
G004755,2025-10-22 13:28,Go Vap,new,,Cash,8,"194,000",delivered,33.2,
G004756,2025-10-22 14:29,District 7,new,,E-wallet,6,"166,000",delivered,35.5,
G004757,2025-10-22 14:35,Go Vap,returning,,Bank transfer,11,"402,000",delivered,38.9,2.0
G004758,2025-10-22 15:01,Tan Binh,member,Silver,E-wallet,3,"120,000",delivered,31.4,
G004759,2025-10-22 17:03,District 7,returning,,E-wallet,9,"295,000",delivered,41.5,
G004760,2025-10-22 18:09,Go Vap,new,,E-wallet,4,"114,000",delivered,43.6,3.0
G004761,2025-10-22 18:24,Thu Duc City,returning,,Card,7,"261,000",delivered,52.8,
G004762,2025-10-22 18:30,Binh Thanh,returning,,Card,6,"211,000",delivered,33.8,3.0
G004763,2025-10-22 18:49,Thu Duc City,member,Silver,E-wallet,7,"263,000",delivered,53.6,1.0
G004764,2025-10-22 21:02,Thu Duc,returning,,Bank transfer,5,"155,000",delivered,48.7,3.0
G004765,2025-10-22 22:40,District 7,returning,,Card,7,"209,000",delivered,36.8,
G004766,2025-10-22 22:59,Go Vap,new,,E-wallet,8,"276,000",delivered,47.1,
G004767,2025-10-23 12:44,District 1,returning,,Bank transfer,4,"131,000",delivered,32.6,5.0
G004768,2025-10-23 13:45,Tan Binh,new,,E-wallet,6,"172,000",delivered,29.4,5.0
G004769,2025-10-23 14:46,District 1,member,Gold,E-wallet,7,"257,000",delivered,23.0,4.0
G004770,2025-10-23 14:48,Binh Thanh,member,Platinum,E-wallet,7,"350,000",delivered,31.9,
G004771,2025-10-23 15:03,Go Vap,new,,E-wallet,3,"121,000",delivered,37.9,
G004772,2025-10-23 15:38,District 3,member,Silver,Cash,6,"261,000",delivered,29.2,5.0
G004773,2025-10-23 16:06,Tan Binh,member,Silver,E-wallet,4,"81,000",delivered,34.9,4.0
G004774,2025-10-23 16:19,Thu Duc City,new,,Bank transfer,9,"312,000",delivered,48.0,2.0
G004775,2025-10-23 18:36,Tan Binh,returning,,E-wallet,11,"369,000",cancelled,,
G004776,2025-10-23 19:42,Phu Nhuan,member,Silver,E-wallet,6,"161,000",delivered,34.4,
G004777,2025-10-23 20:31,Binh Thanh,member,Gold,E-wallet,11,"264,000",delivered,34.0,3.0
G004777,2025-10-23 20:31,Binh Thanh,member,Gold,E-wallet,11,"264,000",delivered,34.0,3.0
G004778,2025-10-23 20:54,Thu Duc City,member,Silver,E-wallet,12,"400,000",delivered,66.0,2.0
G004779,2025-10-23 21:15,Binh Thanh,member,Silver,E-wallet,6,"185,000",delivered,31.7,
G004780,2025-10-23 21:19,Go Vap,member,Gold,Bank transfer,9,"263,000",delivered,35.1,
G004781,2025-10-23 22:26,District 1,returning,,E-wallet,6,"254,000",delivered,24.6,
G004782,2025-10-24 07:54,Phu Nhuan,new,,E-wallet,7,"230,000",delivered,26.9,
G004783,2025-10-24 11:19,District 1,returning,,E-wallet,8,"244,000",delivered,33.9,4.0
G004784,2025-10-24 12:44,District 3,returning,,Cash,6,"105,000",delivered,30.7,
G004785,2025-10-24 12:47,Go Vap,member,Gold,E-wallet,9,"198,000",delivered,45.7,
G004786,2025-10-24 12:56,District 3,returning,,E-wallet,7,"187,000",delivered,31.7,
G004787,2025-10-24 14:19,District 10,new,,E-wallet,8,"269,000",delivered,23.6,4.0
G004788,2025-10-24 15:39,District 1,member,Silver,E-wallet,5,"130,000",delivered,23.9,
G004789,2025-10-24 15:42,Go Vap,returning,,E-wallet,5,"171,000",delivered,36.5,5.0
G004790,2025-10-24 17:30,Binh Thanh,returning,,E-wallet,4,"128,000",delivered,27.5,4.0
G004791,2025-10-24 18:49,Binh Tan,returning,,E-wallet,9,"209,000",delivered,58.3,4.0
G004792,2025-10-24 19:16,Binh Thanh,member,Silver,E-wallet,5,"131,000",delivered,33.6,
G004793,2025-10-24 20:23,District 7,returning,,E-wallet,9,"307,000",delivered,52.4,2.0
G004794,2025-10-24 20:26,Tan Binh,new,,E-wallet,11,"333,000",delivered,35.8,3.0
G004795,2025-10-24 21:16,District 1,new,,Cash,14,"668,000",delivered,23.3,
G004796,2025-10-24 21:16,Binh Tan,member,Gold,E-wallet,9,"352,000",delivered,45.4,4.0
G004797,2025-10-24 22:11,District 1,returning,,E-wallet,10,"316,000",delivered,26.2,5.0
G004798,2025-10-24 22:53,District 10,member,Gold,E-wallet,9,"266,000",delivered,26.6,
G004799,2025-10-25 10:01,Binh Thanh,returning,,E-wallet,6,"192,000",delivered,27.5,4.0
G004800,2025-10-25 12:10,Tan Binh,member,Gold,E-wallet,9,"283,000",delivered,39.2,
G004801,2025-10-25 13:18,Go Vap,returning,,Bank transfer,10,"364,000",delivered,34.8,5.0
G004802,2025-10-25 16:29,District 7,new,,E-wallet,11,"172,000",delivered,36.6,
G004803,2025-10-25 17:27,District 1,new,,E-wallet,13,"269,000",delivered,24.5,3.0
G004804,2025-10-25 18:18,District 7,member,Platinum,E-wallet,12,"524,000",delivered,45.1,
G004805,2025-10-25 18:19,Go Vap,returning,,Card,12,"438,000",delivered,48.7,3.0
G004806,2025-10-25 19:30,District 7,member,Silver,Bank transfer,15,"455,000",delivered,40.9,
G004807,2025-10-25 19:34,Phu Nhuan,new,,Cash,12,"557,000",delivered,36.9,3.0
G004807,2025-10-25 19:34,Phu Nhuan,new,,Cash,12,"557,000",delivered,36.9,3.0
G004808,2025-10-25 20:14,Binh Thanh,returning,,Bank transfer,7,"244,000",delivered,32.9,
G004809,2025-10-25 20:29,District 7,new,,Card,9,"248,000",delivered,39.9,4.0
G004810,2025-10-25 20:44,District 1,new,,E-wallet,7,"209,000",cancelled,,
G004811,2025-10-25 21:08,Tan Binh,new,,Card,5,"151,000",delivered,30.0,4.0
G004812,2025-10-25 22:26,District 10,new,,Bank transfer,8,"333,000",delivered,23.5,
G004813,2025-10-26 10:50,Binh Thanh,new,,E-wallet,9,"373,000",delivered,27.0,4.0
G004814,2025-10-26 11:07,Tan Binh,returning,,E-wallet,6,"163,000",delivered,35.7,
G004815,2025-10-26 12:48,Thu Duc City,returning,,E-wallet,16,"392,000",delivered,58.0,2.0
G004816,2025-10-26 14:44,District 3,member,Gold,Cash,17,"525,000",delivered,23.4,
G004817,2025-10-26 14:55,Binh Tan,returning,,Cash,9,"348,000",delivered,43.6,
G004818,2025-10-26 18:51,District 3,returning,,Card,7,"232,000",delivered,30.6,
G004819,2025-10-26 19:34,Binh Thanh,member,Gold,E-wallet,6,"237,000",delivered,41.8,3.0
G004820,2025-10-26 20:01,District 1,returning,,E-wallet,8,"278,000",delivered,35.8,4.0
G004821,2025-10-26 20:16,District 1,new,,E-wallet,10,"359,000",delivered,29.6,5.0
G004822,2025-10-27 09:20,District 7,returning,,Cash,3,"138,000",delivered,39.7,
G004823,2025-10-27 09:48,District 3,returning,,E-wallet,7,"222,000",cancelled,,
G004824,2025-10-27 11:07,Binh Tan,returning,,E-wallet,4,"140,000",delivered,64.8,
G004825,2025-10-27 11:53,District 1,new,,E-wallet,5,"168,000",delivered,31.6,4.0
G004826,2025-10-27 12:11,Go Vap,member,Gold,E-wallet,10,"272,000",delivered,48.6,3.0
G004827,2025-10-27 12:20,Thu Duc City,returning,,E-wallet,5,"178,000",delivered,53.9,3.0
G004828,2025-10-27 12:30,District 3,member,Silver,Cash,4,"104,000",delivered,29.8,5.0
G004829,2025-10-27 12:52,Thu Duc City,returning,,E-wallet,11,"305,000",delivered,56.2,3.0
G004830,2025-10-27 13:20,District 7,returning,,E-wallet,5,"181,000",delivered,39.7,4.0
G004831,2025-10-27 13:25,Binh Thanh,returning,,E-wallet,7,"267,000",delivered,27.1,4.0
G004832,2025-10-27 13:33,Go Vap,new,,Cash,7,"208,000",delivered,36.9,4.0
G004833,2025-10-27 17:04,Phu Nhuan,member,Gold,E-wallet,7,"251,000",delivered,24.4,5.0
G004834,2025-10-27 17:10,District 7,new,,E-wallet,6,"167,000",cancelled,,
G004835,2025-10-27 17:25,Go Vap,returning,,E-wallet,4,"137,000",delivered,33.7,4.0
G004836,2025-10-27 17:48,District 1,member,Silver,Card,8,"262,000",delivered,24.0,5.0
G004837,2025-10-27 18:07,District 3,returning,,E-wallet,8,"353,000",delivered,41.8,4.0
G004838,2025-10-27 18:24,Go Vap ,returning,,E-wallet,6,"215,000",delivered,46.5,3.0
G004839,2025-10-27 20:30,Tan Binh,member,Silver,Card,8,"284,000",delivered,37.8,3.0
G004840,2025-10-27 21:25,Go Vap,new,,Cash,9,"291,000",delivered,47.9,3.0
G004841,2025-10-27 21:51,Thu Duc City,new,,E-wallet,6,"209,000",delivered,45.5,3.0
G004842,2025-10-27 22:01,District 7,member,Silver,E-wallet,9,"208,000",delivered,37.7,
G004843,2025-10-27 22:52,Binh Thanh,returning,,Bank transfer,4,"93,000",delivered,29.7,
G004844,2025-10-28 08:45,District 3,new,,E-wallet,5,"114,000",delivered,20.3,5.0
G004845,2025-10-28 10:03,Phu Nhuan,new,,E-wallet,12,"475,000",delivered,39.2,
G004846,2025-10-28 10:38,Binh Thanh,member,Gold,E-wallet,7,"237,000",delivered,27.0,5.0
G004847,2025-10-28 11:28,District 7,new,,Bank transfer,12,"413,000",delivered,45.8,1.0
G004848,2025-10-28 11:37,Binh Thanh,returning,,Cash,7,"175,000",delivered,41.2,
G004849,2025-10-28 13:43,Thu Duc City,member,Silver,E-wallet,9,"309,000",delivered,43.5,
G004850,2025-10-28 14:02,District 1,member,Platinum,E-wallet,6,"290,000",delivered,22.3,4.0
G004851,2025-10-28 14:12,Go Vap,member,Silver,E-wallet,6,"192,000",delivered,38.6,
G004854,2025-10-28 18:02,Phu Nhuan,member,Silver,Bank transfer,9,"243,000",delivered,32.8,2.0
G004855,2025-10-28 18:18,Thu Duc City,new,,Cash,6,"206,000",delivered,52.7,1.0
G004856,2025-10-28 18:57,District 7,returning,,Cash,6,"153,000",delivered,48.6,3.0
G004857,2025-10-28 19:23,Binh Tan,member,Platinum,ewallet,11,"406,000",delivered,67.7,
G004858,2025-10-28 19:40,Binh Tan,returning,,E-wallet,6,"275,000",delivered,51.9,
G004859,2025-10-28 20:17,Phu Nhuan,new,,E-wallet,8,"267,000",delivered,32.4,5.0
G004860,2025-10-28 21:39,District 3,new,,E-wallet,6,"179,000",delivered,27.7,
G004861,2025-10-29 06:26,Binh Thanh,member,Silver,E-wallet,4,"96,000",delivered,24.5,
G004862,2025-10-29 07:06,District 7,member,Gold,Cash,4,"193,000",delivered,31.6,4.0
G004863,2025-10-29 08:15,Binh Thanh,new,,Bank transfer,8,"275,000",delivered,26.3,
G004864,2025-10-29 08:31,Binh Thanh,returning,,Bank transfer,7,"244,000",delivered,29.4,4.0
G004865,2025-10-29 09:22,Binh thanh,new,,Cash,7,"206,000",delivered,25.7,5.0
G004866,2025-10-29 11:06,Binh thanh,new,,E-wallet,4,"153,000",delivered,38.0,4.0
G004867,2025-10-29 11:17,District 10,returning,,E-wallet,4,"146,000",delivered,32.6,
G004868,2025-10-29 11:44,District 3,returning,,E-wallet,9,"252,000",delivered,39.8,3.0
G004869,2025-10-29 11:49,District 7,returning,,Cash,7,"273,000",delivered,44.5,
G004870,2025-10-29 12:30,Tan Binh,member,Silver,E-wallet,9,"264,000",delivered,47.6,1.0
G004871,2025-10-29 14:32,Binh Thanh,returning,,E-wallet,7,"166,000",delivered,28.3,
G004872,2025-10-29 14:49,Binh Thanh,returning,,Cash,5,"141,000",delivered,28.2,5.0
G004873,2025-10-29 14:51,District 1,returning,,E-wallet,3,"108,000",delivered,19.7,
G004874,2025-10-29 15:15,Go Vap,member,Silver,E-wallet,3,"90,000",delivered,32.6,4.0
G004875,2025-10-29 16:09,Binh Thanh,returning,,Bank transfer,3,"71,000",delivered,30.4,5.0
G004877,2025-10-29 18:44,Binh Tan,member,Silver,E-wallet,7,"190,000",delivered,49.5,3.0
G004878,2025-10-29 19:02,District 10,returning,,E-wallet,11,"425,000",delivered,43.1,4.0
G004879,2025-10-29 19:05,Tan Binh,new,,Card,5,"117,000",delivered,53.9,2.0
G004880,2025-10-29 19:30,Thu Duc City,member,Silver,E-wallet,7,"263,000",delivered,55.6,3.0
G004881,2025-10-29 19:58,Thu Duc City,returning,,E-wallet,8,"313,000",delivered,56.9,
G004882,2025-10-29 20:01,Binh Thanh,returning,,E-wallet,6,"187,000",delivered,37.2,3.0
G004883,2025-10-29 20:50,Thu Duc City,member,Silver,E-wallet,9,"349,000",delivered,50.7,3.0
G004884,2025-10-29 21:33,District 3,returning,,E-wallet,8,"288,000",delivered,22.1,5.0
G004885,2025-10-30 06:28,Binh Thanh,member,Silver,E-wallet,5,"154,000",delivered,25.8,4.0
G004886,2025-10-30 07:42,District 1,new,,E-wallet,6,"263,000",delivered,19.5,5.0
G004887,2025-10-30 11:51,Thu Duc City,member,Silver,E-wallet,7,"305,000",delivered,57.2,3.0
G004888,2025-10-30 11:53,Phu Nhuan,new,,E-wallet,11,"339,000",delivered,33.2,4.0
G004889,2025-10-30 16:49,Binh Thanh,returning,,E-wallet,8,"312,000",delivered,28.4,5.0
G004890,2025-10-30 17:48,District 10,new,,E-wallet,8,"220,000",delivered,26.5,
G004891,2025-10-30 18:58,Thu Duc City,returning,,Cash,7,"148,000",delivered,50.7,2.0
G004892,2025-10-30 20:20,District 1,member,Platinum,E-wallet,15,"424,000",delivered,26.0,
G004893,2025-10-30 21:12,Binh Tan,member,Silver,E-wallet,4,"109,000",delivered,41.0,
G004894,2025-10-30 21:23,Binh Thanh,member,Gold,E-wallet,10,"302,000",delivered,29.1,4.0
G004895,2025-10-30 21:46,Tan Binh,new,,E-wallet,7,"263,000",cancelled,,
G004896,2025-10-30 21:59,District 7,returning,,E-wallet,3,"115,000",delivered,36.0,
G004897,2025-10-30 22:45,District 3,returning,,Card,7,"231,000",delivered,28.2,
G004898,2025-10-30 23:02,District 1,returning,,E-wallet,12,"165,000",delivered,19.4,5.0
G004899,2025-10-31 11:06,Tan Binh,returning,,E-wallet,7,"153,000",delivered,38.5,4.0
G004900,2025-10-31 11:42,District 7,member,Silver,E-wallet,5,"182,000",delivered,44.8,4.0
G004901,2025-10-31 12:15,District 10,member,Silver,Cash,8,"130,000",delivered,32.9,
G004902,2025-10-31 13:13,Tan Binh,returning,,Cash,6,"178,000",delivered,48.8,2.0
G004903,2025-10-31 14:21,District 7,returning,,Bank transfer,11,"284,000",delivered,35.4,3.0
G004904,2025-10-31 15:38,Binh Tan,returning,,Cash,7,"291,000",delivered,42.2,3.0
G004905,2025-10-31 17:34,District 1,member,Gold,Cash,8,"247,000",delivered,25.9,4.0
G004906,2025-10-31 18:58,Phu Nhuan,returning,,E-wallet,3,"93,000",delivered,32.9,
G004907,2025-10-31 19:02,Thu Duc City,member,Platinum,E-wallet,8,"432,000",delivered,64.7,
G004908,2025-10-31 19:40,District 7,returning,,Cash,10,"350,000",delivered,41.9,2.0
G004909,2025-10-31 22:57,Tan Binh,new,,E-wallet,4,"132,000",delivered,32.7,4.0
G004910,2025-11-01 07:47,District 3,returning,,Bank transfer,12,"286,000",delivered,24.9,
G004911,2025-11-01 08:09,Binh Tan,returning,,E-wallet,8,"326,000",delivered,49.1,3.0
G004912,2025-11-01 12:20,Thu Duc City,returning,,Card,10,"315,000",delivered,51.3,3.0
G004913,2025-11-01 12:34,District 7,member,Silver,Cash,8,"277,000",delivered,42.1,3.0
G004914,2025-11-01 12:51,Thu Duc City,returning,,Cash,12,"324,000",delivered,56.2,
G004915,2025-11-01 13:44,District 1,new,,Cash,11,"306,000",delivered,20.7,5.0
G004916,2025-11-01 15:37,Thu Duc City,returning,,E-wallet,10,"393,000",delivered,44.7,2.0
G004917,2025-11-01 17:21,Phu Nhuan,new,,E-wallet,12,"350,000",delivered,24.9,5.0
G004918,2025-11-01 18:12,Go Vap,member,Platinum,E-wallet,5,"216,000",delivered,50.5,2.0
G004919,2025-11-01 18:22,District 10,new,,Card,15,"629,000",delivered,37.2,4.0
G004920,2025-11-01 18:22,Phu Nhuan,returning,,E-wallet,11,"412,000",delivered,34.4,4.0
G004921,2025-11-01 18:33,Binh Thanh,member,Silver,Bank transfer,17,"467,000",delivered,37.3,3.0
G004922,2025-11-01 20:08,Binh Tan,returning,,E-wallet,10,"295,000",delivered,60.8,2.0
G004923,2025-11-01 20:34,Thu Duc City,member,Silver,E-wallet,9,"304,000",delivered,52.6,1.0
G004924,2025-11-01 20:51,Binh Thanh,new,,E-wallet,8,"140,000",delivered,37.5,3.0
G004925,2025-11-01 21:15,District 7,member,Platinum,E-wallet,11,"417,000",delivered,38.8,
G004926,2025-11-01 21:25,District 10,new,,Cash,13,"327,000",delivered,26.1,5.0
G004927,2025-11-01 21:45,District 3,returning,,Cash,10,"319,000",delivered,25.9,
G004928,2025-11-01 23:09,District 7,returning,,E-wallet,10,"171,000",delivered,37.2,2.0
G004929,2025-11-02 07:23,Binh Thanh,member,Platinum,Cash,6,"324,000",delivered,33.2,5.0
G004930,2025-11-02 08:08,District 3,new,,Cash,12,"421,000",delivered,33.4,
G004931,2025-11-02 09:55,District 3,new,,E-wallet,14,"372,000",cancelled,,
G004932,2025-11-02 10:06,Tan Binh,returning,,E-wallet,8,"321,000",delivered,32.2,5.0
G004933,2025-11-02 11:28,Tan Binh,new,,E-wallet,14,"535,000",delivered,34.8,
G004934,2025-11-02 11:31,Thu Duc City,returning,,Bank transfer,5,"178,000",delivered,58.0,3.0
G004935,2025-11-02 12:10,District 1,member,Silver,E-wallet,13,"557,000",delivered,35.2,4.0
G004936,2025-11-02 12:42,Binh Thanh,returning,,Cash,11,"242,000",delivered,33.0,3.0
G004937,2025-11-02 13:10,Thu Duc City,returning,,Card,15,"541,000",delivered,44.0,3.0
G004938,2025-11-02 14:42,District 3,new,,Cash,10,"276,000",delivered,35.1,
G004939,2025-11-02 16:10,Thu Duc City,returning,,Bank transfer,4,"133,000",delivered,45.5,
G004940,2025-11-02 16:52,District 1,returning,,E-wallet,11,"290,000",delivered,31.6,4.0
G004941,2025-11-02 18:46,Go Vap,returning,,E-wallet,16,"624,000",delivered,50.6,2.0
G004942,2025-11-02 19:03,District 3,new,,Cash,11,"324,000",delivered,39.8,4.0
G004943,2025-11-02 19:17,Go Vap,returning,,E-wallet,10,"355,000",delivered,46.8,2.0
G004944,2025-11-02 19:37,Thu Duc City,returning,,E-wallet,12,"447,000",delivered,55.8,3.0
G004945,2025-11-02 20:07,Go Vap,returning,,E-wallet,8,"179,000",delivered,49.1,3.0
G004946,2025-11-02 20:33,Tan Binh,returning,,E-wallet,7,"238,000",delivered,50.0,1.0
G004947,2025-11-02 22:05,Go Vap,member,Gold,e-wallet,7,"291,000",delivered,34.1,4.0
G004948,2025-11-03 08:03,Thu Duc City,member,Silver,Card,5,"146,000",delivered,47.1,
G004949,2025-11-03 11:11,District 7,member,Gold,Cash,6,"202,000",delivered,40.2,
G004950,2025-11-03 12:09,District 3,returning,,E-wallet,6,"243,000",delivered,30.7,4.0
G004950,2025-11-03 12:09,District 3,returning,,E-wallet,6,"243,000",delivered,30.7,4.0
G004951,2025-11-03 13:25,Thu Duc City,returning,,E-wallet,3,"85,000",delivered,48.8,
G004952,2025-11-03 14:03,Binh Tan,new,,Cash,12,"441,000",delivered,44.7,3.0
G004953,2025-11-03 14:11,District 3,member,Silver,Bank transfer,5,"175,000",delivered,24.0,5.0
G004954,2025-11-03 16:29,Phu Nhuan,member,Silver,E-wallet,9,"239,000",delivered,26.5,
G004955,2025-11-03 17:33,District 7,returning,,E-wallet,8,"300,000",delivered,32.4,
G004956,2025-11-03 17:49,Thu Duc City,member,Silver,E-wallet,4,"152,000",delivered,54.8,1.0
G004957,2025-11-03 18:55,Binh Tan,new,,Cash,5,"205,000",delivered,60.3,2.0
G004958,2025-11-03 19:04,Go Vap,new,,Bank transfer,11,"366,000",delivered,47.6,2.0
G004959,2025-11-03 19:12,District 3,new,,Cash,9,"275,000",delivered,34.6,
G004960,2025-11-03 19:41,Phu Nhuan,returning,,Cash,10,"298,000",delivered,37.7,
G004961,2025-11-03 20:01,Phu Nhuan,member,Platinum,E-wallet,9,"285,000",delivered,36.0,4.0
G004962,2025-11-03 21:46,Thu Duc City,new,,E-wallet,10,"339,000",delivered,47.8,3.0
G004963,2025-11-03 21:52,District 1,returning,,E-wallet,11,"431,000",delivered,22.6,5.0
G004964,2025-11-04 09:14,District 10,returning,,Bank transfer,4,"146,000",delivered,32.2,4.0
G004965,2025-11-04 09:25,District 1,new,,E-wallet,13,"471,000",delivered,32.4,4.0
G004966,2025-11-04 09:34,Binh Thanh,returning,,E-wallet,10,"397,000",cancelled,,
G004967,2025-11-04 10:28,Binh Thanh,new,,E-wallet,8,"260,000",delivered,25.4,5.0
G004968,2025-11-04 12:08,Thu Duc City,member,Gold,E-wallet,8,"346,000",delivered,56.4,1.0
G004969,2025-11-04 12:57,District 10,new,,E-wallet,7,"133,000",delivered,36.0,4.0
G004970,2025-11-04 13:23,Binh Tan,member,Gold,E-wallet,8,"314,000",delivered,42.7,4.0
G004971,2025-11-04 14:31,District 10,new,,Cash,3,"115,000",delivered,26.1,5.0
G004972,2025-11-04 17:00,Binh Thanh,member,Gold,Bank transfer,6,"174,000",delivered,27.5,
G004973,2025-11-04 17:22,District 7,returning,,E-wallet,5,"160,000",delivered,33.0,5.0
G004974,2025-11-04 17:33,Go Vap,returning,,E-wallet,7,"262,000",delivered,35.3,3.0
G004975,2025-11-04 18:14,District 10,member,Silver,Bank transfer,5,"114,000",delivered,39.6,
G004976,2025-11-04 18:46,Tan Binh,new,,Bank transfer,11,"256,000",delivered,40.2,
G004977,2025-11-04 18:56,Go Vap,member,Gold,E-wallet,9,"350,000",delivered,44.1,
G004978,2025-11-04 19:48,Phu Nhuan,returning,,E-wallet,7,"169,000",delivered,32.2,
G004979,2025-11-04 19:49,District 1,member,Silver,E-wallet,8,"315,000",delivered,28.9,
G004980,2025-11-04 19:49,District 7,member,Silver,E-wallet,7,"153,000",delivered,47.7,3.0
G004981,2025-11-04 19:54,Binh Thanh,new,,Bank transfer,8,"277,000",cancelled,,
G004982,2025-11-04 19:55,District 3,member,Gold,Bank transfer,8,"312,000",delivered,30.5,
G004983,2025-11-04 21:20,District 10,returning,,Cash,6,"147,000",delivered,33.4,
G004984,2025-11-04 21:49,Tan Binh,returning,,E-wallet,13,"254,000",delivered,28.1,4.0
G004985,2025-11-04 22:26,Binh thanh,returning,,E-wallet,7,"247,000",delivered,34.5,
G004986,2025-11-04 23:32,Binh Tan,returning,,E-wallet,1,"33,000",delivered,44.8,
G004987,2025-11-05 08:00,District 1,member,Silver,Cash,10,"329,000",delivered,22.4,3.0
G004988,2025-11-05 08:31,Go Vap,new,,E-wallet,9,"428,000",delivered,37.9,3.0
G004989,2025-11-05 11:23,Go Vap,returning,,E-wallet,6,"138,000",delivered,45.6,2.0
G004990,2025-11-05 11:51,Binh Tan,new,,E-wallet,5,"159,000",delivered,51.7,1.0
G004991,2025-11-05 12:13,Thu Duc City,new,,Bank transfer,6,"176,000",delivered,58.3,1.0
G004992,2025-11-05 12:20,Tan Binh,returning,,Cash,2,"78,000",delivered,41.6,
G004993,2025-11-05 12:51,Go Vap,new,,E-wallet,8,"292,000",delivered,48.0,3.0
G004993,2025-11-05 12:51,Go Vap,new,,E-wallet,8,"292,000",delivered,48.0,3.0
G004994,2025-11-05 13:08,District 3,new,,E-wallet,7,"216,000",delivered,23.3,
G004995,2025-11-05 16:12,Thu Duc City,returning,,E-wallet,9,"205,000",delivered,44.7,2.0
G004996,2025-11-05 18:06,District 1,new,,E-wallet,11,"506,000",delivered,31.5,4.0
G004997,2025-11-05 18:30,Binh Tan,new,,Card,5,"163,000",delivered,49.1,2.0
G004998,2025-11-05 19:25,Binh Tan,member,Silver,Card,6,"165,000",delivered,51.1,3.0
G004999,2025-11-05 19:26,District 7,member,Silver,Bank transfer,5,"158,000",delivered,41.5,3.0
G005000,2025-11-05 19:30,Thu Duc City,returning,,E-wallet,3,"108,000",delivered,57.3,2.0
G005001,2025-11-05 20:38,Thu Duc,returning,,E-wallet,8,"305,000",delivered,68.5,2.0
G005002,2025-11-05 20:49,District 3,returning,,Bank transfer,4,"126,000",delivered,29.9,
G005003,2025-11-05 21:46,Go Vap ,new,,E-wallet,11,"454,000",delivered,37.5,4.0
G005004,2025-11-05 21:54,District 3,member,Silver,E-wallet,6,"212,000",delivered,30.9,
G005005,2025-11-06 08:24,Thu Duc,returning,,Cash,2,"71,000",delivered,43.9,
G005006,2025-11-06 09:54,Phu Nhuan,returning,,E-wallet,5,"118,000",delivered,30.6,
G005007,2025-11-06 11:01,Binh Tan,new,,Card,8,"401,000",cancelled,,
G005008,2025-11-06 12:28,District 7,new,,E-wallet,11,"214,000",delivered,43.3,3.0
G005009,2025-11-06 16:54,Phu Nhuan,new,,E-wallet,5,"108,000",delivered,25.7,5.0
G005010,2025-11-06 16:59,Phu Nhuan,returning,,E-wallet,7,"167,000",delivered,28.7,5.0
G005011,2025-11-06 18:15,Binh Thanh,returning,,E-wallet,6,"175,000",delivered,32.8,4.0
G005012,2025-11-06 18:27,Tan Binh,member,Silver,Cash,9,"259,000",delivered,39.7,3.0
G005013,2025-11-06 18:48,District 7,returning,,E-wallet,11,"308,000",delivered,57.9,3.0
G005014,2025-11-06 19:09,Thu Duc City,returning,,Cash,6,"227,000",delivered,59.1,3.0
G005015,2025-11-06 21:07,Go Vap,returning,,Cash,8,"193,000",delivered,33.4,4.0
G005016,2025-11-06 22:43,Tan Binh,new,,E-wallet,8,"275,000",delivered,26.7,
G005017,2025-11-07 08:44,Go Vap,new,,E-wallet,5,"212,000",delivered,46.4,3.0
G005018,2025-11-07 09:16,Tan Binh,new,,E-wallet,9,"259,000",delivered,27.2,5.0
G005019,2025-11-07 09:21,District 7,returning,,Cash,5,"168,000",delivered,34.2,3.0
G005020,2025-11-07 09:37,Tan Binh,member,Silver,E-wallet,8,"179,000",delivered,37.7,
G005021,2025-11-07 11:46,Thu Duc City,member,Silver,Card,9,"217,000",delivered,66.5,
G005022,2025-11-07 12:46,Thu Duc City,new,,Card,4,"139,000",delivered,50.6,2.0
G005023,2025-11-07 13:06,Go Vap,new,,E-wallet,10,"377,000",delivered,37.7,
G005024,2025-11-07 13:34,District 10,new,,Cash,7,"239,000",delivered,22.4,5.0
G005025,2025-11-07 14:22,Go Vap,member,Silver,E-wallet,9,"281,000",delivered,37.2,4.0
G005026,2025-11-07 14:44,Tan Binh,returning,,E-wallet,7,"214,000",delivered,32.0,3.0
G005027,2025-11-07 15:06,Binh Tan,returning,,E-wallet,2,"65,000",delivered,46.7,3.0
G005028,2025-11-07 15:12,Thu Duc City,returning,,E-wallet,6,"197,000",delivered,45.3,4.0
G005029,2025-11-07 15:17,Binh Thanh,member,Platinum,Bank transfer,7,"341,000",delivered,33.4,3.0
G005030,2025-11-07 18:21,Binh Thanh,returning,,E-wallet,11,"284,000",delivered,38.8,3.0
G005031,2025-11-08 08:55,Binh Tan,member,Gold,E-wallet,11,"424,000",delivered,42.9,2.0
G005032,2025-11-08 10:06,Go Vap,new,,E-wallet,9,"219,000",delivered,34.6,
G005033,2025-11-08 11:02,Thu Duc City,member,Silver,Cash,5,"175,000",delivered,61.9,2.0
G005034,2025-11-08 12:18,District 3,returning,,Cash,13,"511,000",delivered,30.1,
G005035,2025-11-08 13:32,Phu Nhuan,new,,E-wallet,11,"190,000",delivered,27.5,5.0
G005036,2025-11-08 16:12,Tan Binh,member,Platinum,E-wallet,14,"610,000",delivered,33.8,4.0
G005037,2025-11-08 17:51,Phu Nhuan,member,Silver,E-wallet,12,"259,000",delivered,28.7,5.0
G005038,2025-11-08 18:50,Thu Duc City,member,Silver,Bank transfer,9,"338,000",delivered,56.9,
G005039,2025-11-08 19:05,District 7,returning,,E-wallet,10,"219,000",delivered,41.1,3.0
G005040,2025-11-08 19:14,Go Vap,returning,,E-wallet,3,"95,000",delivered,44.0,3.0
G005041,2025-11-08 19:58,Go Vap,new,,E-wallet,10,"254,000",delivered,48.0,
G005042,2025-11-08 20:37,District 7,returning,,e-wallet,6,"161,000",delivered,41.2,3.0
G005043,2025-11-08 20:42,District 3,returning,,Cash,16,"256,000",delivered,31.6,3.0
G005044,2025-11-08 21:19,Tan Binh,new,,Cash,13,"332,000",delivered,46.2,
G005045,2025-11-08 22:35,District 1,returning,,Bank transfer,8,"252,000",delivered,18.9,
G005046,2025-11-09 07:17,TP Thu Duc,member,Gold,Cash,10,"311,000",delivered,42.9,2.0
G005047,2025-11-09 11:34,Binh Thanh,new,,Card,9,"292,000",delivered,33.8,3.0
G005048,2025-11-09 12:43,District 3,returning,,E-wallet,10,"392,000",delivered,39.2,
G005049,2025-11-09 12:57,District 7,member,Silver,E-wallet,8,"252,000",delivered,41.2,
G005050,2025-11-09 13:20,Go Vap,member,Silver,Bank transfer,7,"231,000",delivered,46.1,2.0
G005051,2025-11-09 15:00,Binh Thanh,member,Platinum,E-wallet,12,"318,000",delivered,33.7,5.0
G005052,2025-11-09 15:50,Go Vap,returning,,Cash,7,"189,000",delivered,38.6,5.0
G005053,2025-11-09 18:09,District 7,returning,,Card,11,"319,000",delivered,52.5,
G005054,2025-11-09 18:32,Thu Duc City,returning,,E-wallet,10,"260,000",delivered,51.8,2.0
G005055,2025-11-09 19:26,Binh Tan,new,,E-wallet,11,"282,000",delivered,52.3,2.0
G005056,2025-11-09 19:31,Binh Tan,returning,,Cash,12,"409,000",delivered,53.0,
G005057,2025-11-09 19:56,District 7,returning,,E-wallet,9,"364,000",delivered,47.7,1.0
G005058,2025-11-09 20:29,Go Vap,returning,,E-wallet,11,"350,000",delivered,48.9,3.0
G005059,2025-11-09 21:36,Thu Duc City,member,Silver,Card,9,,delivered,45.9,4.0
G005060,2025-11-10 09:02,District 10,returning,,E-wallet,8,"284,000",delivered,27.1,
G005061,2025-11-10 11:07,Binh Tan,new,,Cash,7,"304,000",delivered,53.6,2.0
G005062,2025-11-10 11:28,District 7,member,Silver,E-wallet,10,"296,000",delivered,40.4,
G005063,2025-11-10 11:58,Tan Binh,member,Gold,Card,4,"156,000",delivered,39.6,5.0
G005064,2025-11-10 12:19,Go Vap,member,Silver,Cash,7,"319,000",delivered,43.2,
G005065,2025-11-10 12:34,Binh Tan,returning,,Cash,7,"204,000",delivered,53.4,
G005066,2025-11-10 12:38,District 10,returning,,E-wallet,8,"305,000",delivered,40.3,3.0
G005067,2025-11-10 13:41,District 10,member,Gold,Card,5,"115,000",delivered,23.8,5.0
G005068,2025-11-10 18:06,District 10,returning,,Bank transfer,5,"111,000",delivered,44.6,1.0
G005069,2025-11-10 18:38,Tan Binh,returning,,Bank transfer,8,"281,000",delivered,34.1,4.0
G005070,2025-11-10 19:11,Go Vap,returning,,E-wallet,5,"109,000",delivered,46.5,
G005071,2025-11-10 19:18,Binh Tan,new,,Cash,9,"280,000",delivered,53.3,
G005072,2025-11-10 19:31,District 10,returning,,Cash,11,"285,000",delivered,31.3,
G005073,2025-11-10 20:00,Binh Thanh,member,Gold,Bank transfer,7,"241,000",delivered,35.9,4.0
G005074,2025-11-10 20:25,Thu Duc City,new,,Bank transfer,4,"137,000",delivered,53.0,2.0
G005075,2025-11-10 20:29,Binh Tan,returning,,e-wallet,4,"155,000",delivered,49.6,2.0
G005076,2025-11-10 20:54,Tan Binh,member,Silver,Bank transfer,8,"220,000",delivered,36.4,4.0
G005077,2025-11-11 10:33,Binh Thanh,new,,E-wallet,3,"105,000",delivered,26.3,5.0
G005078,2025-11-11 12:41,Phu Nhuan,member,Gold,E-wallet,11,"297,000",delivered,35.8,
G005079,2025-11-11 12:55,Binh Tan,member,Silver,Cash,4,"119,000",delivered,51.8,2.0
G005080,2025-11-11 13:06,District 10,new,,Bank transfer,4,"123,000",delivered,23.0,
G005081,2025-11-11 13:11,Tan Binh,returning,,Card,8,"194,000",delivered,32.6,5.0
G005082,2025-11-11 16:40,Binh Thanh,returning,,E-wallet,5,"122,000",delivered,29.9,4.0
G005083,2025-11-11 16:59,Binh Thanh,member,Silver,Cash,6,"210,000",delivered,29.1,4.0
G005084,2025-11-11 17:16,Thu Duc City,returning,,E-wallet,5,"195,000",delivered,43.9,2.0
G005085,2025-11-11 18:15,District 3,returning,,E-wallet,4,"112,000",delivered,41.0,
G005086,2025-11-11 20:01,District 10,new,,E-wallet,3,"90,000",delivered,44.3,
G005087,2025-11-11 21:38,Go Vap,returning,,E-wallet,10,"474,000",delivered,38.8,3.0
G005088,2025-11-12 07:02,Go Vap,returning,,E-wallet,8,"280,000",cancelled,,
G005089,2025-11-12 08:30,Thu Duc City,returning,,Bank transfer,11,"459,000",cancelled,,
G005090,2025-11-12 09:39,District 10,new,,E-wallet,7,"231,000",delivered,23.2,
G005091,2025-11-12 11:05,District 10,returning,,Card,4,"82,000",delivered,43.2,2.0
G005092,2025-11-12 11:18,Thu Duc City,member,Gold,Cash,8,"333,000",delivered,54.3,2.0
G005093,2025-11-12 11:54,Binh Thanh,new,,E-wallet,5,"139,000",delivered,35.3,
G005094,2025-11-12 12:16,District 3,member,Silver,Card,7,"169,000",delivered,32.6,
G005095,2025-11-12 13:56,District 1,returning,,E-wallet,7,"146,000",delivered,23.3,5.0
G005096,2025-11-12 14:04,District 7,returning,,Card,9,"323,000",delivered,39.0,4.0
G005097,2025-11-12 16:54,District 3,returning,,E-wallet,5,"200,000",delivered,22.1,4.0
G005098,2025-11-12 17:25,Binh Thanh,returning,,Cash,3,"83,000",delivered,28.9,5.0
G005099,2025-11-12 18:29,Binh Tan,member,Silver,Bank transfer,5,"147,000",delivered,53.1,
G005100,2025-11-12 19:33,Tan Binh,returning,,E-wallet,7,"314,000",delivered,42.1,3.0
G005101,2025-11-12 19:42,Binh Thanh,returning,,E-wallet,4,"166,000",delivered,34.2,3.0
G005102,2025-11-12 20:26,Go Vap,new,,Cash,8,"265,000",delivered,49.5,1.0
G005103,2025-11-13 09:12,Thu Duc City,returning,,E-wallet,8,"326,000",delivered,59.6,2.0
G005104,2025-11-13 10:39,Phu Nhuan,member,Platinum,Bank transfer,7,"311,000",delivered,29.9,4.0
G005105,2025-11-13 13:11,Binh Tan,returning,,E-wallet,8,"191,000",delivered,43.8,
G005106,2025-11-13 13:29,District 3,returning,,Card,6,"175,000",delivered,23.3,5.0
G005107,2025-11-13 14:02,District 1,returning,,Card,4,"70,000",delivered,19.4,5.0
G005108,2025-11-13 15:27,Phu Nhuan,returning,,Card,7,"266,000",delivered,25.5,
G005109,2025-11-13 18:02,Binh Tan,returning,,e-wallet,8,"288,000",cancelled,,
G005110,2025-11-13 18:22,District 1,returning,,E-wallet,9,"218,000",delivered,32.9,
G005111,2025-11-13 18:48,District 10,returning,,E-wallet,8,"305,000",delivered,31.8,4.0
G005112,2025-11-13 20:09,Binh Thanh,returning,,Cash,7,"217,000",delivered,38.2,
G005113,2025-11-13 20:23,Thu Duc City,returning,,E-wallet,9,"285,000",delivered,52.4,3.0
G005114,2025-11-13 20:25,District 7,new,,E-wallet,3,"139,000",delivered,45.1,
G005115,2025-11-13 20:29,District 3,member,Silver,Cash,6,"204,000",delivered,33.4,5.0
G005116,2025-11-13 21:39,Tan Binh,returning,,E-wallet,5,"112,000",delivered,38.6,
G005117,2025-11-13 22:24,Phu Nhuan,returning,,E-wallet,4,"175,000",delivered,33.2,2.0
G005118,2025-11-13 22:50,District 1,returning,,E-wallet,5,"126,000",delivered,24.0,5.0
G005119,2025-11-14 08:38,District 10,new,,E-wallet,4,"125,000",delivered,25.6,
G005120,2025-11-14 09:42,District 1,new,,E-wallet,6,"203,000",delivered,30.6,5.0
G005121,2025-11-14 11:47,Thu Duc City,returning,,Cash,3,"104,000",delivered,54.1,
G005122,2025-11-14 13:16,Q1,member,Silver,E-wallet,9,"373,000",delivered,18.4,
G005123,2025-11-14 13:43,Binh Tan,member,Silver,Card,5,"153,000",delivered,44.9,2.0
G005124,2025-11-14 14:43,Thu Duc City,new,,Card,7,"167,000",delivered,43.4,3.0
G005125,2025-11-14 15:30,Binh Tan,new,,E-wallet,5,"169,000",delivered,44.4,3.0
G005126,2025-11-14 17:51,Thu Duc City,returning,,Cash,7,"256,000",delivered,43.6,2.0
G005127,2025-11-14 19:42,Thu Duc City,member,Gold,E-wallet,8,"329,000",delivered,59.6,2.0
G005128,2025-11-14 20:22,District 1,new,,Card,5,"176,000",delivered,29.2,4.0
G005129,2025-11-14 20:32,Phu Nhuan,member,Platinum,Cash,5,"274,000",delivered,33.2,
G005130,2025-11-15 06:28,District 1,member,Platinum,E-wallet,14,"505,000",delivered,28.3,4.0
G005131,2025-11-15 09:41,Binh Thanh,new,,Bank transfer,10,"391,000",delivered,32.5,3.0
G005132,2025-11-15 11:06,Binh Tan,member,Platinum,E-wallet,10,"359,000",delivered,58.4,
G005133,2025-11-15 12:37,Binh Thanh,returning,,E-wallet,6,"214,000",delivered,39.8,
G005134,2025-11-15 13:25,Binh Thanh,new,,Cash,8,"223,000",delivered,27.7,3.0
G005135,2025-11-15 14:05,District 7,returning,,E-wallet,11,"397,000",delivered,35.4,2.0
G005136,2025-11-15 16:05,District 10,returning,,E-wallet,9,"250,000",delivered,34.5,
G005137,2025-11-15 17:20,Binh Tan,returning,,Bank transfer,14,"516,000",delivered,42.9,
G005138,2025-11-15 17:27,Tan Binh,member,Gold,E-wallet,12,"367,000",delivered,33.5,
G005139,2025-11-15 17:48,Tan Binh,returning,,E-wallet,9,"301,000",delivered,30.3,
G005140,2025-11-15 18:30,Thu Duc City,returning,,Cash,8,"219,000",delivered,53.3,3.0
G005141,2025-11-15 19:03,District 7,member,Silver,E-wallet,14,"527,000",delivered,44.7,
G005142,2025-11-15 19:54,District 3,returning,,E-wallet,8,"271,000",delivered,40.6,
G005143,2025-11-15 20:22,Go Vap,returning,,ewallet,17,"478,000",delivered,49.5,2.0
G005143,2025-11-15 20:22,Go Vap,returning,,ewallet,17,"478,000",delivered,49.5,2.0
G005144,2025-11-16 08:52,District 7,returning,,Card,9,"250,000",delivered,35.7,3.0
G005145,2025-11-16 11:52,Thu Duc City,member,Silver,E-wallet,9,"268,000",delivered,57.2,
G005146,2025-11-16 12:17,District 7,returning,,E-wallet,10,"293,000",delivered,42.6,3.0
G005147,2025-11-16 12:25,Binh Tan,returning,,E-wallet,13,"385,000",delivered,52.2,3.0
G005148,2025-11-16 12:36,Phu Nhuan,member,Silver,Bank transfer,8,"239,000",delivered,31.0,
G005149,2025-11-16 12:40,Binh Tan,returning,,E-wallet,10,"327,000",cancelled,,
G005150,2025-11-16 14:44,Tan Binh,returning,,E-wallet,8,"213,000",delivered,30.2,3.0
G005151,2025-11-16 15:49,District 10,returning,,E-wallet,8,"256,000",delivered,27.4,
G005152,2025-11-16 16:03,District 7,new,,Card,12,"489,000",delivered,36.9,4.0
G005153,2025-11-16 16:44,Go Vap ,new,,Cash,9,"328,000",delivered,39.1,
G005154,2025-11-16 17:15,District 1,new,,Card,12,"399,000",delivered,29.1,5.0
G005155,2025-11-16 18:38,District 7,returning,,E-wallet,10,"389,000",delivered,61.2,2.0
G005156,2025-11-16 18:51,District 7,member,Silver,Card,12,"424,000",delivered,49.2,
G005157,2025-11-16 19:09,Thu Duc City,member,Silver,E-wallet,7,"184,000",delivered,57.4,
G005158,2025-11-16 19:31,Tan Binh,member,Gold,E-wallet,8,"258,000",delivered,34.6,
G005159,2025-11-16 19:50,District 3,returning,,Cash,7,"180,000",delivered,32.5,4.0
G005160,2025-11-16 20:33,District 3,returning,,Cash,15,"368,000",delivered,29.9,
G005161,2025-11-16 20:48,District 10,member,Silver,E-wallet,7,"261,000",delivered,45.2,4.0
G005162,2025-11-16 21:03,District 7,member,Platinum,Bank transfer,13,"518,000",delivered,35.8,4.0
G005163,2025-11-16 22:55,Binh Tan,returning,,Bank transfer,11,"209,000",delivered,51.5,3.0
G005164,2025-11-17 07:30,Thu Duc City,returning,,E-wallet,12,"565,000",delivered,51.0,4.0
G005165,2025-11-17 09:00,Tan Binh,returning,,E-wallet,8,"287,000",delivered,29.5,4.0
G005166,2025-11-17 10:55,District 7,returning,,E-wallet,4,"140,000",delivered,35.7,3.0
G005166,2025-11-17 10:55,District 7,returning,,E-wallet,4,"140,000",delivered,35.7,3.0
G005167,2025-11-17 11:14,Thu Duc City,returning,,E-wallet,6,"187,000",delivered,57.4,1.0
G005168,2025-11-17 12:02,District 3,new,,E-wallet,11,"324,000",delivered,34.0,4.0
G005168,2025-11-17 12:02,District 3,new,,E-wallet,11,"324,000",delivered,34.0,4.0
G005169,2025-11-17 12:17,Binh Thanh,returning,,E-wallet,9,"200,000",delivered,43.6,2.0
G005170,2025-11-17 14:29,District 1,member,Platinum,ewallet,9,"434,000",delivered,23.4,4.0
G005171,2025-11-17 17:18,Binh Thanh,new,,Cash,6,"173,000",delivered,27.2,
G005172,2025-11-17 17:26,Thu Duc,returning,,Bank transfer,9,"321,000",delivered,54.4,1.0
G005173,2025-11-17 17:57,Binh Tan,member,Silver,E-wallet,4,"63,000",delivered,42.6,
G005174,2025-11-17 18:37,Binh Thanh,returning,,E-wallet,8,"157,000",delivered,39.7,
G005175,2025-11-17 19:30,District 7,member,Gold,Cash,3,"72,000",delivered,47.5,2.0
G005176,2025-11-17 19:36,Phu Nhuan,returning,,E-wallet,5,"170,000",delivered,35.8,
G005177,2025-11-17 20:11,Binh Thanh,new,,Card,10,"289,000",delivered,36.6,
G005178,2025-11-17 20:31,District 1,returning,,Cash,7,"209,000",delivered,26.6,
G005179,2025-11-17 21:07,Go Vap,member,Platinum,E-wallet,7,"265,000",delivered,38.4,
G005180,2025-11-18 08:56,District 3,new,,Cash,8,"313,000",delivered,28.4,4.0
G005181,2025-11-18 09:23,Binh Thanh,member,Silver,E-wallet,7,"215,000",delivered,31.1,5.0
G005182,2025-11-18 10:34,Go Vap,returning,,Card,5,"165,000",delivered,47.1,3.0
G005183,2025-11-18 11:58,District 10,member,Silver,E-wallet,4,"118,000",delivered,38.4,4.0
G005184,2025-11-18 12:28,District 1,new,,Cash,7,"172,000",delivered,30.9,
G005185,2025-11-18 12:54,Binh Thanh,new,,Bank transfer,8,"204,000",delivered,32.6,4.0
G005186,2025-11-18 13:50,District 3,member,Silver,E-wallet,4,"123,000",delivered,26.3,
G005187,2025-11-18 14:43,District 7,returning,,E-wallet,7,"270,000",delivered,59.6,
G005188,2025-11-18 15:13,Tan Binh,returning,,E-wallet,8,"285,000",delivered,27.8,5.0
G005189,2025-11-18 16:53,District 1,member,Silver,Cash,8,"346,000",delivered,22.2,
G005190,2025-11-18 17:09,Tan Binh,member,Platinum,E-wallet,6,"302,000",delivered,33.2,5.0
G005191,2025-11-18 18:22,District 7,returning,,Bank transfer,7,"243,000",delivered,49.7,4.0
G005192,2025-11-18 18:23,District 7,new,,Card,6,"173,000",delivered,39.7,
G005193,2025-11-18 18:32,Binh Thanh,returning,,Bank transfer,9,"324,000",delivered,33.2,4.0
G005194,2025-11-18 18:47,Thu Duc City,returning,,E-wallet,6,"208,000",delivered,50.4,3.0
G005195,2025-11-18 19:10,District 7,returning,,Cash,4,"171,000",delivered,40.4,
G005196,2025-11-18 20:24,Go Vap,new,,E-wallet,9,"263,000",delivered,42.5,4.0
G005197,2025-11-18 20:46,District 10,new,,Cash,10,"272,000",cancelled,,
G005198,2025-11-18 20:55,District 1,member,Silver,E-wallet,6,"147,000",delivered,26.9,5.0
G005199,2025-11-18 21:39,Tan Binh,returning,,Card,6,"159,000",delivered,34.4,4.0
G005200,2025-11-18 22:44,Binh Thanh,returning,,Cash,8,"203,000",delivered,27.3,5.0
G005201,2025-11-18 22:54,District 7,new,,E-wallet,11,"319,000",delivered,45.6,1.0
G005202,2025-11-19 12:10,District 7,returning,,E-wallet,7,"264,000",cancelled,,
G005203,2025-11-19 12:13,Binh Thanh,member,Silver,E-wallet,8,"344,000",delivered,41.8,3.0
G005204,2025-11-19 12:39,District 3,member,Silver,Card,8,"274,000",delivered,45.1,3.0
G005205,2025-11-19 12:59,Go Vap,returning,,Cash,5,"120,000",cancelled,,
G005206,2025-11-19 14:05,Tan Binh,returning,,Bank transfer,6,"123,000",delivered,27.2,
G005207,2025-11-19 15:35,District 10,returning,,E-wallet,6,"202,000",delivered,32.8,4.0
G005208,2025-11-19 15:49,Binh Tan,new,,E-wallet,4,"124,000",delivered,41.4,4.0
G005209,2025-11-19 16:13,Binh Thanh,new,,E-wallet,3,"90,000",delivered,36.3,3.0
G005210,2025-11-19 17:46,Binh Tan,new,,Cash,9,"219,000",delivered,47.5,
G005211,2025-11-19 19:03,Binh Thanh,new,,Cash,7,"196,000",delivered,34.7,5.0
G005212,2025-11-19 19:24,Binh Thanh,returning,,Card,6,"155,000",delivered,40.7,2.0
G005213,2025-11-19 19:27,District 1,new,,Cash,8,"254,000",delivered,26.5,4.0
G005214,2025-11-19 19:36,Phu Nhuan,returning,,Card,2,"80,000",delivered,33.8,
G005215,2025-11-19 19:42,District 10,new,,E-wallet,10,"245,000",delivered,31.1,4.0
G005216,2025-11-19 20:46,Thu Duc City,new,,Cash,10,"385,000",delivered,63.8,
G005217,2025-11-19 21:40,TP Thu Duc,returning,,Cash,6,"147,000",delivered,47.3,2.0
G005218,2025-11-19 22:32,Binh Tan,returning,,E-wallet,11,"349,000",delivered,63.3,
G005219,2025-11-19 22:43,District 10,returning,,Card,5,"157,000",delivered,23.3,5.0
G005220,2025-11-20 11:56,Binh Tan,member,Silver,E-wallet,11,"348,000",delivered,58.7,2.0
G005221,2025-11-20 12:01,Go Vap,returning,,Bank transfer,9,"178,000",delivered,42.1,5.0
G005222,2025-11-20 12:06,Thu Duc City,new,,E-wallet,5,"185,000",delivered,56.8,3.0
G005223,2025-11-20 12:21,Go Vap,new,,E-wallet,5,"153,000",delivered,47.0,2.0
G005224,2025-11-20 12:29,District 3,returning,,E-wallet,8,"234,000",delivered,31.8,3.0
G005225,2025-11-20 13:18,District 1,returning,,E-wallet,7,"294,000",delivered,27.1,5.0
G005226,2025-11-20 13:44,Quận 1,returning,,Bank transfer,7,"255,000",delivered,22.9,5.0
G005227,2025-11-20 13:50,Binh Thanh,member,Gold,Bank transfer,8,"260,000",delivered,36.4,3.0
G005228,2025-11-20 14:30,Binh Tan,member,Platinum,E-wallet,9,"358,000",delivered,40.3,3.0
G005229,2025-11-20 15:37,District 7,new,,E-wallet,9,"310,000",delivered,58.9,
G005230,2025-11-20 18:32,Phu Nhuan,member,Platinum,E-wallet,8,"402,000",delivered,32.7,4.0
G005231,2025-11-20 18:54,Binh Thanh,returning,,E-wallet,8,"282,000",delivered,35.4,4.0
G005232,2025-11-20 18:55,District 7,member,Silver,Bank transfer,7,"88,000",delivered,41.4,2.0
G005233,2025-11-20 19:08,District 7,returning,,Bank transfer,4,"152,000",delivered,44.1,3.0
G005234,2025-11-20 19:31,Thu Duc City,member,Silver,Card,10,"345,000",delivered,56.3,3.0
G005235,2025-11-20 20:19,Thu Duc City,new,,Cash,12,"266,000",delivered,55.4,2.0
G005236,2025-11-20 20:25,Binh Thanh,member,Platinum,E-wallet,9,"473,000",delivered,40.6,2.0
G005237,2025-11-21 07:52,District 7,returning,,Cash,3,"82,000",delivered,35.8,3.0
G005238,2025-11-21 07:54,Go Vap,new,,Bank transfer,7,"150,000",delivered,38.2,1.0
G005239,2025-11-21 08:15,District 1,returning,,E-wallet,5,"166,000",delivered,20.9,5.0
G005240,2025-11-21 12:06,Thu Duc City,member,Silver,E-wallet,10,"353,000",delivered,62.3,2.0
G005241,2025-11-21 12:24,Quận 7,new,,Card,6,"196,000",delivered,50.2,
G005242,2025-11-21 12:56,District 10,returning,,Card,4,"87,000",delivered,34.4,
G005243,2025-11-21 14:11,Go Vap,new,,E-wallet,7,"182,000",delivered,34.6,4.0
G005244,2025-11-21 17:13,Binh Tan,returning,,E-wallet,7,"243,000",delivered,42.2,3.0
G005245,2025-11-21 17:29,District 1,returning,,E-wallet,10,"410,000",cancelled,,
G005246,2025-11-21 17:51,District 7,member,Silver,E-wallet,7,"301,000",delivered,32.1,4.0
G005247,2025-11-21 18:15,District 7,new,,Cash,7,"273,000",delivered,45.1,2.0
G005248,2025-11-21 18:19,Thu Duc City,returning,,e-wallet,11,"424,000",delivered,52.2,
G005249,2025-11-21 21:51,Thu Duc City,member,Silver,Bank transfer,7,"161,000",delivered,46.2,2.0
G005250,2025-11-21 22:36,Thu Duc City,member,Silver,Cash,5,"163,000",delivered,42.9,
G005251,2025-11-21 22:48,Thu Duc City,returning,,Cash,6,"122,000",delivered,43.3,4.0
G005252,2025-11-21 23:29,District 3,returning,,E-wallet,11,"338,000",delivered,28.1,
G005253,2025-11-22 07:05,Tan Binh,returning,,Cash,9,"234,000",cancelled,,
G005254,2025-11-22 08:32,Binh Thanh,returning,,Cash,8,"308,000",delivered,26.0,
G005255,2025-11-22 09:37,District 3,member,Silver,Cash,7,"246,000",cancelled,,
G005256,2025-11-22 10:25,Phu Nhuan,returning,,Cash,11,"347,000",delivered,43.1,
G005257,2025-11-22 14:04,Thu Duc City,returning,,E-wallet,10,"278,000",cancelled,,
G005258,2025-11-22 15:53,Binh Thanh,new,,E-wallet,8,"113,000",delivered,27.6,
G005259,2025-11-22 16:04,District 3,member,Silver,Bank transfer,8,"275,000",delivered,25.1,4.0
G005260,2025-11-22 17:20,District 1,returning,,Card,12,"300,000",delivered,19.6,5.0
G005261,2025-11-22 17:41,District 1,new,,E-wallet,9,"226,000",delivered,20.7,5.0
G005262,2025-11-22 18:12,District 7,member,Silver,Cash,8,"116,000",delivered,39.9,3.0
G005263,2025-11-22 18:25,Go Vap ,member,Silver,Bank transfer,6,"152,000",delivered,43.7,2.0
G005264,2025-11-22 19:53,Thu Duc City,returning,,E-wallet,7,"199,000",delivered,59.6,
G005265,2025-11-22 20:44,Binh Tan,member,Silver,Cash,11,"315,000",delivered,61.3,2.0
G005266,2025-11-22 21:57,Tan Binh,returning,,Bank transfer,11,"287,000",delivered,29.9,5.0
G005267,2025-11-23 09:16,Binh Thanh,returning,,Cash,10,"246,000",delivered,29.2,5.0
G005268,2025-11-23 11:40,Phu Nhuan,returning,,Cash,11,"302,000",delivered,36.7,4.0
G005269,2025-11-23 12:35,Binh Thanh,member,Silver,Cash,9,"353,000",delivered,51.1,
G005270,2025-11-23 12:53,Tan Binh,returning,,Card,9,"308,000",delivered,35.1,
G005271,2025-11-23 14:31,Binh Tan,new,,Card,9,"199,000",delivered,43.7,
G005272,2025-11-23 14:40,Tan Binh,returning,,E-wallet,13,"495,000",delivered,37.6,3.0
G005273,2025-11-23 15:08,Binh Tan,member,Silver,Bank transfer,10,"349,000",delivered,46.3,2.0
G005274,2025-11-23 17:09,district 1,new,,E-wallet,8,"239,000",delivered,25.8,4.0
G005275,2025-11-23 18:46,Go Vap,member,Silver,Bank transfer,6,"172,000",cancelled,,
G005276,2025-11-23 19:49,Tan Binh,new,,E-wallet,6,"177,000",delivered,43.9,4.0
G005277,2025-11-23 22:38,Binh Thanh,new,,Cash,9,"359,000",delivered,26.6,5.0
G005278,2025-11-23 22:53,District 1,returning,,E-wallet,10,"303,000",cancelled,,
G005279,2025-11-24 08:21,District 7,returning,,E-wallet,4,"141,000",delivered,32.2,3.0
G005280,2025-11-24 09:01,District 3,returning,,E-wallet,6,"188,000",delivered,23.2,5.0
G005281,2025-11-24 09:06,Tan Binh,member,Silver,Bank transfer,3,"73,000",delivered,30.1,5.0
G005282,2025-11-24 09:55,District 1,new,,Card,6,"151,000",delivered,20.3,4.0
G005283,2025-11-24 10:30,Phu Nhuan,member,Silver,E-wallet,4,"78,000",delivered,25.5,4.0
G005284,2025-11-24 11:09,Phu Nhuan,new,,E-wallet,12,"455,000",delivered,32.0,5.0
G005285,2025-11-24 12:19,Go Vap,member,Platinum,E-wallet,2,"140,000",delivered,42.2,3.0
G005286,2025-11-24 12:37,District 1,new,,Bank transfer,3,"84,000",delivered,32.7,
G005287,2025-11-24 13:09,Binh Tan,returning,,E-wallet,7,"298,000",delivered,49.0,
G005288,2025-11-24 13:44,Binh Tan,member,Silver,Bank transfer,7,"275,000",delivered,43.7,
G005289,2025-11-24 16:41,District 1,returning,,Cash,6,"120,000",delivered,20.8,5.0
G005289,2025-11-24 16:41,District 1,returning,,Cash,6,"120,000",delivered,20.8,5.0
G005290,2025-11-24 16:57,District 3,returning,,E-wallet,4,"118,000",delivered,24.3,5.0
G005291,2025-11-24 19:27,District 10,member,Platinum,E-wallet,4,"204,000",delivered,32.2,4.0
G005292,2025-11-24 22:32,Go Vap,returning,,E-wallet,5,"129,000",delivered,37.1,4.0
G005293,2025-11-25 08:31,District 1,returning,,Bank transfer,9,,delivered,18.6,
G005294,2025-11-25 11:44,Tan Binh,new,,E-wallet,2,"72,000",delivered,37.8,
G005295,2025-11-25 12:40,Phu Nhuan,returning,,Bank transfer,6,"222,000",delivered,38.8,5.0
G005296,2025-11-25 13:14,Binh Thanh,returning,,E-wallet,8,"242,000",delivered,26.4,
G005297,2025-11-25 13:14,Binh Thanh,new,,Bank transfer,5,"157,000",delivered,31.2,3.0
G005298,2025-11-25 13:35,Binh Thanh,new,,Bank transfer,9,"223,000",delivered,32.8,4.0
G005299,2025-11-25 13:53,Go Vap,member,Silver,E-wallet,7,"284,000",delivered,39.3,
G005300,2025-11-25 14:13,District 1,member,Silver,Cash,10,"394,000",delivered,18.9,5.0
G005301,2025-11-25 14:56,District 1,returning,,Cash,9,"316,000",delivered,32.2,4.0
G005302,2025-11-25 15:30,District 7,new,,E-wallet,5,"183,000",delivered,36.8,3.0
G005303,2025-11-25 16:57,Phu Nhuan,returning,,Cash,7,"189,000",delivered,26.3,4.0
G005304,2025-11-25 17:48,District 10,returning,,E-wallet,9,"371,000",delivered,23.3,5.0
G005305,2025-11-25 18:44,Q1,returning,,Bank transfer,10,"239,000",cancelled,,
G005306,2025-11-25 18:50,Go Vap,new,,E-wallet,12,"437,000",delivered,42.3,
G005307,2025-11-25 19:28,Thu Duc City,new,,Card,9,"244,000",delivered,56.2,4.0
G005308,2025-11-25 21:05,Go Vap,returning,,Cash,5,"104,000",delivered,36.4,3.0
G005309,2025-11-25 21:29,District 10,new,,Bank transfer,7,"220,000",delivered,29.1,5.0
G005310,2025-11-26 07:59,Binh Tan,returning,,Bank transfer,9,"220,000",delivered,47.8,2.0
G005311,2025-11-26 09:20,District 7,returning,,E-wallet,6,"294,000",delivered,35.4,
G005312,2025-11-26 11:56,Binh Tan,member,Silver,E-wallet,8,"298,000",delivered,54.1,
G005313,2025-11-26 15:11,District 3,returning,,E-wallet,7,"186,000",delivered,26.2,5.0
G005314,2025-11-26 17:29,Thu Duc City,member,Silver,E-wallet,10,"295,000",delivered,44.8,4.0
G005315,2025-11-26 17:29,District 1,returning,,Cash,12,"317,000",delivered,25.1,
G005316,2025-11-26 18:57,District 3,returning,,Bank transfer,12,"435,000",delivered,43.6,4.0
G005317,2025-11-26 20:02,Phu Nhuan,new,,Cash,10,"242,000",delivered,32.7,3.0
G005318,2025-11-26 21:10,Binh Thanh,returning,,E-wallet,11,"406,000",delivered,28.0,4.0
G005319,2025-11-26 21:22,Binh Tan,new,,Cash,8,"318,000",delivered,43.1,4.0
G005320,2025-11-26 21:25,District 1,returning,,E-wallet,3,"75,000",delivered,26.5,4.0
G005321,2025-11-27 07:55,Phu Nhuan,new,,Cash,6,"155,000",delivered,24.6,
G005322,2025-11-27 09:47,Phu Nhuan,returning,,E-wallet,4,"142,000",delivered,29.8,3.0
G005323,2025-11-27 09:50,District 1,member,Silver,Cash,6,"236,000",cancelled,,
G005324,2025-11-27 10:36,Go Vap,returning,,E-wallet,5,"126,000",delivered,42.3,
G005325,2025-11-27 11:16,Binh Thanh,member,Gold,E-wallet,4,"124,000",delivered,43.8,
G005326,2025-11-27 11:19,District 10,returning,,e-wallet,5,"166,000",delivered,30.4,
G005327,2025-11-27 11:31,Tan Binh,member,Gold,E-wallet,6,"179,000",delivered,38.0,4.0
G005328,2025-11-27 12:02,Tan Binh,new,,E-wallet,8,"226,000",delivered,40.4,
G005329,2025-11-27 12:04,Binh Thanh,returning,,E-wallet,4,"94,000",delivered,33.7,4.0
G005330,2025-11-27 13:14,Phu Nhuan,new,,E-wallet,3,"98,000",delivered,33.5,4.0
G005331,2025-11-27 13:31,Phu Nhuan,new,,E-wallet,9,"297,000",delivered,28.2,
G005332,2025-11-27 13:34,District 3,new,,E-wallet,7,"250,000",delivered,21.8,
G005333,2025-11-27 13:39,District 3,returning,,Bank transfer,5,"142,000",delivered,26.5,3.0
G005334,2025-11-27 14:13,District 3,member,Silver,E-wallet,7,"222,000",delivered,25.3,5.0
G005335,2025-11-27 15:37,District 3,returning,,E-wallet,12,"350,000",cancelled,,
G005336,2025-11-27 15:39,District 7,new,,Cash,11,"359,000",delivered,37.8,
G005337,2025-11-27 17:10,Phu Nhuan,returning,,E-wallet,5,"167,000",delivered,34.8,
G005338,2025-11-27 17:26,District 10,new,,Cash,6,"168,000",delivered,24.6,
G005339,2025-11-27 18:10,Tan Binh,returning,,Cash,8,"284,000",delivered,38.2,4.0
G005340,2025-11-27 19:27,Binh Thanh,returning,,E-wallet,6,"151,000",delivered,49.0,
G005341,2025-11-27 21:41,District 1,member,Silver,Card,6,"171,000",delivered,20.4,5.0
G005342,2025-11-28 08:46,District 7,returning,,Bank transfer,6,"191,000",delivered,36.7,4.0
G005343,2025-11-28 10:18,Phu Nhuan,member,Silver,e-wallet,7,"280,000",delivered,23.6,
G005344,2025-11-28 11:43,Phu Nhuan,returning,,Bank transfer,4,"95,000",delivered,34.8,
G005345,2025-11-28 12:21,Tan Binh,returning,,E-wallet,7,"235,000",delivered,34.2,3.0
G005346,2025-11-28 12:27,Binh Thanh,new,,E-wallet,6,"147,000",delivered,48.2,2.0
G005347,2025-11-28 14:02,District 3,new,,Cash,4,"123,000",delivered,23.3,4.0
G005348,2025-11-28 14:18,District 1,member,Silver,E-wallet,3,"95,000",delivered,24.3,4.0
G005349,2025-11-28 16:18,Tan Binh,member,Silver,Cash,10,"333,000",delivered,26.2,5.0
G005350,2025-11-28 17:48,Tan Binh,returning,,Card,9,"315,000",cancelled,,
G005351,2025-11-28 19:20,Tan Binh,member,Silver,Cash,8,"293,000",delivered,37.2,4.0
G005352,2025-11-28 19:35,District 3,returning,,Bank transfer,7,"197,000",delivered,35.2,
G005353,2025-11-28 20:45,Phu Nhuan,new,,E-wallet,4,"128,000",delivered,37.1,4.0
G005354,2025-11-28 21:20,Binh Tan,member,Gold,E-wallet,5,,delivered,43.7,
G005355,2025-11-28 22:01,Binh Tan,new,,Cash,6,"181,000",delivered,43.6,3.0
G005356,2025-11-28 23:16,District 1,new,,Card,7,"310,000",delivered,19.4,5.0
G005357,2025-11-29 06:13,Binh Tan,returning,,E-wallet,9,"312,000",delivered,41.7,4.0
G005358,2025-11-29 07:00,Thu Duc City,new,,E-wallet,6,"199,000",delivered,53.7,
G005359,2025-11-29 07:20,Phu Nhuan,member,Gold,E-wallet,11,"429,000",delivered,24.9,4.0
G005360,2025-11-29 10:16,District 1,member,Silver,Card,8,"298,000",delivered,21.5,
G005361,2025-11-29 10:45,District 10,returning,,E-wallet,7,"214,000",delivered,50.6,2.0
G005362,2025-11-29 11:23,Thu Duc City,returning,,Cash,13,"299,000",delivered,53.4,3.0
G005363,2025-11-29 11:23,District 1,member,Gold,Bank transfer,12,"439,000",delivered,29.5,5.0
G005364,2025-11-29 13:14,Go Vap,returning,,Card,10,"347,000",delivered,39.8,
G005365,2025-11-29 13:31,District 7,returning,,E-wallet,9,"350,000",delivered,48.1,1.0
G005366,2025-11-29 15:02,Tan Binh,member,Gold,Cash,13,"409,000",delivered,27.4,4.0
G005367,2025-11-29 15:53,Binh Thanh,new,,E-wallet,13,"439,000",delivered,32.4,4.0
G005368,2025-11-29 16:19,District 3,returning,,Cash,8,"257,000",delivered,25.1,5.0
G005369,2025-11-29 16:30,Thu Duc City,returning,,Bank transfer,13,"497,000",delivered,42.8,3.0
G005370,2025-11-29 17:01,Binh Thanh,member,Silver,E-wallet,9,"290,000",delivered,30.1,
G005371,2025-11-29 17:08,Tan Binh,new,,Bank transfer,8,"222,000",delivered,30.3,
G005372,2025-11-29 17:10,Tan Binh,new,,E-wallet,11,"290,000",delivered,34.3,
G005373,2025-11-29 18:50,District 1,member,Silver,E-wallet,12,"315,000",delivered,30.1,
G005374,2025-11-29 19:01,District 3,member,Gold,Bank transfer,11,"334,000",delivered,31.0,
G005375,2025-11-29 19:16,District 10,new,,E-wallet,12,"453,000",delivered,31.8,
G005376,2025-11-29 22:46,Go Vap,member,Gold,E-wallet,14,"376,000",delivered,38.3,
G005377,2025-11-30 08:48,Thu Duc City,member,Gold,Cash,5,"215,000",delivered,49.0,3.0
G005378,2025-11-30 12:05,Phu Nhuan,returning,,E-wallet,13,"493,000",delivered,47.0,
G005379,2025-11-30 12:46,District 3,member,Gold,Cash,8,"345,000",delivered,31.6,3.0
G005380,2025-11-30 13:03,Tan Binh,returning,,Bank transfer,6,"175,000",delivered,35.6,4.0
G005381,2025-11-30 13:17,District 1,new,,E-wallet,13,"475,000",delivered,18.3,
G005382,2025-11-30 14:54,Tan Binh,member,Silver,Cash,11,"261,000",delivered,29.1,4.0
G005383,2025-11-30 15:07,District 10,returning,,Bank transfer,11,"431,000",delivered,30.9,5.0
G005384,2025-11-30 15:54,District 1,member,Gold,e-wallet,5,"149,000",cancelled,,
G005385,2025-11-30 16:07,Go Vap,returning,,E-wallet,9,"287,000",delivered,39.4,
G005386,2025-11-30 17:19,Thu Duc City,returning,,Card,14,"393,000",delivered,48.1,1.0
G005387,2025-11-30 17:27,District 1,returning,,Bank transfer,11,"255,000",delivered,25.9,5.0
G005388,2025-11-30 19:04,Phu Nhuan,returning,,Cash,12,"522,000",delivered,31.7,
G005389,2025-11-30 20:05,District 1,member,Silver,E-wallet,14,"397,000",delivered,31.4,5.0
G005390,2025-11-30 21:05,Go Vap,returning,,E-wallet,7,"211,000",delivered,32.7,
G005391,2025-11-30 21:57,District 7,returning,,E-wallet,7,"293,000",delivered,35.3,3.0
G005392,2025-12-01 09:07,Go Vap,new,,E-wallet,2,"60,000",delivered,37.4,
G005393,2025-12-01 10:01,District 7,returning,,E-wallet,10,"298,000",delivered,37.8,3.0
G005394,2025-12-01 11:06,Tan Binh,returning,,E-wallet,5,"160,000",delivered,34.9,3.0
G005395,2025-12-01 12:26,Go Vap,member,Gold,Bank transfer,3,"107,000",delivered,40.9,
G005396,2025-12-01 13:06,District 7,member,Silver,E-wallet,9,"221,000",delivered,39.9,
G005397,2025-12-01 13:28,District 1,new,,E-wallet,10,"396,000",delivered,21.0,5.0
G005398,2025-12-01 15:31,District 7,returning,,ewallet,9,"246,000",delivered,44.0,2.0
G005399,2025-12-01 16:48,Phu Nhuan,member,Silver,E-wallet,7,"238,000",delivered,39.1,3.0
G005400,2025-12-01 17:10,Binh Tan,returning,,Cash,8,"351,000",delivered,42.4,4.0
G005401,2025-12-01 17:18,District 7,returning,,E-wallet,11,"342,000",delivered,33.1,4.0
G005402,2025-12-01 17:26,Tan Binh,returning,,Card,4,"173,000",delivered,28.2,4.0
G005403,2025-12-01 18:04,Thu Duc City,member,Silver,E-wallet,4,"140,000",delivered,55.5,
G005404,2025-12-01 18:29,District 10,member,Silver,E-wallet,8,"199,000",delivered,42.2,4.0
G005405,2025-12-01 18:37,Binh Thanh,member,Silver,E-wallet,10,"274,000",delivered,36.4,4.0
G005406,2025-12-01 18:42,Binh Tan,member,Silver,E-wallet,8,"346,000",delivered,57.5,2.0
G005407,2025-12-01 19:29,Q1,returning,,E-wallet,9,"352,000",delivered,26.2,
G005408,2025-12-01 20:05,District 10,member,Silver,E-wallet,6,"198,000",delivered,34.7,
G005409,2025-12-01 21:09,Go Vap ,returning,,E-wallet,8,"287,000",delivered,35.1,3.0
G005410,2025-12-01 21:52,District 1,new,,E-wallet,8,"215,000",delivered,20.6,4.0
G005411,2025-12-01 22:15,Binh thanh,returning,,E-wallet,2,"56,000",delivered,37.8,
G005412,2025-12-02 06:00,District 3,new,,Cash,4,"148,000",delivered,20.1,
G005413,2025-12-02 09:42,Tan Binh,new,,Cash,5,"108,000",delivered,37.4,3.0
G005414,2025-12-02 09:54,Binh Thanh,returning,,Bank transfer,10,"119,000",delivered,25.3,5.0
G005415,2025-12-02 11:18,District 7,member,Silver,Card,5,"146,000",delivered,55.8,3.0
G005416,2025-12-02 11:34,Binh Tan,returning,,Cash,4,"127,000",delivered,56.0,
G005417,2025-12-02 11:59,Thu Duc City,returning,,E-wallet,6,"209,000",delivered,51.7,2.0
G005418,2025-12-02 12:03,Phu Nhuan,member,Gold,Cash,7,"232,000",delivered,36.0,
G005419,2025-12-02 12:33,Phu Nhuan,returning,,E-wallet,6,"252,000",delivered,40.8,3.0
G005420,2025-12-02 12:35,Go Vap,returning,,Cash,6,"181,000",delivered,45.1,3.0
G005421,2025-12-02 16:12,Phu Nhuan,member,Silver,Cash,4,"143,000",delivered,23.3,
G005422,2025-12-02 16:14,Tan Binh,returning,,E-wallet,6,"194,000",delivered,30.8,5.0
G005423,2025-12-02 17:14,District 10,returning,,E-wallet,11,"373,000",delivered,34.9,
G005424,2025-12-02 17:43,Tan Binh,new,,Card,4,"158,000",delivered,28.7,5.0
G005425,2025-12-02 17:51,Binh Tan,member,Gold,Cash,5,"151,000",delivered,42.1,4.0
G005426,2025-12-02 17:56,Thu Duc City,returning,,E-wallet,7,"151,000",delivered,50.1,
G005427,2025-12-02 18:16,District 7,member,Silver,Bank transfer,15,"373,000",delivered,41.6,
G005428,2025-12-02 18:57,Q1,member,Silver,Cash,9,"246,000",delivered,27.8,
G005429,2025-12-02 19:39,District 7,new,,Bank transfer,10,"303,000",delivered,45.2,
G005430,2025-12-02 20:58,Binh thanh,new,,E-wallet,4,"77,000",delivered,40.0,
G005431,2025-12-02 22:48,Tan Binh,returning,,E-wallet,5,"101,000",delivered,32.8,4.0
G005432,2025-12-02 23:55,Binh Thanh,member,Gold,E-wallet,9,"326,000",delivered,28.4,5.0
G005433,2025-12-03 11:22,Binh Tan,member,Silver,E-wallet,7,"190,000",delivered,59.4,
G005434,2025-12-03 12:04,Thu Duc City,new,,E-wallet,9,"294,000",delivered,57.4,
G005435,2025-12-03 12:10,Binh Thanh,member,Gold,E-wallet,11,"311,000",delivered,33.6,4.0
G005436,2025-12-03 12:46,District 1,member,Platinum,E-wallet,10,"551,000",delivered,34.3,3.0
G005437,2025-12-03 12:49,District 1,returning,,E-wallet,12,"415,000",delivered,27.7,5.0
G005438,2025-12-03 13:02,Phu Nhuan,new,,Cash,8,"277,000",delivered,25.0,5.0
G005439,2025-12-03 16:14,Binh Tan,returning,,Bank transfer,5,"179,000",cancelled,,
G005440,2025-12-03 16:38,District 10,member,Platinum,E-wallet,4,"265,000",delivered,37.3,3.0
G005441,2025-12-03 17:32,District 3,returning,,E-wallet,5,"209,000",delivered,25.3,5.0
G005442,2025-12-03 17:58,Binh Thanh,member,Gold,Cash,7,"222,000",delivered,34.0,
G005443,2025-12-03 18:00,Phu Nhuan,new,,ewallet,10,"368,000",delivered,33.2,
G005445,2025-12-03 18:28,Binh Tan,returning,,E-wallet,5,"154,000",delivered,50.1,
G005446,2025-12-03 18:28,Go Vap,returning,,E-wallet,4,"107,000",delivered,42.8,
G005447,2025-12-03 19:04,Phu Nhuan,returning,,Card,12,"464,000",cancelled,,
G005448,2025-12-03 20:09,District 1,returning,,Cash,6,"185,000",delivered,31.5,
G005449,2025-12-04 06:25,District 10,member,Gold,E-wallet,5,"137,000",delivered,25.3,5.0
G005450,2025-12-04 07:01,Thu Duc City,returning,,Card,10,"274,000",delivered,50.2,3.0
G005451,2025-12-04 07:31,Binh Thanh,returning,,E-wallet,12,"476,000",delivered,28.7,
G005452,2025-12-04 11:05,District 3,member,Gold,E-wallet,12,"346,000",delivered,40.4,2.0
G005453,2025-12-04 12:20,Tan Binh,returning,,E-wallet,7,"220,000",delivered,41.9,2.0
G005454,2025-12-04 14:40,Go Vap,new,,Cash,4,"98,000",delivered,38.1,4.0
G005455,2025-12-04 16:20,Tan Binh,returning,,E-wallet,8,"229,000",cancelled,,
G005456,2025-12-04 17:22,Thu Duc City,new,,E-wallet,5,"220,000",delivered,44.5,
G005457,2025-12-04 18:16,Go Vap,returning,,Bank transfer,5,"154,000",delivered,46.0,2.0
G005458,2025-12-04 20:01,Binh Thanh,member,Silver,E-wallet,7,"239,000",delivered,37.3,
G005459,2025-12-04 20:48,District 1,new,,Bank transfer,6,"188,000",delivered,29.2,
G005460,2025-12-04 21:15,District 1,new,,Card,4,"132,000",delivered,20.2,
G005461,2025-12-04 21:48,Tan Binh,member,Gold,Card,3,"126,000",delivered,30.5,5.0
G005462,2025-12-05 09:54,Binh Thanh,member,Platinum,E-wallet,7,"231,000",delivered,31.0,4.0
G005463,2025-12-05 10:14,District 7,returning,,Card,3,"59,000",delivered,36.1,3.0
G005464,2025-12-05 10:35,Thu Duc,returning,,E-wallet,4,"146,000",delivered,44.8,2.0
G005465,2025-12-05 11:04,Binh Thanh,member,Silver,E-wallet,3,"98,000",delivered,34.9,
G005466,2025-12-05 11:14,Go Vap,returning,,E-wallet,6,"203,000",delivered,44.2,5.0
G005467,2025-12-05 11:33,Phu Nhuan,returning,,E-wallet,6,"301,000",delivered,36.3,
G005468,2025-12-05 13:30,Thu Duc City,new,,Cash,10,"370,000",delivered,47.1,3.0
G005470,2025-12-05 17:22,Binh Thanh,returning,,Bank transfer,5,"127,000",delivered,37.7,
G005471,2025-12-05 18:17,Binh Tan,returning,,E-wallet,5,"220,000",delivered,53.7,1.0
G005472,2025-12-05 19:12,Binh Tan,returning,,Card,9,"303,000",delivered,52.8,2.0
G005473,2025-12-05 19:25,District 7,new,,Card,6,"205,000",delivered,44.1,3.0
G005474,2025-12-05 19:26,Tan Binh,returning,,Cash,12,"459,000",delivered,35.2,4.0
G005475,2025-12-05 19:27,Binh Thanh,returning,,E-wallet,9,"281,000",delivered,37.3,4.0
G005476,2025-12-05 20:46,Binh Tan,new,,e-wallet,2,"49,000",delivered,56.3,2.0
G005477,2025-12-05 20:49,Binh Thanh,member,Gold,Bank transfer,5,"223,000",delivered,35.6,4.0
G005478,2025-12-05 21:32,District 7,member,Platinum,E-wallet,6,"294,000",delivered,43.4,3.0
G005480,2025-12-05 22:54,Tan Binh,new,,Card,10,"343,000",delivered,33.3,5.0
G005481,2025-12-06 06:37,Binh Thanh,member,Silver,Bank transfer,5,"151,000",delivered,27.4,
G005482,2025-12-06 11:33,Phu Nhuan,returning,,Cash,10,"332,000",delivered,34.2,5.0
G005483,2025-12-06 12:09,Tan Binh,new,,E-wallet,14,"556,000",delivered,36.5,
G005484,2025-12-06 12:28,Binh Tan,returning,,E-wallet,7,"216,000",delivered,61.8,
G005485,2025-12-06 12:58,Thu Duc City,returning,,E-wallet,9,"370,000",delivered,56.2,3.0
G005486,2025-12-06 14:27,Phu Nhuan,returning,,E-wallet,12,"498,000",delivered,27.2,
G005487,2025-12-06 15:47,District 10,new,,e-wallet,9,"316,000",delivered,23.6,5.0
G005488,2025-12-06 16:49,Tan Binh,member,Gold,E-wallet,7,"314,000",delivered,32.4,4.0
G005489,2025-12-06 16:53,District 10,member,Gold,Card,10,"329,000",delivered,33.7,4.0
G005490,2025-12-06 17:02,Go Vap,returning,,E-wallet,13,"385,000",delivered,45.0,
G005491,2025-12-06 17:04,Binh Thanh,returning,,E-wallet,12,"441,000",delivered,27.2,5.0
G005492,2025-12-06 17:19,District 3,member,Silver,E-wallet,6,"127,000",delivered,25.1,5.0
G005493,2025-12-06 17:33,Binh Thanh,member,Silver,Cash,8,"276,000",delivered,32.5,
G005494,2025-12-06 17:46,District 3,returning,,Cash,16,"301,000",delivered,30.6,
G005495,2025-12-06 18:24,Binh Thanh,member,Silver,Card,12,"385,000",delivered,38.4,4.0
G005496,2025-12-06 19:28,Binh Thanh,returning,,E-wallet,8,"257,000",delivered,41.5,3.0
G005497,2025-12-06 19:56,Binh Thanh,returning,,E-wallet,9,"378,000",delivered,34.2,4.0
G005498,2025-12-06 21:40,Thu Duc City,returning,,E-wallet,9,"238,000",delivered,52.2,
G005499,2025-12-07 07:33,District 3,returning,,Bank transfer,9,"326,000",delivered,24.0,5.0
G005500,2025-12-07 09:33,District 10,new,,E-wallet,10,"344,000",delivered,27.7,5.0
G005501,2025-12-07 10:08,District 7,member,Gold,E-wallet,7,"322,000",delivered,36.5,3.0
G005502,2025-12-07 10:22,Thu Duc City,returning,,Cash,6,"151,000",delivered,45.3,2.0
G005503,2025-12-07 12:15,Binh Thanh,member,Gold,Card,9,"351,000",delivered,33.3,5.0
G005505,2025-12-07 12:32,Tan Binh,returning,,E-wallet,10,"298,000",delivered,38.5,3.0
G005506,2025-12-07 12:34,Binh Thanh,new,,E-wallet,7,"157,000",delivered,33.3,
G005507,2025-12-07 13:35,Go Vap,new,,E-wallet,14,"533,000",delivered,37.4,
G005508,2025-12-07 13:43,District 10,new,,E-wallet,10,"347,000",delivered,33.4,4.0
G005509,2025-12-07 14:58,Quận 1,returning,,Card,11,"290,000",delivered,28.5,
G005510,2025-12-07 17:16,Phu Nhuan,member,Silver,Bank transfer,6,"229,000",delivered,29.9,
G005511,2025-12-07 18:27,BINH THANH,member,Gold,E-wallet,9,"311,000",delivered,33.8,
G005512,2025-12-07 18:55,District 7,returning,,E-wallet,13,"463,000",delivered,56.5,2.0
G005513,2025-12-07 18:55,Go Vap,returning,,E-wallet,8,"262,000",delivered,48.6,
G005514,2025-12-07 19:06,Binh Tan,returning,,E-wallet,12,"525,000",delivered,51.0,2.0
G005515,2025-12-07 21:53,Binh Thanh,member,Silver,Cash,8,"214,000",delivered,27.2,
G005516,2025-12-07 22:03,Go Vap,member,Silver,E-wallet,13,"427,000",delivered,38.7,3.0
G005517,2025-12-08 06:19,District 1,returning,,E-wallet,6,"150,000",delivered,23.6,5.0
G005518,2025-12-08 08:43,Tan Binh,returning,,E-wallet,10,"323,000",delivered,41.2,
G005519,2025-12-08 11:57,District 1,new,,E-wallet,10,"218,000",delivered,35.8,
G005520,2025-12-08 12:26,Binh Thanh,member,Gold,E-wallet,7,"251,000",delivered,33.9,
G005521,2025-12-08 12:56,District 10,new,,E-wallet,10,"428,000",delivered,34.5,
G005522,2025-12-08 13:39,Binh Thanh,new,,E-wallet,6,"149,000",delivered,27.4,
G005523,2025-12-08 13:41,District 10,member,Platinum,Cash,6,"283,000",delivered,23.4,
G005524,2025-12-08 16:24,Binh Thanh,returning,,Card,10,"300,000",delivered,25.2,4.0
G005525,2025-12-08 17:18,Binh Thanh,member,Silver,Cash,7,"272,000",delivered,35.4,3.0
G005526,2025-12-08 18:36,District 3,returning,,E-wallet,7,"268,000",delivered,42.6,
G005527,2025-12-08 19:25,Tan Binh,member,Gold,E-wallet,11,"490,000",delivered,47.4,
G005528,2025-12-08 19:44,Phu Nhuan,new,,E-wallet,9,"384,000",delivered,34.3,
G005529,2025-12-08 19:59,Tan Binh,new,,E-wallet,7,"227,000",delivered,-4.0,3.0
G005530,2025-12-08 20:22,District 7,new,,E-wallet,12,"350,000",delivered,44.6,2.0
G005531,2025-12-08 20:25,Binh Thanh,returning,,E-wallet,7,"164,000",delivered,35.3,4.0
G005532,2025-12-08 20:50,Binh Tan,returning,,Card,4,"150,000",delivered,58.3,2.0
G005533,2025-12-08 21:51,District 1,new,,E-wallet,10,"299,000",delivered,30.1,3.0
G005534,2025-12-08 22:35,District 7,new,,Card,8,"188,000",cancelled,,
G005535,2025-12-09 08:26,Tan Binh,member,Gold,E-wallet,9,"257,000",delivered,33.5,5.0
G005536,2025-12-09 09:17,District 3,returning,,E-wallet,11,"539,000",cancelled,,
G005537,2025-12-09 11:45,Binh Thanh,returning,,Bank transfer,7,"248,000",delivered,38.4,2.0
G005538,2025-12-09 12:01,Thu Duc City,returning,,E-wallet,13,"489,000",delivered,55.4,
G005539,2025-12-09 13:17,District 3,returning,,E-wallet,11,"245,000",delivered,27.3,
G005540,2025-12-09 14:50,District 3,returning,,Card,6,"167,000",delivered,21.9,4.0
G005541,2025-12-09 15:50,Phu Nhuan,new,,Bank transfer,6,"207,000",delivered,25.8,5.0
G005542,2025-12-09 17:48,District 7,returning,,Cash,6,"184,000",delivered,38.4,
G005543,2025-12-09 17:57,Binh Thanh,returning,,E-wallet,6,"143,000",delivered,33.8,5.0
G005544,2025-12-09 18:17,Go Vap,new,,E-wallet,8,"252,000",delivered,41.8,
G005545,2025-12-09 19:31,Thu Duc City,returning,,E-wallet,6,"193,000",delivered,60.7,
G005546,2025-12-09 19:37,Binh Tan,member,Gold,Bank transfer,8,"232,000",delivered,52.3,2.0
G005547,2025-12-09 20:21,District 1,returning,,E-wallet,8,"251,000",delivered,36.3,4.0
G005548,2025-12-09 20:37,Go Vap,returning,,E-wallet,6,"229,000",delivered,42.1,
G005549,2025-12-09 20:57,Thu Duc City,member,Gold,E-wallet,5,"174,000",delivered,54.1,2.0
G005550,2025-12-09 21:22,District 3,new,,Cash,9,"256,000",delivered,25.8,5.0
G005551,2025-12-09 21:26,District 7,member,Silver,E-wallet,8,"235,000",delivered,37.9,4.0
G005552,2025-12-09 22:22,District 1,returning,,Card,10,"338,000",delivered,19.9,4.0
G005553,2025-12-09 22:24,District 7,member,Platinum,E-wallet,11,"254,000",delivered,49.2,
G005554,2025-12-10 06:14,District 3,new,,Cash,7,"191,000",delivered,34.1,4.0
G005555,2025-12-10 11:05,Phu Nhuan,new,,E-wallet,8,"231,000",delivered,39.1,3.0
G005556,2025-12-10 11:11,Tan Binh,member,Silver,Cash,3,"73,000",delivered,35.7,
G005557,2025-12-10 11:32,District 7,new,,E-wallet,9,"338,000",delivered,43.0,3.0
G005558,2025-12-10 11:50,Thu Duc City,new,,Bank transfer,9,"241,000",delivered,58.8,
G005559,2025-12-10 12:03,Binh Thanh,new,,E-wallet,7,"314,000",delivered,35.3,4.0
G005560,2025-12-10 12:06,Binh Tan,new,,Bank transfer,8,"279,000",delivered,51.3,3.0
G005561,2025-12-10 12:31,Go Vap,returning,,Cash,6,"168,000",delivered,51.3,2.0
G005562,2025-12-10 13:26,District 10,returning,,Card,4,"144,000",delivered,27.9,
G005563,2025-12-10 14:15,Go Vap,returning,,E-wallet,3,"114,000",delivered,45.9,
G005564,2025-12-10 14:56,Tan Binh,returning,,E-wallet,4,"140,000",delivered,32.2,
G005565,2025-12-10 16:03,Thu Duc City,returning,,E-wallet,9,"311,000",delivered,43.7,2.0
G005566,2025-12-10 16:52,Thu Duc City,returning,,Card,9,"207,000",delivered,48.3,3.0
G005567,2025-12-10 17:25,District 1,member,Silver,Bank transfer,5,"168,000",delivered,17.7,5.0
G005568,2025-12-10 17:50,Thu Duc City,returning,,E-wallet,8,"278,000",delivered,42.8,
G005569,2025-12-10 18:07,District 7,new,,Card,6,"167,000",delivered,49.2,
G005570,2025-12-10 18:17,Tan Binh,returning,,Cash,7,"238,000",delivered,34.6,3.0
G005571,2025-12-10 18:41,Phu Nhuan,new,,Bank transfer,9,"321,000",delivered,34.9,
G005572,2025-12-10 19:00,District 7,new,,E-wallet,5,"209,000",delivered,47.9,4.0
G005573,2025-12-10 19:51,Tan Binh,member,Silver,E-wallet,8,"294,000",cancelled,,
G005574,2025-12-10 20:26,District 1,returning,,E-wallet,9,"356,000",delivered,31.3,5.0
G005575,2025-12-10 20:29,Phu Nhuan,returning,,Cash,10,"360,000",delivered,32.1,5.0
G005576,2025-12-10 20:54,Tan Binh,returning,,Cash,3,"97,000",delivered,41.9,2.0
G005577,2025-12-10 22:25,Thu Duc City,returning,,Cash,4,"151,000",delivered,48.9,3.0
G005578,2025-12-11 11:11,District 3,returning,,E-wallet,15,"490,000",delivered,30.1,4.0
G005579,2025-12-11 12:04,Binh Thanh,new,,E-wallet,5,"172,000",delivered,34.3,
G005580,2025-12-11 12:45,Phu Nhuan,new,,E-wallet,9,"347,000",cancelled,,
G005581,2025-12-11 13:41,Quận 7,returning,,Cash,6,"147,000",delivered,46.0,2.0
G005582,2025-12-11 14:35,Phu Nhuan,member,Silver,E-wallet,9,"266,000",delivered,26.9,4.0
G005583,2025-12-11 14:57,Binh Tan,member,Platinum,E-wallet,8,"287,000",delivered,41.3,
G005584,2025-12-11 17:05,Tan Binh,returning,,Cash,3,"82,000",delivered,31.4,5.0
G005585,2025-12-11 17:56,District 3,member,Silver,Bank transfer,3,"88,000",delivered,32.2,5.0
G005586,2025-12-11 18:30,Tan Binh,returning,,E-wallet,4,"110,000",delivered,38.8,4.0
G005587,2025-12-11 18:57,District 10,new,,Bank transfer,5,"144,000",delivered,30.1,
G005588,2025-12-11 19:33,Binh Thanh,returning,,E-wallet,4,"119,000",delivered,37.9,
G005589,2025-12-11 20:41,Binh Tan,new,,Bank transfer,9,"184,000",delivered,54.3,2.0
G005590,2025-12-11 21:27,Binh Tan,returning,,Bank transfer,6,"190,000",delivered,45.1,
G005591,2025-12-11 21:33,Tan Binh,new,,E-wallet,5,"166,000",delivered,39.3,2.0
G005592,2025-12-11 22:08,District 10,returning,,E-wallet,8,"220,000",delivered,22.5,5.0
G005593,2025-12-12 08:16,District 1,member,Gold,E-wallet,8,"301,000",delivered,21.3,4.0
G005594,2025-12-12 11:11,Phu Nhuan,new,,E-wallet,7,"198,000",delivered,38.4,5.0
G005595,2025-12-12 11:20,District 1,new,,Card,6,"195,000",delivered,35.1,3.0
G005596,2025-12-12 11:38,District 3,member,Silver,E-wallet,8,"227,000",delivered,32.0,4.0
G005597,2025-12-12 11:46,Tan Binh,member,Gold,E-wallet,4,"122,000",delivered,40.5,3.0
G005598,2025-12-12 12:49,Thu Duc City,returning,,Cash,8,"225,000",delivered,58.4,3.0
G005599,2025-12-12 12:50,Binh Tan,member,Platinum,e-wallet,6,"327,000",delivered,54.1,3.0
G005600,2025-12-12 13:08,Binh Thanh,member,Gold,E-wallet,10,"422,000",delivered,25.5,5.0
G005601,2025-12-12 13:13,District 3,new,,E-wallet,11,"249,000",cancelled,,
G005602,2025-12-12 13:15,Go Vap,returning,,E-wallet,4,"157,000",delivered,34.9,3.0
G005603,2025-12-12 13:23,Phu Nhuan,returning,,Bank transfer,6,"186,000",delivered,23.7,
G005604,2025-12-12 14:46,District 3,new,,Card,8,"295,000",delivered,38.2,
G005605,2025-12-12 17:24,Phu Nhuan,new,,Bank transfer,7,"210,000",delivered,23.9,5.0
G005606,2025-12-12 18:32,Binh Tan,returning,,E-wallet,10,"150,000",delivered,52.5,3.0
G005607,2025-12-12 19:15,Tan Binh,member,Silver,Bank transfer,8,"269,000",delivered,40.5,
G005608,2025-12-12 19:37,Go Vap,member,Silver,Bank transfer,6,"225,000",cancelled,,
G005609,2025-12-12 19:51,Go Vap,member,Silver,Cash,6,"211,000",delivered,43.9,4.0
G005610,2025-12-12 21:02,Thu Duc City,member,Silver,E-wallet,5,"152,000",delivered,59.6,
G005611,2025-12-12 21:25,District 10,returning,,E-wallet,4,"114,000",delivered,28.4,
G005612,2025-12-12 22:41,Tan Binh,member,Gold,E-wallet,6,"191,000",delivered,29.2,4.0
G005613,2025-12-12 22:59,Binh Thanh,new,,E-wallet,8,"206,000",delivered,29.1,5.0
G005614,2025-12-12 23:24,Go Vap,member,Silver,E-wallet,9,"294,000",delivered,38.4,3.0
G005615,2025-12-12 23:26,Thu Duc City,new,,Bank transfer,6,"266,000",delivered,49.6,2.0
G005616,2025-12-13 08:39,District 1,new,,E-wallet,5,"190,000",delivered,23.4,
G005617,2025-12-13 09:12,District 7,member,Silver,Cash,12,"304,000",delivered,40.7,3.0
G005618,2025-12-13 09:51,Go Vap,returning,,E-wallet,12,"448,000",delivered,38.4,2.0
G005619,2025-12-13 11:22,District 1,returning,,E-wallet,9,"354,000",delivered,34.6,4.0
G005620,2025-12-13 11:23,Thu Duc City,member,Silver,E-wallet,12,"338,000",delivered,55.5,3.0
G005621,2025-12-13 12:55,District 7,returning,,E-wallet,4,"121,000",delivered,44.4,
G005622,2025-12-13 13:13,Thu Duc City,returning,,E-wallet,15,"405,000",delivered,47.0,3.0
G005623,2025-12-13 15:04,Tan Binh,new,,Cash,9,"337,000",delivered,32.1,4.0
G005624,2025-12-13 18:03,Go Vap,returning,,E-wallet,8,"290,000",delivered,41.9,2.0
G005625,2025-12-13 18:08,District 7,returning,,E-wallet,9,"231,000",delivered,47.6,
G005626,2025-12-13 19:27,Thu Duc City,member,Silver,E-wallet,4,"112,000",delivered,56.2,3.0
G005627,2025-12-13 19:31,Go Vap ,member,Silver,E-wallet,10,"284,000",delivered,51.1,
G005628,2025-12-13 20:00,Binh Tan,new,,ewallet,9,"253,000",delivered,56.0,3.0
G005629,2025-12-13 20:10,District 10,member,Platinum,Bank transfer,7,"297,000",delivered,29.8,3.0
G005630,2025-12-13 21:10,Binh Tan,member,Gold,Cash,8,"267,000",delivered,51.2,3.0
G005631,2025-12-13 21:50,Thu Duc City,new,,E-wallet,13,"468,000",delivered,49.4,
G005632,2025-12-13 21:52,Binh Tan,returning,,Bank transfer,8,"327,000",delivered,62.5,
G005633,2025-12-13 22:25,Thu Duc City,returning,,E-wallet,15,"596,000",delivered,42.9,2.0
G005634,2025-12-13 22:55,District 1,returning,,Bank transfer,11,"326,000",delivered,32.9,5.0
G005635,2025-12-14 10:28,Binh Tan,member,Gold,Card,14,"465,000",delivered,41.6,4.0
G005636,2025-12-14 10:58,Quận 7,new,,E-wallet,14,"460,000",delivered,36.7,4.0
G005637,2025-12-14 11:32,Phu Nhuan,member,Silver,E-wallet,6,"208,000",delivered,32.6,
G005638,2025-12-14 13:21,District 1,new,,Cash,7,"162,000",delivered,27.4,5.0
G005639,2025-12-14 13:51,District 10,returning,,Cash,6,"183,000",delivered,26.1,4.0
G005640,2025-12-14 14:02,Go Vap,new,,E-wallet,12,"232,000",delivered,33.7,3.0
G005641,2025-12-14 15:05,Tan Binh,member,Silver,E-wallet,14,"403,000",cancelled,,
G005642,2025-12-14 16:39,District 1,new,,E-wallet,9,"430,000",delivered,24.6,
G005643,2025-12-14 19:05,Go Vap,member,Gold,E-wallet,13,"334,000",delivered,48.0,
G005644,2025-12-14 19:58,District 3,new,,Cash,9,"320,000",delivered,29.3,
G005645,2025-12-14 21:41,District 7,new,,Bank transfer,6,"188,000",delivered,33.1,
G005646,2025-12-15 07:56,District 7,new,,E-wallet,7,"269,000",cancelled,,
G005647,2025-12-15 08:16,Thu Duc City,member,Silver,Cash,4,"152,000",delivered,54.1,3.0
G005648,2025-12-15 08:43,Binh Thanh,returning,,E-wallet,14,"351,000",delivered,31.6,
G005650,2025-12-15 13:24,Binh Tan,returning,,Cash,7,"240,000",cancelled,,
G005651,2025-12-15 13:42,Binh Tan,new,,E-wallet,4,"160,000",delivered,51.6,1.0
G005652,2025-12-15 15:32,Thu Duc City,returning,,Cash,5,"165,000",delivered,59.9,3.0
G005653,2025-12-15 17:21,Q7,new,,Momo/ZaloPay,5,"189,000",delivered,35.0,3.0
G005654,2025-12-15 20:41,District 1,returning,,E-wallet,6,"248,000",delivered,33.2,5.0
G005655,2025-12-15 21:02,Go Vap ,new,,E-wallet,11,"340,000",delivered,37.9,
G005656,2025-12-15 21:48,District 1,returning,,Bank transfer,9,"235,000",delivered,22.8,5.0
G005657,2025-12-15 21:58,District 3,member,Silver,E-wallet,9,"252,000",delivered,31.8,4.0
G005658,2025-12-16 09:14,Binh Thanh,returning,,E-wallet,8,"319,000",delivered,29.0,5.0
G005659,2025-12-16 10:42,District 7,new,,E-wallet,8,"201,000",delivered,36.6,4.0
G005660,2025-12-16 11:43,Phu Nhuan,returning,,E-wallet,4,"121,000",delivered,36.7,3.0
G005661,2025-12-16 14:19,District 7,new,,Card,10,"290,000",delivered,35.4,
G005662,2025-12-16 14:41,Binh Thanh,returning,,E-wallet,7,"288,000",delivered,34.8,3.0
G005663,2025-12-16 16:03,Thu Duc City,member,Gold,Cash,7,"317,000",delivered,50.1,2.0
G005664,2025-12-16 16:08,District 10,returning,,ewallet,4,"164,000",delivered,27.4,
G005665,2025-12-16 17:02,Quận 7,returning,,E-wallet,9,"334,000",delivered,34.5,
G005666,2025-12-16 17:08,Tan Binh,returning,,Cash,4,"114,000",cancelled,,
G005667,2025-12-16 17:14,District 1,returning,,E-wallet,5,"169,000",delivered,23.6,5.0
G005668,2025-12-16 17:36,District 10,returning,,E-wallet,5,"171,000",delivered,24.2,4.0
G005669,2025-12-16 18:11,Tan Binh,returning,,Bank transfer,9,"306,000",delivered,34.2,4.0
G005670,2025-12-16 18:15,Phu Nhuan,returning,,Card,8,"212,000",delivered,34.0,4.0
G005671,2025-12-16 18:23,District 3,returning,,Cash,7,"268,000",delivered,32.7,5.0
G005672,2025-12-16 18:37,District 7,new,,Cash,6,"149,000",delivered,42.1,
G005673,2025-12-16 18:53,Tan Binh,new,,E-wallet,9,"291,000",cancelled,,
G005674,2025-12-16 19:40,Binh Thanh,member,Platinum,Cash,6,"272,000",delivered,36.7,3.0
G005675,2025-12-16 20:17,Tan Binh,new,,Cash,5,"140,000",delivered,38.9,3.0
G005676,2025-12-17 06:05,Binh Thanh,new,,E-wallet,4,"152,000",cancelled,,
G005677,2025-12-17 08:47,Tan Binh,member,Silver,E-wallet,8,"234,000",delivered,29.1,4.0
G005678,2025-12-17 09:31,Binh Tan,returning,,Card,5,"105,000",delivered,41.7,2.0
G005679,2025-12-17 10:37,Binh Tan,new,,E-wallet,5,"191,000",cancelled,,
G005680,2025-12-17 12:04,Phu Nhuan,returning,,E-wallet,10,"335,000",delivered,31.3,5.0
G005681,2025-12-17 12:59,District 7,new,,E-wallet,7,"289,000",delivered,43.9,3.0
G005682,2025-12-17 13:17,Tan Binh,returning,,E-wallet,7,"260,000",delivered,30.3,4.0
G005683,2025-12-17 14:43,Phu Nhuan,returning,,Cash,8,"233,000",delivered,25.9,5.0
G005684,2025-12-17 16:09,Binh Tan,new,,E-wallet,7,"235,000",delivered,51.0,2.0
G005685,2025-12-17 17:15,District 1,member,Gold,E-wallet,6,"169,000",delivered,18.9,
G005686,2025-12-17 17:17,Go Vap,returning,,E-wallet,3,"67,000",delivered,42.9,2.0
G005687,2025-12-17 17:25,District 3,returning,,Cash,8,"233,000",delivered,26.9,5.0
G005688,2025-12-17 18:48,District 3,returning,,Card,4,"168,000",cancelled,,
G005689,2025-12-17 19:50,Thu Duc City,member,Gold,Card,5,"135,000",delivered,55.9,2.0
G005690,2025-12-17 21:39,District 7,member,Silver,E-wallet,8,"317,000",delivered,35.5,
G005691,2025-12-17 21:56,Binh Tan,member,Gold,Cash,8,"368,000",delivered,41.5,
G005692,2025-12-18 07:56,Binh Thanh,returning,,E-wallet,5,"169,000",delivered,29.2,5.0
G005693,2025-12-18 09:17,District 7,new,,e-wallet,9,"233,000",delivered,53.5,
G005694,2025-12-18 09:27,district 1,member,Gold,Cash,10,"233,000",delivered,20.3,5.0
G005695,2025-12-18 09:50,Binh Tan,returning,,Bank transfer,6,"185,000",delivered,41.9,3.0
G005696,2025-12-18 10:56,Binh Thanh,returning,,E-wallet,6,"214,000",delivered,32.9,4.0
G005698,2025-12-18 12:36,District 3,returning,,Cash,5,"183,000",delivered,36.0,3.0
G005699,2025-12-18 12:36,Binh Thanh,returning,,E-wallet,5,"108,000",delivered,33.6,5.0
G005700,2025-12-18 12:59,Binh Tan,returning,,E-wallet,9,"348,000",delivered,49.4,
G005701,2025-12-18 17:43,Phu Nhuan,member,Silver,Cash,8,"236,000",delivered,29.4,
G005702,2025-12-18 18:47,Phu Nhuan,returning,,E-wallet,4,"162,000",delivered,31.8,4.0
G005703,2025-12-18 19:27,Q7,returning,,Cash,6,"219,000",delivered,48.8,
G005704,2025-12-18 20:06,District 3,returning,,E-wallet,6,"150,000",delivered,33.5,5.0
G005705,2025-12-18 20:44,District 3,member,Gold,E-wallet,13,"385,000",delivered,31.7,4.0
G005706,2025-12-18 22:11,Binh Thanh,returning,,E-wallet,4,"141,000",delivered,33.5,5.0
G005707,2025-12-19 08:47,District 10,member,Silver,E-wallet,5,"154,000",delivered,22.1,
G005708,2025-12-19 09:08,Phu Nhuan,new,,E-wallet,5,"163,000",delivered,24.4,5.0
G005709,2025-12-19 10:42,Tan Binh,member,Platinum,Card,3,"193,000",delivered,35.7,
G005710,2025-12-19 11:34,Thu Duc City,returning,,E-wallet,9,"257,000",delivered,53.2,2.0
G005711,2025-12-19 12:45,Go Vap ,returning,,E-wallet,8,"275,000",delivered,48.0,2.0
G005712,2025-12-19 13:08,Binh Thanh,new,,E-wallet,4,"141,000",delivered,26.9,
G005713,2025-12-19 13:44,Binh Tan,new,,E-wallet,4,"160,000",delivered,44.7,3.0
G005714,2025-12-19 13:52,District 10,new,,E-wallet,7,"206,000",delivered,41.3,
G005715,2025-12-19 14:17,Go Vap,member,Silver,E-wallet,7,"208,000",delivered,39.7,
G005716,2025-12-19 14:20,Go Vap,member,Silver,Bank transfer,11,"444,000",delivered,33.1,5.0
G005717,2025-12-19 14:23,District 7,returning,,E-wallet,4,"152,000",delivered,40.2,3.0
G005718,2025-12-19 14:35,District 3,member,Gold,Card,7,"188,000",delivered,20.5,5.0
G005719,2025-12-19 16:29,Thu Duc City,returning,,Bank transfer,8,"284,000",delivered,43.1,
G005720,2025-12-19 17:57,Tan Binh,returning,,Bank transfer,4,"84,000",delivered,47.7,3.0
G005721,2025-12-19 19:05,Phu Nhuan,new,,E-wallet,9,"197,000",delivered,34.1,
G005722,2025-12-19 19:38,Thu Duc City,member,Gold,E-wallet,4,"90,000",cancelled,,
G005723,2025-12-19 20:22,District 10,new,,Bank transfer,7,"285,000",delivered,39.8,3.0
G005724,2025-12-19 20:30,Thu Duc City,member,Silver,Card,5,"151,000",delivered,52.5,3.0
G005725,2025-12-19 20:45,District 3,member,Gold,E-wallet,7,"328,000",delivered,36.8,
G005726,2025-12-19 21:56,Phu Nhuan,new,,E-wallet,11,"615,000",delivered,23.2,4.0
G005727,2025-12-19 22:12,Binh Tan,returning,,E-wallet,6,"168,000",cancelled,,
G005728,2025-12-20 11:03,Binh Thanh,member,Silver,E-wallet,12,"437,000",delivered,32.6,5.0
G005729,2025-12-20 12:56,Thu Duc City,new,,Cash,15,"691,000",delivered,50.9,2.0
G005730,2025-12-20 16:14,Tan Binh,returning,,Card,9,"280,000",delivered,35.5,3.0
G005731,2025-12-20 17:35,District 7,member,Gold,Card,8,"369,000",delivered,33.3,
G005732,2025-12-20 17:40,Tan Binh,member,Gold,E-wallet,8,"291,000",delivered,33.9,
G005733,2025-12-20 19:18,Binh Thanh,returning,,Cash,8,"279,000",delivered,44.4,3.0
G005734,2025-12-20 19:44,Thu Duc City,returning,,E-wallet,8,"369,000",delivered,50.9,
G005734,2025-12-20 19:44,Thu Duc City,returning,,E-wallet,8,"369,000",delivered,50.9,
G005735,2025-12-20 19:49,Q1,member,Silver,E-wallet,15,"260,000",delivered,28.6,4.0
G005736,2025-12-20 20:20,District 1,member,Gold,E-wallet,12,"315,000",cancelled,,
G005737,2025-12-20 21:25,Binh Thanh,new,,E-wallet,10,"319,000",delivered,26.5,5.0
G005738,2025-12-20 21:52,Go Vap,member,Silver,Cash,12,"368,000",delivered,38.9,
G005739,2025-12-20 22:00,Phu Nhuan,returning,,Cash,9,"275,000",delivered,26.0,4.0
G005740,2025-12-21 10:01,Binh Tan,returning,,E-wallet,11,"329,000",cancelled,,
G005741,2025-12-21 10:42,District 1,member,Silver,E-wallet,11,"291,000",delivered,24.6,5.0
G005742,2025-12-21 11:11,District 7,returning,,Cash,10,"387,000",delivered,51.3,2.0
G005743,2025-12-21 11:41,Binh Thanh,returning,,E-wallet,8,"203,000",delivered,36.8,4.0
G005744,2025-12-21 11:49,District 1,member,Silver,Card,9,"229,000",delivered,35.2,4.0
G005745,2025-12-21 18:29,Phu Nhuan,new,,Card,12,"397,000",delivered,40.4,3.0
G005746,2025-12-21 18:40,BINH THANH,new,,E-wallet,10,"400,000",delivered,37.1,
G005747,2025-12-21 18:53,Go Vap,returning,,Cash,8,"145,000",delivered,49.0,2.0
G005748,2025-12-22 09:12,Thu Duc City,returning,,Card,8,"286,000",delivered,45.2,3.0
G005749,2025-12-22 09:52,Go Vap,returning,,E-wallet,5,"169,000",delivered,33.9,5.0
G005750,2025-12-22 10:53,District 1,returning,,Bank transfer,7,"293,000",delivered,24.3,5.0
G005751,2025-12-22 10:58,District 3,returning,,Cash,5,"186,000",delivered,21.5,5.0
G005752,2025-12-22 12:57,District 7,new,,E-wallet,9,"345,000",cancelled,,
G005753,2025-12-22 13:54,Thu Duc City,returning,,E-wallet,6,"193,000",delivered,47.7,3.0
G005754,2025-12-22 16:45,Go Vap,returning,,E-wallet,12,"493,000",delivered,33.5,
G005755,2025-12-22 19:43,District 3,new,,Card,4,"115,000",cancelled,,
G005756,2025-12-22 20:07,District 1,member,Silver,E-wallet,9,"350,000",delivered,28.1,5.0
G005757,2025-12-22 21:04,Binh Tan,new,,E-wallet,6,"235,000",delivered,45.6,2.0
G005758,2025-12-23 06:51,Phu Nhuan,member,Gold,e-wallet,4,"124,000",delivered,27.2,5.0
G005759,2025-12-23 09:18,District 10,returning,,E-wallet,4,"97,000",cancelled,,
G005760,2025-12-23 10:52,District 1,returning,,E-wallet,7,"244,000",delivered,23.6,
G005761,2025-12-23 11:08,District 10,new,,Card,6,"179,000",delivered,33.8,
G005762,2025-12-23 12:00,Thu Duc City,new,,E-wallet,8,"252,000",delivered,52.4,2.0
G005763,2025-12-23 12:45,Thu Duc City,returning,,ewallet,6,"210,000",delivered,63.6,2.0
G005764,2025-12-23 17:05,Phu Nhuan,member,Silver,E-wallet,11,"457,000",delivered,40.8,3.0
G005765,2025-12-23 18:17,Binh Tan,new,,E-wallet,10,"300,000",delivered,52.5,2.0
G005766,2025-12-23 18:35,Tan Binh,member,Silver,Bank transfer,8,"241,000",delivered,38.9,
G005767,2025-12-23 18:36,District 7,returning,,E-wallet,5,"174,000",delivered,40.7,
G005768,2025-12-23 19:30,District 7,returning,,E-wallet,5,"156,000",delivered,42.7,2.0
G005769,2025-12-23 19:42,District 10,member,Silver,Cash,8,"264,000",delivered,38.6,3.0
G005770,2025-12-23 20:31,District 10,returning,,Card,3,"81,000",delivered,33.0,4.0
G005771,2025-12-23 20:41,district 1,new,,Cash,5,"217,000",delivered,31.7,
G005772,2025-12-23 20:46,Thu Duc City,returning,,Bank transfer,7,"231,000",delivered,51.2,3.0
G005773,2025-12-23 20:58,Binh Thanh,returning,,E-wallet,5,"119,000",delivered,33.7,
G005774,2025-12-23 21:50,Thu Duc City,new,,Cash,2,"62,000",cancelled,,
G005775,2025-12-23 23:41,Binh Thanh,member,Platinum,Cash,6,"299,000",delivered,30.9,4.0
G005776,2025-12-24 10:50,District 7,member,Silver,Bank transfer,10,"297,000",delivered,34.1,5.0
G005777,2025-12-24 11:00,Tan Binh,member,Silver,E-wallet,10,"290,000",delivered,36.3,
G005778,2025-12-24 11:07,District 1,returning,,E-wallet,6,"158,000",delivered,28.2,5.0
G005779,2025-12-24 12:26,Go Vap,new,,Card,6,"223,000",delivered,45.6,
G005780,2025-12-24 13:33,Binh Thanh,returning,,Card,9,"234,000",delivered,34.7,
G005781,2025-12-24 13:35,Phu Nhuan,member,Silver,E-wallet,10,"270,000",delivered,23.8,5.0
G005782,2025-12-24 13:52,Binh Thanh,new,,E-wallet,5,"199,000",delivered,30.4,5.0
G005783,2025-12-24 15:18,Binh Thanh,returning,,Bank transfer,7,"177,000",delivered,27.9,4.0
G005784,2025-12-24 16:45,District 7,returning,,E-wallet,4,"114,000",delivered,33.6,5.0
G005785,2025-12-24 17:36,District 1,returning,,Card,4,"112,000",delivered,35.3,4.0
G005786,2025-12-24 18:05,District 3,new,,E-wallet,11,"317,000",delivered,33.8,5.0
G005787,2025-12-24 18:18,Binh Tan,returning,,E-wallet,5,"126,000",delivered,49.4,3.0
G005788,2025-12-24 18:54,Binh Tan,returning,,Cash,6,"187,000",delivered,69.1,
G005789,2025-12-24 18:57,Thu Duc City,member,Gold,E-wallet,2,"54,000",delivered,51.1,4.0
G005790,2025-12-24 19:14,Go Vap,member,Platinum,E-wallet,13,"574,000",delivered,41.0,
G005791,2025-12-24 19:48,District 1,new,,E-wallet,6,"208,000",delivered,28.4,
G005792,2025-12-24 19:51,District 3,member,Silver,Bank transfer,5,"150,000",delivered,29.3,5.0
G005793,2025-12-24 20:11,Phu Nhuan,new,,Bank transfer,5,"167,000",delivered,38.9,
G005794,2025-12-24 20:31,Phu Nhuan,new,,E-wallet,4,"141,000",delivered,37.4,2.0
G005795,2025-12-24 20:43,Go Vap,new,,Cash,8,"355,000",delivered,47.1,2.0
G005796,2025-12-25 09:13,District 1,returning,,Card,8,"246,000",delivered,24.2,
G005797,2025-12-25 09:47,District 10,member,Silver,E-wallet,10,"288,000",delivered,24.1,5.0
G005798,2025-12-25 11:25,BINH THANH,returning,,E-wallet,9,"331,000",delivered,40.7,
G005799,2025-12-25 13:25,District 1,member,Silver,E-wallet,8,"236,000",delivered,19.0,5.0
G005800,2025-12-25 14:19,Tan Binh,returning,,E-wallet,10,"315,000",delivered,30.9,4.0
G005801,2025-12-25 16:59,Binh Thanh,member,Platinum,E-wallet,4,"191,000",delivered,30.2,
G005802,2025-12-25 17:46,Binh Thanh,member,Gold,Bank transfer,5,"135,000",delivered,39.3,4.0
G005803,2025-12-25 18:16,District 3,new,,E-wallet,8,"342,000",delivered,30.0,
G005804,2025-12-25 18:47,District 7,new,,E-wallet,6,"250,000",delivered,52.4,1.0
G005805,2025-12-25 20:43,Binh Thanh,new,,Bank transfer,8,"248,000",delivered,36.8,4.0
G005806,2025-12-25 20:45,Go Vap,returning,,E-wallet,7,"295,000",delivered,46.7,
G005807,2025-12-25 22:13,Thu Duc City,new,,E-wallet,3,"124,000",delivered,44.4,
G005808,2025-12-25 23:43,District 10,member,Platinum,E-wallet,7,"302,000",delivered,22.8,4.0
G005809,2025-12-26 10:55,District 1,member,Gold,Bank transfer,10,"330,000",delivered,19.1,
G005810,2025-12-26 11:03,District 1,member,Silver,E-wallet,5,"183,000",delivered,33.3,
G005811,2025-12-26 12:13,Thu Duc City,returning,,Card,8,"236,000",delivered,50.1,1.0
G005812,2025-12-26 13:00,Binh Thanh,new,,Bank transfer,5,"136,000",delivered,31.7,5.0
G005813,2025-12-26 15:05,Thu Duc City,returning,,Cash,8,"132,000",delivered,43.7,3.0
G005814,2025-12-26 15:12,Go Vap,returning,,E-wallet,6,"191,000",delivered,38.5,4.0
G005815,2025-12-26 15:47,Tan Binh,returning,,Cash,3,"79,000",delivered,33.4,5.0
G005816,2025-12-26 16:11,District 7,returning,,E-wallet,10,"396,000",delivered,37.3,3.0
G005817,2025-12-26 17:41,District 3,returning,,E-wallet,7,"236,000",delivered,21.9,
G005818,2025-12-26 18:44,Go Vap,member,Platinum,Card,10,"419,000",delivered,44.1,3.0
G005819,2025-12-26 19:02,District 1,returning,,E-wallet,6,"279,000",delivered,31.0,
G005820,2025-12-26 19:02,Go Vap,returning,,E-wallet,5,"147,000",delivered,41.9,3.0
G005821,2025-12-26 19:34,Binh Tan,member,Silver,Card,5,"167,000",delivered,48.6,
G005822,2025-12-26 20:11,District 7,new,,Cash,9,"270,000",delivered,42.6,1.0
G005823,2025-12-26 20:29,District 3,member,Platinum,E-wallet,8,"273,000",delivered,31.9,3.0
G005824,2025-12-26 20:29,Go Vap,returning,,e-wallet,7,"150,000",delivered,42.9,2.0
G005825,2025-12-26 20:33,Binh Tan,new,,Bank transfer,7,"125,000",delivered,54.5,2.0
G005826,2025-12-26 20:41,District 1,returning,,E-wallet,7,"309,000",delivered,29.9,5.0
G005827,2025-12-26 21:55,District 7,member,Gold,E-wallet,7,"165,000",delivered,40.4,
G005828,2025-12-26 23:08,Tan Binh,new,,E-wallet,9,"198,000",delivered,38.8,4.0
G005829,2025-12-27 07:21,Phu Nhuan,returning,,E-wallet,9,"283,000",delivered,33.4,3.0
G005830,2025-12-27 08:26,Go Vap,member,Silver,E-wallet,7,"303,000",delivered,37.9,4.0
G005831,2025-12-27 10:09,District 10,new,,Bank transfer,8,"224,000",delivered,30.1,
G005832,2025-12-27 10:38,District 1,member,Gold,E-wallet,8,"308,000",delivered,27.3,
G005833,2025-12-27 10:48,District 10,member,Silver,E-wallet,7,"201,000",delivered,23.1,5.0
G005834,2025-12-27 11:41,Binh Thanh,returning,,E-wallet,9,"258,000",delivered,42.3,
G005835,2025-12-27 13:31,District 1,returning,,E-wallet,10,"275,000",delivered,18.7,5.0
G005836,2025-12-27 13:38,Binh Tan,new,,E-wallet,10,"258,000",delivered,42.8,3.0
G005837,2025-12-27 15:52,District 7,member,Silver,Card,7,"236,000",delivered,40.0,
G005838,2025-12-27 17:19,District 10,member,Silver,E-wallet,8,"347,000",delivered,22.5,
G005839,2025-12-27 18:02,District 10,member,Gold,Cash,10,"337,000",delivered,36.8,3.0
G005840,2025-12-27 18:03,Go Vap,returning,,Cash,11,"394,000",delivered,48.0,2.0
G005841,2025-12-27 18:52,Binh Thanh,member,Gold,Card,10,"435,000",delivered,35.2,
G005842,2025-12-27 19:20,District 7,new,,Cash,10,"346,000",delivered,46.6,2.0
G005843,2025-12-28 06:09,Thu Duc City,member,Silver,Cash,4,"108,000",delivered,46.0,2.0
G005844,2025-12-28 10:55,Go Vap,returning,,E-wallet,9,"332,000",delivered,41.8,3.0
G005845,2025-12-28 11:05,Go Vap,returning,,E-wallet,7,"164,000",delivered,45.7,3.0
G005846,2025-12-28 11:13,Binh Thanh,returning,,E-wallet,5,"135,000",delivered,38.7,4.0
G005847,2025-12-28 11:42,Binh Thanh,returning,,Bank transfer,6,"185,000",delivered,34.7,
G005848,2025-12-28 12:36,Thu Duc City,returning,,E-wallet,9,"282,000",delivered,59.4,
G005849,2025-12-28 12:51,Binh Thanh,new,,E-wallet,7,"272,000",delivered,47.4,
G005850,2025-12-28 13:18,Go Vap,member,Silver,E-wallet,10,"389,000",delivered,33.8,4.0
G005851,2025-12-28 13:42,Binh Thanh,returning,,E-wallet,9,"127,000",delivered,26.1,
G005852,2025-12-28 15:02,Thu Duc City,returning,,Card,7,"232,000",delivered,54.5,
G005853,2025-12-28 18:02,Binh Tan,returning,,E-wallet,10,"378,000",delivered,48.3,2.0
G005854,2025-12-28 18:15,Binh Tan,new,,E-wallet,13,"347,000",delivered,54.2,
G005855,2025-12-28 18:45,District 10,new,,Momo/ZaloPay,12,"493,000",delivered,36.4,2.0
G005856,2025-12-28 19:28,District 10,member,Silver,Bank transfer,13,"542,000",cancelled,,
G005857,2025-12-28 19:53,District 10,returning,,E-wallet,17,"517,000",delivered,36.7,3.0
G005858,2025-12-28 19:54,Thu Duc City,returning,,E-wallet,15,"581,000",delivered,59.0,3.0
G005859,2025-12-28 19:57,District 3,new,,E-wallet,13,"387,000",delivered,28.1,4.0
G005860,2025-12-28 20:14,Binh Thanh,new,,Bank transfer,7,"128,000",delivered,36.5,
G005861,2025-12-28 20:28,Thu Duc City,member,Gold,Cash,11,"531,000",delivered,57.3,
G005862,2025-12-28 20:56,Binh Thanh,member,Gold,Cash,12,"181,000",delivered,34.5,3.0
G005863,2025-12-28 21:08,District 7,new,,Cash,13,"269,000",delivered,40.3,
G005864,2025-12-29 09:58,Phu Nhuan,returning,,E-wallet,4,"100,000",delivered,25.5,5.0
G005865,2025-12-29 12:25,Phu Nhuan,returning,,E-wallet,7,"239,000",delivered,34.6,5.0
G005866,2025-12-29 12:37,Go Vap,member,Platinum,E-wallet,8,"273,000",delivered,44.8,
G005867,2025-12-29 13:26,Tan Binh,returning,,E-wallet,9,"367,000",delivered,37.7,3.0
G005868,2025-12-29 13:55,Binh Tan,returning,,E-wallet,5,"142,000",delivered,48.1,
G005869,2025-12-29 14:59,Binh Thanh,member,Silver,E-wallet,11,"432,000",delivered,29.8,5.0
G005870,2025-12-29 15:28,District 7,returning,,E-wallet,9,"293,000",delivered,43.4,4.0
G005871,2025-12-29 18:04,Binh Tan,new,,E-wallet,5,"125,000",delivered,52.5,
G005872,2025-12-29 19:08,District 7,returning,,Cash,6,"249,000",delivered,45.0,
G005873,2025-12-29 19:45,Go Vap,member,Silver,Card,8,"209,000",delivered,48.4,
G005874,2025-12-29 20:29,Go Vap,returning,,Bank transfer,8,"385,000",delivered,51.9,2.0
G005875,2025-12-29 21:02,District 1,returning,,Card,5,"128,000",delivered,26.4,5.0
G005876,2025-12-29 21:16,Thu Duc City,new,,E-wallet,7,"178,000",delivered,48.8,1.0
G005877,2025-12-29 21:26,Binh Tan,new,,E-wallet,4,"124,000",delivered,41.3,
G005878,2025-12-29 21:39,TP Thu Duc,returning,,E-wallet,12,"420,000",delivered,42.5,2.0
G005879,2025-12-29 21:42,District 7,member,Gold,E-wallet,5,"204,000",delivered,38.0,3.0
G005880,2025-12-29 22:40,District 10,returning,,Card,3,"84,000",delivered,30.3,
G005881,2025-12-29 22:42,District 7,returning,,Momo/ZaloPay,7,"202,000",delivered,34.7,5.0
G005882,2025-12-30 11:02,Binh Thanh,returning,,E-wallet,5,"141,000",delivered,40.8,3.0
G005883,2025-12-30 14:55,Tan Binh,member,Gold,Cash,9,"290,000",delivered,30.0,
G005884,2025-12-30 18:18,District 1,returning,,E-wallet,6,"154,000",delivered,35.8,4.0
G005885,2025-12-30 19:39,District 10,returning,,Cash,6,"186,000",delivered,31.1,5.0
G005886,2025-12-30 19:41,Binh Tan,new,,E-wallet,8,"149,000",delivered,52.7,2.0
G005887,2025-12-30 20:26,Thu Duc City,returning,,E-wallet,5,"154,000",delivered,51.4,1.0
G005888,2025-12-30 21:04,District 10,new,,Bank transfer,8,"258,000",delivered,24.2,5.0
G005889,2025-12-30 21:41,District 10,new,,Bank transfer,8,"228,000",delivered,30.5,4.0
G005890,2025-12-30 22:14,Thu Duc City,member,Silver,Card,6,"232,000",delivered,43.6,3.0
G005891,2025-12-30 23:46,Thu Duc City,returning,,E-wallet,8,"236,000",delivered,55.7,
G005892,2025-12-30 23:56,Thu Duc City,returning,,E-wallet,3,"95,000",delivered,45.8,3.0
G005893,2025-12-31 08:54,Binh Tan,member,Silver,E-wallet,7,"176,000",delivered,44.6,1.0
G005894,2025-12-31 09:38,Go Vap,returning,,E-wallet,8,"168,000",delivered,41.1,4.0
G005895,2025-12-31 09:44,District 7,member,Silver,Bank transfer,7,"182,000",delivered,34.5,
G005896,2025-12-31 10:27,Tan Binh,member,Gold,Card,7,"211,000",delivered,34.3,5.0
G005897,2025-12-31 10:34,District 3,returning,,Card,12,"576,000",delivered,29.1,5.0
G005898,2025-12-31 10:48,District 10,member,Silver,Bank transfer,11,"364,000",delivered,25.3,
G005899,2025-12-31 11:35,District 1,member,Silver,E-wallet,6,"188,000",delivered,28.8,5.0
G005900,2025-12-31 11:56,District 3,member,Silver,Card,7,"226,000",delivered,31.4,4.0
G005901,2025-12-31 13:20,Phu Nhuan,returning,,Bank transfer,2,"72,000",delivered,34.2,
G005902,2025-12-31 14:31,District 7,member,Silver,Cash,6,"216,000",delivered,34.1,4.0
G005903,2025-12-31 14:51,District 7,new,,E-wallet,5,"157,000",delivered,37.0,5.0
G005904,2025-12-31 15:42,Binh Tan,new,,Cash,8,"303,000",delivered,43.1,
G005905,2025-12-31 17:45,Phu Nhuan,member,Silver,E-wallet,4,"115,000",delivered,48.0,3.0
G005906,2025-12-31 17:49,Binh Thanh,member,Silver,Cash,9,"177,000",delivered,26.6,
G005907,2025-12-31 18:13,District 7,returning,,E-wallet,6,"199,000",delivered,50.0,
G005908,2025-12-31 18:38,Phu Nhuan,member,Platinum,Card,7,"333,000",delivered,31.8,4.0
G005909,2025-12-31 18:40,District 7,member,Silver,E-wallet,10,"298,000",delivered,45.1,2.0
G005910,2025-12-31 19:04,District 7,new,,E-wallet,9,"233,000",delivered,47.8,
G005911,2025-12-31 19:50,Binh Thanh,member,Gold,E-wallet,7,"248,000",delivered,33.4,
G005912,2025-12-31 20:13,District 1,new,,E-wallet,7,"259,000",delivered,27.1,5.0
G005913,2025-12-31 20:38,Binh Tan,returning,,E-wallet,7,"200,000",delivered,54.2,3.0
G004258,21/09/2025 10:15,Binh Thanh,new,,E-wallet,9,"301,000",delivered,30.0,
G002785,22/06/2025 09:41,District 10,returning,,Card,11,"236,000",delivered,34.5,
G004298,22/09/2025 21:13,Go Vap,member,Silver,Card,7,"261,000",delivered,35.5,
G002820,24/06/2025 10:14,District 1,returning,,E-wallet,8,"277,000",delivered,20.4,5.0
G002869,27/06/2025 14:10,Go Vap,new,,Cash,7,"205,000",delivered,44.2,2.0
G000851,28/02/2025 10:29,Thu Duc City,member,Silver,E-wallet,9,"165,000",delivered,56.4,2.0
G001330,28/03/2025 19:56,District 1,new,,Cash,10,"284,000",delivered,26.6,5.0
G002365,28/05/2025 19:04,Thu Duc City,returning,,E-wallet,9,"272,000",delivered,51.5,3.0
G002892,28/06/2025 19:26,District 1,new,,Cash,7,"144,000",delivered,30.7,
G004852,28/10/2025 15:54,District 10,member,Silver,Cash,4,"117,000",delivered,23.3,4.0
G004853,28/10/2025 16:22,District 10,member,Gold,Cash,4,"96,000",delivered,24.6,5.0
G001862,29/04/2025 10:55,Tan Binh,new,,Card,10,"236,000",delivered,29.2,3.0
G003352,29/07/2025 17:20,Binh Tan,new,,Cash,4,"138,000",delivered,66.4,
G004876,29/10/2025 17:46,Binh Thanh,member,Gold,E-wallet,5,"145,000",delivered,29.7,4.0
