date,branch,district,category,units,revenue_mvnd,promo
2024-01-01,Ben Thanh,District 1,Coffee,375,12.431,True
2024-01-01,Ben Thanh,District 1,Tea,223,8.53,True
2024-01-01,Ben Thanh,District 1,Smoothie,100,4.675,True
2024-01-01,Ben Thanh,District 1,Bakery,121,3.291,True
2024-01-02,Ben Thanh,District 1,Coffee,352,11.669,True
2024-01-02,Ben Thanh,District 1,Tea,211,8.071,True
2024-01-02,Ben Thanh,District 1,Smoothie,91,4.254,True
2024-01-02,Ben Thanh,District 1,Bakery,139,3.781,True
2024-01-03,Ben Thanh,District 1,Coffee,380,12.597,True
2024-01-03,Ben Thanh,District 1,Tea,217,8.3,True
2024-01-03,Ben Thanh,District 1,Smoothie,101,4.722,True
2024-01-03,Ben Thanh,District 1,Bakery,136,3.699,True
2024-01-04,Ben Thanh,District 1,Coffee,284,11.076,False
2024-01-04,Ben Thanh,District 1,Tea,167,7.515,False
2024-01-04,Ben Thanh,District 1,Smoothie,78,4.29,False
2024-01-04,Ben Thanh,District 1,Bakery,102,3.264,False
2024-01-05,Ben Thanh,District 1,Coffee,290,11.31,False
2024-01-05,Ben Thanh,District 1,Tea,172,7.74,False
2024-01-05,Ben Thanh,District 1,Smoothie,84,4.62,False
2024-01-05,Ben Thanh,District 1,Bakery,128,4.096,False
2024-01-06,Ben Thanh,District 1,Coffee,375,14.625,False
2024-01-06,Ben Thanh,District 1,Tea,226,10.17,False
2024-01-06,Ben Thanh,District 1,Smoothie,88,4.84,False
2024-01-06,Ben Thanh,District 1,Bakery,156,4.992,False
2024-01-07,Ben Thanh,District 1,Coffee,393,15.327,False
2024-01-07,Ben Thanh,District 1,Tea,216,9.72,False
2024-01-07,Ben Thanh,District 1,Smoothie,86,4.73,False
2024-01-07,Ben Thanh,District 1,Bakery,151,4.832,False
2024-01-08,Ben Thanh,District 1,Coffee,308,12.012,False
2024-01-08,Ben Thanh,District 1,Tea,179,8.055,False
2024-01-08,Ben Thanh,District 1,Smoothie,80,4.4,False
2024-01-08,Ben Thanh,District 1,Bakery,106,3.392,False
2024-01-09,Ben Thanh,District 1,Coffee,326,12.714,False
2024-01-09,Ben Thanh,District 1,Tea,147,6.615,False
2024-01-09,Ben Thanh,District 1,Smoothie,73,4.015,False
2024-01-09,Ben Thanh,District 1,Bakery,118,3.776,False
2024-01-10,Ben Thanh,District 1,Coffee,313,12.207,False
2024-01-10,Ben Thanh,District 1,Tea,188,8.46,False
2024-01-10,Ben Thanh,District 1,Smoothie,84,4.62,False
2024-01-10,Ben Thanh,District 1,Bakery,104,3.328,False
2024-01-11,Ben Thanh,District 1,Coffee,285,11.115,False
2024-01-11,Ben Thanh,District 1,Tea,172,7.74,False
2024-01-11,Ben Thanh,District 1,Smoothie,73,4.015,False
2024-01-11,Ben Thanh,District 1,Bakery,112,3.584,False
2024-01-12,Ben Thanh,District 1,Coffee,333,12.987,False
2024-01-12,Ben Thanh,District 1,Tea,186,8.37,False
2024-01-12,Ben Thanh,District 1,Smoothie,77,4.235,False
2024-01-12,Ben Thanh,District 1,Bakery,115,3.68,False
2024-01-13,Ben Thanh,District 1,Coffee,370,14.43,False
2024-01-13,Ben Thanh,District 1,Tea,202,9.09,False
2024-01-13,Ben Thanh,District 1,Smoothie,106,5.83,False
2024-01-13,Ben Thanh,District 1,Bakery,143,4.576,False
2024-01-14,Ben Thanh,District 1,Coffee,386,15.054,False
2024-01-14,Ben Thanh,District 1,Tea,193,8.685,False
2024-01-14,Ben Thanh,District 1,Smoothie,93,5.115,False
2024-01-14,Ben Thanh,District 1,Bakery,127,4.064,False
2024-01-15,Ben Thanh,District 1,Coffee,309,12.051,False
2024-01-15,Ben Thanh,District 1,Tea,178,8.01,False
2024-01-15,Ben Thanh,District 1,Smoothie,101,5.555,False
2024-01-15,Ben Thanh,District 1,Bakery,126,4.032,False
2024-01-16,Ben Thanh,District 1,Coffee,305,11.895,False
2024-01-16,Ben Thanh,District 1,Tea,201,9.045,False
2024-01-16,Ben Thanh,District 1,Smoothie,78,4.29,False
2024-01-16,Ben Thanh,District 1,Bakery,111,3.552,False
2024-01-17,Ben Thanh,District 1,Coffee,302,11.778,False
2024-01-17,Ben Thanh,District 1,Tea,158,7.11,False
2024-01-17,Ben Thanh,District 1,Smoothie,66,3.63,False
2024-01-17,Ben Thanh,District 1,Bakery,109,3.488,False
2024-01-18,Ben Thanh,District 1,Coffee,318,12.402,False
2024-01-18,Ben Thanh,District 1,Tea,163,7.335,False
2024-01-18,Ben Thanh,District 1,Smoothie,80,4.4,False
2024-01-18,Ben Thanh,District 1,Bakery,128,4.096,False
2024-01-19,Ben Thanh,District 1,Coffee,296,11.544,False
2024-01-19,Ben Thanh,District 1,Tea,166,7.47,False
2024-01-19,Ben Thanh,District 1,Smoothie,69,3.795,False
2024-01-19,Ben Thanh,District 1,Bakery,132,4.224,False
2024-01-20,Ben Thanh,District 1,Coffee,410,15.99,False
2024-01-20,Ben Thanh,District 1,Tea,219,9.855,False
2024-01-20,Ben Thanh,District 1,Smoothie,107,5.885,False
2024-01-20,Ben Thanh,District 1,Bakery,141,4.512,False
2024-01-21,Ben Thanh,District 1,Coffee,397,15.483,False
2024-01-21,Ben Thanh,District 1,Tea,247,11.115,False
2024-01-21,Ben Thanh,District 1,Smoothie,85,4.675,False
2024-01-21,Ben Thanh,District 1,Bakery,131,4.192,False
2024-01-22,Ben Thanh,District 1,Coffee,311,12.129,False
2024-01-22,Ben Thanh,District 1,Tea,162,7.29,False
2024-01-22,Ben Thanh,District 1,Smoothie,79,4.345,False
2024-01-22,Ben Thanh,District 1,Bakery,102,3.264,False
2024-01-23,Ben Thanh,District 1,Coffee,282,10.998,False
2024-01-23,Ben Thanh,District 1,Tea,182,8.19,False
2024-01-23,Ben Thanh,District 1,Smoothie,70,3.85,False
2024-01-23,Ben Thanh,District 1,Bakery,124,3.968,False
2024-01-24,Ben Thanh,District 1,Coffee,283,11.037,False
2024-01-24,Ben Thanh,District 1,Tea,199,8.955,False
2024-01-24,Ben Thanh,District 1,Smoothie,73,4.015,False
2024-01-24,Ben Thanh,District 1,Bakery,110,3.52,False
2024-01-25,Ben Thanh,District 1,Coffee,313,12.207,False
2024-01-25,Ben Thanh,District 1,Tea,158,7.11,False
2024-01-25,Ben Thanh,District 1,Smoothie,96,5.28,False
2024-01-25,Ben Thanh,District 1,Bakery,116,3.712,False
2024-01-26,Ben Thanh,District 1,Coffee,325,12.675,False
2024-01-26,Ben Thanh,District 1,Tea,164,7.38,False
2024-01-26,Ben Thanh,District 1,Smoothie,81,4.455,False
2024-01-26,Ben Thanh,District 1,Bakery,120,3.84,False
2024-01-27,Ben Thanh,District 1,Coffee,376,14.664,False
2024-01-27,Ben Thanh,District 1,Tea,225,10.125,False
2024-01-27,Ben Thanh,District 1,Smoothie,97,5.335,False
2024-01-27,Ben Thanh,District 1,Bakery,136,4.352,False
2024-01-28,Ben Thanh,District 1,Coffee,403,15.717,False
2024-01-28,Ben Thanh,District 1,Tea,190,8.55,False
2024-01-28,Ben Thanh,District 1,Smoothie,86,4.73,False
2024-01-28,Ben Thanh,District 1,Bakery,139,4.448,False
2024-01-29,Ben Thanh,District 1,Coffee,337,13.143,False
2024-01-29,Ben Thanh,District 1,Tea,166,7.47,False
2024-01-29,Ben Thanh,District 1,Smoothie,66,3.63,False
2024-01-29,Ben Thanh,District 1,Bakery,94,3.008,False
2024-01-30,Ben Thanh,District 1,Coffee,268,10.452,False
2024-01-30,Ben Thanh,District 1,Tea,182,8.19,False
2024-01-30,Ben Thanh,District 1,Smoothie,74,4.07,False
2024-01-30,Ben Thanh,District 1,Bakery,131,4.192,False
2024-01-31,Ben Thanh,District 1,Coffee,263,10.257,False
2024-01-31,Ben Thanh,District 1,Tea,164,7.38,False
2024-01-31,Ben Thanh,District 1,Smoothie,81,4.455,False
2024-01-31,Ben Thanh,District 1,Bakery,92,2.944,False
2024-02-01,Ben Thanh,District 1,Coffee,290,9.614,True
2024-02-01,Ben Thanh,District 1,Tea,180,6.885,True
2024-02-01,Ben Thanh,District 1,Smoothie,90,4.207,True
2024-02-01,Ben Thanh,District 1,Bakery,119,3.237,True
2024-02-02,Ben Thanh,District 1,Coffee,304,10.078,True
2024-02-02,Ben Thanh,District 1,Tea,167,6.388,True
2024-02-02,Ben Thanh,District 1,Smoothie,85,3.974,True
2024-02-02,Ben Thanh,District 1,Bakery,107,2.91,True
2024-02-03,Ben Thanh,District 1,Coffee,348,11.536,True
2024-02-03,Ben Thanh,District 1,Tea,206,7.88,True
2024-02-03,Ben Thanh,District 1,Smoothie,85,3.974,True
2024-02-03,Ben Thanh,District 1,Bakery,133,3.618,True
2024-02-04,Ben Thanh,District 1,Coffee,301,11.739,False
2024-02-04,Ben Thanh,District 1,Tea,197,8.865,False
2024-02-04,Ben Thanh,District 1,Smoothie,74,4.07,False
2024-02-04,Ben Thanh,District 1,Bakery,130,4.16,False
2024-02-05,Ben Thanh,District 1,Coffee,261,10.179,False
2024-02-05,Ben Thanh,District 1,Tea,145,6.525,False
2024-02-05,Ben Thanh,District 1,Smoothie,69,3.795,False
2024-02-05,Ben Thanh,District 1,Bakery,99,3.168,False
2024-02-06,Ben Thanh,District 1,Coffee,123,4.797,False
2024-02-06,Ben Thanh,District 1,Tea,65,2.925,False
2024-02-06,Ben Thanh,District 1,Smoothie,41,2.255,False
2024-02-06,Ben Thanh,District 1,Bakery,59,1.888,False
2024-02-07,Ben Thanh,District 1,Coffee,163,6.357,False
2024-02-07,Ben Thanh,District 1,Tea,81,3.645,False
2024-02-07,Ben Thanh,District 1,Smoothie,38,2.09,False
2024-02-07,Ben Thanh,District 1,Bakery,54,1.728,False
2024-02-08,Ben Thanh,District 1,Coffee,137,5.343,False
2024-02-08,Ben Thanh,District 1,Tea,86,3.87,False
2024-02-08,Ben Thanh,District 1,Smoothie,35,1.925,False
2024-02-08,Ben Thanh,District 1,Bakery,66,2.112,False
2024-02-09,Ben Thanh,District 1,Coffee,122,4.758,False
2024-02-09,Ben Thanh,District 1,Tea,83,3.735,False
2024-02-09,Ben Thanh,District 1,Smoothie,41,2.255,False
2024-02-09,Ben Thanh,District 1,Bakery,49,1.568,False
2024-02-10,Ben Thanh,District 1,Coffee,183,7.137,False
2024-02-10,Ben Thanh,District 1,Tea,95,4.275,False
2024-02-10,Ben Thanh,District 1,Smoothie,37,2.035,False
2024-02-10,Ben Thanh,District 1,Bakery,82,2.624,False
2024-02-11,Ben Thanh,District 1,Coffee,168,6.552,False
2024-02-11,Ben Thanh,District 1,Tea,100,4.5,False
2024-02-11,Ben Thanh,District 1,Smoothie,50,2.75,False
2024-02-11,Ben Thanh,District 1,Bakery,55,1.76,False
2024-02-12,Ben Thanh,District 1,Coffee,143,5.577,False
2024-02-12,Ben Thanh,District 1,Tea,81,3.645,False
2024-02-12,Ben Thanh,District 1,Smoothie,42,2.31,False
2024-02-12,Ben Thanh,District 1,Bakery,52,1.664,False
2024-02-13,Ben Thanh,District 1,Coffee,131,5.109,False
2024-02-13,Ben Thanh,District 1,Tea,87,3.915,False
2024-02-13,Ben Thanh,District 1,Smoothie,32,1.76,False
2024-02-13,Ben Thanh,District 1,Bakery,56,1.792,False
2024-02-14,Ben Thanh,District 1,Coffee,124,4.836,False
2024-02-14,Ben Thanh,District 1,Tea,83,3.735,False
2024-02-14,Ben Thanh,District 1,Smoothie,37,2.035,False
2024-02-14,Ben Thanh,District 1,Bakery,47,1.504,False
2024-02-15,Ben Thanh,District 1,Coffee,275,10.725,False
2024-02-15,Ben Thanh,District 1,Tea,148,6.66,False
2024-02-15,Ben Thanh,District 1,Smoothie,43,2.365,False
2024-02-15,Ben Thanh,District 1,Bakery,81,2.592,False
2024-02-16,Ben Thanh,District 1,Coffee,258,10.062,False
2024-02-16,Ben Thanh,District 1,Tea,155,6.975,False
2024-02-16,Ben Thanh,District 1,Smoothie,69,3.795,False
2024-02-16,Ben Thanh,District 1,Bakery,87,2.784,False
2024-02-17,Ben Thanh,District 1,Coffee,270,10.53,False
2024-02-17,Ben Thanh,District 1,Tea,184,8.28,False
2024-02-17,Ben Thanh,District 1,Smoothie,65,3.575,False
2024-02-17,Ben Thanh,District 1,Bakery,127,4.064,False
2024-02-18,Ben Thanh,District 1,Coffee,311,12.129,False
2024-02-18,Ben Thanh,District 1,Tea,204,9.18,False
2024-02-18,Ben Thanh,District 1,Smoothie,81,4.455,False
2024-02-18,Ben Thanh,District 1,Bakery,122,3.904,False
2024-02-19,Ben Thanh,District 1,Coffee,227,8.853,False
2024-02-19,Ben Thanh,District 1,Tea,137,6.165,False
2024-02-19,Ben Thanh,District 1,Smoothie,52,2.86,False
2024-02-19,Ben Thanh,District 1,Bakery,87,2.784,False
2024-02-20,Ben Thanh,District 1,Coffee,304,11.856,False
2024-02-20,Ben Thanh,District 1,Tea,181,8.145,False
2024-02-20,Ben Thanh,District 1,Smoothie,77,4.235,False
2024-02-20,Ben Thanh,District 1,Bakery,120,3.84,False
2024-02-21,Ben Thanh,District 1,Coffee,307,11.973,False
2024-02-21,Ben Thanh,District 1,Tea,179,8.055,False
2024-02-21,Ben Thanh,District 1,Smoothie,85,4.675,False
2024-02-21,Ben Thanh,District 1,Bakery,122,3.904,False
2024-02-22,Ben Thanh,District 1,Coffee,324,12.636,False
2024-02-22,Ben Thanh,District 1,Tea,173,7.785,False
2024-02-22,Ben Thanh,District 1,Smoothie,75,4.125,False
2024-02-22,Ben Thanh,District 1,Bakery,125,4.0,False
2024-02-23,Ben Thanh,District 1,Coffee,338,13.182,False
2024-02-23,Ben Thanh,District 1,Tea,177,7.965,False
2024-02-23,Ben Thanh,District 1,Smoothie,74,4.07,False
2024-02-23,Ben Thanh,District 1,Bakery,117,3.744,False
2024-02-24,Ben Thanh,District 1,Coffee,349,13.611,False
2024-02-24,Ben Thanh,District 1,Tea,189,8.505,False
2024-02-24,Ben Thanh,District 1,Smoothie,94,5.17,False
2024-02-24,Ben Thanh,District 1,Bakery,140,4.48,False
2024-02-25,Ben Thanh,District 1,Coffee,409,15.951,False
2024-02-25,Ben Thanh,District 1,Tea,203,9.135,False
2024-02-25,Ben Thanh,District 1,Smoothie,85,4.675,False
2024-02-25,Ben Thanh,District 1,Bakery,157,5.024,False
2024-02-26,Ben Thanh,District 1,Coffee,318,12.402,False
2024-02-26,Ben Thanh,District 1,Tea,172,7.74,False
2024-02-26,Ben Thanh,District 1,Smoothie,80,4.4,False
2024-02-26,Ben Thanh,District 1,Bakery,105,3.36,False
2024-02-27,Ben Thanh,District 1,Coffee,287,11.193,False
2024-02-27,Ben Thanh,District 1,Tea,172,7.74,False
2024-02-27,Ben Thanh,District 1,Smoothie,86,4.73,False
2024-02-27,Ben Thanh,District 1,Bakery,116,3.712,False
2024-02-28,Ben Thanh,District 1,Coffee,290,11.31,False
2024-02-28,Ben Thanh,District 1,Tea,144,6.48,False
2024-02-28,Ben Thanh,District 1,Smoothie,74,4.07,False
2024-02-28,Ben Thanh,District 1,Bakery,120,3.84,False
2024-02-29,Ben Thanh,District 1,Coffee,279,10.881,False
2024-02-29,Ben Thanh,District 1,Tea,192,8.64,False
2024-02-29,Ben Thanh,District 1,Smoothie,83,4.565,False
2024-02-29,Ben Thanh,District 1,Bakery,126,4.032,False
2024-03-01,Ben Thanh,District 1,Coffee,357,11.835,True
2024-03-01,Ben Thanh,District 1,Tea,201,7.688,True
2024-03-01,Ben Thanh,District 1,Smoothie,129,6.031,True
2024-03-01,Ben Thanh,District 1,Bakery,153,4.162,True
2024-03-02,Ben Thanh,District 1,Coffee,489,16.21,True
2024-03-02,Ben Thanh,District 1,Tea,279,10.672,True
2024-03-02,Ben Thanh,District 1,Smoothie,162,7.574,True
2024-03-02,Ben Thanh,District 1,Bakery,154,4.189,True
2024-03-03,Ben Thanh,District 1,Coffee,491,16.277,True
2024-03-03,Ben Thanh,District 1,Tea,243,9.295,True
2024-03-03,Ben Thanh,District 1,Smoothie,150,7.013,True
2024-03-03,Ben Thanh,District 1,Bakery,197,5.358,True
2024-03-04,Ben Thanh,District 1,Coffee,299,11.661,False
2024-03-04,Ben Thanh,District 1,Tea,184,8.28,False
2024-03-04,Ben Thanh,District 1,Smoothie,110,6.05,False
2024-03-04,Ben Thanh,District 1,Bakery,134,4.288,False
2024-03-05,Ben Thanh,District 1,Coffee,331,12.909,False
2024-03-05,Ben Thanh,District 1,Tea,186,8.37,False
2024-03-05,Ben Thanh,District 1,Smoothie,112,6.16,False
2024-03-05,Ben Thanh,District 1,Bakery,111,3.552,False
2024-03-06,Ben Thanh,District 1,Coffee,322,12.558,False
2024-03-06,Ben Thanh,District 1,Tea,159,7.155,False
2024-03-06,Ben Thanh,District 1,Smoothie,119,6.545,False
2024-03-06,Ben Thanh,District 1,Bakery,128,4.096,False
2024-03-07,Ben Thanh,District 1,Coffee,312,12.168,False
2024-03-07,Ben Thanh,District 1,Tea,200,9.0,False
2024-03-07,Ben Thanh,District 1,Smoothie,86,4.73,False
2024-03-07,Ben Thanh,District 1,Bakery,123,3.936,False
2024-03-08,Ben Thanh,District 1,Coffee,324,12.636,False
2024-03-08,Ben Thanh,District 1,Tea,186,8.37,False
2024-03-08,Ben Thanh,District 1,Smoothie,86,4.73,False
2024-03-08,Ben Thanh,District 1,Bakery,122,3.904,False
2024-03-09,Ben Thanh,District 1,Coffee,397,15.483,False
2024-03-09,Ben Thanh,District 1,Tea,216,9.72,False
2024-03-09,Ben Thanh,District 1,Smoothie,144,7.92,False
2024-03-09,Ben Thanh,District 1,Bakery,162,5.184,False
2024-03-10,Ben Thanh,District 1,Coffee,410,15.99,False
2024-03-10,Ben Thanh,District 1,Tea,225,10.125,False
2024-03-10,Ben Thanh,District 1,Smoothie,130,7.15,False
2024-03-10,Ben Thanh,District 1,Bakery,135,4.32,False
2024-03-11,Ben Thanh,District 1,Coffee,301,11.739,False
2024-03-11,Ben Thanh,District 1,Tea,168,7.56,False
2024-03-11,Ben Thanh,District 1,Smoothie,97,5.335,False
2024-03-11,Ben Thanh,District 1,Bakery,121,3.872,False
2024-03-12,Ben Thanh,District 1,Coffee,339,13.221,False
2024-03-12,Ben Thanh,District 1,Tea,160,7.2,False
2024-03-12,Ben Thanh,District 1,Smoothie,90,4.95,False
2024-03-12,Ben Thanh,District 1,Bakery,122,3.904,False
2024-03-13,Ben Thanh,District 1,Coffee,305,11.895,False
2024-03-13,Ben Thanh,District 1,Tea,187,8.415,False
2024-03-13,Ben Thanh,District 1,Smoothie,104,5.72,False
2024-03-13,Ben Thanh,District 1,Bakery,109,3.488,False
2024-03-14,Ben Thanh,District 1,Coffee,338,13.182,False
2024-03-14,Ben Thanh,District 1,Tea,187,8.415,False
2024-03-14,Ben Thanh,District 1,Smoothie,115,6.325,False
2024-03-14,Ben Thanh,District 1,Bakery,109,3.488,False
2024-03-15,Ben Thanh,District 1,Coffee,289,11.271,False
2024-03-15,Ben Thanh,District 1,Tea,168,7.56,False
2024-03-15,Ben Thanh,District 1,Smoothie,120,6.6,False
2024-03-15,Ben Thanh,District 1,Bakery,116,3.712,False
2024-03-16,Ben Thanh,District 1,Coffee,405,15.795,False
2024-03-16,Ben Thanh,District 1,Tea,224,10.08,False
2024-03-16,Ben Thanh,District 1,Smoothie,143,7.865,False
2024-03-16,Ben Thanh,District 1,Bakery,148,4.736,False
2024-03-17,Ben Thanh,District 1,Coffee,358,13.962,False
2024-03-17,Ben Thanh,District 1,Tea,209,9.405,False
2024-03-17,Ben Thanh,District 1,Smoothie,137,7.535,False
2024-03-17,Ben Thanh,District 1,Bakery,141,4.512,False
2024-03-18,Ben Thanh,District 1,Coffee,284,11.076,False
2024-03-18,Ben Thanh,District 1,Tea,150,6.75,False
2024-03-18,Ben Thanh,District 1,Smoothie,101,5.555,False
2024-03-18,Ben Thanh,District 1,Bakery,115,3.68,False
2024-03-19,Ben Thanh,District 1,Coffee,332,12.948,False
2024-03-19,Ben Thanh,District 1,Tea,177,7.965,False
2024-03-19,Ben Thanh,District 1,Smoothie,105,5.775,False
2024-03-19,Ben Thanh,District 1,Bakery,110,3.52,False
2024-03-20,Ben Thanh,District 1,Coffee,296,11.544,False
2024-03-20,Ben Thanh,District 1,Tea,184,8.28,False
2024-03-20,Ben Thanh,District 1,Smoothie,105,5.775,False
2024-03-20,Ben Thanh,District 1,Bakery,93,2.976,False
2024-03-21,Ben Thanh,District 1,Coffee,321,12.519,False
2024-03-21,Ben Thanh,District 1,Tea,146,6.57,False
2024-03-21,Ben Thanh,District 1,Smoothie,129,7.095,False
2024-03-21,Ben Thanh,District 1,Bakery,107,3.424,False
2024-03-22,Ben Thanh,District 1,Coffee,285,11.115,False
2024-03-22,Ben Thanh,District 1,Tea,166,7.47,False
2024-03-22,Ben Thanh,District 1,Smoothie,113,6.215,False
2024-03-22,Ben Thanh,District 1,Bakery,122,3.904,False
2024-03-23,Ben Thanh,District 1,Coffee,404,15.756,False
2024-03-23,Ben Thanh,District 1,Tea,210,9.45,False
2024-03-23,Ben Thanh,District 1,Smoothie,137,7.535,False
2024-03-23,Ben Thanh,District 1,Bakery,160,5.12,False
2024-03-24,Ben Thanh,District 1,Coffee,406,15.834,False
2024-03-24,Ben Thanh,District 1,Tea,208,9.36,False
2024-03-24,Ben Thanh,District 1,Smoothie,132,7.26,False
2024-03-24,Ben Thanh,District 1,Bakery,156,4.992,False
2024-03-25,Ben Thanh,District 1,Coffee,323,12.597,False
2024-03-25,Ben Thanh,District 1,Tea,196,8.82,False
2024-03-25,Ben Thanh,District 1,Smoothie,97,5.335,False
2024-03-25,Ben Thanh,District 1,Bakery,124,3.968,False
2024-03-26,Ben Thanh,District 1,Coffee,287,11.193,False
2024-03-26,Ben Thanh,District 1,Tea,195,8.775,False
2024-03-26,Ben Thanh,District 1,Smoothie,114,6.27,False
2024-03-26,Ben Thanh,District 1,Bakery,94,3.008,False
2024-03-27,Ben Thanh,District 1,Coffee,299,11.661,False
2024-03-27,Ben Thanh,District 1,Tea,192,8.64,False
2024-03-27,Ben Thanh,District 1,Smoothie,114,6.27,False
2024-03-27,Ben Thanh,District 1,Bakery,133,4.256,False
2024-03-28,Ben Thanh,District 1,Coffee,316,12.324,False
2024-03-28,Ben Thanh,District 1,Tea,173,7.785,False
2024-03-28,Ben Thanh,District 1,Smoothie,118,6.49,False
2024-03-28,Ben Thanh,District 1,Bakery,116,3.712,False
2024-03-29,Ben Thanh,District 1,Coffee,311,12.129,False
2024-03-29,Ben Thanh,District 1,Tea,156,7.02,False
2024-03-29,Ben Thanh,District 1,Smoothie,108,5.94,False
2024-03-29,Ben Thanh,District 1,Bakery,107,3.424,False
2024-03-30,Ben Thanh,District 1,Coffee,412,16.068,False
2024-03-30,Ben Thanh,District 1,Tea,208,9.36,False
2024-03-30,Ben Thanh,District 1,Smoothie,147,8.085,False
2024-03-30,Ben Thanh,District 1,Bakery,143,4.576,False
2024-03-31,Ben Thanh,District 1,Coffee,403,15.717,False
2024-03-31,Ben Thanh,District 1,Tea,235,10.575,False
2024-03-31,Ben Thanh,District 1,Smoothie,121,6.655,False
2024-03-31,Ben Thanh,District 1,Bakery,163,5.216,False
2024-04-01,Ben Thanh,District 1,Coffee,337,11.172,True
2024-04-01,Ben Thanh,District 1,Tea,220,8.415,True
2024-04-01,Ben Thanh,District 1,Smoothie,138,6.452,True
2024-04-01,Ben Thanh,District 1,Bakery,136,3.699,True
2024-04-02,Ben Thanh,District 1,Coffee,373,12.365,True
2024-04-02,Ben Thanh,District 1,Tea,206,7.88,True
2024-04-02,Ben Thanh,District 1,Smoothie,153,7.153,True
2024-04-02,Ben Thanh,District 1,Bakery,128,3.482,True
2024-04-03,Ben Thanh,District 1,Coffee,361,11.967,True
2024-04-03,Ben Thanh,District 1,Tea,193,7.382,True
2024-04-03,Ben Thanh,District 1,Smoothie,122,5.704,True
2024-04-03,Ben Thanh,District 1,Bakery,132,3.59,True
2024-04-04,Ben Thanh,District 1,Coffee,293,11.427,False
2024-04-04,Ben Thanh,District 1,Tea,176,7.92,False
2024-04-04,Ben Thanh,District 1,Smoothie,86,4.73,False
2024-04-04,Ben Thanh,District 1,Bakery,118,3.776,False
2024-04-05,Ben Thanh,District 1,Coffee,297,11.583,False
2024-04-05,Ben Thanh,District 1,Tea,153,6.885,False
2024-04-05,Ben Thanh,District 1,Smoothie,105,5.775,False
2024-04-05,Ben Thanh,District 1,Bakery,101,3.232,False
2024-04-06,Ben Thanh,District 1,Coffee,395,15.405,False
2024-04-06,Ben Thanh,District 1,Tea,205,9.225,False
2024-04-06,Ben Thanh,District 1,Smoothie,125,6.875,False
2024-04-06,Ben Thanh,District 1,Bakery,151,4.832,False
2024-04-07,Ben Thanh,District 1,Coffee,377,14.703,False
2024-04-07,Ben Thanh,District 1,Tea,218,9.81,False
2024-04-07,Ben Thanh,District 1,Smoothie,149,8.195,False
2024-04-07,Ben Thanh,District 1,Bakery,173,5.536,False
2024-04-08,Ben Thanh,District 1,Coffee,337,13.143,False
2024-04-08,Ben Thanh,District 1,Tea,168,7.56,False
2024-04-08,Ben Thanh,District 1,Smoothie,100,5.5,False
2024-04-08,Ben Thanh,District 1,Bakery,117,3.744,False
2024-04-09,Ben Thanh,District 1,Coffee,322,12.558,False
2024-04-09,Ben Thanh,District 1,Tea,195,8.775,False
2024-04-09,Ben Thanh,District 1,Smoothie,112,6.16,False
2024-04-09,Ben Thanh,District 1,Bakery,110,3.52,False
2024-04-10,Ben Thanh,District 1,Coffee,326,12.714,False
2024-04-10,Ben Thanh,District 1,Tea,177,7.965,False
2024-04-10,Ben Thanh,District 1,Smoothie,112,6.16,False
2024-04-10,Ben Thanh,District 1,Bakery,104,3.328,False
2024-04-11,Ben Thanh,District 1,Coffee,352,13.728,False
2024-04-11,Ben Thanh,District 1,Tea,209,9.405,False
2024-04-11,Ben Thanh,District 1,Smoothie,113,6.215,False
2024-04-11,Ben Thanh,District 1,Bakery,110,3.52,False
2024-04-12,Ben Thanh,District 1,Coffee,287,11.193,False
2024-04-12,Ben Thanh,District 1,Tea,171,7.695,False
2024-04-12,Ben Thanh,District 1,Smoothie,110,6.05,False
2024-04-12,Ben Thanh,District 1,Bakery,120,3.84,False
2024-04-13,Ben Thanh,District 1,Coffee,404,15.756,False
2024-04-13,Ben Thanh,District 1,Tea,205,9.225,False
2024-04-13,Ben Thanh,District 1,Smoothie,133,7.315,False
2024-04-13,Ben Thanh,District 1,Bakery,143,4.576,False
2024-04-14,Ben Thanh,District 1,Coffee,396,15.444,False
2024-04-14,Ben Thanh,District 1,Tea,236,10.62,False
2024-04-14,Ben Thanh,District 1,Smoothie,160,8.8,False
2024-04-14,Ben Thanh,District 1,Bakery,153,4.896,False
2024-04-15,Ben Thanh,District 1,Coffee,276,10.764,False
2024-04-15,Ben Thanh,District 1,Tea,160,7.2,False
2024-04-15,Ben Thanh,District 1,Smoothie,115,6.325,False
2024-04-15,Ben Thanh,District 1,Bakery,138,4.416,False
2024-04-16,Ben Thanh,District 1,Coffee,324,12.636,False
2024-04-16,Ben Thanh,District 1,Tea,184,8.28,False
2024-04-16,Ben Thanh,District 1,Smoothie,110,6.05,False
2024-04-16,Ben Thanh,District 1,Bakery,114,3.648,False
2024-04-17,Ben Thanh,District 1,Coffee,321,12.519,False
2024-04-17,Ben Thanh,District 1,Tea,144,6.48,False
2024-04-17,Ben Thanh,District 1,Smoothie,127,6.985,False
2024-04-17,Ben Thanh,District 1,Bakery,124,3.968,False
2024-04-18,Ben Thanh,District 1,Coffee,350,13.65,False
2024-04-18,Ben Thanh,District 1,Tea,188,8.46,False
2024-04-18,Ben Thanh,District 1,Smoothie,113,6.215,False
2024-04-18,Ben Thanh,District 1,Bakery,119,3.808,False
2024-04-19,Ben Thanh,District 1,Coffee,308,12.012,False
2024-04-19,Ben Thanh,District 1,Tea,172,7.74,False
2024-04-19,Ben Thanh,District 1,Smoothie,109,5.995,False
2024-04-19,Ben Thanh,District 1,Bakery,101,3.232,False
2024-04-20,Ben Thanh,District 1,Coffee,399,15.561,False
2024-04-20,Ben Thanh,District 1,Tea,208,9.36,False
2024-04-20,Ben Thanh,District 1,Smoothie,154,8.47,False
2024-04-20,Ben Thanh,District 1,Bakery,154,4.928,False
2024-04-21,Ben Thanh,District 1,Coffee,376,14.664,False
2024-04-21,Ben Thanh,District 1,Tea,213,9.585,False
2024-04-21,Ben Thanh,District 1,Smoothie,158,8.69,False
2024-04-21,Ben Thanh,District 1,Bakery,150,4.8,False
2024-04-22,Ben Thanh,District 1,Coffee,353,13.767,False
2024-04-22,Ben Thanh,District 1,Tea,168,7.56,False
2024-04-22,Ben Thanh,District 1,Smoothie,108,5.94,False
2024-04-22,Ben Thanh,District 1,Bakery,133,4.256,False
2024-04-23,Ben Thanh,District 1,Coffee,309,12.051,False
2024-04-23,Ben Thanh,District 1,Tea,194,8.73,False
2024-04-23,Ben Thanh,District 1,Smoothie,113,6.215,False
2024-04-23,Ben Thanh,District 1,Bakery,123,3.936,False
2024-04-24,Ben Thanh,District 1,Coffee,298,11.622,False
2024-04-24,Ben Thanh,District 1,Tea,202,9.09,False
2024-04-24,Ben Thanh,District 1,Smoothie,120,6.6,False
2024-04-24,Ben Thanh,District 1,Bakery,118,3.776,False
2024-04-25,Ben Thanh,District 1,Coffee,298,11.622,False
2024-04-25,Ben Thanh,District 1,Tea,170,7.65,False
2024-04-25,Ben Thanh,District 1,Smoothie,114,6.27,False
2024-04-25,Ben Thanh,District 1,Bakery,109,3.488,False
2024-04-26,Ben Thanh,District 1,Coffee,334,13.026,False
2024-04-26,Ben Thanh,District 1,Tea,191,8.595,False
2024-04-26,Ben Thanh,District 1,Smoothie,98,5.39,False
2024-04-26,Ben Thanh,District 1,Bakery,104,3.328,False
2024-04-27,Ben Thanh,District 1,Coffee,367,14.313,False
2024-04-27,Ben Thanh,District 1,Tea,228,10.26,False
2024-04-27,Ben Thanh,District 1,Smoothie,124,6.82,False
2024-04-27,Ben Thanh,District 1,Bakery,140,4.48,False
2024-04-28,Ben Thanh,District 1,Coffee,400,15.6,False
2024-04-28,Ben Thanh,District 1,Tea,240,10.8,False
2024-04-28,Ben Thanh,District 1,Smoothie,137,7.535,False
2024-04-28,Ben Thanh,District 1,Bakery,149,4.768,False
2024-04-29,Ben Thanh,District 1,Coffee,285,11.115,False
2024-04-29,Ben Thanh,District 1,Tea,177,7.965,False
2024-04-29,Ben Thanh,District 1,Smoothie,107,5.885,False
2024-04-29,Ben Thanh,District 1,Bakery,131,4.192,False
2024-04-30,Ben Thanh,District 1,Coffee,308,12.012,False
2024-04-30,Ben Thanh,District 1,Tea,189,8.505,False
2024-04-30,Ben Thanh,District 1,Smoothie,111,6.105,False
2024-04-30,Ben Thanh,District 1,Bakery,106,3.392,False
2024-05-01,Ben Thanh,District 1,Coffee,339,11.238,True
2024-05-01,Ben Thanh,District 1,Tea,212,8.109,True
2024-05-01,Ben Thanh,District 1,Smoothie,107,5.002,True
2024-05-01,Ben Thanh,District 1,Bakery,138,3.754,True
2024-05-02,Ben Thanh,District 1,Coffee,389,12.895,True
2024-05-02,Ben Thanh,District 1,Tea,193,7.382,True
2024-05-02,Ben Thanh,District 1,Smoothie,144,6.732,True
2024-05-02,Ben Thanh,District 1,Bakery,153,4.162,True
2024-05-03,Ben Thanh,District 1,Coffee,363,12.033,True
2024-05-03,Ben Thanh,District 1,Tea,200,7.65,True
2024-05-03,Ben Thanh,District 1,Smoothie,132,6.171,True
2024-05-03,Ben Thanh,District 1,Bakery,139,3.781,True
2024-05-04,Ben Thanh,District 1,Coffee,373,14.547,False
2024-05-04,Ben Thanh,District 1,Tea,235,10.575,False
2024-05-04,Ben Thanh,District 1,Smoothie,120,6.6,False
2024-05-04,Ben Thanh,District 1,Bakery,136,4.352,False
2024-05-05,Ben Thanh,District 1,Coffee,366,14.274,False
2024-05-05,Ben Thanh,District 1,Tea,221,9.945,False
2024-05-05,Ben Thanh,District 1,Smoothie,155,8.525,False
2024-05-05,Ben Thanh,District 1,Bakery,138,4.416,False
2024-05-06,Ben Thanh,District 1,Coffee,302,11.778,False
2024-05-06,Ben Thanh,District 1,Tea,181,8.145,False
2024-05-06,Ben Thanh,District 1,Smoothie,123,6.765,False
2024-05-06,Ben Thanh,District 1,Bakery,82,2.624,False
2024-05-07,Ben Thanh,District 1,Coffee,318,12.402,False
2024-05-07,Ben Thanh,District 1,Tea,169,7.605,False
2024-05-07,Ben Thanh,District 1,Smoothie,120,6.6,False
2024-05-07,Ben Thanh,District 1,Bakery,121,3.872,False
2024-05-08,Ben Thanh,District 1,Coffee,301,11.739,False
2024-05-08,Ben Thanh,District 1,Tea,171,7.695,False
2024-05-08,Ben Thanh,District 1,Smoothie,117,6.435,False
2024-05-08,Ben Thanh,District 1,Bakery,135,4.32,False
2024-05-09,Ben Thanh,District 1,Coffee,294,11.466,False
2024-05-09,Ben Thanh,District 1,Tea,178,8.01,False
2024-05-09,Ben Thanh,District 1,Smoothie,132,7.26,False
2024-05-09,Ben Thanh,District 1,Bakery,109,3.488,False
2024-05-10,Ben Thanh,District 1,Coffee,296,11.544,False
2024-05-10,Ben Thanh,District 1,Tea,167,7.515,False
2024-05-10,Ben Thanh,District 1,Smoothie,102,5.61,False
2024-05-10,Ben Thanh,District 1,Bakery,108,3.456,False
2024-05-11,Ben Thanh,District 1,Coffee,416,16.224,False
2024-05-11,Ben Thanh,District 1,Tea,218,9.81,False
2024-05-11,Ben Thanh,District 1,Smoothie,135,7.425,False
2024-05-11,Ben Thanh,District 1,Bakery,153,4.896,False
2024-05-12,Ben Thanh,District 1,Coffee,361,14.079,False
2024-05-12,Ben Thanh,District 1,Tea,203,9.135,False
2024-05-12,Ben Thanh,District 1,Smoothie,124,6.82,False
2024-05-12,Ben Thanh,District 1,Bakery,159,5.088,False
2024-05-13,Ben Thanh,District 1,Coffee,270,10.53,False
2024-05-13,Ben Thanh,District 1,Tea,172,7.74,False
2024-05-13,Ben Thanh,District 1,Smoothie,114,6.27,False
2024-05-13,Ben Thanh,District 1,Bakery,119,3.808,False
2024-05-14,Ben Thanh,District 1,Coffee,308,12.012,False
2024-05-14,Ben Thanh,District 1,Tea,161,7.245,False
2024-05-14,Ben Thanh,District 1,Smoothie,101,5.555,False
2024-05-14,Ben Thanh,District 1,Bakery,133,4.256,False
2024-05-15,Ben Thanh,District 1,Coffee,306,11.934,False
2024-05-15,Ben Thanh,District 1,Tea,176,7.92,False
2024-05-15,Ben Thanh,District 1,Smoothie,109,5.995,False
2024-05-15,Ben Thanh,District 1,Bakery,118,3.776,False
2024-05-16,Ben Thanh,District 1,Coffee,312,12.168,False
2024-05-16,Ben Thanh,District 1,Tea,181,8.145,False
2024-05-16,Ben Thanh,District 1,Smoothie,107,5.885,False
2024-05-16,Ben Thanh,District 1,Bakery,102,3.264,False
2024-05-17,Ben Thanh,District 1,Coffee,326,12.714,False
2024-05-17,Ben Thanh,District 1,Tea,167,7.515,False
2024-05-17,Ben Thanh,District 1,Smoothie,120,6.6,False
2024-05-17,Ben Thanh,District 1,Bakery,123,3.936,False
2024-05-18,Ben Thanh,District 1,Coffee,386,15.054,False
2024-05-18,Ben Thanh,District 1,Tea,227,10.215,False
2024-05-18,Ben Thanh,District 1,Smoothie,142,7.81,False
2024-05-18,Ben Thanh,District 1,Bakery,158,5.056,False
2024-05-19,Ben Thanh,District 1,Coffee,392,15.288,False
2024-05-19,Ben Thanh,District 1,Tea,217,9.765,False
2024-05-19,Ben Thanh,District 1,Smoothie,136,7.48,False
2024-05-19,Ben Thanh,District 1,Bakery,141,4.512,False
2024-05-20,Ben Thanh,District 1,Coffee,329,12.831,False
2024-05-20,Ben Thanh,District 1,Tea,181,8.145,False
2024-05-20,Ben Thanh,District 1,Smoothie,101,5.555,False
2024-05-20,Ben Thanh,District 1,Bakery,134,4.288,False
2024-05-21,Ben Thanh,District 1,Coffee,287,11.193,False
2024-05-21,Ben Thanh,District 1,Tea,179,8.055,False
2024-05-21,Ben Thanh,District 1,Smoothie,110,6.05,False
2024-05-21,Ben Thanh,District 1,Bakery,117,3.744,False
2024-05-22,Ben Thanh,District 1,Coffee,330,12.87,False
2024-05-22,Ben Thanh,District 1,Tea,171,7.695,False
2024-05-22,Ben Thanh,District 1,Smoothie,126,6.93,False
2024-05-22,Ben Thanh,District 1,Bakery,120,3.84,False
2024-05-23,Ben Thanh,District 1,Coffee,324,12.636,False
2024-05-23,Ben Thanh,District 1,Tea,186,8.37,False
2024-05-23,Ben Thanh,District 1,Smoothie,116,6.38,False
2024-05-23,Ben Thanh,District 1,Bakery,118,3.776,False
2024-05-24,Ben Thanh,District 1,Coffee,298,11.622,False
2024-05-24,Ben Thanh,District 1,Tea,166,7.47,False
2024-05-24,Ben Thanh,District 1,Smoothie,96,5.28,False
2024-05-24,Ben Thanh,District 1,Bakery,117,3.744,False
2024-05-25,Ben Thanh,District 1,Coffee,462,18.018,False
2024-05-25,Ben Thanh,District 1,Tea,231,10.395,False
2024-05-25,Ben Thanh,District 1,Smoothie,145,7.975,False
2024-05-25,Ben Thanh,District 1,Bakery,147,4.704,False
2024-05-26,Ben Thanh,District 1,Coffee,443,17.277,False
2024-05-26,Ben Thanh,District 1,Tea,234,10.53,False
2024-05-26,Ben Thanh,District 1,Smoothie,159,8.745,False
2024-05-26,Ben Thanh,District 1,Bakery,173,5.536,False
2024-05-27,Ben Thanh,District 1,Coffee,290,11.31,False
2024-05-27,Ben Thanh,District 1,Tea,194,8.73,False
2024-05-27,Ben Thanh,District 1,Smoothie,113,6.215,False
2024-05-27,Ben Thanh,District 1,Bakery,122,3.904,False
2024-05-28,Ben Thanh,District 1,Coffee,312,12.168,False
2024-05-28,Ben Thanh,District 1,Tea,166,7.47,False
2024-05-28,Ben Thanh,District 1,Smoothie,142,7.81,False
2024-05-28,Ben Thanh,District 1,Bakery,134,4.288,False
2024-05-29,Ben Thanh,District 1,Coffee,291,11.349,False
2024-05-29,Ben Thanh,District 1,Tea,181,8.145,False
2024-05-29,Ben Thanh,District 1,Smoothie,119,6.545,False
2024-05-29,Ben Thanh,District 1,Bakery,118,3.776,False
2024-05-30,Ben Thanh,District 1,Coffee,307,11.973,False
2024-05-30,Ben Thanh,District 1,Tea,158,7.11,False
2024-05-30,Ben Thanh,District 1,Smoothie,122,6.71,False
2024-05-30,Ben Thanh,District 1,Bakery,140,4.48,False
2024-05-31,Ben Thanh,District 1,Coffee,265,10.335,False
2024-05-31,Ben Thanh,District 1,Tea,168,7.56,False
2024-05-31,Ben Thanh,District 1,Smoothie,104,5.72,False
2024-05-31,Ben Thanh,District 1,Bakery,107,3.424,False
2024-06-01,Ben Thanh,District 1,Coffee,411,13.625,True
2024-06-01,Ben Thanh,District 1,Tea,298,11.399,True
2024-06-01,Ben Thanh,District 1,Smoothie,115,5.376,True
2024-06-01,Ben Thanh,District 1,Bakery,177,4.814,True
2024-06-02,Ben Thanh,District 1,Coffee,422,13.989,True
2024-06-02,Ben Thanh,District 1,Tea,257,9.83,True
2024-06-02,Ben Thanh,District 1,Smoothie,134,6.264,True
2024-06-02,Ben Thanh,District 1,Bakery,175,4.76,True
2024-06-03,Ben Thanh,District 1,Coffee,326,10.807,True
2024-06-03,Ben Thanh,District 1,Tea,224,8.568,True
2024-06-03,Ben Thanh,District 1,Smoothie,87,4.067,True
2024-06-03,Ben Thanh,District 1,Bakery,139,3.781,True
2024-06-04,Ben Thanh,District 1,Coffee,326,12.714,False
2024-06-04,Ben Thanh,District 1,Tea,164,7.38,False
2024-06-04,Ben Thanh,District 1,Smoothie,76,4.18,False
2024-06-04,Ben Thanh,District 1,Bakery,111,3.552,False
2024-06-05,Ben Thanh,District 1,Coffee,289,11.271,False
2024-06-05,Ben Thanh,District 1,Tea,188,8.46,False
2024-06-05,Ben Thanh,District 1,Smoothie,79,4.345,False
2024-06-05,Ben Thanh,District 1,Bakery,127,4.064,False
2024-06-06,Ben Thanh,District 1,Coffee,300,11.7,False
2024-06-06,Ben Thanh,District 1,Tea,181,8.145,False
2024-06-06,Ben Thanh,District 1,Smoothie,86,4.73,False
2024-06-06,Ben Thanh,District 1,Bakery,107,3.424,False
2024-06-07,Ben Thanh,District 1,Coffee,286,11.154,False
2024-06-07,Ben Thanh,District 1,Tea,198,8.91,False
2024-06-07,Ben Thanh,District 1,Smoothie,82,4.51,False
2024-06-07,Ben Thanh,District 1,Bakery,102,3.264,False
2024-06-08,Ben Thanh,District 1,Coffee,341,13.299,False
2024-06-08,Ben Thanh,District 1,Tea,236,10.62,False
2024-06-08,Ben Thanh,District 1,Smoothie,108,5.94,False
2024-06-08,Ben Thanh,District 1,Bakery,123,3.936,False
2024-06-09,Ben Thanh,District 1,Coffee,344,13.416,False
2024-06-09,Ben Thanh,District 1,Tea,221,9.945,False
2024-06-09,Ben Thanh,District 1,Smoothie,108,5.94,False
2024-06-09,Ben Thanh,District 1,Bakery,147,4.704,False
2024-06-10,Ben Thanh,District 1,Coffee,286,11.154,False
2024-06-10,Ben Thanh,District 1,Tea,168,7.56,False
2024-06-10,Ben Thanh,District 1,Smoothie,70,3.85,False
2024-06-10,Ben Thanh,District 1,Bakery,113,3.616,False
2024-06-11,Ben Thanh,District 1,Coffee,261,10.179,False
2024-06-11,Ben Thanh,District 1,Tea,196,8.82,False
2024-06-11,Ben Thanh,District 1,Smoothie,84,4.62,False
2024-06-11,Ben Thanh,District 1,Bakery,123,3.936,False
2024-06-12,Ben Thanh,District 1,Coffee,286,11.154,False
2024-06-12,Ben Thanh,District 1,Tea,183,8.235,False
2024-06-12,Ben Thanh,District 1,Smoothie,68,3.74,False
2024-06-12,Ben Thanh,District 1,Bakery,106,3.392,False
2024-06-13,Ben Thanh,District 1,Coffee,271,10.569,False
2024-06-13,Ben Thanh,District 1,Tea,176,7.92,False
2024-06-13,Ben Thanh,District 1,Smoothie,68,3.74,False
2024-06-13,Ben Thanh,District 1,Bakery,131,4.192,False
2024-06-14,Ben Thanh,District 1,Coffee,301,11.739,False
2024-06-14,Ben Thanh,District 1,Tea,197,8.865,False
2024-06-14,Ben Thanh,District 1,Smoothie,61,3.355,False
2024-06-14,Ben Thanh,District 1,Bakery,111,3.552,False
2024-06-15,Ben Thanh,District 1,Coffee,362,14.118,False
2024-06-15,Ben Thanh,District 1,Tea,233,10.485,False
2024-06-15,Ben Thanh,District 1,Smoothie,80,4.4,False
2024-06-15,Ben Thanh,District 1,Bakery,151,4.832,False
2024-06-16,Ben Thanh,District 1,Coffee,394,15.366,False
2024-06-16,Ben Thanh,District 1,Tea,226,10.17,False
2024-06-16,Ben Thanh,District 1,Smoothie,97,5.335,False
2024-06-16,Ben Thanh,District 1,Bakery,134,4.288,False
2024-06-17,Ben Thanh,District 1,Coffee,283,11.037,False
2024-06-17,Ben Thanh,District 1,Tea,171,7.695,False
2024-06-17,Ben Thanh,District 1,Smoothie,95,5.225,False
2024-06-17,Ben Thanh,District 1,Bakery,124,3.968,False
2024-06-18,Ben Thanh,District 1,Coffee,277,10.803,False
2024-06-18,Ben Thanh,District 1,Tea,198,8.91,False
2024-06-18,Ben Thanh,District 1,Smoothie,90,4.95,False
2024-06-18,Ben Thanh,District 1,Bakery,117,3.744,False
2024-06-19,Ben Thanh,District 1,Coffee,280,10.92,False
2024-06-19,Ben Thanh,District 1,Tea,222,9.99,False
2024-06-19,Ben Thanh,District 1,Smoothie,74,4.07,False
2024-06-19,Ben Thanh,District 1,Bakery,104,3.328,False
2024-06-20,Ben Thanh,District 1,Coffee,308,12.012,False
2024-06-20,Ben Thanh,District 1,Tea,200,9.0,False
2024-06-20,Ben Thanh,District 1,Smoothie,67,3.685,False
2024-06-20,Ben Thanh,District 1,Bakery,122,3.904,False
2024-06-21,Ben Thanh,District 1,Coffee,289,11.271,False
2024-06-21,Ben Thanh,District 1,Tea,180,8.1,False
2024-06-21,Ben Thanh,District 1,Smoothie,67,3.685,False
2024-06-21,Ben Thanh,District 1,Bakery,111,3.552,False
2024-06-22,Ben Thanh,District 1,Coffee,375,14.625,False
2024-06-22,Ben Thanh,District 1,Tea,227,10.215,False
2024-06-22,Ben Thanh,District 1,Smoothie,87,4.785,False
2024-06-22,Ben Thanh,District 1,Bakery,149,4.768,False
2024-06-23,Ben Thanh,District 1,Coffee,366,14.274,False
2024-06-23,Ben Thanh,District 1,Tea,215,9.675,False
2024-06-23,Ben Thanh,District 1,Smoothie,88,4.84,False
2024-06-23,Ben Thanh,District 1,Bakery,159,5.088,False
2024-06-24,Ben Thanh,District 1,Coffee,282,10.998,False
2024-06-24,Ben Thanh,District 1,Tea,175,7.875,False
2024-06-24,Ben Thanh,District 1,Smoothie,94,5.17,False
2024-06-24,Ben Thanh,District 1,Bakery,103,3.296,False
2024-06-25,Ben Thanh,District 1,Coffee,289,11.271,False
2024-06-25,Ben Thanh,District 1,Tea,169,7.605,False
2024-06-25,Ben Thanh,District 1,Smoothie,83,4.565,False
2024-06-25,Ben Thanh,District 1,Bakery,130,4.16,False
2024-06-26,Ben Thanh,District 1,Coffee,314,12.246,False
2024-06-26,Ben Thanh,District 1,Tea,177,7.965,False
2024-06-26,Ben Thanh,District 1,Smoothie,83,4.565,False
2024-06-26,Ben Thanh,District 1,Bakery,119,3.808,False
2024-06-27,Ben Thanh,District 1,Coffee,317,12.363,False
2024-06-27,Ben Thanh,District 1,Tea,195,8.775,False
2024-06-27,Ben Thanh,District 1,Smoothie,82,4.51,False
2024-06-27,Ben Thanh,District 1,Bakery,97,3.104,False
2024-06-28,Ben Thanh,District 1,Coffee,294,11.466,False
2024-06-28,Ben Thanh,District 1,Tea,188,8.46,False
2024-06-28,Ben Thanh,District 1,Smoothie,69,3.795,False
2024-06-28,Ben Thanh,District 1,Bakery,118,3.776,False
2024-06-29,Ben Thanh,District 1,Coffee,349,13.611,False
2024-06-29,Ben Thanh,District 1,Tea,225,10.125,False
2024-06-29,Ben Thanh,District 1,Smoothie,79,4.345,False
2024-06-29,Ben Thanh,District 1,Bakery,156,4.992,False
2024-06-30,Ben Thanh,District 1,Coffee,385,15.015,False
2024-06-30,Ben Thanh,District 1,Tea,222,9.99,False
2024-06-30,Ben Thanh,District 1,Smoothie,90,4.95,False
2024-06-30,Ben Thanh,District 1,Bakery,146,4.672,False
2024-07-01,Ben Thanh,District 1,Coffee,359,11.901,True
2024-07-01,Ben Thanh,District 1,Tea,218,8.338,True
2024-07-01,Ben Thanh,District 1,Smoothie,85,3.974,True
2024-07-01,Ben Thanh,District 1,Bakery,157,4.27,True
2024-07-02,Ben Thanh,District 1,Coffee,362,12.0,True
2024-07-02,Ben Thanh,District 1,Tea,237,9.065,True
2024-07-02,Ben Thanh,District 1,Smoothie,103,4.815,True
2024-07-02,Ben Thanh,District 1,Bakery,133,3.618,True
2024-07-03,Ben Thanh,District 1,Coffee,333,11.039,True
2024-07-03,Ben Thanh,District 1,Tea,228,8.721,True
2024-07-03,Ben Thanh,District 1,Smoothie,96,4.488,True
2024-07-03,Ben Thanh,District 1,Bakery,132,3.59,True
2024-07-04,Ben Thanh,District 1,Coffee,302,11.778,False
2024-07-04,Ben Thanh,District 1,Tea,205,9.225,False
2024-07-04,Ben Thanh,District 1,Smoothie,72,3.96,False
2024-07-04,Ben Thanh,District 1,Bakery,107,3.424,False
2024-07-05,Ben Thanh,District 1,Coffee,279,10.881,False
2024-07-05,Ben Thanh,District 1,Tea,167,7.515,False
2024-07-05,Ben Thanh,District 1,Smoothie,64,3.52,False
2024-07-05,Ben Thanh,District 1,Bakery,115,3.68,False
2024-07-06,Ben Thanh,District 1,Coffee,376,14.664,False
2024-07-06,Ben Thanh,District 1,Tea,238,10.71,False
2024-07-06,Ben Thanh,District 1,Smoothie,101,5.555,False
2024-07-06,Ben Thanh,District 1,Bakery,135,4.32,False
2024-07-07,Ben Thanh,District 1,Coffee,348,13.572,False
2024-07-07,Ben Thanh,District 1,Tea,220,9.9,False
2024-07-07,Ben Thanh,District 1,Smoothie,87,4.785,False
2024-07-07,Ben Thanh,District 1,Bakery,134,4.288,False
2024-07-08,Ben Thanh,District 1,Coffee,316,12.324,False
2024-07-08,Ben Thanh,District 1,Tea,197,8.865,False
2024-07-08,Ben Thanh,District 1,Smoothie,68,3.74,False
2024-07-08,Ben Thanh,District 1,Bakery,129,4.128,False
2024-07-09,Ben Thanh,District 1,Coffee,298,11.622,False
2024-07-09,Ben Thanh,District 1,Tea,187,8.415,False
2024-07-09,Ben Thanh,District 1,Smoothie,79,4.345,False
2024-07-09,Ben Thanh,District 1,Bakery,99,3.168,False
2024-07-10,Ben Thanh,District 1,Coffee,304,11.856,False
2024-07-10,Ben Thanh,District 1,Tea,161,7.245,False
2024-07-10,Ben Thanh,District 1,Smoothie,73,4.015,False
2024-07-10,Ben Thanh,District 1,Bakery,103,3.296,False
2024-07-11,Ben Thanh,District 1,Coffee,308,12.012,False
2024-07-11,Ben Thanh,District 1,Tea,200,9.0,False
2024-07-11,Ben Thanh,District 1,Smoothie,83,4.565,False
2024-07-11,Ben Thanh,District 1,Bakery,112,3.584,False
2024-07-12,Ben Thanh,District 1,Coffee,326,12.714,False
2024-07-12,Ben Thanh,District 1,Tea,187,8.415,False
2024-07-12,Ben Thanh,District 1,Smoothie,82,4.51,False
2024-07-12,Ben Thanh,District 1,Bakery,113,3.616,False
2024-07-13,Ben Thanh,District 1,Coffee,402,15.678,False
2024-07-13,Ben Thanh,District 1,Tea,231,10.395,False
2024-07-13,Ben Thanh,District 1,Smoothie,93,5.115,False
2024-07-13,Ben Thanh,District 1,Bakery,130,4.16,False
2024-07-14,Ben Thanh,District 1,Coffee,385,15.015,False
2024-07-14,Ben Thanh,District 1,Tea,215,9.675,False
2024-07-14,Ben Thanh,District 1,Smoothie,90,4.95,False
2024-07-14,Ben Thanh,District 1,Bakery,138,4.416,False
2024-07-15,Ben Thanh,District 1,Coffee,281,10.959,False
2024-07-15,Ben Thanh,District 1,Tea,186,8.37,False
2024-07-15,Ben Thanh,District 1,Smoothie,68,3.74,False
2024-07-15,Ben Thanh,District 1,Bakery,104,3.328,False
2024-07-16,Ben Thanh,District 1,Coffee,302,11.778,False
2024-07-16,Ben Thanh,District 1,Tea,212,9.54,False
2024-07-16,Ben Thanh,District 1,Smoothie,77,4.235,False
2024-07-16,Ben Thanh,District 1,Bakery,106,3.392,False
2024-07-17,Ben Thanh,District 1,Coffee,322,12.558,False
2024-07-17,Ben Thanh,District 1,Tea,176,7.92,False
2024-07-17,Ben Thanh,District 1,Smoothie,77,4.235,False
2024-07-17,Ben Thanh,District 1,Bakery,113,3.616,False
2024-07-18,Ben Thanh,District 1,Coffee,291,11.349,False
2024-07-18,Ben Thanh,District 1,Tea,179,8.055,False
2024-07-18,Ben Thanh,District 1,Smoothie,64,3.52,False
2024-07-18,Ben Thanh,District 1,Bakery,125,4.0,False
2024-07-19,Ben Thanh,District 1,Coffee,281,10.959,False
2024-07-19,Ben Thanh,District 1,Tea,188,8.46,False
2024-07-19,Ben Thanh,District 1,Smoothie,71,3.905,False
2024-07-19,Ben Thanh,District 1,Bakery,117,3.744,False
2024-07-20,Ben Thanh,District 1,Coffee,332,12.948,False
2024-07-20,Ben Thanh,District 1,Tea,236,10.62,False
2024-07-20,Ben Thanh,District 1,Smoothie,107,5.885,False
2024-07-20,Ben Thanh,District 1,Bakery,144,4.608,False
2024-07-21,Ben Thanh,District 1,Coffee,366,14.274,False
2024-07-21,Ben Thanh,District 1,Tea,256,11.52,False
2024-07-21,Ben Thanh,District 1,Smoothie,83,4.565,False
2024-07-21,Ben Thanh,District 1,Bakery,146,4.672,False
2024-07-22,Ben Thanh,District 1,Coffee,301,11.739,False
2024-07-22,Ben Thanh,District 1,Tea,186,8.37,False
2024-07-22,Ben Thanh,District 1,Smoothie,75,4.125,False
2024-07-22,Ben Thanh,District 1,Bakery,103,3.296,False
2024-07-23,Ben Thanh,District 1,Coffee,288,11.232,False
2024-07-23,Ben Thanh,District 1,Tea,192,8.64,False
2024-07-23,Ben Thanh,District 1,Smoothie,84,4.62,False
2024-07-23,Ben Thanh,District 1,Bakery,119,3.808,False
2024-07-24,Ben Thanh,District 1,Coffee,295,11.505,False
2024-07-24,Ben Thanh,District 1,Tea,175,7.875,False
2024-07-24,Ben Thanh,District 1,Smoothie,68,3.74,False
2024-07-24,Ben Thanh,District 1,Bakery,110,3.52,False
2024-07-25,Ben Thanh,District 1,Coffee,280,10.92,False
2024-07-25,Ben Thanh,District 1,Tea,217,9.765,False
2024-07-25,Ben Thanh,District 1,Smoothie,77,4.235,False
2024-07-25,Ben Thanh,District 1,Bakery,125,4.0,False
2024-07-26,Ben Thanh,District 1,Coffee,302,11.778,False
2024-07-26,Ben Thanh,District 1,Tea,189,8.505,False
2024-07-26,Ben Thanh,District 1,Smoothie,83,4.565,False
2024-07-26,Ben Thanh,District 1,Bakery,120,3.84,False
2024-07-27,Ben Thanh,District 1,Coffee,369,14.391,False
2024-07-27,Ben Thanh,District 1,Tea,243,10.935,False
2024-07-27,Ben Thanh,District 1,Smoothie,85,4.675,False
2024-07-27,Ben Thanh,District 1,Bakery,140,4.48,False
2024-07-28,Ben Thanh,District 1,Coffee,384,14.976,False
2024-07-28,Ben Thanh,District 1,Tea,252,11.34,False
2024-07-28,Ben Thanh,District 1,Smoothie,107,5.885,False
2024-07-28,Ben Thanh,District 1,Bakery,145,4.64,False
2024-07-29,Ben Thanh,District 1,Coffee,283,11.037,False
2024-07-29,Ben Thanh,District 1,Tea,164,7.38,False
2024-07-29,Ben Thanh,District 1,Smoothie,72,3.96,False
2024-07-29,Ben Thanh,District 1,Bakery,112,3.584,False
2024-07-30,Ben Thanh,District 1,Coffee,285,11.115,False
2024-07-30,Ben Thanh,District 1,Tea,202,9.09,False
2024-07-30,Ben Thanh,District 1,Smoothie,86,4.73,False
2024-07-30,Ben Thanh,District 1,Bakery,138,4.416,False
2024-07-31,Ben Thanh,District 1,Coffee,272,10.608,False
2024-07-31,Ben Thanh,District 1,Tea,186,8.37,False
2024-07-31,Ben Thanh,District 1,Smoothie,66,3.63,False
2024-07-31,Ben Thanh,District 1,Bakery,88,2.816,False
2024-08-01,Ben Thanh,District 1,Coffee,326,10.807,True
2024-08-01,Ben Thanh,District 1,Tea,216,8.262,True
2024-08-01,Ben Thanh,District 1,Smoothie,83,3.88,True
2024-08-01,Ben Thanh,District 1,Bakery,137,3.726,True
2024-08-02,Ben Thanh,District 1,Coffee,358,11.868,True
2024-08-02,Ben Thanh,District 1,Tea,218,8.338,True
2024-08-02,Ben Thanh,District 1,Smoothie,99,4.628,True
2024-08-02,Ben Thanh,District 1,Bakery,134,3.645,True
2024-08-03,Ben Thanh,District 1,Coffee,428,14.188,True
2024-08-03,Ben Thanh,District 1,Tea,250,9.562,True
2024-08-03,Ben Thanh,District 1,Smoothie,134,6.264,True
2024-08-03,Ben Thanh,District 1,Bakery,170,4.624,True
2024-08-04,Ben Thanh,District 1,Coffee,358,13.962,False
2024-08-04,Ben Thanh,District 1,Tea,239,10.755,False
2024-08-04,Ben Thanh,District 1,Smoothie,94,5.17,False
2024-08-04,Ben Thanh,District 1,Bakery,127,4.064,False
2024-08-05,Ben Thanh,District 1,Coffee,294,11.466,False
2024-08-05,Ben Thanh,District 1,Tea,179,8.055,False
2024-08-05,Ben Thanh,District 1,Smoothie,65,3.575,False
2024-08-05,Ben Thanh,District 1,Bakery,136,4.352,False
2024-08-06,Ben Thanh,District 1,Coffee,297,11.583,False
2024-08-06,Ben Thanh,District 1,Tea,183,8.235,False
2024-08-06,Ben Thanh,District 1,Smoothie,70,3.85,False
2024-08-06,Ben Thanh,District 1,Bakery,126,4.032,False
2024-08-07,Ben Thanh,District 1,Coffee,285,11.115,False
2024-08-07,Ben Thanh,District 1,Tea,182,8.19,False
2024-08-07,Ben Thanh,District 1,Smoothie,71,3.905,False
2024-08-07,Ben Thanh,District 1,Bakery,110,3.52,False
2024-08-08,Ben Thanh,District 1,Coffee,306,11.934,False
2024-08-08,Ben Thanh,District 1,Tea,194,8.73,False
2024-08-08,Ben Thanh,District 1,Smoothie,73,4.015,False
2024-08-08,Ben Thanh,District 1,Bakery,120,3.84,False
2024-08-09,Ben Thanh,District 1,Coffee,290,11.31,False
2024-08-09,Ben Thanh,District 1,Tea,189,8.505,False
2024-08-09,Ben Thanh,District 1,Smoothie,90,4.95,False
2024-08-09,Ben Thanh,District 1,Bakery,99,3.168,False
2024-08-10,Ben Thanh,District 1,Coffee,386,15.054,False
2024-08-10,Ben Thanh,District 1,Tea,238,10.71,False
2024-08-10,Ben Thanh,District 1,Smoothie,91,5.005,False
2024-08-10,Ben Thanh,District 1,Bakery,142,4.544,False
2024-08-11,Ben Thanh,District 1,Coffee,351,13.689,False
2024-08-11,Ben Thanh,District 1,Tea,222,9.99,False
2024-08-11,Ben Thanh,District 1,Smoothie,81,4.455,False
2024-08-11,Ben Thanh,District 1,Bakery,133,4.256,False
2024-08-12,Ben Thanh,District 1,Coffee,286,11.154,False
2024-08-12,Ben Thanh,District 1,Tea,182,8.19,False
2024-08-12,Ben Thanh,District 1,Smoothie,72,3.96,False
2024-08-12,Ben Thanh,District 1,Bakery,96,3.072,False
2024-08-13,Ben Thanh,District 1,Coffee,281,10.959,False
2024-08-13,Ben Thanh,District 1,Tea,187,8.415,False
2024-08-13,Ben Thanh,District 1,Smoothie,71,3.905,False
2024-08-13,Ben Thanh,District 1,Bakery,122,3.904,False
2024-08-14,Ben Thanh,District 1,Coffee,323,12.597,False
2024-08-14,Ben Thanh,District 1,Tea,198,8.91,False
2024-08-14,Ben Thanh,District 1,Smoothie,71,3.905,False
2024-08-14,Ben Thanh,District 1,Bakery,122,3.904,False
2024-08-15,Ben Thanh,District 1,Coffee,305,11.895,False
2024-08-15,Ben Thanh,District 1,Tea,198,8.91,False
2024-08-15,Ben Thanh,District 1,Smoothie,79,4.345,False
2024-08-15,Ben Thanh,District 1,Bakery,97,3.104,False
2024-08-16,Ben Thanh,District 1,Coffee,293,11.427,False
2024-08-16,Ben Thanh,District 1,Tea,185,8.325,False
2024-08-16,Ben Thanh,District 1,Smoothie,74,4.07,False
2024-08-16,Ben Thanh,District 1,Bakery,128,4.096,False
2024-08-17,Ben Thanh,District 1,Coffee,400,15.6,False
2024-08-17,Ben Thanh,District 1,Tea,226,10.17,False
2024-08-17,Ben Thanh,District 1,Smoothie,93,5.115,False
2024-08-17,Ben Thanh,District 1,Bakery,142,4.544,False
2024-08-18,Ben Thanh,District 1,Coffee,363,14.157,False
2024-08-18,Ben Thanh,District 1,Tea,230,10.35,False
2024-08-18,Ben Thanh,District 1,Smoothie,107,5.885,False
2024-08-18,Ben Thanh,District 1,Bakery,142,4.544,False
2024-08-19,Ben Thanh,District 1,Coffee,315,12.285,False
2024-08-19,Ben Thanh,District 1,Tea,177,7.965,False
2024-08-19,Ben Thanh,District 1,Smoothie,64,3.52,False
2024-08-19,Ben Thanh,District 1,Bakery,120,3.84,False
2024-08-20,Ben Thanh,District 1,Coffee,302,11.778,False
2024-08-20,Ben Thanh,District 1,Tea,161,7.245,False
2024-08-20,Ben Thanh,District 1,Smoothie,70,3.85,False
2024-08-20,Ben Thanh,District 1,Bakery,99,3.168,False
2024-08-21,Ben Thanh,District 1,Coffee,323,12.597,False
2024-08-21,Ben Thanh,District 1,Tea,180,8.1,False
2024-08-21,Ben Thanh,District 1,Smoothie,82,4.51,False
2024-08-21,Ben Thanh,District 1,Bakery,101,3.232,False
2024-08-22,Ben Thanh,District 1,Coffee,320,12.48,False
2024-08-22,Ben Thanh,District 1,Tea,211,9.495,False
2024-08-22,Ben Thanh,District 1,Smoothie,96,5.28,False
2024-08-22,Ben Thanh,District 1,Bakery,109,3.488,False
2024-08-23,Ben Thanh,District 1,Coffee,294,11.466,False
2024-08-23,Ben Thanh,District 1,Tea,208,9.36,False
2024-08-23,Ben Thanh,District 1,Smoothie,82,4.51,False
2024-08-23,Ben Thanh,District 1,Bakery,108,3.456,False
2024-08-24,Ben Thanh,District 1,Coffee,342,13.338,False
2024-08-24,Ben Thanh,District 1,Tea,246,11.07,False
2024-08-24,Ben Thanh,District 1,Smoothie,83,4.565,False
2024-08-24,Ben Thanh,District 1,Bakery,137,4.384,False
2024-08-25,Ben Thanh,District 1,Coffee,361,14.079,False
2024-08-25,Ben Thanh,District 1,Tea,228,10.26,False
2024-08-25,Ben Thanh,District 1,Smoothie,92,5.06,False
2024-08-25,Ben Thanh,District 1,Bakery,133,4.256,False
2024-08-26,Ben Thanh,District 1,Coffee,292,11.388,False
2024-08-26,Ben Thanh,District 1,Tea,189,8.505,False
2024-08-26,Ben Thanh,District 1,Smoothie,73,4.015,False
2024-08-26,Ben Thanh,District 1,Bakery,131,4.192,False
2024-08-27,Ben Thanh,District 1,Coffee,263,10.257,False
2024-08-27,Ben Thanh,District 1,Tea,186,8.37,False
2024-08-27,Ben Thanh,District 1,Smoothie,78,4.29,False
2024-08-27,Ben Thanh,District 1,Bakery,122,3.904,False
2024-08-28,Ben Thanh,District 1,Coffee,310,12.09,False
2024-08-28,Ben Thanh,District 1,Tea,192,8.64,False
2024-08-28,Ben Thanh,District 1,Smoothie,88,4.84,False
2024-08-28,Ben Thanh,District 1,Bakery,115,3.68,False
2024-08-29,Ben Thanh,District 1,Coffee,320,12.48,False
2024-08-29,Ben Thanh,District 1,Tea,184,8.28,False
2024-08-29,Ben Thanh,District 1,Smoothie,72,3.96,False
2024-08-29,Ben Thanh,District 1,Bakery,103,3.296,False
2024-08-30,Ben Thanh,District 1,Coffee,323,12.597,False
2024-08-30,Ben Thanh,District 1,Tea,174,7.83,False
2024-08-30,Ben Thanh,District 1,Smoothie,79,4.345,False
2024-08-30,Ben Thanh,District 1,Bakery,107,3.424,False
2024-08-31,Ben Thanh,District 1,Coffee,386,15.054,False
2024-08-31,Ben Thanh,District 1,Tea,268,12.06,False
2024-08-31,Ben Thanh,District 1,Smoothie,95,5.225,False
2024-08-31,Ben Thanh,District 1,Bakery,140,4.48,False
2024-09-01,Ben Thanh,District 1,Coffee,441,14.619,True
2024-09-01,Ben Thanh,District 1,Tea,281,10.748,True
2024-09-01,Ben Thanh,District 1,Smoothie,109,5.096,True
2024-09-01,Ben Thanh,District 1,Bakery,162,4.406,True
2024-09-02,Ben Thanh,District 1,Coffee,332,11.006,True
2024-09-02,Ben Thanh,District 1,Tea,221,8.453,True
2024-09-02,Ben Thanh,District 1,Smoothie,63,2.945,True
2024-09-02,Ben Thanh,District 1,Bakery,131,3.563,True
2024-09-03,Ben Thanh,District 1,Coffee,335,11.105,True
2024-09-03,Ben Thanh,District 1,Tea,224,8.568,True
2024-09-03,Ben Thanh,District 1,Smoothie,93,4.348,True
2024-09-03,Ben Thanh,District 1,Bakery,147,3.998,True
2024-09-04,Ben Thanh,District 1,Coffee,295,11.505,False
2024-09-04,Ben Thanh,District 1,Tea,205,9.225,False
2024-09-04,Ben Thanh,District 1,Smoothie,78,4.29,False
2024-09-04,Ben Thanh,District 1,Bakery,102,3.264,False
2024-09-05,Ben Thanh,District 1,Coffee,310,12.09,False
2024-09-05,Ben Thanh,District 1,Tea,197,8.865,False
2024-09-05,Ben Thanh,District 1,Smoothie,62,3.41,False
2024-09-05,Ben Thanh,District 1,Bakery,105,3.36,False
2024-09-06,Ben Thanh,District 1,Coffee,295,11.505,False
2024-09-06,Ben Thanh,District 1,Tea,187,8.415,False
2024-09-06,Ben Thanh,District 1,Smoothie,86,4.73,False
2024-09-06,Ben Thanh,District 1,Bakery,113,3.616,False
2024-09-07,Ben Thanh,District 1,Coffee,383,14.937,False
2024-09-07,Ben Thanh,District 1,Tea,224,10.08,False
2024-09-07,Ben Thanh,District 1,Smoothie,92,5.06,False
2024-09-07,Ben Thanh,District 1,Bakery,141,4.512,False
2024-09-08,Ben Thanh,District 1,Coffee,362,14.118,False
2024-09-08,Ben Thanh,District 1,Tea,229,10.305,False
2024-09-08,Ben Thanh,District 1,Smoothie,109,5.995,False
2024-09-08,Ben Thanh,District 1,Bakery,127,4.064,False
2024-09-09,Ben Thanh,District 1,Coffee,319,12.441,False
2024-09-09,Ben Thanh,District 1,Tea,171,7.695,False
2024-09-09,Ben Thanh,District 1,Smoothie,84,4.62,False
2024-09-09,Ben Thanh,District 1,Bakery,117,3.744,False
2024-09-10,Ben Thanh,District 1,Coffee,292,11.388,False
2024-09-10,Ben Thanh,District 1,Tea,178,8.01,False
2024-09-10,Ben Thanh,District 1,Smoothie,65,3.575,False
2024-09-10,Ben Thanh,District 1,Bakery,117,3.744,False
2024-09-11,Ben Thanh,District 1,Coffee,312,12.168,False
2024-09-11,Ben Thanh,District 1,Tea,201,9.045,False
2024-09-11,Ben Thanh,District 1,Smoothie,78,4.29,False
2024-09-11,Ben Thanh,District 1,Bakery,108,3.456,False
2024-09-12,Ben Thanh,District 1,Coffee,295,11.505,False
2024-09-12,Ben Thanh,District 1,Tea,187,8.415,False
2024-09-12,Ben Thanh,District 1,Smoothie,70,3.85,False
2024-09-12,Ben Thanh,District 1,Bakery,99,3.168,False
2024-09-13,Ben Thanh,District 1,Coffee,313,12.207,False
2024-09-13,Ben Thanh,District 1,Tea,209,9.405,False
2024-09-13,Ben Thanh,District 1,Smoothie,60,3.3,False
2024-09-13,Ben Thanh,District 1,Bakery,118,3.776,False
2024-09-14,Ben Thanh,District 1,Coffee,395,15.405,False
2024-09-14,Ben Thanh,District 1,Tea,239,10.755,False
2024-09-14,Ben Thanh,District 1,Smoothie,99,5.445,False
2024-09-14,Ben Thanh,District 1,Bakery,140,4.48,False
2024-09-15,Ben Thanh,District 1,Coffee,356,13.884,False
2024-09-15,Ben Thanh,District 1,Tea,234,10.53,False
2024-09-15,Ben Thanh,District 1,Smoothie,74,4.07,False
2024-09-15,Ben Thanh,District 1,Bakery,145,4.64,False
2024-09-16,Ben Thanh,District 1,Coffee,307,11.973,False
2024-09-16,Ben Thanh,District 1,Tea,194,8.73,False
2024-09-16,Ben Thanh,District 1,Smoothie,80,4.4,False
2024-09-16,Ben Thanh,District 1,Bakery,117,3.744,False
2024-09-17,Ben Thanh,District 1,Coffee,287,11.193,False
2024-09-17,Ben Thanh,District 1,Tea,206,9.27,False
2024-09-17,Ben Thanh,District 1,Smoothie,63,3.465,False
2024-09-17,Ben Thanh,District 1,Bakery,105,3.36,False
2024-09-18,Ben Thanh,District 1,Coffee,318,12.402,False
2024-09-18,Ben Thanh,District 1,Tea,192,8.64,False
2024-09-18,Ben Thanh,District 1,Smoothie,76,4.18,False
2024-09-18,Ben Thanh,District 1,Bakery,121,3.872,False
2024-09-19,Ben Thanh,District 1,Coffee,293,11.427,False
2024-09-19,Ben Thanh,District 1,Tea,171,7.695,False
2024-09-19,Ben Thanh,District 1,Smoothie,74,4.07,False
2024-09-19,Ben Thanh,District 1,Bakery,114,3.648,False
2024-09-20,Ben Thanh,District 1,Coffee,274,10.686,False
2024-09-20,Ben Thanh,District 1,Tea,202,9.09,False
2024-09-20,Ben Thanh,District 1,Smoothie,84,4.62,False
2024-09-20,Ben Thanh,District 1,Bakery,99,3.168,False
2024-09-21,Ben Thanh,District 1,Coffee,424,16.536,False
2024-09-21,Ben Thanh,District 1,Tea,257,11.565,False
2024-09-21,Ben Thanh,District 1,Smoothie,98,5.39,False
2024-09-21,Ben Thanh,District 1,Bakery,155,4.96,False
2024-09-22,Ben Thanh,District 1,Coffee,361,14.079,False
2024-09-22,Ben Thanh,District 1,Tea,237,10.665,False
2024-09-22,Ben Thanh,District 1,Smoothie,95,5.225,False
2024-09-22,Ben Thanh,District 1,Bakery,126,4.032,False
2024-09-23,Ben Thanh,District 1,Coffee,285,11.115,False
2024-09-23,Ben Thanh,District 1,Tea,172,7.74,False
2024-09-23,Ben Thanh,District 1,Smoothie,78,4.29,False
2024-09-23,Ben Thanh,District 1,Bakery,102,3.264,False
2024-09-24,Ben Thanh,District 1,Coffee,293,11.427,False
2024-09-24,Ben Thanh,District 1,Tea,211,9.495,False
2024-09-24,Ben Thanh,District 1,Smoothie,87,4.785,False
2024-09-24,Ben Thanh,District 1,Bakery,118,3.776,False
2024-09-25,Ben Thanh,District 1,Coffee,310,12.09,False
2024-09-25,Ben Thanh,District 1,Tea,223,10.035,False
2024-09-25,Ben Thanh,District 1,Smoothie,85,4.675,False
2024-09-25,Ben Thanh,District 1,Bakery,114,3.648,False
2024-09-26,Ben Thanh,District 1,Coffee,292,11.388,False
2024-09-26,Ben Thanh,District 1,Tea,190,8.55,False
2024-09-26,Ben Thanh,District 1,Smoothie,104,5.72,False
2024-09-26,Ben Thanh,District 1,Bakery,108,3.456,False
2024-09-27,Ben Thanh,District 1,Coffee,302,11.778,False
2024-09-27,Ben Thanh,District 1,Tea,194,8.73,False
2024-09-27,Ben Thanh,District 1,Smoothie,71,3.905,False
2024-09-27,Ben Thanh,District 1,Bakery,113,3.616,False
2024-09-28,Ben Thanh,District 1,Coffee,382,14.898,False
2024-09-28,Ben Thanh,District 1,Tea,247,11.115,False
2024-09-28,Ben Thanh,District 1,Smoothie,99,5.445,False
2024-09-28,Ben Thanh,District 1,Bakery,113,3.616,False
2024-09-29,Ben Thanh,District 1,Coffee,390,15.21,False
2024-09-29,Ben Thanh,District 1,Tea,238,10.71,False
2024-09-29,Ben Thanh,District 1,Smoothie,102,5.61,False
2024-09-29,Ben Thanh,District 1,Bakery,127,4.064,False
2024-09-30,Ben Thanh,District 1,Coffee,270,10.53,False
2024-09-30,Ben Thanh,District 1,Tea,182,8.19,False
2024-09-30,Ben Thanh,District 1,Smoothie,76,4.18,False
2024-09-30,Ben Thanh,District 1,Bakery,119,3.808,False
2024-10-01,Ben Thanh,District 1,Coffee,343,11.37,True
2024-10-01,Ben Thanh,District 1,Tea,198,7.574,True
2024-10-01,Ben Thanh,District 1,Smoothie,89,4.161,True
2024-10-01,Ben Thanh,District 1,Bakery,133,3.618,True
2024-10-02,Ben Thanh,District 1,Coffee,297,9.846,True
2024-10-02,Ben Thanh,District 1,Tea,228,8.721,True
2024-10-02,Ben Thanh,District 1,Smoothie,96,4.488,True
2024-10-02,Ben Thanh,District 1,Bakery,151,4.107,True
2024-10-03,Ben Thanh,District 1,Coffee,354,11.735,True
2024-10-03,Ben Thanh,District 1,Tea,212,8.109,True
2024-10-03,Ben Thanh,District 1,Smoothie,82,3.833,True
2024-10-03,Ben Thanh,District 1,Bakery,137,3.726,True
2024-10-04,Ben Thanh,District 1,Coffee,303,11.817,False
2024-10-04,Ben Thanh,District 1,Tea,180,8.1,False
2024-10-04,Ben Thanh,District 1,Smoothie,62,3.41,False
2024-10-04,Ben Thanh,District 1,Bakery,130,4.16,False
2024-10-05,Ben Thanh,District 1,Coffee,377,14.703,False
2024-10-05,Ben Thanh,District 1,Tea,234,10.53,False
2024-10-05,Ben Thanh,District 1,Smoothie,107,5.885,False
2024-10-05,Ben Thanh,District 1,Bakery,151,4.832,False
2024-10-06,Ben Thanh,District 1,Coffee,380,14.82,False
2024-10-06,Ben Thanh,District 1,Tea,226,10.17,False
2024-10-06,Ben Thanh,District 1,Smoothie,103,5.665,False
2024-10-06,Ben Thanh,District 1,Bakery,149,4.768,False
2024-10-07,Ben Thanh,District 1,Coffee,318,12.402,False
2024-10-07,Ben Thanh,District 1,Tea,187,8.415,False
2024-10-07,Ben Thanh,District 1,Smoothie,74,4.07,False
2024-10-07,Ben Thanh,District 1,Bakery,99,3.168,False
2024-10-08,Ben Thanh,District 1,Coffee,320,12.48,False
2024-10-08,Ben Thanh,District 1,Tea,185,8.325,False
2024-10-08,Ben Thanh,District 1,Smoothie,77,4.235,False
2024-10-08,Ben Thanh,District 1,Bakery,130,4.16,False
2024-10-09,Ben Thanh,District 1,Coffee,304,11.856,False
2024-10-09,Ben Thanh,District 1,Tea,194,8.73,False
2024-10-09,Ben Thanh,District 1,Smoothie,75,4.125,False
2024-10-09,Ben Thanh,District 1,Bakery,117,3.744,False
2024-10-10,Ben Thanh,District 1,Coffee,299,11.661,False
2024-10-10,Ben Thanh,District 1,Tea,199,8.955,False
2024-10-10,Ben Thanh,District 1,Smoothie,67,3.685,False
2024-10-10,Ben Thanh,District 1,Bakery,108,3.456,False
2024-10-11,Ben Thanh,District 1,Coffee,287,11.193,False
2024-10-11,Ben Thanh,District 1,Tea,179,8.055,False
2024-10-11,Ben Thanh,District 1,Smoothie,97,5.335,False
2024-10-11,Ben Thanh,District 1,Bakery,129,4.128,False
2024-10-12,Ben Thanh,District 1,Coffee,396,15.444,False
2024-10-12,Ben Thanh,District 1,Tea,232,10.44,False
2024-10-12,Ben Thanh,District 1,Smoothie,102,5.61,False
2024-10-12,Ben Thanh,District 1,Bakery,139,4.448,False
2024-10-13,Ben Thanh,District 1,Coffee,388,15.132,False
2024-10-13,Ben Thanh,District 1,Tea,259,11.655,False
2024-10-13,Ben Thanh,District 1,Smoothie,86,4.73,False
2024-10-13,Ben Thanh,District 1,Bakery,134,4.288,False
2024-10-14,Ben Thanh,District 1,Coffee,323,12.597,False
2024-10-14,Ben Thanh,District 1,Tea,190,8.55,False
2024-10-14,Ben Thanh,District 1,Smoothie,74,4.07,False
2024-10-14,Ben Thanh,District 1,Bakery,103,3.296,False
2024-10-15,Ben Thanh,District 1,Coffee,317,12.363,False
2024-10-15,Ben Thanh,District 1,Tea,185,8.325,False
2024-10-15,Ben Thanh,District 1,Smoothie,79,4.345,False
2024-10-15,Ben Thanh,District 1,Bakery,107,3.424,False
2024-10-16,Ben Thanh,District 1,Coffee,283,11.037,False
2024-10-16,Ben Thanh,District 1,Tea,198,8.91,False
2024-10-16,Ben Thanh,District 1,Smoothie,68,3.74,False
2024-10-16,Ben Thanh,District 1,Bakery,110,3.52,False
2024-10-17,Ben Thanh,District 1,Coffee,285,11.115,False
2024-10-17,Ben Thanh,District 1,Tea,189,8.505,False
2024-10-17,Ben Thanh,District 1,Smoothie,70,3.85,False
2024-10-17,Ben Thanh,District 1,Bakery,127,4.064,False
2024-10-18,Ben Thanh,District 1,Coffee,325,12.675,False
2024-10-18,Ben Thanh,District 1,Tea,207,9.315,False
2024-10-18,Ben Thanh,District 1,Smoothie,82,4.51,False
2024-10-18,Ben Thanh,District 1,Bakery,120,3.84,False
2024-10-19,Ben Thanh,District 1,Coffee,347,13.533,False
2024-10-19,Ben Thanh,District 1,Tea,209,9.405,False
2024-10-19,Ben Thanh,District 1,Smoothie,95,5.225,False
2024-10-19,Ben Thanh,District 1,Bakery,130,4.16,False
2024-10-20,Ben Thanh,District 1,Coffee,404,15.756,False
2024-10-20,Ben Thanh,District 1,Tea,249,11.205,False
2024-10-20,Ben Thanh,District 1,Smoothie,101,5.555,False
2024-10-20,Ben Thanh,District 1,Bakery,135,4.32,False
2024-10-21,Ben Thanh,District 1,Coffee,277,10.803,False
2024-10-21,Ben Thanh,District 1,Tea,195,8.775,False
2024-10-21,Ben Thanh,District 1,Smoothie,70,3.85,False
2024-10-21,Ben Thanh,District 1,Bakery,121,3.872,False
2024-10-22,Ben Thanh,District 1,Coffee,335,13.065,False
2024-10-22,Ben Thanh,District 1,Tea,205,9.225,False
2024-10-22,Ben Thanh,District 1,Smoothie,88,4.84,False
2024-10-22,Ben Thanh,District 1,Bakery,119,3.808,False
2024-10-23,Ben Thanh,District 1,Coffee,311,12.129,False
2024-10-23,Ben Thanh,District 1,Tea,162,7.29,False
2024-10-23,Ben Thanh,District 1,Smoothie,65,3.575,False
2024-10-23,Ben Thanh,District 1,Bakery,109,3.488,False
2024-10-24,Ben Thanh,District 1,Coffee,284,11.076,False
2024-10-24,Ben Thanh,District 1,Tea,197,8.865,False
2024-10-24,Ben Thanh,District 1,Smoothie,72,3.96,False
2024-10-24,Ben Thanh,District 1,Bakery,113,3.616,False
2024-10-25,Ben Thanh,District 1,Coffee,291,11.349,False
2024-10-25,Ben Thanh,District 1,Tea,188,8.46,False
2024-10-25,Ben Thanh,District 1,Smoothie,86,4.73,False
2024-10-25,Ben Thanh,District 1,Bakery,105,3.36,False
2024-10-26,Ben Thanh,District 1,Coffee,375,14.625,False
2024-10-26,Ben Thanh,District 1,Tea,245,11.025,False
2024-10-26,Ben Thanh,District 1,Smoothie,101,5.555,False
2024-10-26,Ben Thanh,District 1,Bakery,139,4.448,False
2024-10-27,Ben Thanh,District 1,Coffee,395,15.405,False
2024-10-27,Ben Thanh,District 1,Tea,234,10.53,False
2024-10-27,Ben Thanh,District 1,Smoothie,88,4.84,False
2024-10-27,Ben Thanh,District 1,Bakery,134,4.288,False
2024-10-28,Ben Thanh,District 1,Coffee,316,12.324,False
2024-10-28,Ben Thanh,District 1,Tea,185,8.325,False
2024-10-28,Ben Thanh,District 1,Smoothie,87,4.785,False
2024-10-28,Ben Thanh,District 1,Bakery,120,3.84,False
2024-10-29,Ben Thanh,District 1,Coffee,315,12.285,False
2024-10-29,Ben Thanh,District 1,Tea,186,8.37,False
2024-10-29,Ben Thanh,District 1,Smoothie,73,4.015,False
2024-10-29,Ben Thanh,District 1,Bakery,112,3.584,False
2024-10-30,Ben Thanh,District 1,Coffee,297,11.583,False
2024-10-30,Ben Thanh,District 1,Tea,215,9.675,False
2024-10-30,Ben Thanh,District 1,Smoothie,81,4.455,False
2024-10-30,Ben Thanh,District 1,Bakery,100,3.2,False
2024-10-31,Ben Thanh,District 1,Coffee,290,11.31,False
2024-10-31,Ben Thanh,District 1,Tea,191,8.595,False
2024-10-31,Ben Thanh,District 1,Smoothie,68,3.74,False
2024-10-31,Ben Thanh,District 1,Bakery,117,3.744,False
2024-11-01,Ben Thanh,District 1,Coffee,386,12.796,True
2024-11-01,Ben Thanh,District 1,Tea,197,7.535,True
2024-11-01,Ben Thanh,District 1,Smoothie,102,4.769,True
2024-11-01,Ben Thanh,District 1,Bakery,150,4.08,True
2024-11-02,Ben Thanh,District 1,Coffee,472,15.647,True
2024-11-02,Ben Thanh,District 1,Tea,268,10.251,True
2024-11-02,Ben Thanh,District 1,Smoothie,156,7.293,True
2024-11-02,Ben Thanh,District 1,Bakery,206,5.603,True
2024-11-03,Ben Thanh,District 1,Coffee,493,16.343,True
2024-11-03,Ben Thanh,District 1,Tea,275,10.519,True
2024-11-03,Ben Thanh,District 1,Smoothie,122,5.704,True
2024-11-03,Ben Thanh,District 1,Bakery,172,4.678,True
2024-11-04,Ben Thanh,District 1,Coffee,305,11.895,False
2024-11-04,Ben Thanh,District 1,Tea,158,7.11,False
2024-11-04,Ben Thanh,District 1,Smoothie,89,4.895,False
2024-11-04,Ben Thanh,District 1,Bakery,119,3.808,False
2024-11-05,Ben Thanh,District 1,Coffee,330,12.87,False
2024-11-05,Ben Thanh,District 1,Tea,188,8.46,False
2024-11-05,Ben Thanh,District 1,Smoothie,88,4.84,False
2024-11-05,Ben Thanh,District 1,Bakery,118,3.776,False
2024-11-06,Ben Thanh,District 1,Coffee,311,12.129,False
2024-11-06,Ben Thanh,District 1,Tea,200,9.0,False
2024-11-06,Ben Thanh,District 1,Smoothie,78,4.29,False
2024-11-06,Ben Thanh,District 1,Bakery,118,3.776,False
2024-11-07,Ben Thanh,District 1,Coffee,304,11.856,False
2024-11-07,Ben Thanh,District 1,Tea,186,8.37,False
2024-11-07,Ben Thanh,District 1,Smoothie,73,4.015,False
2024-11-07,Ben Thanh,District 1,Bakery,115,3.68,False
2024-11-08,Ben Thanh,District 1,Coffee,298,11.622,False
2024-11-08,Ben Thanh,District 1,Tea,176,7.92,False
2024-11-08,Ben Thanh,District 1,Smoothie,79,4.345,False
2024-11-08,Ben Thanh,District 1,Bakery,126,4.032,False
2024-11-09,Ben Thanh,District 1,Coffee,405,15.795,False
2024-11-09,Ben Thanh,District 1,Tea,233,10.485,False
2024-11-09,Ben Thanh,District 1,Smoothie,109,5.995,False
2024-11-09,Ben Thanh,District 1,Bakery,163,5.216,False
2024-11-10,Ben Thanh,District 1,Coffee,413,16.107,False
2024-11-10,Ben Thanh,District 1,Tea,209,9.405,False
2024-11-10,Ben Thanh,District 1,Smoothie,85,4.675,False
2024-11-10,Ben Thanh,District 1,Bakery,130,4.16,False
2024-11-11,Ben Thanh,District 1,Coffee,305,11.895,False
2024-11-11,Ben Thanh,District 1,Tea,199,8.955,False
2024-11-11,Ben Thanh,District 1,Smoothie,78,4.29,False
2024-11-11,Ben Thanh,District 1,Bakery,126,4.032,False
2024-11-12,Ben Thanh,District 1,Coffee,334,13.026,False
2024-11-12,Ben Thanh,District 1,Tea,201,9.045,False
2024-11-12,Ben Thanh,District 1,Smoothie,76,4.18,False
2024-11-12,Ben Thanh,District 1,Bakery,105,3.36,False
2024-11-13,Ben Thanh,District 1,Coffee,330,12.87,False
2024-11-13,Ben Thanh,District 1,Tea,162,7.29,False
2024-11-13,Ben Thanh,District 1,Smoothie,78,4.29,False
2024-11-13,Ben Thanh,District 1,Bakery,133,4.256,False
2024-11-14,Ben Thanh,District 1,Coffee,314,12.246,False
2024-11-14,Ben Thanh,District 1,Tea,216,9.72,False
2024-11-14,Ben Thanh,District 1,Smoothie,79,4.345,False
2024-11-14,Ben Thanh,District 1,Bakery,121,3.872,False
2024-11-15,Ben Thanh,District 1,Coffee,324,12.636,False
2024-11-15,Ben Thanh,District 1,Tea,179,8.055,False
2024-11-15,Ben Thanh,District 1,Smoothie,77,4.235,False
2024-11-15,Ben Thanh,District 1,Bakery,127,4.064,False
2024-11-16,Ben Thanh,District 1,Coffee,426,16.614,False
2024-11-16,Ben Thanh,District 1,Tea,221,9.945,False
2024-11-16,Ben Thanh,District 1,Smoothie,108,5.94,False
2024-11-16,Ben Thanh,District 1,Bakery,142,4.544,False
2024-11-17,Ben Thanh,District 1,Coffee,400,15.6,False
2024-11-17,Ben Thanh,District 1,Tea,245,11.025,False
2024-11-17,Ben Thanh,District 1,Smoothie,104,5.72,False
2024-11-17,Ben Thanh,District 1,Bakery,176,5.632,False
2024-11-18,Ben Thanh,District 1,Coffee,351,13.689,False
2024-11-18,Ben Thanh,District 1,Tea,192,8.64,False
2024-11-18,Ben Thanh,District 1,Smoothie,87,4.785,False
2024-11-18,Ben Thanh,District 1,Bakery,128,4.096,False
2024-11-19,Ben Thanh,District 1,Coffee,310,12.09,False
2024-11-19,Ben Thanh,District 1,Tea,190,8.55,False
2024-11-19,Ben Thanh,District 1,Smoothie,80,4.4,False
2024-11-19,Ben Thanh,District 1,Bakery,121,3.872,False
2024-11-20,Ben Thanh,District 1,Coffee,339,13.221,False
2024-11-20,Ben Thanh,District 1,Tea,200,9.0,False
2024-11-20,Ben Thanh,District 1,Smoothie,79,4.345,False
2024-11-20,Ben Thanh,District 1,Bakery,128,4.096,False
2024-11-21,Ben Thanh,District 1,Coffee,310,12.09,False
2024-11-21,Ben Thanh,District 1,Tea,193,8.685,False
2024-11-21,Ben Thanh,District 1,Smoothie,91,5.005,False
2024-11-21,Ben Thanh,District 1,Bakery,114,3.648,False
2024-11-22,Ben Thanh,District 1,Coffee,329,12.831,False
2024-11-22,Ben Thanh,District 1,Tea,185,8.325,False
2024-11-22,Ben Thanh,District 1,Smoothie,68,3.74,False
2024-11-22,Ben Thanh,District 1,Bakery,116,3.712,False
2024-11-23,Ben Thanh,District 1,Coffee,455,17.745,False
2024-11-23,Ben Thanh,District 1,Tea,239,10.755,False
2024-11-23,Ben Thanh,District 1,Smoothie,100,5.5,False
2024-11-23,Ben Thanh,District 1,Bakery,148,4.736,False
2024-11-24,Ben Thanh,District 1,Coffee,421,16.419,False
2024-11-24,Ben Thanh,District 1,Tea,231,10.395,False
2024-11-24,Ben Thanh,District 1,Smoothie,93,5.115,False
2024-11-24,Ben Thanh,District 1,Bakery,147,4.704,False
2024-11-25,Ben Thanh,District 1,Coffee,306,11.934,False
2024-11-25,Ben Thanh,District 1,Tea,180,8.1,False
2024-11-25,Ben Thanh,District 1,Smoothie,75,4.125,False
2024-11-25,Ben Thanh,District 1,Bakery,126,4.032,False
2024-11-26,Ben Thanh,District 1,Coffee,323,12.597,False
2024-11-26,Ben Thanh,District 1,Tea,166,7.47,False
2024-11-26,Ben Thanh,District 1,Smoothie,90,4.95,False
2024-11-26,Ben Thanh,District 1,Bakery,137,4.384,False
2024-11-27,Ben Thanh,District 1,Coffee,342,13.338,False
2024-11-27,Ben Thanh,District 1,Tea,179,8.055,False
2024-11-27,Ben Thanh,District 1,Smoothie,94,5.17,False
2024-11-27,Ben Thanh,District 1,Bakery,132,4.224,False
2024-11-28,Ben Thanh,District 1,Coffee,349,13.611,False
2024-11-28,Ben Thanh,District 1,Tea,181,8.145,False
2024-11-28,Ben Thanh,District 1,Smoothie,75,4.125,False
2024-11-28,Ben Thanh,District 1,Bakery,104,3.328,False
2024-11-29,Ben Thanh,District 1,Coffee,357,13.923,False
2024-11-29,Ben Thanh,District 1,Tea,170,7.65,False
2024-11-29,Ben Thanh,District 1,Smoothie,87,4.785,False
2024-11-29,Ben Thanh,District 1,Bakery,107,3.424,False
2024-11-30,Ben Thanh,District 1,Coffee,373,14.547,False
2024-11-30,Ben Thanh,District 1,Tea,241,10.845,False
2024-11-30,Ben Thanh,District 1,Smoothie,118,6.49,False
2024-11-30,Ben Thanh,District 1,Bakery,180,5.76,False
2024-12-01,Ben Thanh,District 1,Coffee,482,15.978,True
2024-12-01,Ben Thanh,District 1,Tea,241,9.218,True
2024-12-01,Ben Thanh,District 1,Smoothie,132,6.171,True
2024-12-01,Ben Thanh,District 1,Bakery,167,4.542,True
2024-12-02,Ben Thanh,District 1,Coffee,367,12.166,True
2024-12-02,Ben Thanh,District 1,Tea,223,8.53,True
2024-12-02,Ben Thanh,District 1,Smoothie,103,4.815,True
2024-12-02,Ben Thanh,District 1,Bakery,149,4.053,True
2024-12-03,Ben Thanh,District 1,Coffee,419,13.89,True
2024-12-03,Ben Thanh,District 1,Tea,248,9.486,True
2024-12-03,Ben Thanh,District 1,Smoothie,85,3.974,True
2024-12-03,Ben Thanh,District 1,Bakery,142,3.862,True
2024-12-04,Ben Thanh,District 1,Coffee,344,13.416,False
2024-12-04,Ben Thanh,District 1,Tea,170,7.65,False
2024-12-04,Ben Thanh,District 1,Smoothie,80,4.4,False
2024-12-04,Ben Thanh,District 1,Bakery,117,3.744,False
2024-12-05,Ben Thanh,District 1,Coffee,315,12.285,False
2024-12-05,Ben Thanh,District 1,Tea,198,8.91,False
2024-12-05,Ben Thanh,District 1,Smoothie,73,4.015,False
2024-12-05,Ben Thanh,District 1,Bakery,130,4.16,False
2024-12-06,Ben Thanh,District 1,Coffee,335,13.065,False
2024-12-06,Ben Thanh,District 1,Tea,185,8.325,False
2024-12-06,Ben Thanh,District 1,Smoothie,85,4.675,False
2024-12-06,Ben Thanh,District 1,Bakery,112,3.584,False
2024-12-07,Ben Thanh,District 1,Coffee,457,17.823,False
2024-12-07,Ben Thanh,District 1,Tea,227,10.215,False
2024-12-07,Ben Thanh,District 1,Smoothie,121,6.655,False
2024-12-07,Ben Thanh,District 1,Bakery,177,5.664,False
2024-12-08,Ben Thanh,District 1,Coffee,381,14.859,False
2024-12-08,Ben Thanh,District 1,Tea,227,10.215,False
2024-12-08,Ben Thanh,District 1,Smoothie,119,6.545,False
2024-12-08,Ben Thanh,District 1,Bakery,147,4.704,False
2024-12-09,Ben Thanh,District 1,Coffee,300,11.7,False
2024-12-09,Ben Thanh,District 1,Tea,190,8.55,False
2024-12-09,Ben Thanh,District 1,Smoothie,68,3.74,False
2024-12-09,Ben Thanh,District 1,Bakery,104,3.328,False
2024-12-10,Ben Thanh,District 1,Coffee,319,12.441,False
2024-12-10,Ben Thanh,District 1,Tea,173,7.785,False
2024-12-10,Ben Thanh,District 1,Smoothie,105,5.775,False
2024-12-10,Ben Thanh,District 1,Bakery,153,4.896,False
2024-12-11,Ben Thanh,District 1,Coffee,335,13.065,False
2024-12-11,Ben Thanh,District 1,Tea,195,8.775,False
2024-12-11,Ben Thanh,District 1,Smoothie,84,4.62,False
2024-12-11,Ben Thanh,District 1,Bakery,119,3.808,False
2024-12-12,Ben Thanh,District 1,Coffee,336,13.104,False
2024-12-12,Ben Thanh,District 1,Tea,178,8.01,False
2024-12-12,Ben Thanh,District 1,Smoothie,75,4.125,False
2024-12-12,Ben Thanh,District 1,Bakery,129,4.128,False
2024-12-13,Ben Thanh,District 1,Coffee,298,11.622,False
2024-12-13,Ben Thanh,District 1,Tea,181,8.145,False
2024-12-13,Ben Thanh,District 1,Smoothie,86,4.73,False
2024-12-13,Ben Thanh,District 1,Bakery,124,3.968,False
2024-12-14,Ben Thanh,District 1,Coffee,426,16.614,False
2024-12-14,Ben Thanh,District 1,Tea,233,10.485,False
2024-12-14,Ben Thanh,District 1,Smoothie,127,6.985,False
2024-12-14,Ben Thanh,District 1,Bakery,164,5.248,False
2024-12-15,Ben Thanh,District 1,Coffee,369,14.391,False
2024-12-15,Ben Thanh,District 1,Tea,238,10.71,False
2024-12-15,Ben Thanh,District 1,Smoothie,107,5.885,False
2024-12-15,Ben Thanh,District 1,Bakery,148,4.736,False
2024-12-16,Ben Thanh,District 1,Coffee,341,13.299,False
2024-12-16,Ben Thanh,District 1,Tea,165,7.425,False
2024-12-16,Ben Thanh,District 1,Smoothie,90,4.95,False
2024-12-16,Ben Thanh,District 1,Bakery,128,4.096,False
2024-12-17,Ben Thanh,District 1,Coffee,323,12.597,False
2024-12-17,Ben Thanh,District 1,Tea,188,8.46,False
2024-12-17,Ben Thanh,District 1,Smoothie,104,5.72,False
2024-12-17,Ben Thanh,District 1,Bakery,120,3.84,False
2024-12-18,Ben Thanh,District 1,Coffee,329,12.831,False
2024-12-18,Ben Thanh,District 1,Tea,179,8.055,False
2024-12-18,Ben Thanh,District 1,Smoothie,80,4.4,False
2024-12-18,Ben Thanh,District 1,Bakery,112,3.584,False
2024-12-19,Ben Thanh,District 1,Coffee,328,12.792,False
2024-12-19,Ben Thanh,District 1,Tea,200,9.0,False
2024-12-19,Ben Thanh,District 1,Smoothie,92,5.06,False
2024-12-19,Ben Thanh,District 1,Bakery,92,2.944,False
2024-12-20,Ben Thanh,District 1,Coffee,335,11.105,True
2024-12-20,Ben Thanh,District 1,Tea,221,8.453,True
2024-12-20,Ben Thanh,District 1,Smoothie,101,4.722,True
2024-12-20,Ben Thanh,District 1,Bakery,154,4.189,True
2024-12-21,Ben Thanh,District 1,Coffee,472,15.647,True
2024-12-21,Ben Thanh,District 1,Tea,281,10.748,True
2024-12-21,Ben Thanh,District 1,Smoothie,118,5.516,True
2024-12-21,Ben Thanh,District 1,Bakery,192,5.222,True
2024-12-22,Ben Thanh,District 1,Coffee,456,15.116,True
2024-12-22,Ben Thanh,District 1,Tea,301,11.513,True
2024-12-22,Ben Thanh,District 1,Smoothie,138,6.452,True
2024-12-22,Ben Thanh,District 1,Bakery,185,5.032,True
2024-12-23,Ben Thanh,District 1,Coffee,385,12.763,True
2024-12-23,Ben Thanh,District 1,Tea,212,8.109,True
2024-12-23,Ben Thanh,District 1,Smoothie,117,5.47,True
2024-12-23,Ben Thanh,District 1,Bakery,136,3.699,True
2024-12-24,Ben Thanh,District 1,Coffee,390,12.928,True
2024-12-24,Ben Thanh,District 1,Tea,219,8.377,True
2024-12-24,Ben Thanh,District 1,Smoothie,87,4.067,True
2024-12-24,Ben Thanh,District 1,Bakery,189,5.141,True
2024-12-25,Ben Thanh,District 1,Coffee,352,11.669,True
2024-12-25,Ben Thanh,District 1,Tea,230,8.797,True
2024-12-25,Ben Thanh,District 1,Smoothie,81,3.787,True
2024-12-25,Ben Thanh,District 1,Bakery,148,4.026,True
2024-12-26,Ben Thanh,District 1,Coffee,414,13.724,True
2024-12-26,Ben Thanh,District 1,Tea,222,8.492,True
2024-12-26,Ben Thanh,District 1,Smoothie,100,4.675,True
2024-12-26,Ben Thanh,District 1,Bakery,153,4.162,True
2024-12-27,Ben Thanh,District 1,Coffee,388,12.862,True
2024-12-27,Ben Thanh,District 1,Tea,213,8.147,True
2024-12-27,Ben Thanh,District 1,Smoothie,103,4.815,True
2024-12-27,Ben Thanh,District 1,Bakery,163,4.434,True
2024-12-28,Ben Thanh,District 1,Coffee,495,16.409,True
2024-12-28,Ben Thanh,District 1,Tea,258,9.868,True
2024-12-28,Ben Thanh,District 1,Smoothie,106,4.955,True
2024-12-28,Ben Thanh,District 1,Bakery,209,5.685,True
2024-12-29,Ben Thanh,District 1,Coffee,489,16.21,True
2024-12-29,Ben Thanh,District 1,Tea,247,9.448,True
2024-12-29,Ben Thanh,District 1,Smoothie,119,5.563,True
2024-12-29,Ben Thanh,District 1,Bakery,175,4.76,True
2024-12-30,Ben Thanh,District 1,Coffee,337,11.172,True
2024-12-30,Ben Thanh,District 1,Tea,242,9.257,True
2024-12-30,Ben Thanh,District 1,Smoothie,105,4.909,True
2024-12-30,Ben Thanh,District 1,Bakery,142,3.862,True
2024-12-31,Ben Thanh,District 1,Coffee,399,13.227,True
2024-12-31,Ben Thanh,District 1,Tea,251,9.601,True
2024-12-31,Ben Thanh,District 1,Smoothie,98,4.582,True
2024-12-31,Ben Thanh,District 1,Bakery,157,4.27,True
2025-01-01,Ben Thanh,District 1,Coffee,395,13.094,True
2025-01-01,Ben Thanh,District 1,Tea,219,8.377,True
2025-01-01,Ben Thanh,District 1,Smoothie,101,4.722,True
2025-01-01,Ben Thanh,District 1,Bakery,150,4.08,True
2025-01-02,Ben Thanh,District 1,Coffee,425,14.089,True
2025-01-02,Ben Thanh,District 1,Tea,219,8.377,True
2025-01-02,Ben Thanh,District 1,Smoothie,111,5.189,True
2025-01-02,Ben Thanh,District 1,Bakery,155,4.216,True
2025-01-03,Ben Thanh,District 1,Coffee,398,13.194,True
2025-01-03,Ben Thanh,District 1,Tea,208,7.956,True
2025-01-03,Ben Thanh,District 1,Smoothie,102,4.769,True
2025-01-03,Ben Thanh,District 1,Bakery,163,4.434,True
2025-01-04,Ben Thanh,District 1,Coffee,385,15.015,False
2025-01-04,Ben Thanh,District 1,Tea,245,11.025,False
2025-01-04,Ben Thanh,District 1,Smoothie,102,5.61,False
2025-01-04,Ben Thanh,District 1,Bakery,154,4.928,False
2025-01-05,Ben Thanh,District 1,Coffee,425,16.575,False
2025-01-05,Ben Thanh,District 1,Tea,235,10.575,False
2025-01-05,Ben Thanh,District 1,Smoothie,111,6.105,False
2025-01-05,Ben Thanh,District 1,Bakery,178,5.696,False
2025-01-06,Ben Thanh,District 1,Coffee,335,13.065,False
2025-01-06,Ben Thanh,District 1,Tea,190,8.55,False
2025-01-06,Ben Thanh,District 1,Smoothie,85,4.675,False
2025-01-06,Ben Thanh,District 1,Bakery,109,3.488,False
2025-01-07,Ben Thanh,District 1,Coffee,330,12.87,False
2025-01-07,Ben Thanh,District 1,Tea,168,7.56,False
2025-01-07,Ben Thanh,District 1,Smoothie,95,5.225,False
2025-01-07,Ben Thanh,District 1,Bakery,100,3.2,False
2025-01-08,Ben Thanh,District 1,Coffee,328,12.792,False
2025-01-08,Ben Thanh,District 1,Tea,197,8.865,False
2025-01-08,Ben Thanh,District 1,Smoothie,77,4.235,False
2025-01-08,Ben Thanh,District 1,Bakery,112,3.584,False
2025-01-09,Ben Thanh,District 1,Coffee,355,13.845,False
2025-01-09,Ben Thanh,District 1,Tea,208,9.36,False
2025-01-09,Ben Thanh,District 1,Smoothie,80,4.4,False
2025-01-09,Ben Thanh,District 1,Bakery,110,3.52,False
2025-01-10,Ben Thanh,District 1,Coffee,352,13.728,False
2025-01-10,Ben Thanh,District 1,Tea,182,8.19,False
2025-01-10,Ben Thanh,District 1,Smoothie,79,4.345,False
2025-01-10,Ben Thanh,District 1,Bakery,125,4.0,False
2025-01-11,Ben Thanh,District 1,Coffee,419,16.341,False
2025-01-11,Ben Thanh,District 1,Tea,245,11.025,False
2025-01-11,Ben Thanh,District 1,Smoothie,122,6.71,False
2025-01-11,Ben Thanh,District 1,Bakery,173,5.536,False
2025-01-12,Ben Thanh,District 1,Coffee,435,16.965,False
2025-01-12,Ben Thanh,District 1,Tea,248,11.16,False
2025-01-12,Ben Thanh,District 1,Smoothie,100,5.5,False
2025-01-12,Ben Thanh,District 1,Bakery,150,4.8,False
2025-01-13,Ben Thanh,District 1,Coffee,349,13.611,False
2025-01-13,Ben Thanh,District 1,Tea,199,8.955,False
2025-01-13,Ben Thanh,District 1,Smoothie,92,5.06,False
2025-01-13,Ben Thanh,District 1,Bakery,122,3.904,False
2025-01-14,Ben Thanh,District 1,Coffee,360,14.04,False
2025-01-14,Ben Thanh,District 1,Tea,184,8.28,False
2025-01-14,Ben Thanh,District 1,Smoothie,93,5.115,False
2025-01-14,Ben Thanh,District 1,Bakery,137,4.384,False
2025-01-15,Ben Thanh,District 1,Coffee,348,13.572,False
2025-01-15,Ben Thanh,District 1,Tea,206,9.27,False
2025-01-15,Ben Thanh,District 1,Smoothie,106,5.83,False
2025-01-15,Ben Thanh,District 1,Bakery,118,3.776,False
2025-01-16,Ben Thanh,District 1,Coffee,330,12.87,False
2025-01-16,Ben Thanh,District 1,Tea,215,9.675,False
2025-01-16,Ben Thanh,District 1,Smoothie,73,4.015,False
2025-01-16,Ben Thanh,District 1,Bakery,115,3.68,False
2025-01-17,Ben Thanh,District 1,Coffee,338,13.182,False
2025-01-17,Ben Thanh,District 1,Tea,193,8.685,False
2025-01-17,Ben Thanh,District 1,Smoothie,88,4.84,False
2025-01-17,Ben Thanh,District 1,Bakery,121,3.872,False
2025-01-18,Ben Thanh,District 1,Coffee,402,15.678,False
2025-01-18,Ben Thanh,District 1,Tea,241,10.845,False
2025-01-18,Ben Thanh,District 1,Smoothie,105,5.775,False
2025-01-18,Ben Thanh,District 1,Bakery,163,5.216,False
2025-01-19,Ben Thanh,District 1,Coffee,441,17.199,False
2025-01-19,Ben Thanh,District 1,Tea,242,10.89,False
2025-01-19,Ben Thanh,District 1,Smoothie,109,5.995,False
2025-01-19,Ben Thanh,District 1,Bakery,160,5.12,False
2025-01-20,Ben Thanh,District 1,Coffee,281,10.959,False
2025-01-20,Ben Thanh,District 1,Tea,163,7.335,False
2025-01-20,Ben Thanh,District 1,Smoothie,62,3.41,False
2025-01-20,Ben Thanh,District 1,Bakery,111,3.552,False
2025-01-21,Ben Thanh,District 1,Coffee,257,10.023,False
2025-01-21,Ben Thanh,District 1,Tea,141,6.345,False
2025-01-21,Ben Thanh,District 1,Smoothie,63,3.465,False
2025-01-21,Ben Thanh,District 1,Bakery,95,3.04,False
2025-01-22,Ben Thanh,District 1,Coffee,255,9.945,False
2025-01-22,Ben Thanh,District 1,Tea,137,6.165,False
2025-01-22,Ben Thanh,District 1,Smoothie,79,4.345,False
2025-01-22,Ben Thanh,District 1,Bakery,115,3.68,False
2025-01-23,Ben Thanh,District 1,Coffee,251,9.789,False
2025-01-23,Ben Thanh,District 1,Tea,140,6.3,False
2025-01-23,Ben Thanh,District 1,Smoothie,65,3.575,False
2025-01-23,Ben Thanh,District 1,Bakery,96,3.072,False
2025-01-24,Ben Thanh,District 1,Coffee,254,9.906,False
2025-01-24,Ben Thanh,District 1,Tea,162,7.29,False
2025-01-24,Ben Thanh,District 1,Smoothie,63,3.465,False
2025-01-24,Ben Thanh,District 1,Bakery,94,3.008,False
2025-01-25,Ben Thanh,District 1,Coffee,196,7.644,False
2025-01-25,Ben Thanh,District 1,Tea,104,4.68,False
2025-01-25,Ben Thanh,District 1,Smoothie,41,2.255,False
2025-01-25,Ben Thanh,District 1,Bakery,67,2.144,False
2025-01-26,Ben Thanh,District 1,Coffee,190,7.41,False
2025-01-26,Ben Thanh,District 1,Tea,90,4.05,False
2025-01-26,Ben Thanh,District 1,Smoothie,53,2.915,False
2025-01-26,Ben Thanh,District 1,Bakery,66,2.112,False
2025-01-27,Ben Thanh,District 1,Coffee,166,6.474,False
2025-01-27,Ben Thanh,District 1,Tea,87,3.915,False
2025-01-27,Ben Thanh,District 1,Smoothie,26,1.43,False
2025-01-27,Ben Thanh,District 1,Bakery,53,1.696,False
2025-01-28,Ben Thanh,District 1,Coffee,147,5.733,False
2025-01-28,Ben Thanh,District 1,Tea,97,4.365,False
2025-01-28,Ben Thanh,District 1,Smoothie,43,2.365,False
2025-01-28,Ben Thanh,District 1,Bakery,71,2.272,False
2025-01-29,Ben Thanh,District 1,Coffee,154,6.006,False
2025-01-29,Ben Thanh,District 1,Tea,96,4.32,False
2025-01-29,Ben Thanh,District 1,Smoothie,54,2.97,False
2025-01-29,Ben Thanh,District 1,Bakery,61,1.952,False
2025-01-30,Ben Thanh,District 1,Coffee,151,5.889,False
2025-01-30,Ben Thanh,District 1,Tea,78,3.51,False
2025-01-30,Ben Thanh,District 1,Smoothie,44,2.42,False
2025-01-30,Ben Thanh,District 1,Bakery,50,1.6,False
2025-01-31,Ben Thanh,District 1,Coffee,164,6.396,False
2025-01-31,Ben Thanh,District 1,Tea,70,3.15,False
2025-01-31,Ben Thanh,District 1,Smoothie,35,1.925,False
2025-01-31,Ben Thanh,District 1,Bakery,44,1.408,False
2025-02-01,Ben Thanh,District 1,Coffee,218,7.227,True
2025-02-01,Ben Thanh,District 1,Tea,124,4.743,True
2025-02-01,Ben Thanh,District 1,Smoothie,51,2.384,True
2025-02-01,Ben Thanh,District 1,Bakery,100,2.72,True
2025-02-02,Ben Thanh,District 1,Coffee,196,6.497,True
2025-02-02,Ben Thanh,District 1,Tea,126,4.819,True
2025-02-02,Ben Thanh,District 1,Smoothie,60,2.805,True
2025-02-02,Ben Thanh,District 1,Bakery,89,2.421,True
2025-02-03,Ben Thanh,District 1,Coffee,329,10.906,True
2025-02-03,Ben Thanh,District 1,Tea,187,7.153,True
2025-02-03,Ben Thanh,District 1,Smoothie,65,3.039,True
2025-02-03,Ben Thanh,District 1,Bakery,140,3.808,True
2025-02-04,Ben Thanh,District 1,Coffee,266,10.374,False
2025-02-04,Ben Thanh,District 1,Tea,183,8.235,False
2025-02-04,Ben Thanh,District 1,Smoothie,64,3.52,False
2025-02-04,Ben Thanh,District 1,Bakery,92,2.944,False
2025-02-05,Ben Thanh,District 1,Coffee,268,10.452,False
2025-02-05,Ben Thanh,District 1,Tea,157,7.065,False
2025-02-05,Ben Thanh,District 1,Smoothie,66,3.63,False
2025-02-05,Ben Thanh,District 1,Bakery,95,3.04,False
2025-02-06,Ben Thanh,District 1,Coffee,273,10.647,False
2025-02-06,Ben Thanh,District 1,Tea,175,7.875,False
2025-02-06,Ben Thanh,District 1,Smoothie,70,3.85,False
2025-02-06,Ben Thanh,District 1,Bakery,103,3.296,False
2025-02-07,Ben Thanh,District 1,Coffee,262,10.218,False
2025-02-07,Ben Thanh,District 1,Tea,149,6.705,False
2025-02-07,Ben Thanh,District 1,Smoothie,73,4.015,False
2025-02-07,Ben Thanh,District 1,Bakery,109,3.488,False
2025-02-08,Ben Thanh,District 1,Coffee,416,16.224,False
2025-02-08,Ben Thanh,District 1,Tea,247,11.115,False
2025-02-08,Ben Thanh,District 1,Smoothie,99,5.445,False
2025-02-08,Ben Thanh,District 1,Bakery,182,5.824,False
2025-02-09,Ben Thanh,District 1,Coffee,413,16.107,False
2025-02-09,Ben Thanh,District 1,Tea,233,10.485,False
2025-02-09,Ben Thanh,District 1,Smoothie,100,5.5,False
2025-02-09,Ben Thanh,District 1,Bakery,165,5.28,False
2025-02-10,Ben Thanh,District 1,Coffee,349,13.611,False
2025-02-10,Ben Thanh,District 1,Tea,197,8.865,False
2025-02-10,Ben Thanh,District 1,Smoothie,89,4.895,False
2025-02-10,Ben Thanh,District 1,Bakery,155,4.96,False
2025-02-11,Ben Thanh,District 1,Coffee,344,13.416,False
2025-02-11,Ben Thanh,District 1,Tea,178,8.01,False
2025-02-11,Ben Thanh,District 1,Smoothie,83,4.565,False
2025-02-11,Ben Thanh,District 1,Bakery,122,3.904,False
2025-02-12,Ben Thanh,District 1,Coffee,337,13.143,False
2025-02-12,Ben Thanh,District 1,Tea,203,9.135,False
2025-02-12,Ben Thanh,District 1,Smoothie,91,5.005,False
2025-02-12,Ben Thanh,District 1,Bakery,125,4.0,False
2025-02-13,Ben Thanh,District 1,Coffee,341,13.299,False
2025-02-13,Ben Thanh,District 1,Tea,220,9.9,False
2025-02-13,Ben Thanh,District 1,Smoothie,87,4.785,False
2025-02-13,Ben Thanh,District 1,Bakery,130,4.16,False
2025-02-14,Ben Thanh,District 1,Coffee,325,12.675,False
2025-02-14,Ben Thanh,District 1,Tea,170,7.65,False
2025-02-14,Ben Thanh,District 1,Smoothie,91,5.005,False
2025-02-14,Ben Thanh,District 1,Bakery,134,4.288,False
2025-02-15,Ben Thanh,District 1,Coffee,486,18.954,False
2025-02-15,Ben Thanh,District 1,Tea,265,11.925,False
2025-02-15,Ben Thanh,District 1,Smoothie,94,5.17,False
2025-02-15,Ben Thanh,District 1,Bakery,159,5.088,False
2025-02-16,Ben Thanh,District 1,Coffee,451,17.589,False
2025-02-16,Ben Thanh,District 1,Tea,228,10.26,False
2025-02-16,Ben Thanh,District 1,Smoothie,93,5.115,False
2025-02-16,Ben Thanh,District 1,Bakery,143,4.576,False
2025-02-17,Ben Thanh,District 1,Coffee,343,13.377,False
2025-02-17,Ben Thanh,District 1,Tea,185,8.325,False
2025-02-17,Ben Thanh,District 1,Smoothie,87,4.785,False
2025-02-17,Ben Thanh,District 1,Bakery,127,4.064,False
2025-02-18,Ben Thanh,District 1,Coffee,355,13.845,False
2025-02-18,Ben Thanh,District 1,Tea,186,8.37,False
2025-02-18,Ben Thanh,District 1,Smoothie,86,4.73,False
2025-02-18,Ben Thanh,District 1,Bakery,132,4.224,False
2025-02-19,Ben Thanh,District 1,Coffee,316,12.324,False
2025-02-19,Ben Thanh,District 1,Tea,184,8.28,False
2025-02-19,Ben Thanh,District 1,Smoothie,77,4.235,False
2025-02-19,Ben Thanh,District 1,Bakery,128,4.096,False
2025-02-20,Ben Thanh,District 1,Coffee,334,13.026,False
2025-02-20,Ben Thanh,District 1,Tea,190,8.55,False
2025-02-20,Ben Thanh,District 1,Smoothie,85,4.675,False
2025-02-20,Ben Thanh,District 1,Bakery,121,3.872,False
2025-02-21,Ben Thanh,District 1,Coffee,332,12.948,False
2025-02-21,Ben Thanh,District 1,Tea,165,7.425,False
2025-02-21,Ben Thanh,District 1,Smoothie,76,4.18,False
2025-02-21,Ben Thanh,District 1,Bakery,115,3.68,False
2025-02-22,Ben Thanh,District 1,Coffee,397,15.483,False
2025-02-22,Ben Thanh,District 1,Tea,258,11.61,False
2025-02-22,Ben Thanh,District 1,Smoothie,105,5.775,False
2025-02-22,Ben Thanh,District 1,Bakery,185,5.92,False
2025-02-23,Ben Thanh,District 1,Coffee,377,14.703,False
2025-02-23,Ben Thanh,District 1,Tea,215,9.675,False
2025-02-23,Ben Thanh,District 1,Smoothie,101,5.555,False
2025-02-23,Ben Thanh,District 1,Bakery,166,5.312,False
2025-02-24,Ben Thanh,District 1,Coffee,324,12.636,False
2025-02-24,Ben Thanh,District 1,Tea,190,8.55,False
2025-02-24,Ben Thanh,District 1,Smoothie,84,4.62,False
2025-02-24,Ben Thanh,District 1,Bakery,153,4.896,False
2025-02-25,Ben Thanh,District 1,Coffee,334,13.026,False
2025-02-25,Ben Thanh,District 1,Tea,166,7.47,False
2025-02-25,Ben Thanh,District 1,Smoothie,66,3.63,False
2025-02-25,Ben Thanh,District 1,Bakery,126,4.032,False
2025-02-26,Ben Thanh,District 1,Coffee,303,11.817,False
2025-02-26,Ben Thanh,District 1,Tea,193,8.685,False
2025-02-26,Ben Thanh,District 1,Smoothie,82,4.51,False
2025-02-26,Ben Thanh,District 1,Bakery,117,3.744,False
2025-02-27,Ben Thanh,District 1,Coffee,301,11.739,False
2025-02-27,Ben Thanh,District 1,Tea,179,8.055,False
2025-02-27,Ben Thanh,District 1,Smoothie,71,3.905,False
2025-02-27,Ben Thanh,District 1,Bakery,121,3.872,False
2025-02-28,Ben Thanh,District 1,Coffee,345,13.455,False
2025-02-28,Ben Thanh,District 1,Tea,207,9.315,False
2025-02-28,Ben Thanh,District 1,Smoothie,87,4.785,False
2025-02-28,Ben Thanh,District 1,Bakery,127,4.064,False
2025-03-01,Ben Thanh,District 1,Coffee,466,15.448,True
2025-03-01,Ben Thanh,District 1,Tea,268,10.251,True
2025-03-01,Ben Thanh,District 1,Smoothie,200,9.35,True
2025-03-01,Ben Thanh,District 1,Bakery,190,5.168,True
2025-03-02,Ben Thanh,District 1,Coffee,474,15.713,True
2025-03-02,Ben Thanh,District 1,Tea,253,9.677,True
2025-03-02,Ben Thanh,District 1,Smoothie,164,7.667,True
2025-03-02,Ben Thanh,District 1,Bakery,179,4.869,True
2025-03-03,Ben Thanh,District 1,Coffee,402,13.326,True
2025-03-03,Ben Thanh,District 1,Tea,224,8.568,True
2025-03-03,Ben Thanh,District 1,Smoothie,141,6.592,True
2025-03-03,Ben Thanh,District 1,Bakery,155,4.216,True
2025-03-04,Ben Thanh,District 1,Coffee,309,12.051,False
2025-03-04,Ben Thanh,District 1,Tea,183,8.235,False
2025-03-04,Ben Thanh,District 1,Smoothie,115,6.325,False
2025-03-04,Ben Thanh,District 1,Bakery,125,4.0,False
2025-03-05,Ben Thanh,District 1,Coffee,310,12.09,False
2025-03-05,Ben Thanh,District 1,Tea,190,8.55,False
2025-03-05,Ben Thanh,District 1,Smoothie,110,6.05,False
2025-03-05,Ben Thanh,District 1,Bakery,122,3.904,False
2025-03-06,Ben Thanh,District 1,Coffee,374,14.586,False
2025-03-06,Ben Thanh,District 1,Tea,192,8.64,False
2025-03-06,Ben Thanh,District 1,Smoothie,116,6.38,False
2025-03-06,Ben Thanh,District 1,Bakery,114,3.648,False
2025-03-07,Ben Thanh,District 1,Coffee,308,12.012,False
2025-03-07,Ben Thanh,District 1,Tea,181,8.145,False
2025-03-07,Ben Thanh,District 1,Smoothie,137,7.535,False
2025-03-07,Ben Thanh,District 1,Bakery,123,3.936,False
2025-03-08,Ben Thanh,District 1,Coffee,412,16.068,False
2025-03-08,Ben Thanh,District 1,Tea,245,11.025,False
2025-03-08,Ben Thanh,District 1,Smoothie,135,7.425,False
2025-03-08,Ben Thanh,District 1,Bakery,154,4.928,False
2025-03-09,Ben Thanh,District 1,Coffee,431,16.809,False
2025-03-09,Ben Thanh,District 1,Tea,240,10.8,False
2025-03-09,Ben Thanh,District 1,Smoothie,150,8.25,False
2025-03-09,Ben Thanh,District 1,Bakery,136,4.352,False
2025-03-10,Ben Thanh,District 1,Coffee,306,11.934,False
2025-03-10,Ben Thanh,District 1,Tea,206,9.27,False
2025-03-10,Ben Thanh,District 1,Smoothie,109,5.995,False
2025-03-10,Ben Thanh,District 1,Bakery,130,4.16,False
2025-03-11,Ben Thanh,District 1,Coffee,344,13.416,False
2025-03-11,Ben Thanh,District 1,Tea,182,8.19,False
2025-03-11,Ben Thanh,District 1,Smoothie,121,6.655,False
2025-03-11,Ben Thanh,District 1,Bakery,145,4.64,False
2025-03-12,Ben Thanh,District 1,Coffee,345,13.455,False
2025-03-12,Ben Thanh,District 1,Tea,214,9.63,False
2025-03-12,Ben Thanh,District 1,Smoothie,113,6.215,False
2025-03-12,Ben Thanh,District 1,Bakery,137,4.384,False
2025-03-13,Ben Thanh,District 1,Coffee,349,13.611,False
2025-03-13,Ben Thanh,District 1,Tea,194,8.73,False
2025-03-13,Ben Thanh,District 1,Smoothie,113,6.215,False
2025-03-13,Ben Thanh,District 1,Bakery,143,4.576,False
2025-03-14,Ben Thanh,District 1,Coffee,335,13.065,False
2025-03-14,Ben Thanh,District 1,Tea,200,9.0,False
2025-03-14,Ben Thanh,District 1,Smoothie,117,6.435,False
2025-03-14,Ben Thanh,District 1,Bakery,127,4.064,False
2025-03-15,Ben Thanh,District 1,Coffee,417,16.263,False
2025-03-15,Ben Thanh,District 1,Tea,248,11.16,False
2025-03-15,Ben Thanh,District 1,Smoothie,145,7.975,False
2025-03-15,Ben Thanh,District 1,Bakery,158,5.056,False
2025-03-16,Ben Thanh,District 1,Coffee,413,16.107,False
2025-03-16,Ben Thanh,District 1,Tea,227,10.215,False
2025-03-16,Ben Thanh,District 1,Smoothie,147,8.085,False
2025-03-16,Ben Thanh,District 1,Bakery,162,5.184,False
2025-03-17,Ben Thanh,District 1,Coffee,363,14.157,False
2025-03-17,Ben Thanh,District 1,Tea,189,8.505,False
2025-03-17,Ben Thanh,District 1,Smoothie,120,6.6,False
2025-03-17,Ben Thanh,District 1,Bakery,141,4.512,False
2025-03-18,Ben Thanh,District 1,Coffee,341,13.299,False
2025-03-18,Ben Thanh,District 1,Tea,192,8.64,False
2025-03-18,Ben Thanh,District 1,Smoothie,129,7.095,False
2025-03-18,Ben Thanh,District 1,Bakery,132,4.224,False
2025-03-19,Ben Thanh,District 1,Coffee,346,13.494,False
2025-03-19,Ben Thanh,District 1,Tea,199,8.955,False
2025-03-19,Ben Thanh,District 1,Smoothie,138,7.59,False
2025-03-19,Ben Thanh,District 1,Bakery,110,3.52,False
2025-03-20,Ben Thanh,District 1,Coffee,300,11.7,False
2025-03-20,Ben Thanh,District 1,Tea,167,7.515,False
2025-03-20,Ben Thanh,District 1,Smoothie,121,6.655,False
2025-03-20,Ben Thanh,District 1,Bakery,120,3.84,False
2025-03-21,Ben Thanh,District 1,Coffee,309,12.051,False
2025-03-21,Ben Thanh,District 1,Tea,176,7.92,False
2025-03-21,Ben Thanh,District 1,Smoothie,109,5.995,False
2025-03-21,Ben Thanh,District 1,Bakery,111,3.552,False
2025-03-22,Ben Thanh,District 1,Coffee,433,16.887,False
2025-03-22,Ben Thanh,District 1,Tea,223,10.035,False
2025-03-22,Ben Thanh,District 1,Smoothie,147,8.085,False
2025-03-22,Ben Thanh,District 1,Bakery,167,5.344,False
2025-03-23,Ben Thanh,District 1,Coffee,415,16.185,False
2025-03-23,Ben Thanh,District 1,Tea,242,10.89,False
2025-03-23,Ben Thanh,District 1,Smoothie,156,8.58,False
2025-03-23,Ben Thanh,District 1,Bakery,146,4.672,False
2025-03-24,Ben Thanh,District 1,Coffee,325,12.675,False
2025-03-24,Ben Thanh,District 1,Tea,179,8.055,False
2025-03-24,Ben Thanh,District 1,Smoothie,123,6.765,False
2025-03-24,Ben Thanh,District 1,Bakery,129,4.128,False
2025-03-25,Ben Thanh,District 1,Coffee,401,15.639,False
2025-03-25,Ben Thanh,District 1,Tea,201,9.045,False
2025-03-25,Ben Thanh,District 1,Smoothie,99,5.445,False
2025-03-25,Ben Thanh,District 1,Bakery,124,3.968,False
2025-03-26,Ben Thanh,District 1,Coffee,336,13.104,False
2025-03-26,Ben Thanh,District 1,Tea,203,9.135,False
2025-03-26,Ben Thanh,District 1,Smoothie,119,6.545,False
2025-03-26,Ben Thanh,District 1,Bakery,135,4.32,False
2025-03-27,Ben Thanh,District 1,Coffee,357,13.923,False
2025-03-27,Ben Thanh,District 1,Tea,178,8.01,False
2025-03-27,Ben Thanh,District 1,Smoothie,114,6.27,False
2025-03-27,Ben Thanh,District 1,Bakery,116,3.712,False
2025-03-28,Ben Thanh,District 1,Coffee,356,13.884,False
2025-03-28,Ben Thanh,District 1,Tea,225,10.125,False
2025-03-28,Ben Thanh,District 1,Smoothie,112,6.16,False
2025-03-28,Ben Thanh,District 1,Bakery,134,4.288,False
2025-03-29,Ben Thanh,District 1,Coffee,414,16.146,False
2025-03-29,Ben Thanh,District 1,Tea,253,11.385,False
2025-03-29,Ben Thanh,District 1,Smoothie,161,8.855,False
2025-03-29,Ben Thanh,District 1,Bakery,148,4.736,False
2025-03-30,Ben Thanh,District 1,Coffee,413,16.107,False
2025-03-30,Ben Thanh,District 1,Tea,229,10.305,False
2025-03-30,Ben Thanh,District 1,Smoothie,154,8.47,False
2025-03-30,Ben Thanh,District 1,Bakery,178,5.696,False
2025-03-31,Ben Thanh,District 1,Coffee,364,14.196,False
2025-03-31,Ben Thanh,District 1,Tea,168,7.56,False
2025-03-31,Ben Thanh,District 1,Smoothie,100,5.5,False
2025-03-31,Ben Thanh,District 1,Bakery,139,4.448,False
2025-04-01,Ben Thanh,District 1,Coffee,392,12.995,True
2025-04-01,Ben Thanh,District 1,Tea,227,8.683,True
2025-04-01,Ben Thanh,District 1,Smoothie,140,6.545,True
2025-04-01,Ben Thanh,District 1,Bakery,152,4.134,True
2025-04-02,Ben Thanh,District 1,Coffee,436,14.453,True
2025-04-02,Ben Thanh,District 1,Tea,227,8.683,True
2025-04-02,Ben Thanh,District 1,Smoothie,132,6.171,True
2025-04-02,Ben Thanh,District 1,Bakery,174,4.733,True
2025-04-03,Ben Thanh,District 1,Coffee,419,13.89,True
2025-04-03,Ben Thanh,District 1,Tea,242,9.257,True
2025-04-03,Ben Thanh,District 1,Smoothie,145,6.779,True
2025-04-03,Ben Thanh,District 1,Bakery,139,3.781,True
2025-04-04,Ben Thanh,District 1,Coffee,297,11.583,False
2025-04-04,Ben Thanh,District 1,Tea,171,7.695,False
2025-04-04,Ben Thanh,District 1,Smoothie,99,5.445,False
2025-04-04,Ben Thanh,District 1,Bakery,141,4.512,False
2025-04-05,Ben Thanh,District 1,Coffee,420,16.38,False
2025-04-05,Ben Thanh,District 1,Tea,219,9.855,False
2025-04-05,Ben Thanh,District 1,Smoothie,152,8.36,False
2025-04-05,Ben Thanh,District 1,Bakery,170,5.44,False
2025-04-06,Ben Thanh,District 1,Coffee,420,16.38,False
2025-04-06,Ben Thanh,District 1,Tea,223,10.035,False
2025-04-06,Ben Thanh,District 1,Smoothie,155,8.525,False
2025-04-06,Ben Thanh,District 1,Bakery,178,5.696,False
2025-04-07,Ben Thanh,District 1,Coffee,378,14.742,False
2025-04-07,Ben Thanh,District 1,Tea,191,8.595,False
2025-04-07,Ben Thanh,District 1,Smoothie,111,6.105,False
2025-04-07,Ben Thanh,District 1,Bakery,136,4.352,False
2025-04-08,Ben Thanh,District 1,Coffee,334,13.026,False
2025-04-08,Ben Thanh,District 1,Tea,175,7.875,False
2025-04-08,Ben Thanh,District 1,Smoothie,113,6.215,False
2025-04-08,Ben Thanh,District 1,Bakery,128,4.096,False
2025-04-09,Ben Thanh,District 1,Coffee,340,13.26,False
2025-04-09,Ben Thanh,District 1,Tea,201,9.045,False
2025-04-09,Ben Thanh,District 1,Smoothie,136,7.48,False
2025-04-09,Ben Thanh,District 1,Bakery,128,4.096,False
2025-04-10,Ben Thanh,District 1,Coffee,320,12.48,False
2025-04-10,Ben Thanh,District 1,Tea,184,8.28,False
2025-04-10,Ben Thanh,District 1,Smoothie,127,6.985,False
2025-04-10,Ben Thanh,District 1,Bakery,117,3.744,False
2025-04-11,Ben Thanh,District 1,Coffee,337,13.143,False
2025-04-11,Ben Thanh,District 1,Tea,186,8.37,False
2025-04-11,Ben Thanh,District 1,Smoothie,108,5.94,False
2025-04-11,Ben Thanh,District 1,Bakery,115,3.68,False
2025-04-12,Ben Thanh,District 1,Coffee,439,17.121,False
2025-04-12,Ben Thanh,District 1,Tea,238,10.71,False
2025-04-12,Ben Thanh,District 1,Smoothie,171,9.405,False
2025-04-12,Ben Thanh,District 1,Bakery,177,5.664,False
2025-04-13,Ben Thanh,District 1,Coffee,412,16.068,False
2025-04-13,Ben Thanh,District 1,Tea,251,11.295,False
2025-04-13,Ben Thanh,District 1,Smoothie,141,7.755,False
2025-04-13,Ben Thanh,District 1,Bakery,161,5.152,False
2025-04-14,Ben Thanh,District 1,Coffee,325,12.675,False
2025-04-14,Ben Thanh,District 1,Tea,196,8.82,False
2025-04-14,Ben Thanh,District 1,Smoothie,123,6.765,False
2025-04-14,Ben Thanh,District 1,Bakery,116,3.712,False
2025-04-15,Ben Thanh,District 1,Coffee,321,12.519,False
2025-04-15,Ben Thanh,District 1,Tea,184,8.28,False
2025-04-15,Ben Thanh,District 1,Smoothie,132,7.26,False
2025-04-15,Ben Thanh,District 1,Bakery,130,4.16,False
2025-04-16,Ben Thanh,District 1,Coffee,356,13.884,False
2025-04-16,Ben Thanh,District 1,Tea,183,8.235,False
2025-04-16,Ben Thanh,District 1,Smoothie,92,5.06,False
2025-04-16,Ben Thanh,District 1,Bakery,143,4.576,False
2025-04-17,Ben Thanh,District 1,Coffee,310,12.09,False
2025-04-17,Ben Thanh,District 1,Tea,187,8.415,False
2025-04-17,Ben Thanh,District 1,Smoothie,122,6.71,False
2025-04-17,Ben Thanh,District 1,Bakery,133,4.256,False
2025-04-18,Ben Thanh,District 1,Coffee,337,13.143,False
2025-04-18,Ben Thanh,District 1,Tea,175,7.875,False
2025-04-18,Ben Thanh,District 1,Smoothie,117,6.435,False
2025-04-18,Ben Thanh,District 1,Bakery,116,3.712,False
2025-04-19,Ben Thanh,District 1,Coffee,397,15.483,False
2025-04-19,Ben Thanh,District 1,Tea,264,11.88,False
2025-04-19,Ben Thanh,District 1,Smoothie,155,8.525,False
2025-04-19,Ben Thanh,District 1,Bakery,160,5.12,False
2025-04-20,Ben Thanh,District 1,Coffee,422,16.458,False
2025-04-20,Ben Thanh,District 1,Tea,238,10.71,False
2025-04-20,Ben Thanh,District 1,Smoothie,161,8.855,False
2025-04-20,Ben Thanh,District 1,Bakery,176,5.632,False
2025-04-21,Ben Thanh,District 1,Coffee,352,13.728,False
2025-04-21,Ben Thanh,District 1,Tea,183,8.235,False
2025-04-21,Ben Thanh,District 1,Smoothie,121,6.655,False
2025-04-21,Ben Thanh,District 1,Bakery,120,3.84,False
2025-04-22,Ben Thanh,District 1,Coffee,335,13.065,False
2025-04-22,Ben Thanh,District 1,Tea,209,9.405,False
2025-04-22,Ben Thanh,District 1,Smoothie,124,6.82,False
2025-04-22,Ben Thanh,District 1,Bakery,113,3.616,False
2025-04-23,Ben Thanh,District 1,Coffee,332,12.948,False
2025-04-23,Ben Thanh,District 1,Tea,203,9.135,False
2025-04-23,Ben Thanh,District 1,Smoothie,123,6.765,False
2025-04-23,Ben Thanh,District 1,Bakery,143,4.576,False
2025-04-24,Ben Thanh,District 1,Coffee,311,12.129,False
2025-04-24,Ben Thanh,District 1,Tea,189,8.505,False
2025-04-24,Ben Thanh,District 1,Smoothie,129,7.095,False
2025-04-24,Ben Thanh,District 1,Bakery,109,3.488,False
2025-04-25,Ben Thanh,District 1,Coffee,352,13.728,False
2025-04-25,Ben Thanh,District 1,Tea,202,9.09,False
2025-04-25,Ben Thanh,District 1,Smoothie,128,7.04,False
2025-04-25,Ben Thanh,District 1,Bakery,119,3.808,False
2025-04-26,Ben Thanh,District 1,Coffee,438,17.082,False
2025-04-26,Ben Thanh,District 1,Tea,247,11.115,False
2025-04-26,Ben Thanh,District 1,Smoothie,150,8.25,False
2025-04-26,Ben Thanh,District 1,Bakery,166,5.312,False
2025-04-27,Ben Thanh,District 1,Coffee,395,15.405,False
2025-04-27,Ben Thanh,District 1,Tea,205,9.225,False
2025-04-27,Ben Thanh,District 1,Smoothie,145,7.975,False
2025-04-27,Ben Thanh,District 1,Bakery,169,5.408,False
2025-04-28,Ben Thanh,District 1,Coffee,303,11.817,False
2025-04-28,Ben Thanh,District 1,Tea,182,8.19,False
2025-04-28,Ben Thanh,District 1,Smoothie,129,7.095,False
2025-04-28,Ben Thanh,District 1,Bakery,120,3.84,False
2025-04-29,Ben Thanh,District 1,Coffee,316,12.324,False
2025-04-29,Ben Thanh,District 1,Tea,203,9.135,False
2025-04-29,Ben Thanh,District 1,Smoothie,122,6.71,False
2025-04-29,Ben Thanh,District 1,Bakery,122,3.904,False
2025-04-30,Ben Thanh,District 1,Coffee,316,12.324,False
2025-04-30,Ben Thanh,District 1,Tea,209,9.405,False
2025-04-30,Ben Thanh,District 1,Smoothie,132,7.26,False
2025-04-30,Ben Thanh,District 1,Bakery,128,4.096,False
2025-05-01,Ben Thanh,District 1,Coffee,408,13.525,True
2025-05-01,Ben Thanh,District 1,Tea,235,8.989,True
2025-05-01,Ben Thanh,District 1,Smoothie,142,6.638,True
2025-05-01,Ben Thanh,District 1,Bakery,157,4.27,True
2025-05-02,Ben Thanh,District 1,Coffee,381,12.63,True
2025-05-02,Ben Thanh,District 1,Tea,238,9.104,True
2025-05-02,Ben Thanh,District 1,Smoothie,140,6.545,True
2025-05-02,Ben Thanh,District 1,Bakery,145,3.944,True
2025-05-03,Ben Thanh,District 1,Coffee,505,16.741,True
2025-05-03,Ben Thanh,District 1,Tea,294,11.245,True
2025-05-03,Ben Thanh,District 1,Smoothie,194,9.069,True
2025-05-03,Ben Thanh,District 1,Bakery,207,5.63,True
2025-05-04,Ben Thanh,District 1,Coffee,432,16.848,False
2025-05-04,Ben Thanh,District 1,Tea,233,10.485,False
2025-05-04,Ben Thanh,District 1,Smoothie,135,7.425,False
2025-05-04,Ben Thanh,District 1,Bakery,159,5.088,False
2025-05-05,Ben Thanh,District 1,Coffee,345,13.455,False
2025-05-05,Ben Thanh,District 1,Tea,173,7.785,False
2025-05-05,Ben Thanh,District 1,Smoothie,133,7.315,False
2025-05-05,Ben Thanh,District 1,Bakery,117,3.744,False
2025-05-06,Ben Thanh,District 1,Coffee,325,12.675,False
2025-05-06,Ben Thanh,District 1,Tea,185,8.325,False
2025-05-06,Ben Thanh,District 1,Smoothie,125,6.875,False
2025-05-06,Ben Thanh,District 1,Bakery,123,3.936,False
2025-05-07,Ben Thanh,District 1,Coffee,318,12.402,False
2025-05-07,Ben Thanh,District 1,Tea,179,8.055,False
2025-05-07,Ben Thanh,District 1,Smoothie,120,6.6,False
2025-05-07,Ben Thanh,District 1,Bakery,148,4.736,False
2025-05-08,Ben Thanh,District 1,Coffee,327,12.753,False
2025-05-08,Ben Thanh,District 1,Tea,209,9.405,False
2025-05-08,Ben Thanh,District 1,Smoothie,106,5.83,False
2025-05-08,Ben Thanh,District 1,Bakery,126,4.032,False
2025-05-09,Ben Thanh,District 1,Coffee,363,14.157,False
2025-05-09,Ben Thanh,District 1,Tea,196,8.82,False
2025-05-09,Ben Thanh,District 1,Smoothie,119,6.545,False
2025-05-09,Ben Thanh,District 1,Bakery,131,4.192,False
2025-05-10,Ben Thanh,District 1,Coffee,442,17.238,False
2025-05-10,Ben Thanh,District 1,Tea,262,11.79,False
2025-05-10,Ben Thanh,District 1,Smoothie,136,7.48,False
2025-05-10,Ben Thanh,District 1,Bakery,167,5.344,False
2025-05-11,Ben Thanh,District 1,Coffee,393,15.327,False
2025-05-11,Ben Thanh,District 1,Tea,214,9.63,False
2025-05-11,Ben Thanh,District 1,Smoothie,177,9.735,False
2025-05-11,Ben Thanh,District 1,Bakery,171,5.472,False
2025-05-12,Ben Thanh,District 1,Coffee,326,12.714,False
2025-05-12,Ben Thanh,District 1,Tea,210,9.45,False
2025-05-12,Ben Thanh,District 1,Smoothie,120,6.6,False
2025-05-12,Ben Thanh,District 1,Bakery,136,4.352,False
2025-05-13,Ben Thanh,District 1,Coffee,332,12.948,False
2025-05-13,Ben Thanh,District 1,Tea,189,8.505,False
2025-05-13,Ben Thanh,District 1,Smoothie,121,6.655,False
2025-05-13,Ben Thanh,District 1,Bakery,123,3.936,False
2025-05-14,Ben Thanh,District 1,Coffee,314,12.246,False
2025-05-14,Ben Thanh,District 1,Tea,170,7.65,False
2025-05-14,Ben Thanh,District 1,Smoothie,108,5.94,False
2025-05-14,Ben Thanh,District 1,Bakery,139,4.448,False
2025-05-15,Ben Thanh,District 1,Coffee,344,13.416,False
2025-05-15,Ben Thanh,District 1,Tea,196,8.82,False
2025-05-15,Ben Thanh,District 1,Smoothie,116,6.38,False
2025-05-15,Ben Thanh,District 1,Bakery,129,4.128,False
2025-05-16,Ben Thanh,District 1,Coffee,335,13.065,False
2025-05-16,Ben Thanh,District 1,Tea,183,8.235,False
2025-05-16,Ben Thanh,District 1,Smoothie,100,5.5,False
2025-05-16,Ben Thanh,District 1,Bakery,140,4.48,False
2025-05-17,Ben Thanh,District 1,Coffee,429,16.731,False
2025-05-17,Ben Thanh,District 1,Tea,233,10.485,False
2025-05-17,Ben Thanh,District 1,Smoothie,145,7.975,False
2025-05-17,Ben Thanh,District 1,Bakery,181,5.792,False
2025-05-18,Ben Thanh,District 1,Coffee,434,16.926,False
2025-05-18,Ben Thanh,District 1,Tea,221,9.945,False
2025-05-18,Ben Thanh,District 1,Smoothie,140,7.7,False
2025-05-18,Ben Thanh,District 1,Bakery,172,5.504,False
2025-05-19,Ben Thanh,District 1,Coffee,304,11.856,False
2025-05-19,Ben Thanh,District 1,Tea,191,8.595,False
2025-05-19,Ben Thanh,District 1,Smoothie,135,7.425,False
2025-05-19,Ben Thanh,District 1,Bakery,118,3.776,False
2025-05-20,Ben Thanh,District 1,Coffee,331,12.909,False
2025-05-20,Ben Thanh,District 1,Tea,218,9.81,False
2025-05-20,Ben Thanh,District 1,Smoothie,121,6.655,False
2025-05-20,Ben Thanh,District 1,Bakery,149,4.768,False
2025-05-21,Ben Thanh,District 1,Coffee,335,13.065,False
2025-05-21,Ben Thanh,District 1,Tea,200,9.0,False
2025-05-21,Ben Thanh,District 1,Smoothie,111,6.105,False
2025-05-21,Ben Thanh,District 1,Bakery,134,4.288,False
2025-05-22,Ben Thanh,District 1,Coffee,335,13.065,False
2025-05-22,Ben Thanh,District 1,Tea,184,8.28,False
2025-05-22,Ben Thanh,District 1,Smoothie,139,7.645,False
2025-05-22,Ben Thanh,District 1,Bakery,123,3.936,False
2025-05-23,Ben Thanh,District 1,Coffee,315,12.285,False
2025-05-23,Ben Thanh,District 1,Tea,193,8.685,False
2025-05-23,Ben Thanh,District 1,Smoothie,115,6.325,False
2025-05-23,Ben Thanh,District 1,Bakery,117,3.744,False
2025-05-24,Ben Thanh,District 1,Coffee,447,17.433,False
2025-05-24,Ben Thanh,District 1,Tea,239,10.755,False
2025-05-24,Ben Thanh,District 1,Smoothie,122,6.71,False
2025-05-24,Ben Thanh,District 1,Bakery,174,5.568,False
2025-05-25,Ben Thanh,District 1,Coffee,418,16.302,False
2025-05-25,Ben Thanh,District 1,Tea,239,10.755,False
2025-05-25,Ben Thanh,District 1,Smoothie,152,8.36,False
2025-05-25,Ben Thanh,District 1,Bakery,161,5.152,False
2025-05-26,Ben Thanh,District 1,Coffee,335,13.065,False
2025-05-26,Ben Thanh,District 1,Tea,182,8.19,False
2025-05-26,Ben Thanh,District 1,Smoothie,122,6.71,False
2025-05-26,Ben Thanh,District 1,Bakery,136,4.352,False
2025-05-27,Ben Thanh,District 1,Coffee,348,13.572,False
2025-05-27,Ben Thanh,District 1,Tea,190,8.55,False
2025-05-27,Ben Thanh,District 1,Smoothie,109,5.995,False
2025-05-27,Ben Thanh,District 1,Bakery,132,4.224,False
2025-05-28,Ben Thanh,District 1,Coffee,349,13.611,False
2025-05-28,Ben Thanh,District 1,Tea,187,8.415,False
2025-05-28,Ben Thanh,District 1,Smoothie,101,5.555,False
2025-05-28,Ben Thanh,District 1,Bakery,114,3.648,False
2025-05-29,Ben Thanh,District 1,Coffee,364,14.196,False
2025-05-29,Ben Thanh,District 1,Tea,184,8.28,False
2025-05-29,Ben Thanh,District 1,Smoothie,118,6.49,False
2025-05-29,Ben Thanh,District 1,Bakery,115,3.68,False
2025-05-30,Ben Thanh,District 1,Coffee,316,12.324,False
2025-05-30,Ben Thanh,District 1,Tea,180,8.1,False
2025-05-30,Ben Thanh,District 1,Smoothie,132,7.26,False
2025-05-30,Ben Thanh,District 1,Bakery,128,4.096,False
2025-05-31,Ben Thanh,District 1,Coffee,424,16.536,False
2025-05-31,Ben Thanh,District 1,Tea,231,10.395,False
2025-05-31,Ben Thanh,District 1,Smoothie,157,8.635,False
2025-05-31,Ben Thanh,District 1,Bakery,153,4.896,False
2025-06-01,Ben Thanh,District 1,Coffee,461,15.282,True
2025-06-01,Ben Thanh,District 1,Tea,289,11.054,True
2025-06-01,Ben Thanh,District 1,Smoothie,126,5.891,True
2025-06-01,Ben Thanh,District 1,Bakery,178,4.842,True
2025-06-02,Ben Thanh,District 1,Coffee,355,11.768,True
2025-06-02,Ben Thanh,District 1,Tea,229,8.759,True
2025-06-02,Ben Thanh,District 1,Smoothie,84,3.927,True
2025-06-02,Ben Thanh,District 1,Bakery,145,3.944,True
2025-06-03,Ben Thanh,District 1,Coffee,396,13.127,True
2025-06-03,Ben Thanh,District 1,Tea,212,8.109,True
2025-06-03,Ben Thanh,District 1,Smoothie,87,4.067,True
2025-06-03,Ben Thanh,District 1,Bakery,140,3.808,True
2025-06-04,Ben Thanh,District 1,Coffee,326,12.714,False
2025-06-04,Ben Thanh,District 1,Tea,186,8.37,False
2025-06-04,Ben Thanh,District 1,Smoothie,94,5.17,False
2025-06-04,Ben Thanh,District 1,Bakery,120,3.84,False
2025-06-05,Ben Thanh,District 1,Coffee,297,11.583,False
2025-06-05,Ben Thanh,District 1,Tea,207,9.315,False
2025-06-05,Ben Thanh,District 1,Smoothie,93,5.115,False
2025-06-05,Ben Thanh,District 1,Bakery,126,4.032,False
2025-06-06,Ben Thanh,District 1,Coffee,291,11.349,False
2025-06-06,Ben Thanh,District 1,Tea,194,8.73,False
2025-06-06,Ben Thanh,District 1,Smoothie,76,4.18,False
2025-06-06,Ben Thanh,District 1,Bakery,129,4.128,False
2025-06-07,Ben Thanh,District 1,Coffee,429,16.731,False
2025-06-07,Ben Thanh,District 1,Tea,243,10.935,False
2025-06-07,Ben Thanh,District 1,Smoothie,94,5.17,False
2025-06-07,Ben Thanh,District 1,Bakery,149,4.768,False
2025-06-08,Ben Thanh,District 1,Coffee,377,14.703,False
2025-06-08,Ben Thanh,District 1,Tea,258,11.61,False
2025-06-08,Ben Thanh,District 1,Smoothie,109,5.995,False
2025-06-08,Ben Thanh,District 1,Bakery,161,5.152,False
2025-06-09,Ben Thanh,District 1,Coffee,322,12.558,False
2025-06-09,Ben Thanh,District 1,Tea,193,8.685,False
2025-06-09,Ben Thanh,District 1,Smoothie,85,4.675,False
2025-06-09,Ben Thanh,District 1,Bakery,134,4.288,False
2025-06-10,Ben Thanh,District 1,Coffee,317,12.363,False
2025-06-10,Ben Thanh,District 1,Tea,202,9.09,False
2025-06-10,Ben Thanh,District 1,Smoothie,85,4.675,False
2025-06-10,Ben Thanh,District 1,Bakery,111,3.552,False
2025-06-11,Ben Thanh,District 1,Coffee,301,11.739,False
2025-06-11,Ben Thanh,District 1,Tea,216,9.72,False
2025-06-11,Ben Thanh,District 1,Smoothie,77,4.235,False
2025-06-11,Ben Thanh,District 1,Bakery,108,3.456,False
2025-06-12,Ben Thanh,District 1,Coffee,315,12.285,False
2025-06-12,Ben Thanh,District 1,Tea,187,8.415,False
2025-06-12,Ben Thanh,District 1,Smoothie,78,4.29,False
2025-06-12,Ben Thanh,District 1,Bakery,124,3.968,False
2025-06-13,Ben Thanh,District 1,Coffee,306,11.934,False
2025-06-13,Ben Thanh,District 1,Tea,202,9.09,False
2025-06-13,Ben Thanh,District 1,Smoothie,80,4.4,False
2025-06-13,Ben Thanh,District 1,Bakery,138,4.416,False
2025-06-14,Ben Thanh,District 1,Coffee,384,14.976,False
2025-06-14,Ben Thanh,District 1,Tea,239,10.755,False
2025-06-14,Ben Thanh,District 1,Smoothie,105,5.775,False
2025-06-14,Ben Thanh,District 1,Bakery,171,5.472,False
2025-06-15,Ben Thanh,District 1,Coffee,407,15.873,False
2025-06-15,Ben Thanh,District 1,Tea,253,11.385,False
2025-06-15,Ben Thanh,District 1,Smoothie,90,4.95,False
2025-06-15,Ben Thanh,District 1,Bakery,145,4.64,False
2025-06-16,Ben Thanh,District 1,Coffee,300,11.7,False
2025-06-16,Ben Thanh,District 1,Tea,210,9.45,False
2025-06-16,Ben Thanh,District 1,Smoothie,59,3.245,False
2025-06-16,Ben Thanh,District 1,Bakery,130,4.16,False
2025-06-17,Ben Thanh,District 1,Coffee,327,12.753,False
2025-06-17,Ben Thanh,District 1,Tea,187,8.415,False
2025-06-17,Ben Thanh,District 1,Smoothie,73,4.015,False
2025-06-17,Ben Thanh,District 1,Bakery,110,3.52,False
2025-06-18,Ben Thanh,District 1,Coffee,317,12.363,False
2025-06-18,Ben Thanh,District 1,Tea,203,9.135,False
2025-06-18,Ben Thanh,District 1,Smoothie,97,5.335,False
2025-06-18,Ben Thanh,District 1,Bakery,135,4.32,False
2025-06-19,Ben Thanh,District 1,Coffee,323,12.597,False
2025-06-19,Ben Thanh,District 1,Tea,196,8.82,False
2025-06-19,Ben Thanh,District 1,Smoothie,84,4.62,False
2025-06-19,Ben Thanh,District 1,Bakery,95,3.04,False
2025-06-20,Ben Thanh,District 1,Coffee,322,12.558,False
2025-06-20,Ben Thanh,District 1,Tea,220,9.9,False
2025-06-20,Ben Thanh,District 1,Smoothie,94,5.17,False
2025-06-20,Ben Thanh,District 1,Bakery,112,3.584,False
2025-06-21,Ben Thanh,District 1,Coffee,385,15.015,False
2025-06-21,Ben Thanh,District 1,Tea,235,10.575,False
2025-06-21,Ben Thanh,District 1,Smoothie,93,5.115,False
2025-06-21,Ben Thanh,District 1,Bakery,153,4.896,False
2025-06-22,Ben Thanh,District 1,Coffee,416,16.224,False
2025-06-22,Ben Thanh,District 1,Tea,251,11.295,False
2025-06-22,Ben Thanh,District 1,Smoothie,105,5.775,False
2025-06-22,Ben Thanh,District 1,Bakery,137,4.384,False
2025-06-23,Ben Thanh,District 1,Coffee,306,11.934,False
2025-06-23,Ben Thanh,District 1,Tea,224,10.08,False
2025-06-23,Ben Thanh,District 1,Smoothie,85,4.675,False
2025-06-23,Ben Thanh,District 1,Bakery,113,3.616,False
2025-06-24,Ben Thanh,District 1,Coffee,306,11.934,False
2025-06-24,Ben Thanh,District 1,Tea,197,8.865,False
2025-06-24,Ben Thanh,District 1,Smoothie,81,4.455,False
2025-06-24,Ben Thanh,District 1,Bakery,116,3.712,False
2025-06-25,Ben Thanh,District 1,Coffee,298,11.622,False
2025-06-25,Ben Thanh,District 1,Tea,196,8.82,False
2025-06-25,Ben Thanh,District 1,Smoothie,99,5.445,False
2025-06-25,Ben Thanh,District 1,Bakery,130,4.16,False
2025-06-26,Ben Thanh,District 1,Coffee,352,13.728,False
2025-06-26,Ben Thanh,District 1,Tea,196,8.82,False
2025-06-26,Ben Thanh,District 1,Smoothie,77,4.235,False
2025-06-26,Ben Thanh,District 1,Bakery,127,4.064,False
2025-06-27,Ben Thanh,District 1,Coffee,336,13.104,False
2025-06-27,Ben Thanh,District 1,Tea,202,9.09,False
2025-06-27,Ben Thanh,District 1,Smoothie,91,5.005,False
2025-06-27,Ben Thanh,District 1,Bakery,108,3.456,False
2025-06-28,Ben Thanh,District 1,Coffee,397,15.483,False
2025-06-28,Ben Thanh,District 1,Tea,232,10.44,False
2025-06-28,Ben Thanh,District 1,Smoothie,88,4.84,False
2025-06-28,Ben Thanh,District 1,Bakery,154,4.928,False
2025-06-29,Ben Thanh,District 1,Coffee,353,13.767,False
2025-06-29,Ben Thanh,District 1,Tea,255,11.475,False
2025-06-29,Ben Thanh,District 1,Smoothie,100,5.5,False
2025-06-29,Ben Thanh,District 1,Bakery,153,4.896,False
2025-06-30,Ben Thanh,District 1,Coffee,314,12.246,False
2025-06-30,Ben Thanh,District 1,Tea,191,8.595,False
2025-06-30,Ben Thanh,District 1,Smoothie,73,4.015,False
2025-06-30,Ben Thanh,District 1,Bakery,135,4.32,False
2025-07-01,Ben Thanh,District 1,Coffee,333,11.039,True
2025-07-01,Ben Thanh,District 1,Tea,222,8.492,True
2025-07-01,Ben Thanh,District 1,Smoothie,100,4.675,True
2025-07-01,Ben Thanh,District 1,Bakery,136,3.699,True
2025-07-02,Ben Thanh,District 1,Coffee,365,12.1,True
2025-07-02,Ben Thanh,District 1,Tea,258,9.868,True
2025-07-02,Ben Thanh,District 1,Smoothie,111,5.189,True
2025-07-02,Ben Thanh,District 1,Bakery,148,4.026,True
2025-07-03,Ben Thanh,District 1,Coffee,373,12.365,True
2025-07-03,Ben Thanh,District 1,Tea,205,7.841,True
2025-07-03,Ben Thanh,District 1,Smoothie,91,4.254,True
2025-07-03,Ben Thanh,District 1,Bakery,141,3.835,True
2025-07-04,Ben Thanh,District 1,Coffee,294,11.466,False
2025-07-04,Ben Thanh,District 1,Tea,206,9.27,False
2025-07-04,Ben Thanh,District 1,Smoothie,78,4.29,False
2025-07-04,Ben Thanh,District 1,Bakery,106,3.392,False
2025-07-05,Ben Thanh,District 1,Coffee,410,15.99,False
2025-07-05,Ben Thanh,District 1,Tea,267,12.015,False
2025-07-05,Ben Thanh,District 1,Smoothie,91,5.005,False
2025-07-05,Ben Thanh,District 1,Bakery,139,4.448,False
2025-07-06,Ben Thanh,District 1,Coffee,397,15.483,False
2025-07-06,Ben Thanh,District 1,Tea,257,11.565,False
2025-07-06,Ben Thanh,District 1,Smoothie,117,6.435,False
2025-07-06,Ben Thanh,District 1,Bakery,155,4.96,False
2025-07-07,Ben Thanh,District 1,Coffee,293,11.427,False
2025-07-07,Ben Thanh,District 1,Tea,197,8.865,False
2025-07-07,Ben Thanh,District 1,Smoothie,89,4.895,False
2025-07-07,Ben Thanh,District 1,Bakery,113,3.616,False
2025-07-08,Ben Thanh,District 1,Coffee,298,11.622,False
2025-07-08,Ben Thanh,District 1,Tea,184,8.28,False
2025-07-08,Ben Thanh,District 1,Smoothie,65,3.575,False
2025-07-08,Ben Thanh,District 1,Bakery,119,3.808,False
2025-07-09,Ben Thanh,District 1,Coffee,313,12.207,False
2025-07-09,Ben Thanh,District 1,Tea,194,8.73,False
2025-07-09,Ben Thanh,District 1,Smoothie,76,4.18,False
2025-07-09,Ben Thanh,District 1,Bakery,104,3.328,False
2025-07-10,Ben Thanh,District 1,Coffee,290,11.31,False
2025-07-10,Ben Thanh,District 1,Tea,199,8.955,False
2025-07-10,Ben Thanh,District 1,Smoothie,70,3.85,False
2025-07-10,Ben Thanh,District 1,Bakery,110,3.52,False
2025-07-11,Ben Thanh,District 1,Coffee,313,12.207,False
2025-07-11,Ben Thanh,District 1,Tea,209,9.405,False
2025-07-11,Ben Thanh,District 1,Smoothie,72,3.96,False
2025-07-11,Ben Thanh,District 1,Bakery,119,3.808,False
2025-07-12,Ben Thanh,District 1,Coffee,372,14.508,False
2025-07-12,Ben Thanh,District 1,Tea,240,10.8,False
2025-07-12,Ben Thanh,District 1,Smoothie,101,5.555,False
2025-07-12,Ben Thanh,District 1,Bakery,152,4.864,False
2025-07-13,Ben Thanh,District 1,Coffee,368,14.352,False
2025-07-13,Ben Thanh,District 1,Tea,249,11.205,False
2025-07-13,Ben Thanh,District 1,Smoothie,95,5.225,False
2025-07-13,Ben Thanh,District 1,Bakery,161,5.152,False
2025-07-14,Ben Thanh,District 1,Coffee,323,12.597,False
2025-07-14,Ben Thanh,District 1,Tea,197,8.865,False
2025-07-14,Ben Thanh,District 1,Smoothie,86,4.73,False
2025-07-14,Ben Thanh,District 1,Bakery,117,3.744,False
2025-07-15,Ben Thanh,District 1,Coffee,309,12.051,False
2025-07-15,Ben Thanh,District 1,Tea,224,10.08,False
2025-07-15,Ben Thanh,District 1,Smoothie,91,5.005,False
2025-07-15,Ben Thanh,District 1,Bakery,117,3.744,False
2025-07-16,Ben Thanh,District 1,Coffee,322,12.558,False
2025-07-16,Ben Thanh,District 1,Tea,185,8.325,False
2025-07-16,Ben Thanh,District 1,Smoothie,104,5.72,False
2025-07-16,Ben Thanh,District 1,Bakery,110,3.52,False
2025-07-17,Ben Thanh,District 1,Coffee,334,13.026,False
2025-07-17,Ben Thanh,District 1,Tea,192,8.64,False
2025-07-17,Ben Thanh,District 1,Smoothie,77,4.235,False
2025-07-17,Ben Thanh,District 1,Bakery,135,4.32,False
2025-07-18,Ben Thanh,District 1,Coffee,333,12.987,False
2025-07-18,Ben Thanh,District 1,Tea,190,8.55,False
2025-07-18,Ben Thanh,District 1,Smoothie,83,4.565,False
2025-07-18,Ben Thanh,District 1,Bakery,129,4.128,False
2025-07-19,Ben Thanh,District 1,Coffee,377,14.703,False
2025-07-19,Ben Thanh,District 1,Tea,247,11.115,False
2025-07-19,Ben Thanh,District 1,Smoothie,98,5.39,False
2025-07-19,Ben Thanh,District 1,Bakery,146,4.672,False
2025-07-20,Ben Thanh,District 1,Coffee,392,15.288,False
2025-07-20,Ben Thanh,District 1,Tea,224,10.08,False
2025-07-20,Ben Thanh,District 1,Smoothie,115,6.325,False
2025-07-20,Ben Thanh,District 1,Bakery,137,4.384,False
2025-07-21,Ben Thanh,District 1,Coffee,324,12.636,False
2025-07-21,Ben Thanh,District 1,Tea,198,8.91,False
2025-07-21,Ben Thanh,District 1,Smoothie,89,4.895,False
2025-07-21,Ben Thanh,District 1,Bakery,113,3.616,False
2025-07-22,Ben Thanh,District 1,Coffee,311,12.129,False
2025-07-22,Ben Thanh,District 1,Tea,208,9.36,False
2025-07-22,Ben Thanh,District 1,Smoothie,92,5.06,False
2025-07-22,Ben Thanh,District 1,Bakery,116,3.712,False
2025-07-23,Ben Thanh,District 1,Coffee,342,13.338,False
2025-07-23,Ben Thanh,District 1,Tea,192,8.64,False
2025-07-23,Ben Thanh,District 1,Smoothie,88,4.84,False
2025-07-23,Ben Thanh,District 1,Bakery,127,4.064,False
2025-07-24,Ben Thanh,District 1,Coffee,348,13.572,False
2025-07-24,Ben Thanh,District 1,Tea,207,9.315,False
2025-07-24,Ben Thanh,District 1,Smoothie,84,4.62,False
2025-07-24,Ben Thanh,District 1,Bakery,117,3.744,False
2025-07-25,Ben Thanh,District 1,Coffee,326,12.714,False
2025-07-25,Ben Thanh,District 1,Tea,183,8.235,False
2025-07-25,Ben Thanh,District 1,Smoothie,80,4.4,False
2025-07-25,Ben Thanh,District 1,Bakery,133,4.256,False
2025-07-26,Ben Thanh,District 1,Coffee,407,15.873,False
2025-07-26,Ben Thanh,District 1,Tea,238,10.71,False
2025-07-26,Ben Thanh,District 1,Smoothie,93,5.115,False
2025-07-26,Ben Thanh,District 1,Bakery,141,4.512,False
2025-07-27,Ben Thanh,District 1,Coffee,416,16.224,False
2025-07-27,Ben Thanh,District 1,Tea,238,10.71,False
2025-07-27,Ben Thanh,District 1,Smoothie,86,4.73,False
2025-07-27,Ben Thanh,District 1,Bakery,150,4.8,False
2025-07-28,Ben Thanh,District 1,Coffee,322,12.558,False
2025-07-28,Ben Thanh,District 1,Tea,198,8.91,False
2025-07-28,Ben Thanh,District 1,Smoothie,77,4.235,False
2025-07-28,Ben Thanh,District 1,Bakery,128,4.096,False
2025-07-29,Ben Thanh,District 1,Coffee,328,12.792,False
2025-07-29,Ben Thanh,District 1,Tea,196,8.82,False
2025-07-29,Ben Thanh,District 1,Smoothie,83,4.565,False
2025-07-29,Ben Thanh,District 1,Bakery,117,3.744,False
2025-07-30,Ben Thanh,District 1,Coffee,304,11.856,False
2025-07-30,Ben Thanh,District 1,Tea,190,8.55,False
2025-07-30,Ben Thanh,District 1,Smoothie,77,4.235,False
2025-07-30,Ben Thanh,District 1,Bakery,129,4.128,False
2025-07-31,Ben Thanh,District 1,Coffee,298,11.622,False
2025-07-31,Ben Thanh,District 1,Tea,196,8.82,False
2025-07-31,Ben Thanh,District 1,Smoothie,90,4.95,False
2025-07-31,Ben Thanh,District 1,Bakery,142,4.544,False
2025-08-01,Ben Thanh,District 1,Coffee,412,13.658,True
2025-08-01,Ben Thanh,District 1,Tea,230,8.797,True
2025-08-01,Ben Thanh,District 1,Smoothie,101,4.722,True
2025-08-01,Ben Thanh,District 1,Bakery,152,4.134,True
2025-08-02,Ben Thanh,District 1,Coffee,494,16.376,True
2025-08-02,Ben Thanh,District 1,Tea,332,12.699,True
2025-08-02,Ben Thanh,District 1,Smoothie,107,5.002,True
2025-08-02,Ben Thanh,District 1,Bakery,193,5.25,True
2025-08-03,Ben Thanh,District 1,Coffee,527,17.47,True
2025-08-03,Ben Thanh,District 1,Tea,314,12.011,True
2025-08-03,Ben Thanh,District 1,Smoothie,122,5.704,True
2025-08-03,Ben Thanh,District 1,Bakery,189,5.141,True
2025-08-04,Ben Thanh,District 1,Coffee,353,13.767,False
2025-08-04,Ben Thanh,District 1,Tea,186,8.37,False
2025-08-04,Ben Thanh,District 1,Smoothie,73,4.015,False
2025-08-04,Ben Thanh,District 1,Bakery,128,4.096,False
2025-08-05,Ben Thanh,District 1,Coffee,293,11.427,False
2025-08-05,Ben Thanh,District 1,Tea,171,7.695,False
2025-08-05,Ben Thanh,District 1,Smoothie,91,5.005,False
2025-08-05,Ben Thanh,District 1,Bakery,122,3.904,False
2025-08-06,Ben Thanh,District 1,Coffee,326,12.714,False
2025-08-06,Ben Thanh,District 1,Tea,231,10.395,False
2025-08-06,Ben Thanh,District 1,Smoothie,87,4.785,False
2025-08-06,Ben Thanh,District 1,Bakery,111,3.552,False
2025-08-07,Ben Thanh,District 1,Coffee,258,10.062,False
2025-08-07,Ben Thanh,District 1,Tea,194,8.73,False
2025-08-07,Ben Thanh,District 1,Smoothie,95,5.225,False
2025-08-07,Ben Thanh,District 1,Bakery,119,3.808,False
2025-08-08,Ben Thanh,District 1,Coffee,309,12.051,False
2025-08-08,Ben Thanh,District 1,Tea,189,8.505,False
2025-08-08,Ben Thanh,District 1,Smoothie,93,5.115,False
2025-08-08,Ben Thanh,District 1,Bakery,152,4.864,False
2025-08-09,Ben Thanh,District 1,Coffee,378,14.742,False
2025-08-09,Ben Thanh,District 1,Tea,229,10.305,False
2025-08-09,Ben Thanh,District 1,Smoothie,116,6.38,False
2025-08-09,Ben Thanh,District 1,Bakery,139,4.448,False
2025-08-10,Ben Thanh,District 1,Coffee,417,16.263,False
2025-08-10,Ben Thanh,District 1,Tea,227,10.215,False
2025-08-10,Ben Thanh,District 1,Smoothie,102,5.61,False
2025-08-10,Ben Thanh,District 1,Bakery,139,4.448,False
2025-08-11,Ben Thanh,District 1,Coffee,298,11.622,False
2025-08-11,Ben Thanh,District 1,Tea,199,8.955,False
2025-08-11,Ben Thanh,District 1,Smoothie,80,4.4,False
2025-08-11,Ben Thanh,District 1,Bakery,114,3.648,False
2025-08-12,Ben Thanh,District 1,Coffee,309,12.051,False
2025-08-12,Ben Thanh,District 1,Tea,194,8.73,False
2025-08-12,Ben Thanh,District 1,Smoothie,83,4.565,False
2025-08-12,Ben Thanh,District 1,Bakery,134,4.288,False
2025-08-13,Ben Thanh,District 1,Coffee,309,12.051,False
2025-08-13,Ben Thanh,District 1,Tea,196,8.82,False
2025-08-13,Ben Thanh,District 1,Smoothie,106,5.83,False
2025-08-13,Ben Thanh,District 1,Bakery,125,4.0,False
2025-08-14,Ben Thanh,District 1,Coffee,322,12.558,False
2025-08-14,Ben Thanh,District 1,Tea,208,9.36,False
2025-08-14,Ben Thanh,District 1,Smoothie,76,4.18,False
2025-08-14,Ben Thanh,District 1,Bakery,117,3.744,False
2025-08-15,Ben Thanh,District 1,Coffee,328,12.792,False
2025-08-15,Ben Thanh,District 1,Tea,193,8.685,False
2025-08-15,Ben Thanh,District 1,Smoothie,87,4.785,False
2025-08-15,Ben Thanh,District 1,Bakery,142,4.544,False
2025-08-16,Ben Thanh,District 1,Coffee,370,14.43,False
2025-08-16,Ben Thanh,District 1,Tea,281,12.645,False
2025-08-16,Ben Thanh,District 1,Smoothie,108,5.94,False
2025-08-16,Ben Thanh,District 1,Bakery,140,4.48,False
2025-08-17,Ben Thanh,District 1,Coffee,376,14.664,False
2025-08-17,Ben Thanh,District 1,Tea,251,11.295,False
2025-08-17,Ben Thanh,District 1,Smoothie,98,5.39,False
2025-08-17,Ben Thanh,District 1,Bakery,167,5.344,False
2025-08-18,Ben Thanh,District 1,Coffee,331,12.909,False
2025-08-18,Ben Thanh,District 1,Tea,194,8.73,False
2025-08-18,Ben Thanh,District 1,Smoothie,84,4.62,False
2025-08-18,Ben Thanh,District 1,Bakery,122,3.904,False
2025-08-19,Ben Thanh,District 1,Coffee,316,12.324,False
2025-08-19,Ben Thanh,District 1,Tea,205,9.225,False
2025-08-19,Ben Thanh,District 1,Smoothie,84,4.62,False
2025-08-19,Ben Thanh,District 1,Bakery,140,4.48,False
2025-08-20,Ben Thanh,District 1,Coffee,324,12.636,False
2025-08-20,Ben Thanh,District 1,Tea,203,9.135,False
2025-08-20,Ben Thanh,District 1,Smoothie,84,4.62,False
2025-08-20,Ben Thanh,District 1,Bakery,99,3.168,False
2025-08-21,Ben Thanh,District 1,Coffee,317,12.363,False
2025-08-21,Ben Thanh,District 1,Tea,192,8.64,False
2025-08-21,Ben Thanh,District 1,Smoothie,86,4.73,False
2025-08-21,Ben Thanh,District 1,Bakery,120,3.84,False
2025-08-22,Ben Thanh,District 1,Coffee,326,12.714,False
2025-08-22,Ben Thanh,District 1,Tea,199,8.955,False
2025-08-22,Ben Thanh,District 1,Smoothie,86,4.73,False
2025-08-22,Ben Thanh,District 1,Bakery,130,4.16,False
2025-08-23,Ben Thanh,District 1,Coffee,359,14.001,False
2025-08-23,Ben Thanh,District 1,Tea,248,11.16,False
2025-08-23,Ben Thanh,District 1,Smoothie,101,5.555,False
2025-08-23,Ben Thanh,District 1,Bakery,135,4.32,False
2025-08-24,Ben Thanh,District 1,Coffee,386,15.054,False
2025-08-24,Ben Thanh,District 1,Tea,215,9.675,False
2025-08-24,Ben Thanh,District 1,Smoothie,100,5.5,False
2025-08-24,Ben Thanh,District 1,Bakery,164,5.248,False
2025-08-25,Ben Thanh,District 1,Coffee,327,12.753,False
2025-08-25,Ben Thanh,District 1,Tea,205,9.225,False
2025-08-25,Ben Thanh,District 1,Smoothie,81,4.455,False
2025-08-25,Ben Thanh,District 1,Bakery,137,4.384,False
2025-08-26,Ben Thanh,District 1,Coffee,325,12.675,False
2025-08-26,Ben Thanh,District 1,Tea,192,8.64,False
2025-08-26,Ben Thanh,District 1,Smoothie,97,5.335,False
2025-08-26,Ben Thanh,District 1,Bakery,108,3.456,False
2025-08-27,Ben Thanh,District 1,Coffee,316,12.324,False
2025-08-27,Ben Thanh,District 1,Tea,203,9.135,False
2025-08-27,Ben Thanh,District 1,Smoothie,74,4.07,False
2025-08-27,Ben Thanh,District 1,Bakery,114,3.648,False
2025-08-28,Ben Thanh,District 1,Coffee,329,12.831,False
2025-08-28,Ben Thanh,District 1,Tea,206,9.27,False
2025-08-28,Ben Thanh,District 1,Smoothie,79,4.345,False
2025-08-28,Ben Thanh,District 1,Bakery,123,3.936,False
2025-08-29,Ben Thanh,District 1,Coffee,301,11.739,False
2025-08-29,Ben Thanh,District 1,Tea,213,9.585,False
2025-08-29,Ben Thanh,District 1,Smoothie,94,5.17,False
2025-08-29,Ben Thanh,District 1,Bakery,110,3.52,False
2025-08-30,Ben Thanh,District 1,Coffee,396,15.444,False
2025-08-30,Ben Thanh,District 1,Tea,223,10.035,False
2025-08-30,Ben Thanh,District 1,Smoothie,104,5.72,False
2025-08-30,Ben Thanh,District 1,Bakery,154,4.928,False
2025-08-31,Ben Thanh,District 1,Coffee,416,16.224,False
2025-08-31,Ben Thanh,District 1,Tea,231,10.395,False
2025-08-31,Ben Thanh,District 1,Smoothie,115,6.325,False
2025-08-31,Ben Thanh,District 1,Bakery,166,5.312,False
2025-09-01,Ben Thanh,District 1,Coffee,340,11.271,True
2025-09-01,Ben Thanh,District 1,Tea,240,9.18,True
2025-09-01,Ben Thanh,District 1,Smoothie,113,5.283,True
2025-09-01,Ben Thanh,District 1,Bakery,119,3.237,True
2025-09-02,Ben Thanh,District 1,Coffee,395,13.094,True
2025-09-02,Ben Thanh,District 1,Tea,215,8.224,True
2025-09-02,Ben Thanh,District 1,Smoothie,82,3.833,True
2025-09-02,Ben Thanh,District 1,Bakery,154,4.189,True
2025-09-03,Ben Thanh,District 1,Coffee,397,13.161,True
2025-09-03,Ben Thanh,District 1,Tea,245,9.371,True
2025-09-03,Ben Thanh,District 1,Smoothie,113,5.283,True
2025-09-03,Ben Thanh,District 1,Bakery,136,3.699,True
2025-09-04,Ben Thanh,District 1,Coffee,331,12.909,False
2025-09-04,Ben Thanh,District 1,Tea,206,9.27,False
2025-09-04,Ben Thanh,District 1,Smoothie,98,5.39,False
2025-09-04,Ben Thanh,District 1,Bakery,130,4.16,False
2025-09-05,Ben Thanh,District 1,Coffee,337,13.143,False
2025-09-05,Ben Thanh,District 1,Tea,209,9.405,False
2025-09-05,Ben Thanh,District 1,Smoothie,90,4.95,False
2025-09-05,Ben Thanh,District 1,Bakery,104,3.328,False
2025-09-06,Ben Thanh,District 1,Coffee,377,14.703,False
2025-09-06,Ben Thanh,District 1,Tea,240,10.8,False
2025-09-06,Ben Thanh,District 1,Smoothie,86,4.73,False
2025-09-06,Ben Thanh,District 1,Bakery,152,4.864,False
2025-09-07,Ben Thanh,District 1,Coffee,393,15.327,False
2025-09-07,Ben Thanh,District 1,Tea,246,11.07,False
2025-09-07,Ben Thanh,District 1,Smoothie,95,5.225,False
2025-09-07,Ben Thanh,District 1,Bakery,142,4.544,False
2025-09-08,Ben Thanh,District 1,Coffee,333,12.987,False
2025-09-08,Ben Thanh,District 1,Tea,212,9.54,False
2025-09-08,Ben Thanh,District 1,Smoothie,82,4.51,False
2025-09-08,Ben Thanh,District 1,Bakery,114,3.648,False
2025-09-09,Ben Thanh,District 1,Coffee,346,13.494,False
2025-09-09,Ben Thanh,District 1,Tea,216,9.72,False
2025-09-09,Ben Thanh,District 1,Smoothie,92,5.06,False
2025-09-09,Ben Thanh,District 1,Bakery,108,3.456,False
2025-09-10,Ben Thanh,District 1,Coffee,337,13.143,False
2025-09-10,Ben Thanh,District 1,Tea,203,9.135,False
2025-09-10,Ben Thanh,District 1,Smoothie,87,4.785,False
2025-09-10,Ben Thanh,District 1,Bakery,120,3.84,False
2025-09-11,Ben Thanh,District 1,Coffee,336,13.104,False
2025-09-11,Ben Thanh,District 1,Tea,202,9.09,False
2025-09-11,Ben Thanh,District 1,Smoothie,88,4.84,False
2025-09-11,Ben Thanh,District 1,Bakery,101,3.232,False
2025-09-12,Ben Thanh,District 1,Coffee,322,12.558,False
2025-09-12,Ben Thanh,District 1,Tea,210,9.45,False
2025-09-12,Ben Thanh,District 1,Smoothie,83,4.565,False
2025-09-12,Ben Thanh,District 1,Bakery,116,3.712,False
2025-09-13,Ben Thanh,District 1,Coffee,393,15.327,False
2025-09-13,Ben Thanh,District 1,Tea,262,11.79,False
2025-09-13,Ben Thanh,District 1,Smoothie,110,6.05,False
2025-09-13,Ben Thanh,District 1,Bakery,148,4.736,False
2025-09-14,Ben Thanh,District 1,Coffee,413,16.107,False
2025-09-14,Ben Thanh,District 1,Tea,254,11.43,False
2025-09-14,Ben Thanh,District 1,Smoothie,109,5.995,False
2025-09-14,Ben Thanh,District 1,Bakery,147,4.704,False
2025-09-15,Ben Thanh,District 1,Coffee,324,12.636,False
2025-09-15,Ben Thanh,District 1,Tea,221,9.945,False
2025-09-15,Ben Thanh,District 1,Smoothie,82,4.51,False
2025-09-15,Ben Thanh,District 1,Bakery,119,3.808,False
2025-09-16,Ben Thanh,District 1,Coffee,309,12.051,False
2025-09-16,Ben Thanh,District 1,Tea,201,9.045,False
2025-09-16,Ben Thanh,District 1,Smoothie,101,5.555,False
2025-09-16,Ben Thanh,District 1,Bakery,106,3.392,False
2025-09-17,Ben Thanh,District 1,Coffee,326,12.714,False
2025-09-17,Ben Thanh,District 1,Tea,205,9.225,False
2025-09-17,Ben Thanh,District 1,Smoothie,85,4.675,False
2025-09-17,Ben Thanh,District 1,Bakery,127,4.064,False
2025-09-18,Ben Thanh,District 1,Coffee,331,12.909,False
2025-09-18,Ben Thanh,District 1,Tea,218,9.81,False
2025-09-18,Ben Thanh,District 1,Smoothie,71,3.905,False
2025-09-18,Ben Thanh,District 1,Bakery,127,4.064,False
2025-09-19,Ben Thanh,District 1,Coffee,297,11.583,False
2025-09-19,Ben Thanh,District 1,Tea,187,8.415,False
2025-09-19,Ben Thanh,District 1,Smoothie,86,4.73,False
2025-09-19,Ben Thanh,District 1,Bakery,130,4.16,False
2025-09-20,Ben Thanh,District 1,Coffee,391,15.249,False
2025-09-20,Ben Thanh,District 1,Tea,253,11.385,False
2025-09-20,Ben Thanh,District 1,Smoothie,96,5.28,False
2025-09-20,Ben Thanh,District 1,Bakery,168,5.376,False
2025-09-21,Ben Thanh,District 1,Coffee,404,15.756,False
2025-09-21,Ben Thanh,District 1,Tea,231,10.395,False
2025-09-21,Ben Thanh,District 1,Smoothie,104,5.72,False
2025-09-21,Ben Thanh,District 1,Bakery,167,5.344,False
2025-09-22,Ben Thanh,District 1,Coffee,300,11.7,False
2025-09-22,Ben Thanh,District 1,Tea,201,9.045,False
2025-09-22,Ben Thanh,District 1,Smoothie,86,4.73,False
2025-09-22,Ben Thanh,District 1,Bakery,116,3.712,False
2025-09-23,Ben Thanh,District 1,Coffee,370,14.43,False
2025-09-23,Ben Thanh,District 1,Tea,204,9.18,False
2025-09-23,Ben Thanh,District 1,Smoothie,76,4.18,False
2025-09-23,Ben Thanh,District 1,Bakery,133,4.256,False
2025-09-24,Ben Thanh,District 1,Coffee,346,13.494,False
2025-09-24,Ben Thanh,District 1,Tea,201,9.045,False
2025-09-24,Ben Thanh,District 1,Smoothie,90,4.95,False
2025-09-24,Ben Thanh,District 1,Bakery,125,4.0,False
2025-09-25,Ben Thanh,District 1,Coffee,341,13.299,False
2025-09-25,Ben Thanh,District 1,Tea,222,9.99,False
2025-09-25,Ben Thanh,District 1,Smoothie,78,4.29,False
2025-09-25,Ben Thanh,District 1,Bakery,115,3.68,False
2025-09-26,Ben Thanh,District 1,Coffee,308,12.012,False
2025-09-26,Ben Thanh,District 1,Tea,209,9.405,False
2025-09-26,Ben Thanh,District 1,Smoothie,88,4.84,False
2025-09-26,Ben Thanh,District 1,Bakery,109,3.488,False
2025-09-27,Ben Thanh,District 1,Coffee,349,13.611,False
2025-09-27,Ben Thanh,District 1,Tea,220,9.9,False
2025-09-27,Ben Thanh,District 1,Smoothie,100,5.5,False
2025-09-27,Ben Thanh,District 1,Bakery,148,4.736,False
2025-09-28,Ben Thanh,District 1,Coffee,401,15.639,False
2025-09-28,Ben Thanh,District 1,Tea,250,11.25,False
2025-09-28,Ben Thanh,District 1,Smoothie,105,5.775,False
2025-09-28,Ben Thanh,District 1,Bakery,160,5.12,False
2025-09-29,Ben Thanh,District 1,Coffee,323,12.597,False
2025-09-29,Ben Thanh,District 1,Tea,211,9.495,False
2025-09-29,Ben Thanh,District 1,Smoothie,91,5.005,False
2025-09-29,Ben Thanh,District 1,Bakery,127,4.064,False
2025-09-30,Ben Thanh,District 1,Coffee,317,12.363,False
2025-09-30,Ben Thanh,District 1,Tea,246,11.07,False
2025-09-30,Ben Thanh,District 1,Smoothie,90,4.95,False
2025-09-30,Ben Thanh,District 1,Bakery,110,3.52,False
2025-10-01,Ben Thanh,District 1,Coffee,381,12.63,True
2025-10-01,Ben Thanh,District 1,Tea,256,9.792,True
2025-10-01,Ben Thanh,District 1,Smoothie,103,4.815,True
2025-10-01,Ben Thanh,District 1,Bakery,115,3.128,True
2025-10-02,Ben Thanh,District 1,Coffee,425,14.089,True
2025-10-02,Ben Thanh,District 1,Tea,217,8.3,True
2025-10-02,Ben Thanh,District 1,Smoothie,100,4.675,True
2025-10-02,Ben Thanh,District 1,Bakery,148,4.026,True
2025-10-03,Ben Thanh,District 1,Coffee,405,13.426,True
2025-10-03,Ben Thanh,District 1,Tea,238,9.104,True
2025-10-03,Ben Thanh,District 1,Smoothie,100,4.675,True
2025-10-03,Ben Thanh,District 1,Bakery,121,3.291,True
2025-10-04,Ben Thanh,District 1,Coffee,413,16.107,False
2025-10-04,Ben Thanh,District 1,Tea,268,12.06,False
2025-10-04,Ben Thanh,District 1,Smoothie,112,6.16,False
2025-10-04,Ben Thanh,District 1,Bakery,137,4.384,False
2025-10-05,Ben Thanh,District 1,Coffee,381,14.859,False
2025-10-05,Ben Thanh,District 1,Tea,233,10.485,False
2025-10-05,Ben Thanh,District 1,Smoothie,115,6.325,False
2025-10-05,Ben Thanh,District 1,Bakery,139,4.448,False
2025-10-06,Ben Thanh,District 1,Coffee,355,13.845,False
2025-10-06,Ben Thanh,District 1,Tea,198,8.91,False
2025-10-06,Ben Thanh,District 1,Smoothie,71,3.905,False
2025-10-06,Ben Thanh,District 1,Bakery,141,4.512,False
2025-10-07,Ben Thanh,District 1,Coffee,307,11.973,False
2025-10-07,Ben Thanh,District 1,Tea,201,9.045,False
2025-10-07,Ben Thanh,District 1,Smoothie,84,4.62,False
2025-10-07,Ben Thanh,District 1,Bakery,120,3.84,False
2025-10-08,Ben Thanh,District 1,Coffee,310,12.09,False
2025-10-08,Ben Thanh,District 1,Tea,200,9.0,False
2025-10-08,Ben Thanh,District 1,Smoothie,94,5.17,False
2025-10-08,Ben Thanh,District 1,Bakery,87,2.784,False
2025-10-09,Ben Thanh,District 1,Coffee,300,11.7,False
2025-10-09,Ben Thanh,District 1,Tea,217,9.765,False
2025-10-09,Ben Thanh,District 1,Smoothie,87,4.785,False
2025-10-09,Ben Thanh,District 1,Bakery,110,3.52,False
2025-10-10,Ben Thanh,District 1,Coffee,314,12.246,False
2025-10-10,Ben Thanh,District 1,Tea,203,9.135,False
2025-10-10,Ben Thanh,District 1,Smoothie,77,4.235,False
2025-10-10,Ben Thanh,District 1,Bakery,142,4.544,False
2025-10-11,Ben Thanh,District 1,Coffee,424,16.536,False
2025-10-11,Ben Thanh,District 1,Tea,260,11.7,False
2025-10-11,Ben Thanh,District 1,Smoothie,85,4.675,False
2025-10-11,Ben Thanh,District 1,Bakery,142,4.544,False
2025-10-12,Ben Thanh,District 1,Coffee,409,15.951,False
2025-10-12,Ben Thanh,District 1,Tea,229,10.305,False
2025-10-12,Ben Thanh,District 1,Smoothie,104,5.72,False
2025-10-12,Ben Thanh,District 1,Bakery,148,4.736,False
2025-10-13,Ben Thanh,District 1,Coffee,289,11.271,False
2025-10-13,Ben Thanh,District 1,Tea,208,9.36,False
2025-10-13,Ben Thanh,District 1,Smoothie,66,3.63,False
2025-10-13,Ben Thanh,District 1,Bakery,128,4.096,False
2025-10-14,Ben Thanh,District 1,Coffee,326,12.714,False
2025-10-14,Ben Thanh,District 1,Tea,220,9.9,False
2025-10-14,Ben Thanh,District 1,Smoothie,81,4.455,False
2025-10-14,Ben Thanh,District 1,Bakery,119,3.808,False
2025-10-15,Ben Thanh,District 1,Coffee,294,11.466,False
2025-10-15,Ben Thanh,District 1,Tea,200,9.0,False
2025-10-15,Ben Thanh,District 1,Smoothie,80,4.4,False
2025-10-15,Ben Thanh,District 1,Bakery,137,4.384,False
2025-10-16,Ben Thanh,District 1,Coffee,286,11.154,False
2025-10-16,Ben Thanh,District 1,Tea,211,9.495,False
2025-10-16,Ben Thanh,District 1,Smoothie,66,3.63,False
2025-10-16,Ben Thanh,District 1,Bakery,114,3.648,False
2025-10-17,Ben Thanh,District 1,Coffee,326,12.714,False
2025-10-17,Ben Thanh,District 1,Tea,194,8.73,False
2025-10-17,Ben Thanh,District 1,Smoothie,89,4.895,False
2025-10-17,Ben Thanh,District 1,Bakery,118,3.776,False
2025-10-18,Ben Thanh,District 1,Coffee,455,17.745,False
2025-10-18,Ben Thanh,District 1,Tea,238,10.71,False
2025-10-18,Ben Thanh,District 1,Smoothie,94,5.17,False
2025-10-18,Ben Thanh,District 1,Bakery,135,4.32,False
2025-10-19,Ben Thanh,District 1,Coffee,411,16.029,False
2025-10-19,Ben Thanh,District 1,Tea,268,12.06,False
2025-10-19,Ben Thanh,District 1,Smoothie,121,6.655,False
2025-10-19,Ben Thanh,District 1,Bakery,166,5.312,False
2025-10-20,Ben Thanh,District 1,Coffee,317,12.363,False
2025-10-20,Ben Thanh,District 1,Tea,200,9.0,False
2025-10-20,Ben Thanh,District 1,Smoothie,82,4.51,False
2025-10-20,Ben Thanh,District 1,Bakery,130,4.16,False
2025-10-21,Ben Thanh,District 1,Coffee,316,12.324,False
2025-10-21,Ben Thanh,District 1,Tea,224,10.08,False
2025-10-21,Ben Thanh,District 1,Smoothie,86,4.73,False
2025-10-21,Ben Thanh,District 1,Bakery,118,3.776,False
2025-10-22,Ben Thanh,District 1,Coffee,318,12.402,False
2025-10-22,Ben Thanh,District 1,Tea,201,9.045,False
2025-10-22,Ben Thanh,District 1,Smoothie,89,4.895,False
2025-10-22,Ben Thanh,District 1,Bakery,119,3.808,False
2025-10-23,Ben Thanh,District 1,Coffee,342,13.338,False
2025-10-23,Ben Thanh,District 1,Tea,190,8.55,False
2025-10-23,Ben Thanh,District 1,Smoothie,89,4.895,False
2025-10-23,Ben Thanh,District 1,Bakery,127,4.064,False
2025-10-24,Ben Thanh,District 1,Coffee,345,13.455,False
2025-10-24,Ben Thanh,District 1,Tea,190,8.55,False
2025-10-24,Ben Thanh,District 1,Smoothie,61,3.355,False
2025-10-24,Ben Thanh,District 1,Bakery,134,4.288,False
2025-10-25,Ben Thanh,District 1,Coffee,403,15.717,False
2025-10-25,Ben Thanh,District 1,Tea,255,11.475,False
2025-10-25,Ben Thanh,District 1,Smoothie,106,5.83,False
2025-10-25,Ben Thanh,District 1,Bakery,139,4.448,False
2025-10-26,Ben Thanh,District 1,Coffee,399,15.561,False
2025-10-26,Ben Thanh,District 1,Tea,249,11.205,False
2025-10-26,Ben Thanh,District 1,Smoothie,96,5.28,False
2025-10-26,Ben Thanh,District 1,Bakery,156,4.992,False
2025-10-27,Ben Thanh,District 1,Coffee,307,11.973,False
2025-10-27,Ben Thanh,District 1,Tea,202,9.09,False
2025-10-27,Ben Thanh,District 1,Smoothie,85,4.675,False
2025-10-27,Ben Thanh,District 1,Bakery,124,3.968,False
2025-10-28,Ben Thanh,District 1,Coffee,324,12.636,False
2025-10-28,Ben Thanh,District 1,Tea,202,9.09,False
2025-10-28,Ben Thanh,District 1,Smoothie,98,5.39,False
2025-10-28,Ben Thanh,District 1,Bakery,135,4.32,False
2025-10-29,Ben Thanh,District 1,Coffee,317,12.363,False
2025-10-29,Ben Thanh,District 1,Tea,201,9.045,False
2025-10-29,Ben Thanh,District 1,Smoothie,94,5.17,False
2025-10-29,Ben Thanh,District 1,Bakery,128,4.096,False
2025-10-30,Ben Thanh,District 1,Coffee,305,11.895,False
2025-10-30,Ben Thanh,District 1,Tea,209,9.405,False
2025-10-30,Ben Thanh,District 1,Smoothie,94,5.17,False
2025-10-30,Ben Thanh,District 1,Bakery,121,3.872,False
2025-10-31,Ben Thanh,District 1,Coffee,354,13.806,False
2025-10-31,Ben Thanh,District 1,Tea,210,9.45,False
2025-10-31,Ben Thanh,District 1,Smoothie,83,4.565,False
2025-10-31,Ben Thanh,District 1,Bakery,139,4.448,False
2025-11-01,Ben Thanh,District 1,Coffee,466,15.448,True
2025-11-01,Ben Thanh,District 1,Tea,292,11.169,True
2025-11-01,Ben Thanh,District 1,Smoothie,112,5.236,True
2025-11-01,Ben Thanh,District 1,Bakery,158,4.298,True
2025-11-02,Ben Thanh,District 1,Coffee,513,17.006,True
2025-11-02,Ben Thanh,District 1,Tea,299,11.437,True
2025-11-02,Ben Thanh,District 1,Smoothie,122,5.704,True
2025-11-02,Ben Thanh,District 1,Bakery,207,5.63,True
2025-11-03,Ben Thanh,District 1,Coffee,429,14.221,True
2025-11-03,Ben Thanh,District 1,Tea,231,8.836,True
2025-11-03,Ben Thanh,District 1,Smoothie,118,5.516,True
2025-11-03,Ben Thanh,District 1,Bakery,157,4.27,True
2025-11-04,Ben Thanh,District 1,Coffee,340,13.26,False
2025-11-04,Ben Thanh,District 1,Tea,181,8.145,False
2025-11-04,Ben Thanh,District 1,Smoothie,99,5.445,False
2025-11-04,Ben Thanh,District 1,Bakery,122,3.904,False
2025-11-05,Ben Thanh,District 1,Coffee,351,13.689,False
2025-11-05,Ben Thanh,District 1,Tea,209,9.405,False
2025-11-05,Ben Thanh,District 1,Smoothie,95,5.225,False
2025-11-05,Ben Thanh,District 1,Bakery,128,4.096,False
2025-11-06,Ben Thanh,District 1,Coffee,328,12.792,False
2025-11-06,Ben Thanh,District 1,Tea,232,10.44,False
2025-11-06,Ben Thanh,District 1,Smoothie,95,5.225,False
2025-11-06,Ben Thanh,District 1,Bakery,134,4.288,False
2025-11-07,Ben Thanh,District 1,Coffee,349,13.611,False
2025-11-07,Ben Thanh,District 1,Tea,188,8.46,False
2025-11-07,Ben Thanh,District 1,Smoothie,102,5.61,False
2025-11-07,Ben Thanh,District 1,Bakery,136,4.352,False
2025-11-08,Ben Thanh,District 1,Coffee,461,17.979,False
2025-11-08,Ben Thanh,District 1,Tea,245,11.025,False
2025-11-08,Ben Thanh,District 1,Smoothie,110,6.05,False
2025-11-08,Ben Thanh,District 1,Bakery,167,5.344,False
2025-11-09,Ben Thanh,District 1,Coffee,453,17.667,False
2025-11-09,Ben Thanh,District 1,Tea,246,11.07,False
2025-11-09,Ben Thanh,District 1,Smoothie,100,5.5,False
2025-11-09,Ben Thanh,District 1,Bakery,184,5.888,False
2025-11-10,Ben Thanh,District 1,Coffee,338,13.182,False
2025-11-10,Ben Thanh,District 1,Tea,200,9.0,False
2025-11-10,Ben Thanh,District 1,Smoothie,98,5.39,False
2025-11-10,Ben Thanh,District 1,Bakery,125,4.0,False
2025-11-11,Ben Thanh,District 1,Coffee,340,13.26,False
2025-11-11,Ben Thanh,District 1,Tea,200,9.0,False
2025-11-11,Ben Thanh,District 1,Smoothie,86,4.73,False
2025-11-11,Ben Thanh,District 1,Bakery,134,4.288,False
2025-11-12,Ben Thanh,District 1,Coffee,374,14.586,False
2025-11-12,Ben Thanh,District 1,Tea,197,8.865,False
2025-11-12,Ben Thanh,District 1,Smoothie,91,5.005,False
2025-11-12,Ben Thanh,District 1,Bakery,149,4.768,False
2025-11-13,Ben Thanh,District 1,Coffee,338,13.182,False
2025-11-13,Ben Thanh,District 1,Tea,191,8.595,False
2025-11-13,Ben Thanh,District 1,Smoothie,84,4.62,False
2025-11-13,Ben Thanh,District 1,Bakery,140,4.48,False
2025-11-14,Ben Thanh,District 1,Coffee,359,14.001,False
2025-11-14,Ben Thanh,District 1,Tea,185,8.325,False
2025-11-14,Ben Thanh,District 1,Smoothie,83,4.565,False
2025-11-14,Ben Thanh,District 1,Bakery,119,3.808,False
2025-11-15,Ben Thanh,District 1,Coffee,426,16.614,False
2025-11-15,Ben Thanh,District 1,Tea,255,11.475,False
2025-11-15,Ben Thanh,District 1,Smoothie,122,6.71,False
2025-11-15,Ben Thanh,District 1,Bakery,169,5.408,False
2025-11-16,Ben Thanh,District 1,Coffee,414,16.146,False
2025-11-16,Ben Thanh,District 1,Tea,235,10.575,False
2025-11-16,Ben Thanh,District 1,Smoothie,141,7.755,False
2025-11-16,Ben Thanh,District 1,Bakery,172,5.504,False
2025-11-17,Ben Thanh,District 1,Coffee,347,13.533,False
2025-11-17,Ben Thanh,District 1,Tea,201,9.045,False
2025-11-17,Ben Thanh,District 1,Smoothie,89,4.895,False
2025-11-17,Ben Thanh,District 1,Bakery,149,4.768,False
2025-11-18,Ben Thanh,District 1,Coffee,342,13.338,False
2025-11-18,Ben Thanh,District 1,Tea,207,9.315,False
2025-11-18,Ben Thanh,District 1,Smoothie,74,4.07,False
2025-11-18,Ben Thanh,District 1,Bakery,117,3.744,False
2025-11-19,Ben Thanh,District 1,Coffee,349,13.611,False
2025-11-19,Ben Thanh,District 1,Tea,197,8.865,False
2025-11-19,Ben Thanh,District 1,Smoothie,93,5.115,False
2025-11-19,Ben Thanh,District 1,Bakery,134,4.288,False
2025-11-20,Ben Thanh,District 1,Coffee,373,14.547,False
2025-11-20,Ben Thanh,District 1,Tea,200,9.0,False
2025-11-20,Ben Thanh,District 1,Smoothie,101,5.555,False
2025-11-20,Ben Thanh,District 1,Bakery,123,3.936,False
2025-11-21,Ben Thanh,District 1,Coffee,361,14.079,False
2025-11-21,Ben Thanh,District 1,Tea,208,9.36,False
2025-11-21,Ben Thanh,District 1,Smoothie,84,4.62,False
2025-11-21,Ben Thanh,District 1,Bakery,133,4.256,False
2025-11-22,Ben Thanh,District 1,Coffee,449,17.511,False
2025-11-22,Ben Thanh,District 1,Tea,249,11.205,False
2025-11-22,Ben Thanh,District 1,Smoothie,113,6.215,False
2025-11-22,Ben Thanh,District 1,Bakery,156,4.992,False
2025-11-23,Ben Thanh,District 1,Coffee,452,17.628,False
2025-11-23,Ben Thanh,District 1,Tea,253,11.385,False
2025-11-23,Ben Thanh,District 1,Smoothie,104,5.72,False
2025-11-23,Ben Thanh,District 1,Bakery,163,5.216,False
2025-11-24,Ben Thanh,District 1,Coffee,324,12.636,False
2025-11-24,Ben Thanh,District 1,Tea,213,9.585,False
2025-11-24,Ben Thanh,District 1,Smoothie,83,4.565,False
2025-11-24,Ben Thanh,District 1,Bakery,143,4.576,False
2025-11-25,Ben Thanh,District 1,Coffee,375,14.625,False
2025-11-25,Ben Thanh,District 1,Tea,190,8.55,False
2025-11-25,Ben Thanh,District 1,Smoothie,83,4.565,False
2025-11-25,Ben Thanh,District 1,Bakery,147,4.704,False
2025-11-26,Ben Thanh,District 1,Coffee,373,14.547,False
2025-11-26,Ben Thanh,District 1,Tea,198,8.91,False
2025-11-26,Ben Thanh,District 1,Smoothie,87,4.785,False
2025-11-26,Ben Thanh,District 1,Bakery,153,4.896,False
2025-11-27,Ben Thanh,District 1,Coffee,355,13.845,False
2025-11-27,Ben Thanh,District 1,Tea,213,9.585,False
2025-11-27,Ben Thanh,District 1,Smoothie,110,6.05,False
2025-11-27,Ben Thanh,District 1,Bakery,137,4.384,False
2025-11-28,Ben Thanh,District 1,Coffee,368,14.352,False
2025-11-28,Ben Thanh,District 1,Tea,186,8.37,False
2025-11-28,Ben Thanh,District 1,Smoothie,79,4.345,False
2025-11-28,Ben Thanh,District 1,Bakery,142,4.544,False
2025-11-29,Ben Thanh,District 1,Coffee,420,16.38,False
2025-11-29,Ben Thanh,District 1,Tea,212,9.54,False
2025-11-29,Ben Thanh,District 1,Smoothie,106,5.83,False
2025-11-29,Ben Thanh,District 1,Bakery,168,5.376,False
2025-11-30,Ben Thanh,District 1,Coffee,452,17.628,False
2025-11-30,Ben Thanh,District 1,Tea,248,11.16,False
2025-11-30,Ben Thanh,District 1,Smoothie,98,5.39,False
2025-11-30,Ben Thanh,District 1,Bakery,167,5.344,False
2025-12-01,Ben Thanh,District 1,Coffee,444,14.719,True
2025-12-01,Ben Thanh,District 1,Tea,264,10.098,True
2025-12-01,Ben Thanh,District 1,Smoothie,99,4.628,True
2025-12-01,Ben Thanh,District 1,Bakery,166,4.515,True
2025-12-02,Ben Thanh,District 1,Coffee,440,14.586,True
2025-12-02,Ben Thanh,District 1,Tea,254,9.716,True
2025-12-02,Ben Thanh,District 1,Smoothie,95,4.441,True
2025-12-02,Ben Thanh,District 1,Bakery,173,4.706,True
2025-12-03,Ben Thanh,District 1,Coffee,442,14.652,True
2025-12-03,Ben Thanh,District 1,Tea,235,8.989,True
2025-12-03,Ben Thanh,District 1,Smoothie,105,4.909,True
2025-12-03,Ben Thanh,District 1,Bakery,161,4.379,True
2025-12-04,Ben Thanh,District 1,Coffee,358,13.962,False
2025-12-04,Ben Thanh,District 1,Tea,209,9.405,False
2025-12-04,Ben Thanh,District 1,Smoothie,94,5.17,False
2025-12-04,Ben Thanh,District 1,Bakery,132,4.224,False
2025-12-05,Ben Thanh,District 1,Coffee,348,13.572,False
2025-12-05,Ben Thanh,District 1,Tea,216,9.72,False
2025-12-05,Ben Thanh,District 1,Smoothie,98,5.39,False
2025-12-05,Ben Thanh,District 1,Bakery,133,4.256,False
2025-12-06,Ben Thanh,District 1,Coffee,466,18.174,False
2025-12-06,Ben Thanh,District 1,Tea,239,10.755,False
2025-12-06,Ben Thanh,District 1,Smoothie,111,6.105,False
2025-12-06,Ben Thanh,District 1,Bakery,157,5.024,False
2025-12-07,Ben Thanh,District 1,Coffee,406,15.834,False
2025-12-07,Ben Thanh,District 1,Tea,240,10.8,False
2025-12-07,Ben Thanh,District 1,Smoothie,121,6.655,False
2025-12-07,Ben Thanh,District 1,Bakery,184,5.888,False
2025-12-08,Ben Thanh,District 1,Coffee,324,12.636,False
2025-12-08,Ben Thanh,District 1,Tea,210,9.45,False
2025-12-08,Ben Thanh,District 1,Smoothie,91,5.005,False
2025-12-08,Ben Thanh,District 1,Bakery,131,4.192,False
2025-12-09,Ben Thanh,District 1,Coffee,337,13.143,False
2025-12-09,Ben Thanh,District 1,Tea,215,9.675,False
2025-12-09,Ben Thanh,District 1,Smoothie,94,5.17,False
2025-12-09,Ben Thanh,District 1,Bakery,123,3.936,False
2025-12-10,Ben Thanh,District 1,Coffee,362,14.118,False
2025-12-10,Ben Thanh,District 1,Tea,220,9.9,False
2025-12-10,Ben Thanh,District 1,Smoothie,99,5.445,False
2025-12-10,Ben Thanh,District 1,Bakery,118,3.776,False
2025-12-11,Ben Thanh,District 1,Coffee,369,14.391,False
2025-12-11,Ben Thanh,District 1,Tea,188,8.46,False
2025-12-11,Ben Thanh,District 1,Smoothie,94,5.17,False
2025-12-11,Ben Thanh,District 1,Bakery,113,3.616,False
2025-12-12,Ben Thanh,District 1,Coffee,383,14.937,False
2025-12-12,Ben Thanh,District 1,Tea,208,9.36,False
2025-12-12,Ben Thanh,District 1,Smoothie,91,5.005,False
2025-12-12,Ben Thanh,District 1,Bakery,137,4.384,False
2025-12-13,Ben Thanh,District 1,Coffee,459,17.901,False
2025-12-13,Ben Thanh,District 1,Tea,244,10.98,False
2025-12-13,Ben Thanh,District 1,Smoothie,100,5.5,False
2025-12-13,Ben Thanh,District 1,Bakery,158,5.056,False
2025-12-14,Ben Thanh,District 1,Coffee,461,17.979,False
2025-12-14,Ben Thanh,District 1,Tea,236,10.62,False
2025-12-14,Ben Thanh,District 1,Smoothie,109,5.995,False
2025-12-14,Ben Thanh,District 1,Bakery,168,5.376,False
2025-12-15,Ben Thanh,District 1,Coffee,362,14.118,False
2025-12-15,Ben Thanh,District 1,Tea,199,8.955,False
2025-12-15,Ben Thanh,District 1,Smoothie,95,5.225,False
2025-12-15,Ben Thanh,District 1,Bakery,137,4.384,False
2025-12-16,Ben Thanh,District 1,Coffee,336,13.104,False
2025-12-16,Ben Thanh,District 1,Tea,204,9.18,False
2025-12-16,Ben Thanh,District 1,Smoothie,89,4.895,False
2025-12-16,Ben Thanh,District 1,Bakery,151,4.832,False
2025-12-17,Ben Thanh,District 1,Coffee,350,13.65,False
2025-12-17,Ben Thanh,District 1,Tea,195,8.775,False
2025-12-17,Ben Thanh,District 1,Smoothie,97,5.335,False
2025-12-17,Ben Thanh,District 1,Bakery,125,4.0,False
2025-12-18,Ben Thanh,District 1,Coffee,350,13.65,False
2025-12-18,Ben Thanh,District 1,Tea,186,8.37,False
2025-12-18,Ben Thanh,District 1,Smoothie,93,5.115,False
2025-12-18,Ben Thanh,District 1,Bakery,121,3.872,False
2025-12-19,Ben Thanh,District 1,Coffee,342,13.338,False
2025-12-19,Ben Thanh,District 1,Tea,207,9.315,False
2025-12-19,Ben Thanh,District 1,Smoothie,98,5.39,False
2025-12-19,Ben Thanh,District 1,Bakery,138,4.416,False
2025-12-20,Ben Thanh,District 1,Coffee,513,17.006,True
2025-12-20,Ben Thanh,District 1,Tea,293,11.207,True
2025-12-20,Ben Thanh,District 1,Smoothie,131,6.124,True
2025-12-20,Ben Thanh,District 1,Bakery,209,5.685,True
2025-12-21,Ben Thanh,District 1,Coffee,542,17.967,True
2025-12-21,Ben Thanh,District 1,Tea,318,12.164,True
2025-12-21,Ben Thanh,District 1,Smoothie,144,6.732,True
2025-12-21,Ben Thanh,District 1,Bakery,202,5.494,True
2025-12-22,Ben Thanh,District 1,Coffee,375,12.431,True
2025-12-22,Ben Thanh,District 1,Tea,214,8.185,True
2025-12-22,Ben Thanh,District 1,Smoothie,110,5.143,True
2025-12-22,Ben Thanh,District 1,Bakery,157,4.27,True
2025-12-23,Ben Thanh,District 1,Coffee,413,13.691,True
2025-12-23,Ben Thanh,District 1,Tea,252,9.639,True
2025-12-23,Ben Thanh,District 1,Smoothie,104,4.862,True
2025-12-23,Ben Thanh,District 1,Bakery,179,4.869,True
2025-12-24,Ben Thanh,District 1,Coffee,405,13.426,True
2025-12-24,Ben Thanh,District 1,Tea,255,9.754,True
2025-12-24,Ben Thanh,District 1,Smoothie,118,5.516,True
2025-12-24,Ben Thanh,District 1,Bakery,153,4.162,True
2025-12-25,Ben Thanh,District 1,Coffee,414,13.724,True
2025-12-25,Ben Thanh,District 1,Tea,239,9.142,True
2025-12-25,Ben Thanh,District 1,Smoothie,104,4.862,True
2025-12-25,Ben Thanh,District 1,Bakery,153,4.162,True
2025-12-26,Ben Thanh,District 1,Coffee,409,13.558,True
2025-12-26,Ben Thanh,District 1,Tea,243,9.295,True
2025-12-26,Ben Thanh,District 1,Smoothie,112,5.236,True
2025-12-26,Ben Thanh,District 1,Bakery,157,4.27,True
2025-12-27,Ben Thanh,District 1,Coffee,539,17.868,True
2025-12-27,Ben Thanh,District 1,Tea,291,11.131,True
2025-12-27,Ben Thanh,District 1,Smoothie,141,6.592,True
2025-12-27,Ben Thanh,District 1,Bakery,204,5.549,True
2025-12-28,Ben Thanh,District 1,Coffee,540,17.901,True
2025-12-28,Ben Thanh,District 1,Tea,300,11.475,True
2025-12-28,Ben Thanh,District 1,Smoothie,131,6.124,True
2025-12-28,Ben Thanh,District 1,Bakery,198,5.386,True
2025-12-29,Ben Thanh,District 1,Coffee,445,14.752,True
2025-12-29,Ben Thanh,District 1,Tea,239,9.142,True
2025-12-29,Ben Thanh,District 1,Smoothie,105,4.909,True
2025-12-29,Ben Thanh,District 1,Bakery,145,3.944,True
2025-12-30,Ben Thanh,District 1,Coffee,407,13.492,True
2025-12-30,Ben Thanh,District 1,Tea,238,9.104,True
2025-12-30,Ben Thanh,District 1,Smoothie,111,5.189,True
2025-12-30,Ben Thanh,District 1,Bakery,158,4.298,True
2025-12-31,Ben Thanh,District 1,Coffee,421,13.956,True
2025-12-31,Ben Thanh,District 1,Tea,243,9.295,True
2025-12-31,Ben Thanh,District 1,Smoothie,107,5.002,True
2025-12-31,Ben Thanh,District 1,Bakery,155,4.216,True
2024-01-01,Vo Van Tan,District 3,Coffee,249,8.254,True
2024-01-01,Vo Van Tan,District 3,Tea,171,6.541,True
2024-01-01,Vo Van Tan,District 3,Smoothie,76,3.553,True
2024-01-01,Vo Van Tan,District 3,Bakery,99,2.693,True
2024-01-02,Vo Van Tan,District 3,Coffee,296,9.812,True
2024-01-02,Vo Van Tan,District 3,Tea,147,5.623,True
2024-01-02,Vo Van Tan,District 3,Smoothie,66,3.086,True
2024-01-02,Vo Van Tan,District 3,Bakery,99,2.693,True
2024-01-03,Vo Van Tan,District 3,Coffee,270,8.95,True
2024-01-03,Vo Van Tan,District 3,Tea,142,5.431,True
2024-01-03,Vo Van Tan,District 3,Smoothie,74,3.459,True
2024-01-03,Vo Van Tan,District 3,Bakery,109,2.965,True
2024-01-04,Vo Van Tan,District 3,Coffee,248,9.672,False
2024-01-04,Vo Van Tan,District 3,Tea,144,6.48,False
2024-01-04,Vo Van Tan,District 3,Smoothie,61,3.355,False
2024-01-04,Vo Van Tan,District 3,Bakery,84,2.688,False
2024-01-05,Vo Van Tan,District 3,Coffee,250,9.75,False
2024-01-05,Vo Van Tan,District 3,Tea,115,5.175,False
2024-01-05,Vo Van Tan,District 3,Smoothie,60,3.3,False
2024-01-05,Vo Van Tan,District 3,Bakery,90,2.88,False
2024-01-06,Vo Van Tan,District 3,Coffee,308,12.012,False
2024-01-06,Vo Van Tan,District 3,Tea,177,7.965,False
2024-01-06,Vo Van Tan,District 3,Smoothie,60,3.3,False
2024-01-06,Vo Van Tan,District 3,Bakery,102,3.264,False
2024-01-07,Vo Van Tan,District 3,Coffee,334,13.026,False
2024-01-07,Vo Van Tan,District 3,Tea,177,7.965,False
2024-01-07,Vo Van Tan,District 3,Smoothie,74,4.07,False
2024-01-07,Vo Van Tan,District 3,Bakery,121,3.872,False
2024-01-08,Vo Van Tan,District 3,Coffee,241,9.399,False
2024-01-08,Vo Van Tan,District 3,Tea,147,6.615,False
2024-01-08,Vo Van Tan,District 3,Smoothie,68,3.74,False
2024-01-08,Vo Van Tan,District 3,Bakery,97,3.104,False
2024-01-09,Vo Van Tan,District 3,Coffee,254,9.906,False
2024-01-09,Vo Van Tan,District 3,Tea,133,5.985,False
2024-01-09,Vo Van Tan,District 3,Smoothie,57,3.135,False
2024-01-09,Vo Van Tan,District 3,Bakery,100,3.2,False
2024-01-10,Vo Van Tan,District 3,Coffee,238,9.282,False
2024-01-10,Vo Van Tan,District 3,Tea,132,5.94,False
2024-01-10,Vo Van Tan,District 3,Smoothie,58,3.19,False
2024-01-10,Vo Van Tan,District 3,Bakery,84,2.688,False
2024-01-11,Vo Van Tan,District 3,Coffee,245,9.555,False
2024-01-11,Vo Van Tan,District 3,Tea,143,6.435,False
2024-01-11,Vo Van Tan,District 3,Smoothie,75,4.125,False
2024-01-11,Vo Van Tan,District 3,Bakery,74,2.368,False
2024-01-12,Vo Van Tan,District 3,Coffee,252,9.828,False
2024-01-12,Vo Van Tan,District 3,Tea,140,6.3,False
2024-01-12,Vo Van Tan,District 3,Smoothie,59,3.245,False
2024-01-12,Vo Van Tan,District 3,Bakery,99,3.168,False
2024-01-13,Vo Van Tan,District 3,Coffee,314,12.246,False
2024-01-13,Vo Van Tan,District 3,Tea,155,6.975,False
2024-01-13,Vo Van Tan,District 3,Smoothie,84,4.62,False
2024-01-13,Vo Van Tan,District 3,Bakery,108,3.456,False
2024-01-14,Vo Van Tan,District 3,Coffee,296,11.544,False
2024-01-14,Vo Van Tan,District 3,Tea,167,7.515,False
2024-01-14,Vo Van Tan,District 3,Smoothie,80,4.4,False
2024-01-14,Vo Van Tan,District 3,Bakery,99,3.168,False
2024-01-15,Vo Van Tan,District 3,Coffee,244,9.516,False
2024-01-15,Vo Van Tan,District 3,Tea,142,6.39,False
2024-01-15,Vo Van Tan,District 3,Smoothie,69,3.795,False
2024-01-15,Vo Van Tan,District 3,Bakery,94,3.008,False
2024-01-16,Vo Van Tan,District 3,Coffee,259,10.101,False
2024-01-16,Vo Van Tan,District 3,Tea,149,6.705,False
2024-01-16,Vo Van Tan,District 3,Smoothie,57,3.135,False
2024-01-16,Vo Van Tan,District 3,Bakery,87,2.784,False
2024-01-17,Vo Van Tan,District 3,Coffee,247,9.633,False
2024-01-17,Vo Van Tan,District 3,Tea,123,5.535,False
2024-01-17,Vo Van Tan,District 3,Smoothie,75,4.125,False
2024-01-17,Vo Van Tan,District 3,Bakery,101,3.232,False
2024-01-18,Vo Van Tan,District 3,Coffee,253,9.867,False
2024-01-18,Vo Van Tan,District 3,Tea,153,6.885,False
2024-01-18,Vo Van Tan,District 3,Smoothie,65,3.575,False
2024-01-18,Vo Van Tan,District 3,Bakery,106,3.392,False
2024-01-19,Vo Van Tan,District 3,Coffee,258,10.062,False
2024-01-19,Vo Van Tan,District 3,Tea,134,6.03,False
2024-01-19,Vo Van Tan,District 3,Smoothie,58,3.19,False
2024-01-19,Vo Van Tan,District 3,Bakery,78,2.496,False
2024-01-20,Vo Van Tan,District 3,Coffee,308,12.012,False
2024-01-20,Vo Van Tan,District 3,Tea,177,7.965,False
2024-01-20,Vo Van Tan,District 3,Smoothie,70,3.85,False
2024-01-20,Vo Van Tan,District 3,Bakery,103,3.296,False
2024-01-21,Vo Van Tan,District 3,Coffee,277,10.803,False
2024-01-21,Vo Van Tan,District 3,Tea,179,8.055,False
2024-01-21,Vo Van Tan,District 3,Smoothie,63,3.465,False
2024-01-21,Vo Van Tan,District 3,Bakery,112,3.584,False
2024-01-22,Vo Van Tan,District 3,Coffee,243,9.477,False
2024-01-22,Vo Van Tan,District 3,Tea,134,6.03,False
2024-01-22,Vo Van Tan,District 3,Smoothie,52,2.86,False
2024-01-22,Vo Van Tan,District 3,Bakery,104,3.328,False
2024-01-23,Vo Van Tan,District 3,Coffee,246,9.594,False
2024-01-23,Vo Van Tan,District 3,Tea,126,5.67,False
2024-01-23,Vo Van Tan,District 3,Smoothie,57,3.135,False
2024-01-23,Vo Van Tan,District 3,Bakery,89,2.848,False
2024-01-24,Vo Van Tan,District 3,Coffee,239,9.321,False
2024-01-24,Vo Van Tan,District 3,Tea,144,6.48,False
2024-01-24,Vo Van Tan,District 3,Smoothie,58,3.19,False
2024-01-24,Vo Van Tan,District 3,Bakery,102,3.264,False
2024-01-25,Vo Van Tan,District 3,Coffee,258,10.062,False
2024-01-25,Vo Van Tan,District 3,Tea,150,6.75,False
2024-01-25,Vo Van Tan,District 3,Smoothie,65,3.575,False
2024-01-25,Vo Van Tan,District 3,Bakery,100,3.2,False
2024-01-26,Vo Van Tan,District 3,Coffee,227,8.853,False
2024-01-26,Vo Van Tan,District 3,Tea,138,6.21,False
2024-01-26,Vo Van Tan,District 3,Smoothie,71,3.905,False
2024-01-26,Vo Van Tan,District 3,Bakery,98,3.136,False
2024-01-27,Vo Van Tan,District 3,Coffee,302,11.778,False
2024-01-27,Vo Van Tan,District 3,Tea,163,7.335,False
2024-01-27,Vo Van Tan,District 3,Smoothie,74,4.07,False
2024-01-27,Vo Van Tan,District 3,Bakery,118,3.776,False
2024-01-28,Vo Van Tan,District 3,Coffee,291,11.349,False
2024-01-28,Vo Van Tan,District 3,Tea,179,8.055,False
2024-01-28,Vo Van Tan,District 3,Smoothie,74,4.07,False
2024-01-28,Vo Van Tan,District 3,Bakery,142,4.544,False
2024-01-29,Vo Van Tan,District 3,Coffee,251,9.789,False
2024-01-29,Vo Van Tan,District 3,Tea,135,6.075,False
2024-01-29,Vo Van Tan,District 3,Smoothie,56,3.08,False
2024-01-29,Vo Van Tan,District 3,Bakery,90,2.88,False
2024-01-30,Vo Van Tan,District 3,Coffee,234,9.126,False
2024-01-30,Vo Van Tan,District 3,Tea,153,6.885,False
2024-01-30,Vo Van Tan,District 3,Smoothie,61,3.355,False
2024-01-30,Vo Van Tan,District 3,Bakery,80,2.56,False
2024-01-31,Vo Van Tan,District 3,Coffee,234,9.126,False
2024-01-31,Vo Van Tan,District 3,Tea,124,5.58,False
2024-01-31,Vo Van Tan,District 3,Smoothie,68,3.74,False
2024-01-31,Vo Van Tan,District 3,Bakery,90,2.88,False
2024-02-01,Vo Van Tan,District 3,Coffee,242,8.022,True
2024-02-01,Vo Van Tan,District 3,Tea,145,5.546,True
2024-02-01,Vo Van Tan,District 3,Smoothie,55,2.571,True
2024-02-01,Vo Van Tan,District 3,Bakery,94,2.557,True
2024-02-02,Vo Van Tan,District 3,Coffee,232,7.691,True
2024-02-02,Vo Van Tan,District 3,Tea,143,5.47,True
2024-02-02,Vo Van Tan,District 3,Smoothie,51,2.384,True
2024-02-02,Vo Van Tan,District 3,Bakery,90,2.448,True
2024-02-03,Vo Van Tan,District 3,Coffee,290,9.614,True
2024-02-03,Vo Van Tan,District 3,Tea,188,7.191,True
2024-02-03,Vo Van Tan,District 3,Smoothie,79,3.693,True
2024-02-03,Vo Van Tan,District 3,Bakery,110,2.992,True
2024-02-04,Vo Van Tan,District 3,Coffee,243,9.477,False
2024-02-04,Vo Van Tan,District 3,Tea,147,6.615,False
2024-02-04,Vo Van Tan,District 3,Smoothie,59,3.245,False
2024-02-04,Vo Van Tan,District 3,Bakery,109,3.488,False
2024-02-05,Vo Van Tan,District 3,Coffee,184,7.176,False
2024-02-05,Vo Van Tan,District 3,Tea,117,5.265,False
2024-02-05,Vo Van Tan,District 3,Smoothie,37,2.035,False
2024-02-05,Vo Van Tan,District 3,Bakery,68,2.176,False
2024-02-06,Vo Van Tan,District 3,Coffee,98,3.822,False
2024-02-06,Vo Van Tan,District 3,Tea,63,2.835,False
2024-02-06,Vo Van Tan,District 3,Smoothie,29,1.595,False
2024-02-06,Vo Van Tan,District 3,Bakery,46,1.472,False
2024-02-07,Vo Van Tan,District 3,Coffee,106,4.134,False
2024-02-07,Vo Van Tan,District 3,Tea,65,2.925,False
2024-02-07,Vo Van Tan,District 3,Smoothie,29,1.595,False
2024-02-07,Vo Van Tan,District 3,Bakery,35,1.12,False
2024-02-08,Vo Van Tan,District 3,Coffee,110,4.29,False
2024-02-08,Vo Van Tan,District 3,Tea,66,2.97,False
2024-02-08,Vo Van Tan,District 3,Smoothie,34,1.87,False
2024-02-08,Vo Van Tan,District 3,Bakery,45,1.44,False
2024-02-09,Vo Van Tan,District 3,Coffee,102,3.978,False
2024-02-09,Vo Van Tan,District 3,Tea,55,2.475,False
2024-02-09,Vo Van Tan,District 3,Smoothie,28,1.54,False
2024-02-09,Vo Van Tan,District 3,Bakery,45,1.44,False
2024-02-10,Vo Van Tan,District 3,Coffee,130,5.07,False
2024-02-10,Vo Van Tan,District 3,Tea,70,3.15,False
2024-02-10,Vo Van Tan,District 3,Smoothie,37,2.035,False
2024-02-10,Vo Van Tan,District 3,Bakery,49,1.568,False
2024-02-11,Vo Van Tan,District 3,Coffee,136,5.304,False
2024-02-11,Vo Van Tan,District 3,Tea,80,3.6,False
2024-02-11,Vo Van Tan,District 3,Smoothie,39,2.145,False
2024-02-11,Vo Van Tan,District 3,Bakery,62,1.984,False
2024-02-12,Vo Van Tan,District 3,Coffee,119,4.641,False
2024-02-12,Vo Van Tan,District 3,Tea,63,2.835,False
2024-02-12,Vo Van Tan,District 3,Smoothie,35,1.925,False
2024-02-12,Vo Van Tan,District 3,Bakery,42,1.344,False
2024-02-13,Vo Van Tan,District 3,Coffee,108,4.212,False
2024-02-13,Vo Van Tan,District 3,Tea,68,3.06,False
2024-02-13,Vo Van Tan,District 3,Smoothie,29,1.595,False
2024-02-13,Vo Van Tan,District 3,Bakery,43,1.376,False
2024-02-14,Vo Van Tan,District 3,Coffee,104,4.056,False
2024-02-14,Vo Van Tan,District 3,Tea,76,3.42,False
2024-02-14,Vo Van Tan,District 3,Smoothie,32,1.76,False
2024-02-14,Vo Van Tan,District 3,Bakery,40,1.28,False
2024-02-15,Vo Van Tan,District 3,Coffee,200,7.8,False
2024-02-15,Vo Van Tan,District 3,Tea,118,5.31,False
2024-02-15,Vo Van Tan,District 3,Smoothie,42,2.31,False
2024-02-15,Vo Van Tan,District 3,Bakery,83,2.656,False
2024-02-16,Vo Van Tan,District 3,Coffee,198,7.722,False
2024-02-16,Vo Van Tan,District 3,Tea,107,4.815,False
2024-02-16,Vo Van Tan,District 3,Smoothie,58,3.19,False
2024-02-16,Vo Van Tan,District 3,Bakery,79,2.528,False
2024-02-17,Vo Van Tan,District 3,Coffee,269,10.491,False
2024-02-17,Vo Van Tan,District 3,Tea,138,6.21,False
2024-02-17,Vo Van Tan,District 3,Smoothie,74,4.07,False
2024-02-17,Vo Van Tan,District 3,Bakery,94,3.008,False
2024-02-18,Vo Van Tan,District 3,Coffee,216,8.424,False
2024-02-18,Vo Van Tan,District 3,Tea,124,5.58,False
2024-02-18,Vo Van Tan,District 3,Smoothie,60,3.3,False
2024-02-18,Vo Van Tan,District 3,Bakery,90,2.88,False
2024-02-19,Vo Van Tan,District 3,Coffee,187,7.293,False
2024-02-19,Vo Van Tan,District 3,Tea,110,4.95,False
2024-02-19,Vo Van Tan,District 3,Smoothie,34,1.87,False
2024-02-19,Vo Van Tan,District 3,Bakery,72,2.304,False
2024-02-20,Vo Van Tan,District 3,Coffee,255,9.945,False
2024-02-20,Vo Van Tan,District 3,Tea,131,5.895,False
2024-02-20,Vo Van Tan,District 3,Smoothie,59,3.245,False
2024-02-20,Vo Van Tan,District 3,Bakery,90,2.88,False
2024-02-21,Vo Van Tan,District 3,Coffee,251,9.789,False
2024-02-21,Vo Van Tan,District 3,Tea,141,6.345,False
2024-02-21,Vo Van Tan,District 3,Smoothie,74,4.07,False
2024-02-21,Vo Van Tan,District 3,Bakery,88,2.816,False
2024-02-22,Vo Van Tan,District 3,Coffee,237,9.243,False
2024-02-22,Vo Van Tan,District 3,Tea,131,5.895,False
2024-02-22,Vo Van Tan,District 3,Smoothie,41,2.255,False
2024-02-22,Vo Van Tan,District 3,Bakery,115,3.68,False
2024-02-23,Vo Van Tan,District 3,Coffee,244,9.516,False
2024-02-23,Vo Van Tan,District 3,Tea,147,6.615,False
2024-02-23,Vo Van Tan,District 3,Smoothie,57,3.135,False
2024-02-23,Vo Van Tan,District 3,Bakery,92,2.944,False
2024-02-24,Vo Van Tan,District 3,Coffee,332,12.948,False
2024-02-24,Vo Van Tan,District 3,Tea,161,7.245,False
2024-02-24,Vo Van Tan,District 3,Smoothie,69,3.795,False
2024-02-24,Vo Van Tan,District 3,Bakery,134,4.288,False
2024-02-25,Vo Van Tan,District 3,Coffee,295,11.505,False
2024-02-25,Vo Van Tan,District 3,Tea,176,7.92,False
2024-02-25,Vo Van Tan,District 3,Smoothie,80,4.4,False
2024-02-25,Vo Van Tan,District 3,Bakery,98,3.136,False
2024-02-26,Vo Van Tan,District 3,Coffee,241,9.399,False
2024-02-26,Vo Van Tan,District 3,Tea,135,6.075,False
2024-02-26,Vo Van Tan,District 3,Smoothie,80,4.4,False
2024-02-26,Vo Van Tan,District 3,Bakery,80,2.56,False
2024-02-27,Vo Van Tan,District 3,Coffee,247,9.633,False
2024-02-27,Vo Van Tan,District 3,Tea,106,4.77,False
2024-02-27,Vo Van Tan,District 3,Smoothie,57,3.135,False
2024-02-27,Vo Van Tan,District 3,Bakery,84,2.688,False
2024-02-28,Vo Van Tan,District 3,Coffee,240,9.36,False
2024-02-28,Vo Van Tan,District 3,Tea,141,6.345,False
2024-02-28,Vo Van Tan,District 3,Smoothie,59,3.245,False
2024-02-28,Vo Van Tan,District 3,Bakery,94,3.008,False
2024-02-29,Vo Van Tan,District 3,Coffee,249,9.711,False
2024-02-29,Vo Van Tan,District 3,Tea,149,6.705,False
2024-02-29,Vo Van Tan,District 3,Smoothie,50,2.75,False
2024-02-29,Vo Van Tan,District 3,Bakery,98,3.136,False
2024-03-01,Vo Van Tan,District 3,Coffee,273,9.05,True
2024-03-01,Vo Van Tan,District 3,Tea,163,6.235,True
2024-03-01,Vo Van Tan,District 3,Smoothie,88,4.114,True
2024-03-01,Vo Van Tan,District 3,Bakery,103,2.802,True
2024-03-02,Vo Van Tan,District 3,Coffee,375,12.431,True
2024-03-02,Vo Van Tan,District 3,Tea,210,8.033,True
2024-03-02,Vo Van Tan,District 3,Smoothie,141,6.592,True
2024-03-02,Vo Van Tan,District 3,Bakery,145,3.944,True
2024-03-03,Vo Van Tan,District 3,Coffee,330,10.94,True
2024-03-03,Vo Van Tan,District 3,Tea,194,7.42,True
2024-03-03,Vo Van Tan,District 3,Smoothie,144,6.732,True
2024-03-03,Vo Van Tan,District 3,Bakery,145,3.944,True
2024-03-04,Vo Van Tan,District 3,Coffee,209,8.151,False
2024-03-04,Vo Van Tan,District 3,Tea,145,6.525,False
2024-03-04,Vo Van Tan,District 3,Smoothie,87,4.785,False
2024-03-04,Vo Van Tan,District 3,Bakery,85,2.72,False
2024-03-05,Vo Van Tan,District 3,Coffee,241,9.399,False
2024-03-05,Vo Van Tan,District 3,Tea,169,7.605,False
2024-03-05,Vo Van Tan,District 3,Smoothie,94,5.17,False
2024-03-05,Vo Van Tan,District 3,Bakery,80,2.56,False
2024-03-06,Vo Van Tan,District 3,Coffee,244,9.516,False
2024-03-06,Vo Van Tan,District 3,Tea,167,7.515,False
2024-03-06,Vo Van Tan,District 3,Smoothie,79,4.345,False
2024-03-06,Vo Van Tan,District 3,Bakery,102,3.264,False
2024-03-07,Vo Van Tan,District 3,Coffee,228,8.892,False
2024-03-07,Vo Van Tan,District 3,Tea,135,6.075,False
2024-03-07,Vo Van Tan,District 3,Smoothie,84,4.62,False
2024-03-07,Vo Van Tan,District 3,Bakery,93,2.976,False
2024-03-08,Vo Van Tan,District 3,Coffee,242,9.438,False
2024-03-08,Vo Van Tan,District 3,Tea,140,6.3,False
2024-03-08,Vo Van Tan,District 3,Smoothie,89,4.895,False
2024-03-08,Vo Van Tan,District 3,Bakery,87,2.784,False
2024-03-09,Vo Van Tan,District 3,Coffee,294,11.466,False
2024-03-09,Vo Van Tan,District 3,Tea,160,7.2,False
2024-03-09,Vo Van Tan,District 3,Smoothie,118,6.49,False
2024-03-09,Vo Van Tan,District 3,Bakery,133,4.256,False
2024-03-10,Vo Van Tan,District 3,Coffee,298,11.622,False
2024-03-10,Vo Van Tan,District 3,Tea,181,8.145,False
2024-03-10,Vo Van Tan,District 3,Smoothie,109,5.995,False
2024-03-10,Vo Van Tan,District 3,Bakery,106,3.392,False
2024-03-11,Vo Van Tan,District 3,Coffee,247,9.633,False
2024-03-11,Vo Van Tan,District 3,Tea,144,6.48,False
2024-03-11,Vo Van Tan,District 3,Smoothie,90,4.95,False
2024-03-11,Vo Van Tan,District 3,Bakery,74,2.368,False
2024-03-12,Vo Van Tan,District 3,Coffee,255,9.945,False
2024-03-12,Vo Van Tan,District 3,Tea,156,7.02,False
2024-03-12,Vo Van Tan,District 3,Smoothie,84,4.62,False
2024-03-12,Vo Van Tan,District 3,Bakery,74,2.368,False
2024-03-13,Vo Van Tan,District 3,Coffee,244,9.516,False
2024-03-13,Vo Van Tan,District 3,Tea,128,5.76,False
2024-03-13,Vo Van Tan,District 3,Smoothie,96,5.28,False
2024-03-13,Vo Van Tan,District 3,Bakery,90,2.88,False
2024-03-14,Vo Van Tan,District 3,Coffee,223,8.697,False
2024-03-14,Vo Van Tan,District 3,Tea,136,6.12,False
2024-03-14,Vo Van Tan,District 3,Smoothie,83,4.565,False
2024-03-14,Vo Van Tan,District 3,Bakery,94,3.008,False
2024-03-15,Vo Van Tan,District 3,Coffee,225,8.775,False
2024-03-15,Vo Van Tan,District 3,Tea,166,7.47,False
2024-03-15,Vo Van Tan,District 3,Smoothie,89,4.895,False
2024-03-15,Vo Van Tan,District 3,Bakery,94,3.008,False
2024-03-16,Vo Van Tan,District 3,Coffee,282,10.998,False
2024-03-16,Vo Van Tan,District 3,Tea,194,8.73,False
2024-03-16,Vo Van Tan,District 3,Smoothie,103,5.665,False
2024-03-16,Vo Van Tan,District 3,Bakery,110,3.52,False
2024-03-17,Vo Van Tan,District 3,Coffee,328,12.792,False
2024-03-17,Vo Van Tan,District 3,Tea,197,8.865,False
2024-03-17,Vo Van Tan,District 3,Smoothie,95,5.225,False
2024-03-17,Vo Van Tan,District 3,Bakery,110,3.52,False
2024-03-18,Vo Van Tan,District 3,Coffee,252,9.828,False
2024-03-18,Vo Van Tan,District 3,Tea,119,5.355,False
2024-03-18,Vo Van Tan,District 3,Smoothie,102,5.61,False
2024-03-18,Vo Van Tan,District 3,Bakery,86,2.752,False
2024-03-19,Vo Van Tan,District 3,Coffee,228,8.892,False
2024-03-19,Vo Van Tan,District 3,Tea,142,6.39,False
2024-03-19,Vo Van Tan,District 3,Smoothie,91,5.005,False
2024-03-19,Vo Van Tan,District 3,Bakery,90,2.88,False
2024-03-20,Vo Van Tan,District 3,Coffee,262,10.218,False
2024-03-20,Vo Van Tan,District 3,Tea,144,6.48,False
2024-03-20,Vo Van Tan,District 3,Smoothie,82,4.51,False
2024-03-20,Vo Van Tan,District 3,Bakery,91,2.912,False
2024-03-21,Vo Van Tan,District 3,Coffee,246,9.594,False
2024-03-21,Vo Van Tan,District 3,Tea,151,6.795,False
2024-03-21,Vo Van Tan,District 3,Smoothie,83,4.565,False
2024-03-21,Vo Van Tan,District 3,Bakery,102,3.264,False
2024-03-22,Vo Van Tan,District 3,Coffee,253,9.867,False
2024-03-22,Vo Van Tan,District 3,Tea,137,6.165,False
2024-03-22,Vo Van Tan,District 3,Smoothie,82,4.51,False
2024-03-22,Vo Van Tan,District 3,Bakery,100,3.2,False
2024-03-23,Vo Van Tan,District 3,Coffee,298,11.622,False
2024-03-23,Vo Van Tan,District 3,Tea,156,7.02,False
2024-03-23,Vo Van Tan,District 3,Smoothie,107,5.885,False
2024-03-23,Vo Van Tan,District 3,Bakery,117,3.744,False
2024-03-24,Vo Van Tan,District 3,Coffee,332,12.948,False
2024-03-24,Vo Van Tan,District 3,Tea,157,7.065,False
2024-03-24,Vo Van Tan,District 3,Smoothie,110,6.05,False
2024-03-24,Vo Van Tan,District 3,Bakery,119,3.808,False
2024-03-25,Vo Van Tan,District 3,Coffee,238,9.282,False
2024-03-25,Vo Van Tan,District 3,Tea,147,6.615,False
2024-03-25,Vo Van Tan,District 3,Smoothie,69,3.795,False
2024-03-25,Vo Van Tan,District 3,Bakery,88,2.816,False
2024-03-26,Vo Van Tan,District 3,Coffee,262,10.218,False
2024-03-26,Vo Van Tan,District 3,Tea,141,6.345,False
2024-03-26,Vo Van Tan,District 3,Smoothie,79,4.345,False
2024-03-26,Vo Van Tan,District 3,Bakery,103,3.296,False
2024-03-27,Vo Van Tan,District 3,Coffee,227,8.853,False
2024-03-27,Vo Van Tan,District 3,Tea,138,6.21,False
2024-03-27,Vo Van Tan,District 3,Smoothie,92,5.06,False
2024-03-27,Vo Van Tan,District 3,Bakery,82,2.624,False
2024-03-28,Vo Van Tan,District 3,Coffee,259,10.101,False
2024-03-28,Vo Van Tan,District 3,Tea,145,6.525,False
2024-03-28,Vo Van Tan,District 3,Smoothie,106,5.83,False
2024-03-28,Vo Van Tan,District 3,Bakery,93,2.976,False
2024-03-29,Vo Van Tan,District 3,Coffee,244,9.516,False
2024-03-29,Vo Van Tan,District 3,Tea,140,6.3,False
2024-03-29,Vo Van Tan,District 3,Smoothie,84,4.62,False
2024-03-29,Vo Van Tan,District 3,Bakery,91,2.912,False
2024-03-30,Vo Van Tan,District 3,Coffee,294,11.466,False
2024-03-30,Vo Van Tan,District 3,Tea,169,7.605,False
2024-03-30,Vo Van Tan,District 3,Smoothie,95,5.225,False
2024-03-30,Vo Van Tan,District 3,Bakery,105,3.36,False
2024-03-31,Vo Van Tan,District 3,Coffee,310,12.09,False
2024-03-31,Vo Van Tan,District 3,Tea,173,7.785,False
2024-03-31,Vo Van Tan,District 3,Smoothie,99,5.445,False
2024-03-31,Vo Van Tan,District 3,Bakery,113,3.616,False
2024-04-01,Vo Van Tan,District 3,Coffee,287,9.514,True
2024-04-01,Vo Van Tan,District 3,Tea,163,6.235,True
2024-04-01,Vo Van Tan,District 3,Smoothie,97,4.535,True
2024-04-01,Vo Van Tan,District 3,Bakery,112,3.046,True
2024-04-02,Vo Van Tan,District 3,Coffee,305,10.111,True
2024-04-02,Vo Van Tan,District 3,Tea,153,5.852,True
2024-04-02,Vo Van Tan,District 3,Smoothie,82,3.833,True
2024-04-02,Vo Van Tan,District 3,Bakery,124,3.373,True
2024-04-03,Vo Van Tan,District 3,Coffee,267,8.851,True
2024-04-03,Vo Van Tan,District 3,Tea,170,6.503,True
2024-04-03,Vo Van Tan,District 3,Smoothie,108,5.049,True
2024-04-03,Vo Van Tan,District 3,Bakery,106,2.883,True
2024-04-04,Vo Van Tan,District 3,Coffee,263,10.257,False
2024-04-04,Vo Van Tan,District 3,Tea,149,6.705,False
2024-04-04,Vo Van Tan,District 3,Smoothie,73,4.015,False
2024-04-04,Vo Van Tan,District 3,Bakery,94,3.008,False
2024-04-05,Vo Van Tan,District 3,Coffee,261,10.179,False
2024-04-05,Vo Van Tan,District 3,Tea,142,6.39,False
2024-04-05,Vo Van Tan,District 3,Smoothie,82,4.51,False
2024-04-05,Vo Van Tan,District 3,Bakery,106,3.392,False
2024-04-06,Vo Van Tan,District 3,Coffee,335,13.065,False
2024-04-06,Vo Van Tan,District 3,Tea,173,7.785,False
2024-04-06,Vo Van Tan,District 3,Smoothie,96,5.28,False
2024-04-06,Vo Van Tan,District 3,Bakery,112,3.584,False
2024-04-07,Vo Van Tan,District 3,Coffee,301,11.739,False
2024-04-07,Vo Van Tan,District 3,Tea,166,7.47,False
2024-04-07,Vo Van Tan,District 3,Smoothie,114,6.27,False
2024-04-07,Vo Van Tan,District 3,Bakery,125,4.0,False
2024-04-08,Vo Van Tan,District 3,Coffee,212,8.268,False
2024-04-08,Vo Van Tan,District 3,Tea,122,5.49,False
2024-04-08,Vo Van Tan,District 3,Smoothie,93,5.115,False
2024-04-08,Vo Van Tan,District 3,Bakery,85,2.72,False
2024-04-09,Vo Van Tan,District 3,Coffee,232,9.048,False
2024-04-09,Vo Van Tan,District 3,Tea,151,6.795,False
2024-04-09,Vo Van Tan,District 3,Smoothie,88,4.84,False
2024-04-09,Vo Van Tan,District 3,Bakery,90,2.88,False
2024-04-10,Vo Van Tan,District 3,Coffee,256,9.984,False
2024-04-10,Vo Van Tan,District 3,Tea,142,6.39,False
2024-04-10,Vo Van Tan,District 3,Smoothie,94,5.17,False
2024-04-10,Vo Van Tan,District 3,Bakery,84,2.688,False
2024-04-11,Vo Van Tan,District 3,Coffee,253,9.867,False
2024-04-11,Vo Van Tan,District 3,Tea,132,5.94,False
2024-04-11,Vo Van Tan,District 3,Smoothie,85,4.675,False
2024-04-11,Vo Van Tan,District 3,Bakery,84,2.688,False
2024-04-12,Vo Van Tan,District 3,Coffee,240,9.36,False
2024-04-12,Vo Van Tan,District 3,Tea,131,5.895,False
2024-04-12,Vo Van Tan,District 3,Smoothie,96,5.28,False
2024-04-12,Vo Van Tan,District 3,Bakery,115,3.68,False
2024-04-13,Vo Van Tan,District 3,Coffee,286,11.154,False
2024-04-13,Vo Van Tan,District 3,Tea,184,8.28,False
2024-04-13,Vo Van Tan,District 3,Smoothie,112,6.16,False
2024-04-13,Vo Van Tan,District 3,Bakery,119,3.808,False
2024-04-14,Vo Van Tan,District 3,Coffee,316,12.324,False
2024-04-14,Vo Van Tan,District 3,Tea,169,7.605,False
2024-04-14,Vo Van Tan,District 3,Smoothie,120,6.6,False
2024-04-14,Vo Van Tan,District 3,Bakery,128,4.096,False
2024-04-15,Vo Van Tan,District 3,Coffee,222,8.658,False
2024-04-15,Vo Van Tan,District 3,Tea,145,6.525,False
2024-04-15,Vo Van Tan,District 3,Smoothie,81,4.455,False
2024-04-15,Vo Van Tan,District 3,Bakery,101,3.232,False
2024-04-16,Vo Van Tan,District 3,Coffee,268,10.452,False
2024-04-16,Vo Van Tan,District 3,Tea,119,5.355,False
2024-04-16,Vo Van Tan,District 3,Smoothie,74,4.07,False
2024-04-16,Vo Van Tan,District 3,Bakery,94,3.008,False
2024-04-17,Vo Van Tan,District 3,Coffee,233,9.087,False
2024-04-17,Vo Van Tan,District 3,Tea,143,6.435,False
2024-04-17,Vo Van Tan,District 3,Smoothie,90,4.95,False
2024-04-17,Vo Van Tan,District 3,Bakery,87,2.784,False
2024-04-18,Vo Van Tan,District 3,Coffee,232,9.048,False
2024-04-18,Vo Van Tan,District 3,Tea,155,6.975,False
2024-04-18,Vo Van Tan,District 3,Smoothie,91,5.005,False
2024-04-18,Vo Van Tan,District 3,Bakery,81,2.592,False
2024-04-19,Vo Van Tan,District 3,Coffee,259,10.101,False
2024-04-19,Vo Van Tan,District 3,Tea,144,6.48,False
2024-04-19,Vo Van Tan,District 3,Smoothie,61,3.355,False
2024-04-19,Vo Van Tan,District 3,Bakery,87,2.784,False
2024-04-20,Vo Van Tan,District 3,Coffee,311,12.129,False
2024-04-20,Vo Van Tan,District 3,Tea,182,8.19,False
2024-04-20,Vo Van Tan,District 3,Smoothie,103,5.665,False
2024-04-20,Vo Van Tan,District 3,Bakery,112,3.584,False
2024-04-21,Vo Van Tan,District 3,Coffee,273,10.647,False
2024-04-21,Vo Van Tan,District 3,Tea,169,7.605,False
2024-04-21,Vo Van Tan,District 3,Smoothie,117,6.435,False
2024-04-21,Vo Van Tan,District 3,Bakery,119,3.808,False
2024-04-22,Vo Van Tan,District 3,Coffee,224,8.736,False
2024-04-22,Vo Van Tan,District 3,Tea,137,6.165,False
2024-04-22,Vo Van Tan,District 3,Smoothie,91,5.005,False
2024-04-22,Vo Van Tan,District 3,Bakery,119,3.808,False
2024-04-23,Vo Van Tan,District 3,Coffee,241,9.399,False
2024-04-23,Vo Van Tan,District 3,Tea,167,7.515,False
2024-04-23,Vo Van Tan,District 3,Smoothie,111,6.105,False
2024-04-23,Vo Van Tan,District 3,Bakery,98,3.136,False
2024-04-24,Vo Van Tan,District 3,Coffee,248,9.672,False
2024-04-24,Vo Van Tan,District 3,Tea,138,6.21,False
2024-04-24,Vo Van Tan,District 3,Smoothie,102,5.61,False
2024-04-24,Vo Van Tan,District 3,Bakery,112,3.584,False
2024-04-25,Vo Van Tan,District 3,Coffee,255,9.945,False
2024-04-25,Vo Van Tan,District 3,Tea,154,6.93,False
2024-04-25,Vo Van Tan,District 3,Smoothie,99,5.445,False
2024-04-25,Vo Van Tan,District 3,Bakery,84,2.688,False
2024-04-26,Vo Van Tan,District 3,Coffee,238,9.282,False
2024-04-26,Vo Van Tan,District 3,Tea,119,5.355,False
2024-04-26,Vo Van Tan,District 3,Smoothie,92,5.06,False
2024-04-26,Vo Van Tan,District 3,Bakery,85,2.72,False
2024-04-27,Vo Van Tan,District 3,Coffee,294,11.466,False
2024-04-27,Vo Van Tan,District 3,Tea,162,7.29,False
2024-04-27,Vo Van Tan,District 3,Smoothie,116,6.38,False
2024-04-27,Vo Van Tan,District 3,Bakery,121,3.872,False
2024-04-28,Vo Van Tan,District 3,Coffee,343,13.377,False
2024-04-28,Vo Van Tan,District 3,Tea,168,7.56,False
2024-04-28,Vo Van Tan,District 3,Smoothie,115,6.325,False
2024-04-28,Vo Van Tan,District 3,Bakery,133,4.256,False
2024-04-29,Vo Van Tan,District 3,Coffee,265,10.335,False
2024-04-29,Vo Van Tan,District 3,Tea,137,6.165,False
2024-04-29,Vo Van Tan,District 3,Smoothie,77,4.235,False
2024-04-29,Vo Van Tan,District 3,Bakery,100,3.2,False
2024-04-30,Vo Van Tan,District 3,Coffee,230,8.97,False
2024-04-30,Vo Van Tan,District 3,Tea,142,6.39,False
2024-04-30,Vo Van Tan,District 3,Smoothie,73,4.015,False
2024-04-30,Vo Van Tan,District 3,Bakery,98,3.136,False
2024-05-01,Vo Van Tan,District 3,Coffee,294,9.746,True
2024-05-01,Vo Van Tan,District 3,Tea,178,6.809,True
2024-05-01,Vo Van Tan,District 3,Smoothie,120,5.61,True
2024-05-01,Vo Van Tan,District 3,Bakery,108,2.938,True
2024-05-02,Vo Van Tan,District 3,Coffee,307,10.177,True
2024-05-02,Vo Van Tan,District 3,Tea,173,6.617,True
2024-05-02,Vo Van Tan,District 3,Smoothie,106,4.955,True
2024-05-02,Vo Van Tan,District 3,Bakery,95,2.584,True
2024-05-03,Vo Van Tan,District 3,Coffee,256,8.486,True
2024-05-03,Vo Van Tan,District 3,Tea,151,5.776,True
2024-05-03,Vo Van Tan,District 3,Smoothie,106,4.955,True
2024-05-03,Vo Van Tan,District 3,Bakery,104,2.829,True
2024-05-04,Vo Van Tan,District 3,Coffee,325,12.675,False
2024-05-04,Vo Van Tan,District 3,Tea,179,8.055,False
2024-05-04,Vo Van Tan,District 3,Smoothie,123,6.765,False
2024-05-04,Vo Van Tan,District 3,Bakery,124,3.968,False
2024-05-05,Vo Van Tan,District 3,Coffee,324,12.636,False
2024-05-05,Vo Van Tan,District 3,Tea,170,7.65,False
2024-05-05,Vo Van Tan,District 3,Smoothie,100,5.5,False
2024-05-05,Vo Van Tan,District 3,Bakery,142,4.544,False
2024-05-06,Vo Van Tan,District 3,Coffee,236,9.204,False
2024-05-06,Vo Van Tan,District 3,Tea,138,6.21,False
2024-05-06,Vo Van Tan,District 3,Smoothie,91,5.005,False
2024-05-06,Vo Van Tan,District 3,Bakery,96,3.072,False
2024-05-07,Vo Van Tan,District 3,Coffee,245,9.555,False
2024-05-07,Vo Van Tan,District 3,Tea,122,5.49,False
2024-05-07,Vo Van Tan,District 3,Smoothie,78,4.29,False
2024-05-07,Vo Van Tan,District 3,Bakery,106,3.392,False
2024-05-08,Vo Van Tan,District 3,Coffee,278,10.842,False
2024-05-08,Vo Van Tan,District 3,Tea,143,6.435,False
2024-05-08,Vo Van Tan,District 3,Smoothie,86,4.73,False
2024-05-08,Vo Van Tan,District 3,Bakery,110,3.52,False
2024-05-09,Vo Van Tan,District 3,Coffee,279,10.881,False
2024-05-09,Vo Van Tan,District 3,Tea,144,6.48,False
2024-05-09,Vo Van Tan,District 3,Smoothie,93,5.115,False
2024-05-09,Vo Van Tan,District 3,Bakery,96,3.072,False
2024-05-10,Vo Van Tan,District 3,Coffee,280,10.92,False
2024-05-10,Vo Van Tan,District 3,Tea,126,5.67,False
2024-05-10,Vo Van Tan,District 3,Smoothie,87,4.785,False
2024-05-10,Vo Van Tan,District 3,Bakery,86,2.752,False
2024-05-11,Vo Van Tan,District 3,Coffee,294,11.466,False
2024-05-11,Vo Van Tan,District 3,Tea,154,6.93,False
2024-05-11,Vo Van Tan,District 3,Smoothie,97,5.335,False
2024-05-11,Vo Van Tan,District 3,Bakery,140,4.48,False
2024-05-12,Vo Van Tan,District 3,Coffee,309,12.051,False
2024-05-12,Vo Van Tan,District 3,Tea,171,7.695,False
2024-05-12,Vo Van Tan,District 3,Smoothie,92,5.06,False
2024-05-12,Vo Van Tan,District 3,Bakery,117,3.744,False
2024-05-13,Vo Van Tan,District 3,Coffee,233,9.087,False
2024-05-13,Vo Van Tan,District 3,Tea,151,6.795,False
2024-05-13,Vo Van Tan,District 3,Smoothie,94,5.17,False
2024-05-13,Vo Van Tan,District 3,Bakery,87,2.784,False
2024-05-14,Vo Van Tan,District 3,Coffee,253,9.867,False
2024-05-14,Vo Van Tan,District 3,Tea,135,6.075,False
2024-05-14,Vo Van Tan,District 3,Smoothie,109,5.995,False
2024-05-14,Vo Van Tan,District 3,Bakery,82,2.624,False
2024-05-15,Vo Van Tan,District 3,Coffee,252,9.828,False
2024-05-15,Vo Van Tan,District 3,Tea,138,6.21,False
2024-05-15,Vo Van Tan,District 3,Smoothie,85,4.675,False
2024-05-15,Vo Van Tan,District 3,Bakery,101,3.232,False
2024-05-16,Vo Van Tan,District 3,Coffee,282,10.998,False
2024-05-16,Vo Van Tan,District 3,Tea,139,6.255,False
2024-05-16,Vo Van Tan,District 3,Smoothie,92,5.06,False
2024-05-16,Vo Van Tan,District 3,Bakery,99,3.168,False
2024-05-17,Vo Van Tan,District 3,Coffee,264,10.296,False
2024-05-17,Vo Van Tan,District 3,Tea,133,5.985,False
2024-05-17,Vo Van Tan,District 3,Smoothie,90,4.95,False
2024-05-17,Vo Van Tan,District 3,Bakery,103,3.296,False
2024-05-18,Vo Van Tan,District 3,Coffee,299,11.661,False
2024-05-18,Vo Van Tan,District 3,Tea,169,7.605,False
2024-05-18,Vo Van Tan,District 3,Smoothie,114,6.27,False
2024-05-18,Vo Van Tan,District 3,Bakery,110,3.52,False
2024-05-19,Vo Van Tan,District 3,Coffee,330,12.87,False
2024-05-19,Vo Van Tan,District 3,Tea,178,8.01,False
2024-05-19,Vo Van Tan,District 3,Smoothie,113,6.215,False
2024-05-19,Vo Van Tan,District 3,Bakery,133,4.256,False
2024-05-20,Vo Van Tan,District 3,Coffee,236,9.204,False
2024-05-20,Vo Van Tan,District 3,Tea,138,6.21,False
2024-05-20,Vo Van Tan,District 3,Smoothie,81,4.455,False
2024-05-20,Vo Van Tan,District 3,Bakery,91,2.912,False
2024-05-21,Vo Van Tan,District 3,Coffee,234,9.126,False
2024-05-21,Vo Van Tan,District 3,Tea,145,6.525,False
2024-05-21,Vo Van Tan,District 3,Smoothie,92,5.06,False
2024-05-21,Vo Van Tan,District 3,Bakery,96,3.072,False
2024-05-22,Vo Van Tan,District 3,Coffee,237,9.243,False
2024-05-22,Vo Van Tan,District 3,Tea,143,6.435,False
2024-05-22,Vo Van Tan,District 3,Smoothie,86,4.73,False
2024-05-22,Vo Van Tan,District 3,Bakery,91,2.912,False
2024-05-23,Vo Van Tan,District 3,Coffee,255,9.945,False
2024-05-23,Vo Van Tan,District 3,Tea,148,6.66,False
2024-05-23,Vo Van Tan,District 3,Smoothie,76,4.18,False
2024-05-23,Vo Van Tan,District 3,Bakery,110,3.52,False
2024-05-24,Vo Van Tan,District 3,Coffee,255,9.945,False
2024-05-24,Vo Van Tan,District 3,Tea,140,6.3,False
2024-05-24,Vo Van Tan,District 3,Smoothie,82,4.51,False
2024-05-24,Vo Van Tan,District 3,Bakery,89,2.848,False
2024-05-25,Vo Van Tan,District 3,Coffee,306,11.934,False
2024-05-25,Vo Van Tan,District 3,Tea,183,8.235,False
2024-05-25,Vo Van Tan,District 3,Smoothie,109,5.995,False
2024-05-25,Vo Van Tan,District 3,Bakery,124,3.968,False
2024-05-26,Vo Van Tan,District 3,Coffee,297,11.583,False
2024-05-26,Vo Van Tan,District 3,Tea,194,8.73,False
2024-05-26,Vo Van Tan,District 3,Smoothie,109,5.995,False
2024-05-26,Vo Van Tan,District 3,Bakery,112,3.584,False
2024-05-27,Vo Van Tan,District 3,Coffee,241,9.399,False
2024-05-27,Vo Van Tan,District 3,Tea,134,6.03,False
2024-05-27,Vo Van Tan,District 3,Smoothie,95,5.225,False
2024-05-27,Vo Van Tan,District 3,Bakery,117,3.744,False
2024-05-28,Vo Van Tan,District 3,Coffee,236,9.204,False
2024-05-28,Vo Van Tan,District 3,Tea,164,7.38,False
2024-05-28,Vo Van Tan,District 3,Smoothie,103,5.665,False
2024-05-28,Vo Van Tan,District 3,Bakery,112,3.584,False
2024-05-29,Vo Van Tan,District 3,Coffee,257,10.023,False
2024-05-29,Vo Van Tan,District 3,Tea,168,7.56,False
2024-05-29,Vo Van Tan,District 3,Smoothie,78,4.29,False
2024-05-29,Vo Van Tan,District 3,Bakery,92,2.944,False
2024-05-30,Vo Van Tan,District 3,Coffee,245,9.555,False
2024-05-30,Vo Van Tan,District 3,Tea,151,6.795,False
2024-05-30,Vo Van Tan,District 3,Smoothie,94,5.17,False
2024-05-30,Vo Van Tan,District 3,Bakery,103,3.296,False
2024-05-31,Vo Van Tan,District 3,Coffee,262,10.218,False
2024-05-31,Vo Van Tan,District 3,Tea,138,6.21,False
2024-05-31,Vo Van Tan,District 3,Smoothie,107,5.885,False
2024-05-31,Vo Van Tan,District 3,Bakery,102,3.264,False
2024-06-01,Vo Van Tan,District 3,Coffee,342,11.337,True
2024-06-01,Vo Van Tan,District 3,Tea,205,7.841,True
2024-06-01,Vo Van Tan,District 3,Smoothie,86,4.021,True
2024-06-01,Vo Van Tan,District 3,Bakery,151,4.107,True
2024-06-02,Vo Van Tan,District 3,Coffee,341,11.304,True
2024-06-02,Vo Van Tan,District 3,Tea,211,8.071,True
2024-06-02,Vo Van Tan,District 3,Smoothie,74,3.459,True
2024-06-02,Vo Van Tan,District 3,Bakery,127,3.454,True
2024-06-03,Vo Van Tan,District 3,Coffee,267,8.851,True
2024-06-03,Vo Van Tan,District 3,Tea,171,6.541,True
2024-06-03,Vo Van Tan,District 3,Smoothie,75,3.506,True
2024-06-03,Vo Van Tan,District 3,Bakery,110,2.992,True
2024-06-04,Vo Van Tan,District 3,Coffee,242,9.438,False
2024-06-04,Vo Van Tan,District 3,Tea,135,6.075,False
2024-06-04,Vo Van Tan,District 3,Smoothie,66,3.63,False
2024-06-04,Vo Van Tan,District 3,Bakery,94,3.008,False
2024-06-05,Vo Van Tan,District 3,Coffee,226,8.814,False
2024-06-05,Vo Van Tan,District 3,Tea,164,7.38,False
2024-06-05,Vo Van Tan,District 3,Smoothie,52,2.86,False
2024-06-05,Vo Van Tan,District 3,Bakery,104,3.328,False
2024-06-06,Vo Van Tan,District 3,Coffee,223,8.697,False
2024-06-06,Vo Van Tan,District 3,Tea,162,7.29,False
2024-06-06,Vo Van Tan,District 3,Smoothie,64,3.52,False
2024-06-06,Vo Van Tan,District 3,Bakery,98,3.136,False
2024-06-07,Vo Van Tan,District 3,Coffee,217,8.463,False
2024-06-07,Vo Van Tan,District 3,Tea,125,5.625,False
2024-06-07,Vo Van Tan,District 3,Smoothie,53,2.915,False
2024-06-07,Vo Van Tan,District 3,Bakery,99,3.168,False
2024-06-08,Vo Van Tan,District 3,Coffee,286,11.154,False
2024-06-08,Vo Van Tan,District 3,Tea,167,7.515,False
2024-06-08,Vo Van Tan,District 3,Smoothie,79,4.345,False
2024-06-08,Vo Van Tan,District 3,Bakery,122,3.904,False
2024-06-09,Vo Van Tan,District 3,Coffee,297,11.583,False
2024-06-09,Vo Van Tan,District 3,Tea,204,9.18,False
2024-06-09,Vo Van Tan,District 3,Smoothie,83,4.565,False
2024-06-09,Vo Van Tan,District 3,Bakery,111,3.552,False
2024-06-10,Vo Van Tan,District 3,Coffee,240,9.36,False
2024-06-10,Vo Van Tan,District 3,Tea,164,7.38,False
2024-06-10,Vo Van Tan,District 3,Smoothie,59,3.245,False
2024-06-10,Vo Van Tan,District 3,Bakery,76,2.432,False
2024-06-11,Vo Van Tan,District 3,Coffee,225,8.775,False
2024-06-11,Vo Van Tan,District 3,Tea,143,6.435,False
2024-06-11,Vo Van Tan,District 3,Smoothie,52,2.86,False
2024-06-11,Vo Van Tan,District 3,Bakery,92,2.944,False
2024-06-12,Vo Van Tan,District 3,Coffee,243,9.477,False
2024-06-12,Vo Van Tan,District 3,Tea,143,6.435,False
2024-06-12,Vo Van Tan,District 3,Smoothie,60,3.3,False
2024-06-12,Vo Van Tan,District 3,Bakery,75,2.4,False
2024-06-13,Vo Van Tan,District 3,Coffee,216,8.424,False
2024-06-13,Vo Van Tan,District 3,Tea,144,6.48,False
2024-06-13,Vo Van Tan,District 3,Smoothie,64,3.52,False
2024-06-13,Vo Van Tan,District 3,Bakery,87,2.784,False
2024-06-14,Vo Van Tan,District 3,Coffee,202,7.878,False
2024-06-14,Vo Van Tan,District 3,Tea,148,6.66,False
2024-06-14,Vo Van Tan,District 3,Smoothie,60,3.3,False
2024-06-14,Vo Van Tan,District 3,Bakery,91,2.912,False
2024-06-15,Vo Van Tan,District 3,Coffee,323,12.597,False
2024-06-15,Vo Van Tan,District 3,Tea,169,7.605,False
2024-06-15,Vo Van Tan,District 3,Smoothie,87,4.785,False
2024-06-15,Vo Van Tan,District 3,Bakery,117,3.744,False
2024-06-16,Vo Van Tan,District 3,Coffee,298,11.622,False
2024-06-16,Vo Van Tan,District 3,Tea,161,7.245,False
2024-06-16,Vo Van Tan,District 3,Smoothie,70,3.85,False
2024-06-16,Vo Van Tan,District 3,Bakery,104,3.328,False
2024-06-17,Vo Van Tan,District 3,Coffee,226,8.814,False
2024-06-17,Vo Van Tan,District 3,Tea,157,7.065,False
2024-06-17,Vo Van Tan,District 3,Smoothie,71,3.905,False
2024-06-17,Vo Van Tan,District 3,Bakery,96,3.072,False
2024-06-18,Vo Van Tan,District 3,Coffee,229,8.931,False
2024-06-18,Vo Van Tan,District 3,Tea,170,7.65,False
2024-06-18,Vo Van Tan,District 3,Smoothie,66,3.63,False
2024-06-18,Vo Van Tan,District 3,Bakery,84,2.688,False
2024-06-19,Vo Van Tan,District 3,Coffee,252,9.828,False
2024-06-19,Vo Van Tan,District 3,Tea,144,6.48,False
2024-06-19,Vo Van Tan,District 3,Smoothie,49,2.695,False
2024-06-19,Vo Van Tan,District 3,Bakery,108,3.456,False
2024-06-20,Vo Van Tan,District 3,Coffee,218,8.502,False
2024-06-20,Vo Van Tan,District 3,Tea,152,6.84,False
2024-06-20,Vo Van Tan,District 3,Smoothie,73,4.015,False
2024-06-20,Vo Van Tan,District 3,Bakery,93,2.976,False
2024-06-21,Vo Van Tan,District 3,Coffee,240,9.36,False
2024-06-21,Vo Van Tan,District 3,Tea,143,6.435,False
2024-06-21,Vo Van Tan,District 3,Smoothie,60,3.3,False
2024-06-21,Vo Van Tan,District 3,Bakery,87,2.784,False
2024-06-22,Vo Van Tan,District 3,Coffee,287,11.193,False
2024-06-22,Vo Van Tan,District 3,Tea,174,7.83,False
2024-06-22,Vo Van Tan,District 3,Smoothie,83,4.565,False
2024-06-22,Vo Van Tan,District 3,Bakery,104,3.328,False
2024-06-23,Vo Van Tan,District 3,Coffee,310,12.09,False
2024-06-23,Vo Van Tan,District 3,Tea,195,8.775,False
2024-06-23,Vo Van Tan,District 3,Smoothie,93,5.115,False
2024-06-23,Vo Van Tan,District 3,Bakery,121,3.872,False
2024-06-24,Vo Van Tan,District 3,Coffee,229,8.931,False
2024-06-24,Vo Van Tan,District 3,Tea,150,6.75,False
2024-06-24,Vo Van Tan,District 3,Smoothie,61,3.355,False
2024-06-24,Vo Van Tan,District 3,Bakery,78,2.496,False
2024-06-25,Vo Van Tan,District 3,Coffee,241,9.399,False
2024-06-25,Vo Van Tan,District 3,Tea,149,6.705,False
2024-06-25,Vo Van Tan,District 3,Smoothie,55,3.025,False
2024-06-25,Vo Van Tan,District 3,Bakery,89,2.848,False
2024-06-26,Vo Van Tan,District 3,Coffee,229,8.931,False
2024-06-26,Vo Van Tan,District 3,Tea,169,7.605,False
2024-06-26,Vo Van Tan,District 3,Smoothie,61,3.355,False
2024-06-26,Vo Van Tan,District 3,Bakery,92,2.944,False
2024-06-27,Vo Van Tan,District 3,Coffee,214,8.346,False
2024-06-27,Vo Van Tan,District 3,Tea,159,7.155,False
2024-06-27,Vo Van Tan,District 3,Smoothie,66,3.63,False
2024-06-27,Vo Van Tan,District 3,Bakery,93,2.976,False
2024-06-28,Vo Van Tan,District 3,Coffee,245,9.555,False
2024-06-28,Vo Van Tan,District 3,Tea,129,5.805,False
2024-06-28,Vo Van Tan,District 3,Smoothie,52,2.86,False
2024-06-28,Vo Van Tan,District 3,Bakery,84,2.688,False
2024-06-29,Vo Van Tan,District 3,Coffee,284,11.076,False
2024-06-29,Vo Van Tan,District 3,Tea,194,8.73,False
2024-06-29,Vo Van Tan,District 3,Smoothie,82,4.51,False
2024-06-29,Vo Van Tan,District 3,Bakery,114,3.648,False
2024-06-30,Vo Van Tan,District 3,Coffee,308,12.012,False
2024-06-30,Vo Van Tan,District 3,Tea,196,8.82,False
2024-06-30,Vo Van Tan,District 3,Smoothie,80,4.4,False
2024-06-30,Vo Van Tan,District 3,Bakery,105,3.36,False
2024-07-01,Vo Van Tan,District 3,Coffee,266,8.818,True
2024-07-01,Vo Van Tan,District 3,Tea,190,7.268,True
2024-07-01,Vo Van Tan,District 3,Smoothie,69,3.226,True
2024-07-01,Vo Van Tan,District 3,Bakery,120,3.264,True
2024-07-02,Vo Van Tan,District 3,Coffee,285,9.448,True
2024-07-02,Vo Van Tan,District 3,Tea,178,6.809,True
2024-07-02,Vo Van Tan,District 3,Smoothie,79,3.693,True
2024-07-02,Vo Van Tan,District 3,Bakery,128,3.482,True
2024-07-03,Vo Van Tan,District 3,Coffee,282,9.348,True
2024-07-03,Vo Van Tan,District 3,Tea,176,6.732,True
2024-07-03,Vo Van Tan,District 3,Smoothie,72,3.366,True
2024-07-03,Vo Van Tan,District 3,Bakery,117,3.182,True
2024-07-04,Vo Van Tan,District 3,Coffee,215,8.385,False
2024-07-04,Vo Van Tan,District 3,Tea,146,6.57,False
2024-07-04,Vo Van Tan,District 3,Smoothie,61,3.355,False
2024-07-04,Vo Van Tan,District 3,Bakery,101,3.232,False
2024-07-05,Vo Van Tan,District 3,Coffee,207,8.073,False
2024-07-05,Vo Van Tan,District 3,Tea,153,6.885,False
2024-07-05,Vo Van Tan,District 3,Smoothie,58,3.19,False
2024-07-05,Vo Van Tan,District 3,Bakery,90,2.88,False
2024-07-06,Vo Van Tan,District 3,Coffee,300,11.7,False
2024-07-06,Vo Van Tan,District 3,Tea,172,7.74,False
2024-07-06,Vo Van Tan,District 3,Smoothie,69,3.795,False
2024-07-06,Vo Van Tan,District 3,Bakery,99,3.168,False
2024-07-07,Vo Van Tan,District 3,Coffee,299,11.661,False
2024-07-07,Vo Van Tan,District 3,Tea,165,7.425,False
2024-07-07,Vo Van Tan,District 3,Smoothie,77,4.235,False
2024-07-07,Vo Van Tan,District 3,Bakery,100,3.2,False
2024-07-08,Vo Van Tan,District 3,Coffee,264,10.296,False
2024-07-08,Vo Van Tan,District 3,Tea,135,6.075,False
2024-07-08,Vo Van Tan,District 3,Smoothie,56,3.08,False
2024-07-08,Vo Van Tan,District 3,Bakery,83,2.656,False
2024-07-09,Vo Van Tan,District 3,Coffee,230,8.97,False
2024-07-09,Vo Van Tan,District 3,Tea,147,6.615,False
2024-07-09,Vo Van Tan,District 3,Smoothie,49,2.695,False
2024-07-09,Vo Van Tan,District 3,Bakery,82,2.624,False
2024-07-10,Vo Van Tan,District 3,Coffee,236,9.204,False
2024-07-10,Vo Van Tan,District 3,Tea,122,5.49,False
2024-07-10,Vo Van Tan,District 3,Smoothie,56,3.08,False
2024-07-10,Vo Van Tan,District 3,Bakery,94,3.008,False
2024-07-11,Vo Van Tan,District 3,Coffee,232,9.048,False
2024-07-11,Vo Van Tan,District 3,Tea,141,6.345,False
2024-07-11,Vo Van Tan,District 3,Smoothie,56,3.08,False
2024-07-11,Vo Van Tan,District 3,Bakery,79,2.528,False
2024-07-12,Vo Van Tan,District 3,Coffee,237,9.243,False
2024-07-12,Vo Van Tan,District 3,Tea,139,6.255,False
2024-07-12,Vo Van Tan,District 3,Smoothie,46,2.53,False
2024-07-12,Vo Van Tan,District 3,Bakery,88,2.816,False
2024-07-13,Vo Van Tan,District 3,Coffee,297,11.583,False
2024-07-13,Vo Van Tan,District 3,Tea,158,7.11,False
2024-07-13,Vo Van Tan,District 3,Smoothie,64,3.52,False
2024-07-13,Vo Van Tan,District 3,Bakery,121,3.872,False
2024-07-14,Vo Van Tan,District 3,Coffee,307,11.973,False
2024-07-14,Vo Van Tan,District 3,Tea,167,7.515,False
2024-07-14,Vo Van Tan,District 3,Smoothie,68,3.74,False
2024-07-14,Vo Van Tan,District 3,Bakery,121,3.872,False
2024-07-15,Vo Van Tan,District 3,Coffee,234,9.126,False
2024-07-15,Vo Van Tan,District 3,Tea,158,7.11,False
2024-07-15,Vo Van Tan,District 3,Smoothie,51,2.805,False
2024-07-15,Vo Van Tan,District 3,Bakery,79,2.528,False
2024-07-16,Vo Van Tan,District 3,Coffee,224,8.736,False
2024-07-16,Vo Van Tan,District 3,Tea,136,6.12,False
2024-07-16,Vo Van Tan,District 3,Smoothie,60,3.3,False
2024-07-16,Vo Van Tan,District 3,Bakery,77,2.464,False
2024-07-17,Vo Van Tan,District 3,Coffee,244,9.516,False
2024-07-17,Vo Van Tan,District 3,Tea,158,7.11,False
2024-07-17,Vo Van Tan,District 3,Smoothie,53,2.915,False
2024-07-17,Vo Van Tan,District 3,Bakery,90,2.88,False
2024-07-18,Vo Van Tan,District 3,Coffee,249,9.711,False
2024-07-18,Vo Van Tan,District 3,Tea,156,7.02,False
2024-07-18,Vo Van Tan,District 3,Smoothie,60,3.3,False
2024-07-18,Vo Van Tan,District 3,Bakery,77,2.464,False
2024-07-19,Vo Van Tan,District 3,Coffee,221,8.619,False
2024-07-19,Vo Van Tan,District 3,Tea,143,6.435,False
2024-07-19,Vo Van Tan,District 3,Smoothie,67,3.685,False
2024-07-19,Vo Van Tan,District 3,Bakery,90,2.88,False
2024-07-20,Vo Van Tan,District 3,Coffee,308,12.012,False
2024-07-20,Vo Van Tan,District 3,Tea,169,7.605,False
2024-07-20,Vo Van Tan,District 3,Smoothie,77,4.235,False
2024-07-20,Vo Van Tan,District 3,Bakery,118,3.776,False
2024-07-21,Vo Van Tan,District 3,Coffee,308,12.012,False
2024-07-21,Vo Van Tan,District 3,Tea,193,8.685,False
2024-07-21,Vo Van Tan,District 3,Smoothie,83,4.565,False
2024-07-21,Vo Van Tan,District 3,Bakery,98,3.136,False
2024-07-22,Vo Van Tan,District 3,Coffee,224,8.736,False
2024-07-22,Vo Van Tan,District 3,Tea,144,6.48,False
2024-07-22,Vo Van Tan,District 3,Smoothie,62,3.41,False
2024-07-22,Vo Van Tan,District 3,Bakery,83,2.656,False
2024-07-23,Vo Van Tan,District 3,Coffee,230,8.97,False
2024-07-23,Vo Van Tan,District 3,Tea,150,6.75,False
2024-07-23,Vo Van Tan,District 3,Smoothie,49,2.695,False
2024-07-23,Vo Van Tan,District 3,Bakery,94,3.008,False
2024-07-24,Vo Van Tan,District 3,Coffee,243,9.477,False
2024-07-24,Vo Van Tan,District 3,Tea,146,6.57,False
2024-07-24,Vo Van Tan,District 3,Smoothie,70,3.85,False
2024-07-24,Vo Van Tan,District 3,Bakery,92,2.944,False
2024-07-25,Vo Van Tan,District 3,Coffee,273,10.647,False
2024-07-25,Vo Van Tan,District 3,Tea,156,7.02,False
2024-07-25,Vo Van Tan,District 3,Smoothie,63,3.465,False
2024-07-25,Vo Van Tan,District 3,Bakery,85,2.72,False
2024-07-26,Vo Van Tan,District 3,Coffee,256,9.984,False
2024-07-26,Vo Van Tan,District 3,Tea,141,6.345,False
2024-07-26,Vo Van Tan,District 3,Smoothie,62,3.41,False
2024-07-26,Vo Van Tan,District 3,Bakery,89,2.848,False
2024-07-27,Vo Van Tan,District 3,Coffee,272,10.608,False
2024-07-27,Vo Van Tan,District 3,Tea,170,7.65,False
2024-07-27,Vo Van Tan,District 3,Smoothie,64,3.52,False
2024-07-27,Vo Van Tan,District 3,Bakery,121,3.872,False
2024-07-28,Vo Van Tan,District 3,Coffee,321,12.519,False
2024-07-28,Vo Van Tan,District 3,Tea,188,8.46,False
2024-07-28,Vo Van Tan,District 3,Smoothie,95,5.225,False
2024-07-28,Vo Van Tan,District 3,Bakery,125,4.0,False
2024-07-29,Vo Van Tan,District 3,Coffee,230,8.97,False
2024-07-29,Vo Van Tan,District 3,Tea,153,6.885,False
2024-07-29,Vo Van Tan,District 3,Smoothie,45,2.475,False
2024-07-29,Vo Van Tan,District 3,Bakery,74,2.368,False
2024-07-30,Vo Van Tan,District 3,Coffee,230,8.97,False
2024-07-30,Vo Van Tan,District 3,Tea,153,6.885,False
2024-07-30,Vo Van Tan,District 3,Smoothie,52,2.86,False
2024-07-30,Vo Van Tan,District 3,Bakery,79,2.528,False
2024-07-31,Vo Van Tan,District 3,Coffee,217,8.463,False
2024-07-31,Vo Van Tan,District 3,Tea,158,7.11,False
2024-07-31,Vo Van Tan,District 3,Smoothie,68,3.74,False
2024-07-31,Vo Van Tan,District 3,Bakery,86,2.752,False
2024-08-01,Vo Van Tan,District 3,Coffee,256,8.486,True
2024-08-01,Vo Van Tan,District 3,Tea,176,6.732,True
2024-08-01,Vo Van Tan,District 3,Smoothie,65,3.039,True
2024-08-01,Vo Van Tan,District 3,Bakery,96,2.611,True
2024-08-02,Vo Van Tan,District 3,Coffee,297,9.846,True
2024-08-02,Vo Van Tan,District 3,Tea,149,5.699,True
2024-08-02,Vo Van Tan,District 3,Smoothie,58,2.712,True
2024-08-02,Vo Van Tan,District 3,Bakery,103,2.802,True
2024-08-03,Vo Van Tan,District 3,Coffee,349,11.569,True
2024-08-03,Vo Van Tan,District 3,Tea,238,9.104,True
2024-08-03,Vo Van Tan,District 3,Smoothie,79,3.693,True
2024-08-03,Vo Van Tan,District 3,Bakery,137,3.726,True
2024-08-04,Vo Van Tan,District 3,Coffee,294,11.466,False
2024-08-04,Vo Van Tan,District 3,Tea,197,8.865,False
2024-08-04,Vo Van Tan,District 3,Smoothie,83,4.565,False
2024-08-04,Vo Van Tan,District 3,Bakery,120,3.84,False
2024-08-05,Vo Van Tan,District 3,Coffee,230,8.97,False
2024-08-05,Vo Van Tan,District 3,Tea,138,6.21,False
2024-08-05,Vo Van Tan,District 3,Smoothie,56,3.08,False
2024-08-05,Vo Van Tan,District 3,Bakery,98,3.136,False
2024-08-06,Vo Van Tan,District 3,Coffee,269,10.491,False
2024-08-06,Vo Van Tan,District 3,Tea,145,6.525,False
2024-08-06,Vo Van Tan,District 3,Smoothie,59,3.245,False
2024-08-06,Vo Van Tan,District 3,Bakery,86,2.752,False
2024-08-07,Vo Van Tan,District 3,Coffee,241,9.399,False
2024-08-07,Vo Van Tan,District 3,Tea,145,6.525,False
2024-08-07,Vo Van Tan,District 3,Smoothie,61,3.355,False
2024-08-07,Vo Van Tan,District 3,Bakery,102,3.264,False
2024-08-08,Vo Van Tan,District 3,Coffee,231,9.009,False
2024-08-08,Vo Van Tan,District 3,Tea,146,6.57,False
2024-08-08,Vo Van Tan,District 3,Smoothie,58,3.19,False
2024-08-08,Vo Van Tan,District 3,Bakery,93,2.976,False
2024-08-09,Vo Van Tan,District 3,Coffee,222,8.658,False
2024-08-09,Vo Van Tan,District 3,Tea,146,6.57,False
2024-08-09,Vo Van Tan,District 3,Smoothie,51,2.805,False
2024-08-09,Vo Van Tan,District 3,Bakery,72,2.304,False
2024-08-10,Vo Van Tan,District 3,Coffee,310,12.09,False
2024-08-10,Vo Van Tan,District 3,Tea,183,8.235,False
2024-08-10,Vo Van Tan,District 3,Smoothie,70,3.85,False
2024-08-10,Vo Van Tan,District 3,Bakery,107,3.424,False
2024-08-11,Vo Van Tan,District 3,Coffee,293,11.427,False
2024-08-11,Vo Van Tan,District 3,Tea,192,8.64,False
2024-08-11,Vo Van Tan,District 3,Smoothie,69,3.795,False
2024-08-11,Vo Van Tan,District 3,Bakery,119,3.808,False
2024-08-12,Vo Van Tan,District 3,Coffee,230,8.97,False
2024-08-12,Vo Van Tan,District 3,Tea,148,6.66,False
2024-08-12,Vo Van Tan,District 3,Smoothie,73,4.015,False
2024-08-12,Vo Van Tan,District 3,Bakery,102,3.264,False
2024-08-13,Vo Van Tan,District 3,Coffee,252,9.828,False
2024-08-13,Vo Van Tan,District 3,Tea,141,6.345,False
2024-08-13,Vo Van Tan,District 3,Smoothie,66,3.63,False
2024-08-13,Vo Van Tan,District 3,Bakery,91,2.912,False
2024-08-14,Vo Van Tan,District 3,Coffee,242,9.438,False
2024-08-14,Vo Van Tan,District 3,Tea,152,6.84,False
2024-08-14,Vo Van Tan,District 3,Smoothie,71,3.905,False
2024-08-14,Vo Van Tan,District 3,Bakery,78,2.496,False
2024-08-15,Vo Van Tan,District 3,Coffee,233,9.087,False
2024-08-15,Vo Van Tan,District 3,Tea,162,7.29,False
2024-08-15,Vo Van Tan,District 3,Smoothie,71,3.905,False
2024-08-15,Vo Van Tan,District 3,Bakery,89,2.848,False
2024-08-16,Vo Van Tan,District 3,Coffee,215,8.385,False
2024-08-16,Vo Van Tan,District 3,Tea,155,6.975,False
2024-08-16,Vo Van Tan,District 3,Smoothie,59,3.245,False
2024-08-16,Vo Van Tan,District 3,Bakery,103,3.296,False
2024-08-17,Vo Van Tan,District 3,Coffee,302,11.778,False
2024-08-17,Vo Van Tan,District 3,Tea,194,8.73,False
2024-08-17,Vo Van Tan,District 3,Smoothie,90,4.95,False
2024-08-17,Vo Van Tan,District 3,Bakery,119,3.808,False
2024-08-18,Vo Van Tan,District 3,Coffee,309,12.051,False
2024-08-18,Vo Van Tan,District 3,Tea,179,8.055,False
2024-08-18,Vo Van Tan,District 3,Smoothie,73,4.015,False
2024-08-18,Vo Van Tan,District 3,Bakery,111,3.552,False
2024-08-19,Vo Van Tan,District 3,Coffee,259,10.101,False
2024-08-19,Vo Van Tan,District 3,Tea,143,6.435,False
2024-08-19,Vo Van Tan,District 3,Smoothie,49,2.695,False
2024-08-19,Vo Van Tan,District 3,Bakery,86,2.752,False
2024-08-20,Vo Van Tan,District 3,Coffee,227,8.853,False
2024-08-20,Vo Van Tan,District 3,Tea,140,6.3,False
2024-08-20,Vo Van Tan,District 3,Smoothie,48,2.64,False
2024-08-20,Vo Van Tan,District 3,Bakery,106,3.392,False
2024-08-21,Vo Van Tan,District 3,Coffee,235,9.165,False
2024-08-21,Vo Van Tan,District 3,Tea,136,6.12,False
2024-08-21,Vo Van Tan,District 3,Smoothie,57,3.135,False
2024-08-21,Vo Van Tan,District 3,Bakery,95,3.04,False
2024-08-22,Vo Van Tan,District 3,Coffee,222,8.658,False
2024-08-22,Vo Van Tan,District 3,Tea,154,6.93,False
2024-08-22,Vo Van Tan,District 3,Smoothie,66,3.63,False
2024-08-22,Vo Van Tan,District 3,Bakery,100,3.2,False
2024-08-23,Vo Van Tan,District 3,Coffee,235,9.165,False
2024-08-23,Vo Van Tan,District 3,Tea,131,5.895,False
2024-08-23,Vo Van Tan,District 3,Smoothie,55,3.025,False
2024-08-23,Vo Van Tan,District 3,Bakery,91,2.912,False
2024-08-24,Vo Van Tan,District 3,Coffee,303,11.817,False
2024-08-24,Vo Van Tan,District 3,Tea,168,7.56,False
2024-08-24,Vo Van Tan,District 3,Smoothie,68,3.74,False
2024-08-24,Vo Van Tan,District 3,Bakery,111,3.552,False
2024-08-25,Vo Van Tan,District 3,Coffee,298,11.622,False
2024-08-25,Vo Van Tan,District 3,Tea,178,8.01,False
2024-08-25,Vo Van Tan,District 3,Smoothie,75,4.125,False
2024-08-25,Vo Van Tan,District 3,Bakery,120,3.84,False
2024-08-26,Vo Van Tan,District 3,Coffee,222,8.658,False
2024-08-26,Vo Van Tan,District 3,Tea,161,7.245,False
2024-08-26,Vo Van Tan,District 3,Smoothie,61,3.355,False
2024-08-26,Vo Van Tan,District 3,Bakery,88,2.816,False
2024-08-27,Vo Van Tan,District 3,Coffee,218,8.502,False
2024-08-27,Vo Van Tan,District 3,Tea,153,6.885,False
2024-08-27,Vo Van Tan,District 3,Smoothie,71,3.905,False
2024-08-27,Vo Van Tan,District 3,Bakery,83,2.656,False
2024-08-28,Vo Van Tan,District 3,Coffee,226,8.814,False
2024-08-28,Vo Van Tan,District 3,Tea,129,5.805,False
2024-08-28,Vo Van Tan,District 3,Smoothie,59,3.245,False
2024-08-28,Vo Van Tan,District 3,Bakery,90,2.88,False
2024-08-29,Vo Van Tan,District 3,Coffee,228,8.892,False
2024-08-29,Vo Van Tan,District 3,Tea,146,6.57,False
2024-08-29,Vo Van Tan,District 3,Smoothie,54,2.97,False
2024-08-29,Vo Van Tan,District 3,Bakery,82,2.624,False
2024-08-30,Vo Van Tan,District 3,Coffee,231,9.009,False
2024-08-30,Vo Van Tan,District 3,Tea,143,6.435,False
2024-08-30,Vo Van Tan,District 3,Smoothie,60,3.3,False
2024-08-30,Vo Van Tan,District 3,Bakery,89,2.848,False
2024-08-31,Vo Van Tan,District 3,Coffee,281,10.959,False
2024-08-31,Vo Van Tan,District 3,Tea,179,8.055,False
2024-08-31,Vo Van Tan,District 3,Smoothie,81,4.455,False
2024-08-31,Vo Van Tan,District 3,Bakery,112,3.584,False
2024-09-01,Vo Van Tan,District 3,Coffee,355,11.768,True
2024-09-01,Vo Van Tan,District 3,Tea,203,7.765,True
2024-09-01,Vo Van Tan,District 3,Smoothie,79,3.693,True
2024-09-01,Vo Van Tan,District 3,Bakery,132,3.59,True
2024-09-02,Vo Van Tan,District 3,Coffee,293,9.713,True
2024-09-02,Vo Van Tan,District 3,Tea,173,6.617,True
2024-09-02,Vo Van Tan,District 3,Smoothie,78,3.647,True
2024-09-02,Vo Van Tan,District 3,Bakery,114,3.101,True
2024-09-03,Vo Van Tan,District 3,Coffee,278,9.216,True
2024-09-03,Vo Van Tan,District 3,Tea,176,6.732,True
2024-09-03,Vo Van Tan,District 3,Smoothie,71,3.319,True
2024-09-03,Vo Van Tan,District 3,Bakery,108,2.938,True
2024-09-04,Vo Van Tan,District 3,Coffee,227,8.853,False
2024-09-04,Vo Van Tan,District 3,Tea,147,6.615,False
2024-09-04,Vo Van Tan,District 3,Smoothie,64,3.52,False
2024-09-04,Vo Van Tan,District 3,Bakery,83,2.656,False
2024-09-05,Vo Van Tan,District 3,Coffee,270,10.53,False
2024-09-05,Vo Van Tan,District 3,Tea,133,5.985,False
2024-09-05,Vo Van Tan,District 3,Smoothie,68,3.74,False
2024-09-05,Vo Van Tan,District 3,Bakery,85,2.72,False
2024-09-06,Vo Van Tan,District 3,Coffee,250,9.75,False
2024-09-06,Vo Van Tan,District 3,Tea,125,5.625,False
2024-09-06,Vo Van Tan,District 3,Smoothie,63,3.465,False
2024-09-06,Vo Van Tan,District 3,Bakery,77,2.464,False
2024-09-07,Vo Van Tan,District 3,Coffee,289,11.271,False
2024-09-07,Vo Van Tan,District 3,Tea,178,8.01,False
2024-09-07,Vo Van Tan,District 3,Smoothie,73,4.015,False
2024-09-07,Vo Van Tan,District 3,Bakery,112,3.584,False
2024-09-08,Vo Van Tan,District 3,Coffee,302,11.778,False
2024-09-08,Vo Van Tan,District 3,Tea,175,7.875,False
2024-09-08,Vo Van Tan,District 3,Smoothie,82,4.51,False
2024-09-08,Vo Van Tan,District 3,Bakery,124,3.968,False
2024-09-09,Vo Van Tan,District 3,Coffee,239,9.321,False
2024-09-09,Vo Van Tan,District 3,Tea,145,6.525,False
2024-09-09,Vo Van Tan,District 3,Smoothie,66,3.63,False
2024-09-09,Vo Van Tan,District 3,Bakery,79,2.528,False
2024-09-10,Vo Van Tan,District 3,Coffee,236,9.204,False
2024-09-10,Vo Van Tan,District 3,Tea,168,7.56,False
2024-09-10,Vo Van Tan,District 3,Smoothie,46,2.53,False
2024-09-10,Vo Van Tan,District 3,Bakery,107,3.424,False
2024-09-11,Vo Van Tan,District 3,Coffee,242,9.438,False
2024-09-11,Vo Van Tan,District 3,Tea,164,7.38,False
2024-09-11,Vo Van Tan,District 3,Smoothie,60,3.3,False
2024-09-11,Vo Van Tan,District 3,Bakery,90,2.88,False
2024-09-12,Vo Van Tan,District 3,Coffee,257,10.023,False
2024-09-12,Vo Van Tan,District 3,Tea,146,6.57,False
2024-09-12,Vo Van Tan,District 3,Smoothie,59,3.245,False
2024-09-12,Vo Van Tan,District 3,Bakery,96,3.072,False
2024-09-13,Vo Van Tan,District 3,Coffee,220,8.58,False
2024-09-13,Vo Van Tan,District 3,Tea,131,5.895,False
2024-09-13,Vo Van Tan,District 3,Smoothie,64,3.52,False
2024-09-13,Vo Van Tan,District 3,Bakery,99,3.168,False
2024-09-14,Vo Van Tan,District 3,Coffee,283,11.037,False
2024-09-14,Vo Van Tan,District 3,Tea,180,8.1,False
2024-09-14,Vo Van Tan,District 3,Smoothie,69,3.795,False
2024-09-14,Vo Van Tan,District 3,Bakery,105,3.36,False
2024-09-15,Vo Van Tan,District 3,Coffee,321,12.519,False
2024-09-15,Vo Van Tan,District 3,Tea,198,8.91,False
2024-09-15,Vo Van Tan,District 3,Smoothie,83,4.565,False
2024-09-15,Vo Van Tan,District 3,Bakery,99,3.168,False
2024-09-16,Vo Van Tan,District 3,Coffee,236,9.204,False
2024-09-16,Vo Van Tan,District 3,Tea,150,6.75,False
2024-09-16,Vo Van Tan,District 3,Smoothie,44,2.42,False
2024-09-16,Vo Van Tan,District 3,Bakery,94,3.008,False
2024-09-17,Vo Van Tan,District 3,Coffee,232,9.048,False
2024-09-17,Vo Van Tan,District 3,Tea,155,6.975,False
2024-09-17,Vo Van Tan,District 3,Smoothie,59,3.245,False
2024-09-17,Vo Van Tan,District 3,Bakery,93,2.976,False
2024-09-18,Vo Van Tan,District 3,Coffee,204,7.956,False
2024-09-18,Vo Van Tan,District 3,Tea,163,7.335,False
2024-09-18,Vo Van Tan,District 3,Smoothie,64,3.52,False
2024-09-18,Vo Van Tan,District 3,Bakery,88,2.816,False
2024-09-19,Vo Van Tan,District 3,Coffee,247,9.633,False
2024-09-19,Vo Van Tan,District 3,Tea,160,7.2,False
2024-09-19,Vo Van Tan,District 3,Smoothie,57,3.135,False
2024-09-19,Vo Van Tan,District 3,Bakery,96,3.072,False
2024-09-20,Vo Van Tan,District 3,Coffee,242,9.438,False
2024-09-20,Vo Van Tan,District 3,Tea,141,6.345,False
2024-09-20,Vo Van Tan,District 3,Smoothie,64,3.52,False
2024-09-20,Vo Van Tan,District 3,Bakery,98,3.136,False
2024-09-21,Vo Van Tan,District 3,Coffee,307,11.973,False
2024-09-21,Vo Van Tan,District 3,Tea,198,8.91,False
2024-09-21,Vo Van Tan,District 3,Smoothie,89,4.895,False
2024-09-21,Vo Van Tan,District 3,Bakery,115,3.68,False
2024-09-22,Vo Van Tan,District 3,Coffee,289,11.271,False
2024-09-22,Vo Van Tan,District 3,Tea,185,8.325,False
2024-09-22,Vo Van Tan,District 3,Smoothie,76,4.18,False
2024-09-22,Vo Van Tan,District 3,Bakery,112,3.584,False
2024-09-23,Vo Van Tan,District 3,Coffee,259,10.101,False
2024-09-23,Vo Van Tan,District 3,Tea,139,6.255,False
2024-09-23,Vo Van Tan,District 3,Smoothie,64,3.52,False
2024-09-23,Vo Van Tan,District 3,Bakery,92,2.944,False
2024-09-24,Vo Van Tan,District 3,Coffee,249,9.711,False
2024-09-24,Vo Van Tan,District 3,Tea,152,6.84,False
2024-09-24,Vo Van Tan,District 3,Smoothie,68,3.74,False
2024-09-24,Vo Van Tan,District 3,Bakery,95,3.04,False
2024-09-25,Vo Van Tan,District 3,Coffee,239,9.321,False
2024-09-25,Vo Van Tan,District 3,Tea,157,7.065,False
2024-09-25,Vo Van Tan,District 3,Smoothie,61,3.355,False
2024-09-25,Vo Van Tan,District 3,Bakery,96,3.072,False
2024-09-26,Vo Van Tan,District 3,Coffee,231,9.009,False
2024-09-26,Vo Van Tan,District 3,Tea,165,7.425,False
2024-09-26,Vo Van Tan,District 3,Smoothie,59,3.245,False
2024-09-26,Vo Van Tan,District 3,Bakery,91,2.912,False
2024-09-27,Vo Van Tan,District 3,Coffee,205,7.995,False
2024-09-27,Vo Van Tan,District 3,Tea,152,6.84,False
2024-09-27,Vo Van Tan,District 3,Smoothie,64,3.52,False
2024-09-27,Vo Van Tan,District 3,Bakery,79,2.528,False
2024-09-28,Vo Van Tan,District 3,Coffee,307,11.973,False
2024-09-28,Vo Van Tan,District 3,Tea,187,8.415,False
2024-09-28,Vo Van Tan,District 3,Smoothie,79,4.345,False
2024-09-28,Vo Van Tan,District 3,Bakery,122,3.904,False
2024-09-29,Vo Van Tan,District 3,Coffee,286,11.154,False
2024-09-29,Vo Van Tan,District 3,Tea,188,8.46,False
2024-09-29,Vo Van Tan,District 3,Smoothie,78,4.29,False
2024-09-29,Vo Van Tan,District 3,Bakery,120,3.84,False
2024-09-30,Vo Van Tan,District 3,Coffee,248,9.672,False
2024-09-30,Vo Van Tan,District 3,Tea,151,6.795,False
2024-09-30,Vo Van Tan,District 3,Smoothie,55,3.025,False
2024-09-30,Vo Van Tan,District 3,Bakery,110,3.52,False
2024-10-01,Vo Van Tan,District 3,Coffee,297,9.846,True
2024-10-01,Vo Van Tan,District 3,Tea,178,6.809,True
2024-10-01,Vo Van Tan,District 3,Smoothie,64,2.992,True
2024-10-01,Vo Van Tan,District 3,Bakery,121,3.291,True
2024-10-02,Vo Van Tan,District 3,Coffee,269,8.917,True
2024-10-02,Vo Van Tan,District 3,Tea,164,6.273,True
2024-10-02,Vo Van Tan,District 3,Smoothie,74,3.459,True
2024-10-02,Vo Van Tan,District 3,Bakery,112,3.046,True
2024-10-03,Vo Van Tan,District 3,Coffee,274,9.083,True
2024-10-03,Vo Van Tan,District 3,Tea,178,6.809,True
2024-10-03,Vo Van Tan,District 3,Smoothie,68,3.179,True
2024-10-03,Vo Van Tan,District 3,Bakery,115,3.128,True
2024-10-04,Vo Van Tan,District 3,Coffee,245,9.555,False
2024-10-04,Vo Van Tan,District 3,Tea,146,6.57,False
2024-10-04,Vo Van Tan,District 3,Smoothie,72,3.96,False
2024-10-04,Vo Van Tan,District 3,Bakery,74,2.368,False
2024-10-05,Vo Van Tan,District 3,Coffee,267,10.413,False
2024-10-05,Vo Van Tan,District 3,Tea,195,8.775,False
2024-10-05,Vo Van Tan,District 3,Smoothie,80,4.4,False
2024-10-05,Vo Van Tan,District 3,Bakery,116,3.712,False
2024-10-06,Vo Van Tan,District 3,Coffee,301,11.739,False
2024-10-06,Vo Van Tan,District 3,Tea,196,8.82,False
2024-10-06,Vo Van Tan,District 3,Smoothie,79,4.345,False
2024-10-06,Vo Van Tan,District 3,Bakery,105,3.36,False
2024-10-07,Vo Van Tan,District 3,Coffee,260,10.14,False
2024-10-07,Vo Van Tan,District 3,Tea,143,6.435,False
2024-10-07,Vo Van Tan,District 3,Smoothie,74,4.07,False
2024-10-07,Vo Van Tan,District 3,Bakery,75,2.4,False
2024-10-08,Vo Van Tan,District 3,Coffee,239,9.321,False
2024-10-08,Vo Van Tan,District 3,Tea,162,7.29,False
2024-10-08,Vo Van Tan,District 3,Smoothie,62,3.41,False
2024-10-08,Vo Van Tan,District 3,Bakery,116,3.712,False
2024-10-09,Vo Van Tan,District 3,Coffee,265,10.335,False
2024-10-09,Vo Van Tan,District 3,Tea,165,7.425,False
2024-10-09,Vo Van Tan,District 3,Smoothie,66,3.63,False
2024-10-09,Vo Van Tan,District 3,Bakery,89,2.848,False
2024-10-10,Vo Van Tan,District 3,Coffee,243,9.477,False
2024-10-10,Vo Van Tan,District 3,Tea,156,7.02,False
2024-10-10,Vo Van Tan,District 3,Smoothie,62,3.41,False
2024-10-10,Vo Van Tan,District 3,Bakery,107,3.424,False
2024-10-11,Vo Van Tan,District 3,Coffee,244,9.516,False
2024-10-11,Vo Van Tan,District 3,Tea,135,6.075,False
2024-10-11,Vo Van Tan,District 3,Smoothie,58,3.19,False
2024-10-11,Vo Van Tan,District 3,Bakery,91,2.912,False
2024-10-12,Vo Van Tan,District 3,Coffee,307,11.973,False
2024-10-12,Vo Van Tan,District 3,Tea,159,7.155,False
2024-10-12,Vo Van Tan,District 3,Smoothie,81,4.455,False
2024-10-12,Vo Van Tan,District 3,Bakery,105,3.36,False
2024-10-13,Vo Van Tan,District 3,Coffee,268,10.452,False
2024-10-13,Vo Van Tan,District 3,Tea,169,7.605,False
2024-10-13,Vo Van Tan,District 3,Smoothie,75,4.125,False
2024-10-13,Vo Van Tan,District 3,Bakery,90,2.88,False
2024-10-14,Vo Van Tan,District 3,Coffee,220,8.58,False
2024-10-14,Vo Van Tan,District 3,Tea,133,5.985,False
2024-10-14,Vo Van Tan,District 3,Smoothie,66,3.63,False
2024-10-14,Vo Van Tan,District 3,Bakery,83,2.656,False
2024-10-15,Vo Van Tan,District 3,Coffee,254,9.906,False
2024-10-15,Vo Van Tan,District 3,Tea,144,6.48,False
2024-10-15,Vo Van Tan,District 3,Smoothie,68,3.74,False
2024-10-15,Vo Van Tan,District 3,Bakery,97,3.104,False
2024-10-16,Vo Van Tan,District 3,Coffee,264,10.296,False
2024-10-16,Vo Van Tan,District 3,Tea,150,6.75,False
2024-10-16,Vo Van Tan,District 3,Smoothie,53,2.915,False
2024-10-16,Vo Van Tan,District 3,Bakery,98,3.136,False
2024-10-17,Vo Van Tan,District 3,Coffee,240,9.36,False
2024-10-17,Vo Van Tan,District 3,Tea,157,7.065,False
2024-10-17,Vo Van Tan,District 3,Smoothie,62,3.41,False
2024-10-17,Vo Van Tan,District 3,Bakery,111,3.552,False
2024-10-18,Vo Van Tan,District 3,Coffee,245,9.555,False
2024-10-18,Vo Van Tan,District 3,Tea,123,5.535,False
2024-10-18,Vo Van Tan,District 3,Smoothie,64,3.52,False
2024-10-18,Vo Van Tan,District 3,Bakery,80,2.56,False
2024-10-19,Vo Van Tan,District 3,Coffee,314,12.246,False
2024-10-19,Vo Van Tan,District 3,Tea,176,7.92,False
2024-10-19,Vo Van Tan,District 3,Smoothie,96,5.28,False
2024-10-19,Vo Van Tan,District 3,Bakery,105,3.36,False
2024-10-20,Vo Van Tan,District 3,Coffee,306,11.934,False
2024-10-20,Vo Van Tan,District 3,Tea,191,8.595,False
2024-10-20,Vo Van Tan,District 3,Smoothie,80,4.4,False
2024-10-20,Vo Van Tan,District 3,Bakery,121,3.872,False
2024-10-21,Vo Van Tan,District 3,Coffee,262,10.218,False
2024-10-21,Vo Van Tan,District 3,Tea,166,7.47,False
2024-10-21,Vo Van Tan,District 3,Smoothie,60,3.3,False
2024-10-21,Vo Van Tan,District 3,Bakery,82,2.624,False
2024-10-22,Vo Van Tan,District 3,Coffee,257,10.023,False
2024-10-22,Vo Van Tan,District 3,Tea,136,6.12,False
2024-10-22,Vo Van Tan,District 3,Smoothie,71,3.905,False
2024-10-22,Vo Van Tan,District 3,Bakery,89,2.848,False
2024-10-23,Vo Van Tan,District 3,Coffee,268,10.452,False
2024-10-23,Vo Van Tan,District 3,Tea,145,6.525,False
2024-10-23,Vo Van Tan,District 3,Smoothie,56,3.08,False
2024-10-23,Vo Van Tan,District 3,Bakery,74,2.368,False
2024-10-24,Vo Van Tan,District 3,Coffee,267,10.413,False
2024-10-24,Vo Van Tan,District 3,Tea,173,7.785,False
2024-10-24,Vo Van Tan,District 3,Smoothie,59,3.245,False
2024-10-24,Vo Van Tan,District 3,Bakery,94,3.008,False
2024-10-25,Vo Van Tan,District 3,Coffee,235,9.165,False
2024-10-25,Vo Van Tan,District 3,Tea,153,6.885,False
2024-10-25,Vo Van Tan,District 3,Smoothie,81,4.455,False
2024-10-25,Vo Van Tan,District 3,Bakery,79,2.528,False
2024-10-26,Vo Van Tan,District 3,Coffee,320,12.48,False
2024-10-26,Vo Van Tan,District 3,Tea,167,7.515,False
2024-10-26,Vo Van Tan,District 3,Smoothie,76,4.18,False
2024-10-26,Vo Van Tan,District 3,Bakery,122,3.904,False
2024-10-27,Vo Van Tan,District 3,Coffee,302,11.778,False
2024-10-27,Vo Van Tan,District 3,Tea,187,8.415,False
2024-10-27,Vo Van Tan,District 3,Smoothie,67,3.685,False
2024-10-27,Vo Van Tan,District 3,Bakery,93,2.976,False
2024-10-28,Vo Van Tan,District 3,Coffee,230,8.97,False
2024-10-28,Vo Van Tan,District 3,Tea,162,7.29,False
2024-10-28,Vo Van Tan,District 3,Smoothie,70,3.85,False
2024-10-28,Vo Van Tan,District 3,Bakery,103,3.296,False
2024-10-29,Vo Van Tan,District 3,Coffee,228,8.892,False
2024-10-29,Vo Van Tan,District 3,Tea,165,7.425,False
2024-10-29,Vo Van Tan,District 3,Smoothie,61,3.355,False
2024-10-29,Vo Van Tan,District 3,Bakery,94,3.008,False
2024-10-30,Vo Van Tan,District 3,Coffee,227,8.853,False
2024-10-30,Vo Van Tan,District 3,Tea,154,6.93,False
2024-10-30,Vo Van Tan,District 3,Smoothie,57,3.135,False
2024-10-30,Vo Van Tan,District 3,Bakery,74,2.368,False
2024-10-31,Vo Van Tan,District 3,Coffee,245,9.555,False
2024-10-31,Vo Van Tan,District 3,Tea,151,6.795,False
2024-10-31,Vo Van Tan,District 3,Smoothie,63,3.465,False
2024-10-31,Vo Van Tan,District 3,Bakery,101,3.232,False
2024-11-01,Vo Van Tan,District 3,Coffee,312,10.343,True
2024-11-01,Vo Van Tan,District 3,Tea,189,7.229,True
2024-11-01,Vo Van Tan,District 3,Smoothie,73,3.413,True
2024-11-01,Vo Van Tan,District 3,Bakery,119,3.237,True
2024-11-02,Vo Van Tan,District 3,Coffee,395,13.094,True
2024-11-02,Vo Van Tan,District 3,Tea,191,7.306,True
2024-11-02,Vo Van Tan,District 3,Smoothie,111,5.189,True
2024-11-02,Vo Van Tan,District 3,Bakery,153,4.162,True
2024-11-03,Vo Van Tan,District 3,Coffee,377,12.498,True
2024-11-03,Vo Van Tan,District 3,Tea,206,7.88,True
2024-11-03,Vo Van Tan,District 3,Smoothie,103,4.815,True
2024-11-03,Vo Van Tan,District 3,Bakery,140,3.808,True
2024-11-04,Vo Van Tan,District 3,Coffee,268,10.452,False
2024-11-04,Vo Van Tan,District 3,Tea,158,7.11,False
2024-11-04,Vo Van Tan,District 3,Smoothie,55,3.025,False
2024-11-04,Vo Van Tan,District 3,Bakery,104,3.328,False
2024-11-05,Vo Van Tan,District 3,Coffee,241,9.399,False
2024-11-05,Vo Van Tan,District 3,Tea,153,6.885,False
2024-11-05,Vo Van Tan,District 3,Smoothie,67,3.685,False
2024-11-05,Vo Van Tan,District 3,Bakery,89,2.848,False
2024-11-06,Vo Van Tan,District 3,Coffee,245,9.555,False
2024-11-06,Vo Van Tan,District 3,Tea,113,5.085,False
2024-11-06,Vo Van Tan,District 3,Smoothie,58,3.19,False
2024-11-06,Vo Van Tan,District 3,Bakery,78,2.496,False
2024-11-07,Vo Van Tan,District 3,Coffee,221,8.619,False
2024-11-07,Vo Van Tan,District 3,Tea,154,6.93,False
2024-11-07,Vo Van Tan,District 3,Smoothie,59,3.245,False
2024-11-07,Vo Van Tan,District 3,Bakery,104,3.328,False
2024-11-08,Vo Van Tan,District 3,Coffee,255,9.945,False
2024-11-08,Vo Van Tan,District 3,Tea,140,6.3,False
2024-11-08,Vo Van Tan,District 3,Smoothie,69,3.795,False
2024-11-08,Vo Van Tan,District 3,Bakery,127,4.064,False
2024-11-09,Vo Van Tan,District 3,Coffee,262,10.218,False
2024-11-09,Vo Van Tan,District 3,Tea,180,8.1,False
2024-11-09,Vo Van Tan,District 3,Smoothie,84,4.62,False
2024-11-09,Vo Van Tan,District 3,Bakery,119,3.808,False
2024-11-10,Vo Van Tan,District 3,Coffee,351,13.689,False
2024-11-10,Vo Van Tan,District 3,Tea,183,8.235,False
2024-11-10,Vo Van Tan,District 3,Smoothie,91,5.005,False
2024-11-10,Vo Van Tan,District 3,Bakery,130,4.16,False
2024-11-11,Vo Van Tan,District 3,Coffee,277,10.803,False
2024-11-11,Vo Van Tan,District 3,Tea,134,6.03,False
2024-11-11,Vo Van Tan,District 3,Smoothie,69,3.795,False
2024-11-11,Vo Van Tan,District 3,Bakery,88,2.816,False
2024-11-12,Vo Van Tan,District 3,Coffee,243,9.477,False
2024-11-12,Vo Van Tan,District 3,Tea,161,7.245,False
2024-11-12,Vo Van Tan,District 3,Smoothie,63,3.465,False
2024-11-12,Vo Van Tan,District 3,Bakery,91,2.912,False
2024-11-13,Vo Van Tan,District 3,Coffee,252,9.828,False
2024-11-13,Vo Van Tan,District 3,Tea,130,5.85,False
2024-11-13,Vo Van Tan,District 3,Smoothie,70,3.85,False
2024-11-13,Vo Van Tan,District 3,Bakery,99,3.168,False
2024-11-14,Vo Van Tan,District 3,Coffee,239,9.321,False
2024-11-14,Vo Van Tan,District 3,Tea,122,5.49,False
2024-11-14,Vo Van Tan,District 3,Smoothie,70,3.85,False
2024-11-14,Vo Van Tan,District 3,Bakery,89,2.848,False
2024-11-15,Vo Van Tan,District 3,Coffee,276,10.764,False
2024-11-15,Vo Van Tan,District 3,Tea,135,6.075,False
2024-11-15,Vo Van Tan,District 3,Smoothie,60,3.3,False
2024-11-15,Vo Van Tan,District 3,Bakery,103,3.296,False
2024-11-16,Vo Van Tan,District 3,Coffee,308,12.012,False
2024-11-16,Vo Van Tan,District 3,Tea,195,8.775,False
2024-11-16,Vo Van Tan,District 3,Smoothie,85,4.675,False
2024-11-16,Vo Van Tan,District 3,Bakery,124,3.968,False
2024-11-17,Vo Van Tan,District 3,Coffee,331,12.909,False
2024-11-17,Vo Van Tan,District 3,Tea,192,8.64,False
2024-11-17,Vo Van Tan,District 3,Smoothie,75,4.125,False
2024-11-17,Vo Van Tan,District 3,Bakery,130,4.16,False
2024-11-18,Vo Van Tan,District 3,Coffee,263,10.257,False
2024-11-18,Vo Van Tan,District 3,Tea,149,6.705,False
2024-11-18,Vo Van Tan,District 3,Smoothie,62,3.41,False
2024-11-18,Vo Van Tan,District 3,Bakery,84,2.688,False
2024-11-19,Vo Van Tan,District 3,Coffee,282,10.998,False
2024-11-19,Vo Van Tan,District 3,Tea,141,6.345,False
2024-11-19,Vo Van Tan,District 3,Smoothie,68,3.74,False
2024-11-19,Vo Van Tan,District 3,Bakery,84,2.688,False
2024-11-20,Vo Van Tan,District 3,Coffee,243,9.477,False
2024-11-20,Vo Van Tan,District 3,Tea,151,6.795,False
2024-11-20,Vo Van Tan,District 3,Smoothie,70,3.85,False
2024-11-20,Vo Van Tan,District 3,Bakery,108,3.456,False
2024-11-21,Vo Van Tan,District 3,Coffee,230,8.97,False
2024-11-21,Vo Van Tan,District 3,Tea,148,6.66,False
2024-11-21,Vo Van Tan,District 3,Smoothie,78,4.29,False
2024-11-21,Vo Van Tan,District 3,Bakery,92,2.944,False
2024-11-22,Vo Van Tan,District 3,Coffee,272,10.608,False
2024-11-22,Vo Van Tan,District 3,Tea,167,7.515,False
2024-11-22,Vo Van Tan,District 3,Smoothie,74,4.07,False
2024-11-22,Vo Van Tan,District 3,Bakery,93,2.976,False
2024-11-23,Vo Van Tan,District 3,Coffee,342,13.338,False
2024-11-23,Vo Van Tan,District 3,Tea,190,8.55,False
2024-11-23,Vo Van Tan,District 3,Smoothie,92,5.06,False
2024-11-23,Vo Van Tan,District 3,Bakery,129,4.128,False
2024-11-24,Vo Van Tan,District 3,Coffee,337,13.143,False
2024-11-24,Vo Van Tan,District 3,Tea,183,8.235,False
2024-11-24,Vo Van Tan,District 3,Smoothie,82,4.51,False
2024-11-24,Vo Van Tan,District 3,Bakery,119,3.808,False
2024-11-25,Vo Van Tan,District 3,Coffee,242,9.438,False
2024-11-25,Vo Van Tan,District 3,Tea,156,7.02,False
2024-11-25,Vo Van Tan,District 3,Smoothie,70,3.85,False
2024-11-25,Vo Van Tan,District 3,Bakery,105,3.36,False
2024-11-26,Vo Van Tan,District 3,Coffee,235,9.165,False
2024-11-26,Vo Van Tan,District 3,Tea,140,6.3,False
2024-11-26,Vo Van Tan,District 3,Smoothie,63,3.465,False
2024-11-26,Vo Van Tan,District 3,Bakery,92,2.944,False
2024-11-27,Vo Van Tan,District 3,Coffee,253,9.867,False
2024-11-27,Vo Van Tan,District 3,Tea,143,6.435,False
2024-11-27,Vo Van Tan,District 3,Smoothie,62,3.41,False
2024-11-27,Vo Van Tan,District 3,Bakery,95,3.04,False
2024-11-28,Vo Van Tan,District 3,Coffee,270,10.53,False
2024-11-28,Vo Van Tan,District 3,Tea,136,6.12,False
2024-11-28,Vo Van Tan,District 3,Smoothie,62,3.41,False
2024-11-28,Vo Van Tan,District 3,Bakery,96,3.072,False
2024-11-29,Vo Van Tan,District 3,Coffee,242,9.438,False
2024-11-29,Vo Van Tan,District 3,Tea,156,7.02,False
2024-11-29,Vo Van Tan,District 3,Smoothie,47,2.585,False
2024-11-29,Vo Van Tan,District 3,Bakery,118,3.776,False
2024-11-30,Vo Van Tan,District 3,Coffee,331,12.909,False
2024-11-30,Vo Van Tan,District 3,Tea,175,7.875,False
2024-11-30,Vo Van Tan,District 3,Smoothie,73,4.015,False
2024-11-30,Vo Van Tan,District 3,Bakery,113,3.616,False
2024-12-01,Vo Van Tan,District 3,Coffee,417,13.824,True
2024-12-01,Vo Van Tan,District 3,Tea,239,9.142,True
2024-12-01,Vo Van Tan,District 3,Smoothie,100,4.675,True
2024-12-01,Vo Van Tan,District 3,Bakery,154,4.189,True
2024-12-02,Vo Van Tan,District 3,Coffee,332,11.006,True
2024-12-02,Vo Van Tan,District 3,Tea,176,6.732,True
2024-12-02,Vo Van Tan,District 3,Smoothie,82,3.833,True
2024-12-02,Vo Van Tan,District 3,Bakery,111,3.019,True
2024-12-03,Vo Van Tan,District 3,Coffee,313,10.376,True
2024-12-03,Vo Van Tan,District 3,Tea,182,6.962,True
2024-12-03,Vo Van Tan,District 3,Smoothie,89,4.161,True
2024-12-03,Vo Van Tan,District 3,Bakery,132,3.59,True
2024-12-04,Vo Van Tan,District 3,Coffee,276,10.764,False
2024-12-04,Vo Van Tan,District 3,Tea,151,6.795,False
2024-12-04,Vo Van Tan,District 3,Smoothie,64,3.52,False
2024-12-04,Vo Van Tan,District 3,Bakery,90,2.88,False
2024-12-05,Vo Van Tan,District 3,Coffee,261,10.179,False
2024-12-05,Vo Van Tan,District 3,Tea,141,6.345,False
2024-12-05,Vo Van Tan,District 3,Smoothie,58,3.19,False
2024-12-05,Vo Van Tan,District 3,Bakery,100,3.2,False
2024-12-06,Vo Van Tan,District 3,Coffee,270,10.53,False
2024-12-06,Vo Van Tan,District 3,Tea,149,6.705,False
2024-12-06,Vo Van Tan,District 3,Smoothie,70,3.85,False
2024-12-06,Vo Van Tan,District 3,Bakery,105,3.36,False
2024-12-07,Vo Van Tan,District 3,Coffee,304,11.856,False
2024-12-07,Vo Van Tan,District 3,Tea,192,8.64,False
2024-12-07,Vo Van Tan,District 3,Smoothie,72,3.96,False
2024-12-07,Vo Van Tan,District 3,Bakery,138,4.416,False
2024-12-08,Vo Van Tan,District 3,Coffee,302,11.778,False
2024-12-08,Vo Van Tan,District 3,Tea,212,9.54,False
2024-12-08,Vo Van Tan,District 3,Smoothie,87,4.785,False
2024-12-08,Vo Van Tan,District 3,Bakery,118,3.776,False
2024-12-09,Vo Van Tan,District 3,Coffee,280,10.92,False
2024-12-09,Vo Van Tan,District 3,Tea,144,6.48,False
2024-12-09,Vo Van Tan,District 3,Smoothie,62,3.41,False
2024-12-09,Vo Van Tan,District 3,Bakery,120,3.84,False
2024-12-10,Vo Van Tan,District 3,Coffee,257,10.023,False
2024-12-10,Vo Van Tan,District 3,Tea,126,5.67,False
2024-12-10,Vo Van Tan,District 3,Smoothie,54,2.97,False
2024-12-10,Vo Van Tan,District 3,Bakery,88,2.816,False
2024-12-11,Vo Van Tan,District 3,Coffee,238,9.282,False
2024-12-11,Vo Van Tan,District 3,Tea,165,7.425,False
2024-12-11,Vo Van Tan,District 3,Smoothie,66,3.63,False
2024-12-11,Vo Van Tan,District 3,Bakery,101,3.232,False
2024-12-12,Vo Van Tan,District 3,Coffee,271,10.569,False
2024-12-12,Vo Van Tan,District 3,Tea,143,6.435,False
2024-12-12,Vo Van Tan,District 3,Smoothie,62,3.41,False
2024-12-12,Vo Van Tan,District 3,Bakery,99,3.168,False
2024-12-13,Vo Van Tan,District 3,Coffee,256,9.984,False
2024-12-13,Vo Van Tan,District 3,Tea,148,6.66,False
2024-12-13,Vo Van Tan,District 3,Smoothie,47,2.585,False
2024-12-13,Vo Van Tan,District 3,Bakery,95,3.04,False
2024-12-14,Vo Van Tan,District 3,Coffee,324,12.636,False
2024-12-14,Vo Van Tan,District 3,Tea,178,8.01,False
2024-12-14,Vo Van Tan,District 3,Smoothie,72,3.96,False
2024-12-14,Vo Van Tan,District 3,Bakery,120,3.84,False
2024-12-15,Vo Van Tan,District 3,Coffee,299,11.661,False
2024-12-15,Vo Van Tan,District 3,Tea,207,9.315,False
2024-12-15,Vo Van Tan,District 3,Smoothie,97,5.335,False
2024-12-15,Vo Van Tan,District 3,Bakery,124,3.968,False
2024-12-16,Vo Van Tan,District 3,Coffee,283,11.037,False
2024-12-16,Vo Van Tan,District 3,Tea,138,6.21,False
2024-12-16,Vo Van Tan,District 3,Smoothie,53,2.915,False
2024-12-16,Vo Van Tan,District 3,Bakery,92,2.944,False
2024-12-17,Vo Van Tan,District 3,Coffee,281,10.959,False
2024-12-17,Vo Van Tan,District 3,Tea,137,6.165,False
2024-12-17,Vo Van Tan,District 3,Smoothie,47,2.585,False
2024-12-17,Vo Van Tan,District 3,Bakery,101,3.232,False
2024-12-18,Vo Van Tan,District 3,Coffee,247,9.633,False
2024-12-18,Vo Van Tan,District 3,Tea,176,7.92,False
2024-12-18,Vo Van Tan,District 3,Smoothie,62,3.41,False
2024-12-18,Vo Van Tan,District 3,Bakery,84,2.688,False
2024-12-19,Vo Van Tan,District 3,Coffee,266,10.374,False
2024-12-19,Vo Van Tan,District 3,Tea,154,6.93,False
2024-12-19,Vo Van Tan,District 3,Smoothie,65,3.575,False
2024-12-19,Vo Van Tan,District 3,Bakery,105,3.36,False
2024-12-20,Vo Van Tan,District 3,Coffee,308,10.21,True
2024-12-20,Vo Van Tan,District 3,Tea,166,6.349,True
2024-12-20,Vo Van Tan,District 3,Smoothie,84,3.927,True
2024-12-20,Vo Van Tan,District 3,Bakery,123,3.346,True
2024-12-21,Vo Van Tan,District 3,Coffee,344,11.404,True
2024-12-21,Vo Van Tan,District 3,Tea,234,8.95,True
2024-12-21,Vo Van Tan,District 3,Smoothie,103,4.815,True
2024-12-21,Vo Van Tan,District 3,Bakery,155,4.216,True
2024-12-22,Vo Van Tan,District 3,Coffee,398,13.194,True
2024-12-22,Vo Van Tan,District 3,Tea,190,7.268,True
2024-12-22,Vo Van Tan,District 3,Smoothie,99,4.628,True
2024-12-22,Vo Van Tan,District 3,Bakery,140,3.808,True
2024-12-23,Vo Van Tan,District 3,Coffee,323,10.707,True
2024-12-23,Vo Van Tan,District 3,Tea,189,7.229,True
2024-12-23,Vo Van Tan,District 3,Smoothie,75,3.506,True
2024-12-23,Vo Van Tan,District 3,Bakery,110,2.992,True
2024-12-24,Vo Van Tan,District 3,Coffee,293,9.713,True
2024-12-24,Vo Van Tan,District 3,Tea,168,6.426,True
2024-12-24,Vo Van Tan,District 3,Smoothie,58,2.712,True
2024-12-24,Vo Van Tan,District 3,Bakery,134,3.645,True
2024-12-25,Vo Van Tan,District 3,Coffee,317,10.509,True
2024-12-25,Vo Van Tan,District 3,Tea,194,7.42,True
2024-12-25,Vo Van Tan,District 3,Smoothie,76,3.553,True
2024-12-25,Vo Van Tan,District 3,Bakery,96,2.611,True
2024-12-26,Vo Van Tan,District 3,Coffee,297,9.846,True
2024-12-26,Vo Van Tan,District 3,Tea,175,6.694,True
2024-12-26,Vo Van Tan,District 3,Smoothie,87,4.067,True
2024-12-26,Vo Van Tan,District 3,Bakery,123,3.346,True
2024-12-27,Vo Van Tan,District 3,Coffee,313,10.376,True
2024-12-27,Vo Van Tan,District 3,Tea,162,6.197,True
2024-12-27,Vo Van Tan,District 3,Smoothie,86,4.021,True
2024-12-27,Vo Van Tan,District 3,Bakery,123,3.346,True
2024-12-28,Vo Van Tan,District 3,Coffee,381,12.63,True
2024-12-28,Vo Van Tan,District 3,Tea,205,7.841,True
2024-12-28,Vo Van Tan,District 3,Smoothie,113,5.283,True
2024-12-28,Vo Van Tan,District 3,Bakery,146,3.971,True
2024-12-29,Vo Van Tan,District 3,Coffee,373,12.365,True
2024-12-29,Vo Van Tan,District 3,Tea,237,9.065,True
2024-12-29,Vo Van Tan,District 3,Smoothie,79,3.693,True
2024-12-29,Vo Van Tan,District 3,Bakery,155,4.216,True
2024-12-30,Vo Van Tan,District 3,Coffee,294,9.746,True
2024-12-30,Vo Van Tan,District 3,Tea,180,6.885,True
2024-12-30,Vo Van Tan,District 3,Smoothie,91,4.254,True
2024-12-30,Vo Van Tan,District 3,Bakery,117,3.182,True
2024-12-31,Vo Van Tan,District 3,Coffee,318,10.542,True
2024-12-31,Vo Van Tan,District 3,Tea,184,7.038,True
2024-12-31,Vo Van Tan,District 3,Smoothie,75,3.506,True
2024-12-31,Vo Van Tan,District 3,Bakery,128,3.482,True
2025-01-01,Vo Van Tan,District 3,Coffee,293,9.713,True
2025-01-01,Vo Van Tan,District 3,Tea,164,6.273,True
2025-01-01,Vo Van Tan,District 3,Smoothie,72,3.366,True
2025-01-01,Vo Van Tan,District 3,Bakery,113,3.074,True
2025-01-02,Vo Van Tan,District 3,Coffee,302,10.011,True
2025-01-02,Vo Van Tan,District 3,Tea,178,6.809,True
2025-01-02,Vo Van Tan,District 3,Smoothie,82,3.833,True
2025-01-02,Vo Van Tan,District 3,Bakery,111,3.019,True
2025-01-03,Vo Van Tan,District 3,Coffee,302,10.011,True
2025-01-03,Vo Van Tan,District 3,Tea,178,6.809,True
2025-01-03,Vo Van Tan,District 3,Smoothie,75,3.506,True
2025-01-03,Vo Van Tan,District 3,Bakery,109,2.965,True
2025-01-04,Vo Van Tan,District 3,Coffee,329,12.831,False
2025-01-04,Vo Van Tan,District 3,Tea,185,8.325,False
2025-01-04,Vo Van Tan,District 3,Smoothie,83,4.565,False
2025-01-04,Vo Van Tan,District 3,Bakery,130,4.16,False
2025-01-05,Vo Van Tan,District 3,Coffee,345,13.455,False
2025-01-05,Vo Van Tan,District 3,Tea,173,7.785,False
2025-01-05,Vo Van Tan,District 3,Smoothie,68,3.74,False
2025-01-05,Vo Van Tan,District 3,Bakery,135,4.32,False
2025-01-06,Vo Van Tan,District 3,Coffee,248,9.672,False
2025-01-06,Vo Van Tan,District 3,Tea,132,5.94,False
2025-01-06,Vo Van Tan,District 3,Smoothie,73,4.015,False
2025-01-06,Vo Van Tan,District 3,Bakery,101,3.232,False
2025-01-07,Vo Van Tan,District 3,Coffee,262,10.218,False
2025-01-07,Vo Van Tan,District 3,Tea,156,7.02,False
2025-01-07,Vo Van Tan,District 3,Smoothie,74,4.07,False
2025-01-07,Vo Van Tan,District 3,Bakery,103,3.296,False
2025-01-08,Vo Van Tan,District 3,Coffee,241,9.399,False
2025-01-08,Vo Van Tan,District 3,Tea,152,6.84,False
2025-01-08,Vo Van Tan,District 3,Smoothie,71,3.905,False
2025-01-08,Vo Van Tan,District 3,Bakery,78,2.496,False
2025-01-09,Vo Van Tan,District 3,Coffee,286,11.154,False
2025-01-09,Vo Van Tan,District 3,Tea,171,7.695,False
2025-01-09,Vo Van Tan,District 3,Smoothie,67,3.685,False
2025-01-09,Vo Van Tan,District 3,Bakery,90,2.88,False
2025-01-10,Vo Van Tan,District 3,Coffee,276,10.764,False
2025-01-10,Vo Van Tan,District 3,Tea,155,6.975,False
2025-01-10,Vo Van Tan,District 3,Smoothie,67,3.685,False
2025-01-10,Vo Van Tan,District 3,Bakery,86,2.752,False
2025-01-11,Vo Van Tan,District 3,Coffee,325,12.675,False
2025-01-11,Vo Van Tan,District 3,Tea,172,7.74,False
2025-01-11,Vo Van Tan,District 3,Smoothie,82,4.51,False
2025-01-11,Vo Van Tan,District 3,Bakery,128,4.096,False
2025-01-12,Vo Van Tan,District 3,Coffee,301,11.739,False
2025-01-12,Vo Van Tan,District 3,Tea,184,8.28,False
2025-01-12,Vo Van Tan,District 3,Smoothie,78,4.29,False
2025-01-12,Vo Van Tan,District 3,Bakery,115,3.68,False
2025-01-13,Vo Van Tan,District 3,Coffee,289,11.271,False
2025-01-13,Vo Van Tan,District 3,Tea,142,6.39,False
2025-01-13,Vo Van Tan,District 3,Smoothie,68,3.74,False
2025-01-13,Vo Van Tan,District 3,Bakery,111,3.552,False
2025-01-14,Vo Van Tan,District 3,Coffee,224,8.736,False
2025-01-14,Vo Van Tan,District 3,Tea,149,6.705,False
2025-01-14,Vo Van Tan,District 3,Smoothie,75,4.125,False
2025-01-14,Vo Van Tan,District 3,Bakery,96,3.072,False
2025-01-15,Vo Van Tan,District 3,Coffee,263,10.257,False
2025-01-15,Vo Van Tan,District 3,Tea,146,6.57,False
2025-01-15,Vo Van Tan,District 3,Smoothie,61,3.355,False
2025-01-15,Vo Van Tan,District 3,Bakery,96,3.072,False
2025-01-16,Vo Van Tan,District 3,Coffee,260,10.14,False
2025-01-16,Vo Van Tan,District 3,Tea,139,6.255,False
2025-01-16,Vo Van Tan,District 3,Smoothie,74,4.07,False
2025-01-16,Vo Van Tan,District 3,Bakery,97,3.104,False
2025-01-17,Vo Van Tan,District 3,Coffee,261,10.179,False
2025-01-17,Vo Van Tan,District 3,Tea,138,6.21,False
2025-01-17,Vo Van Tan,District 3,Smoothie,95,5.225,False
2025-01-17,Vo Van Tan,District 3,Bakery,109,3.488,False
2025-01-18,Vo Van Tan,District 3,Coffee,314,12.246,False
2025-01-18,Vo Van Tan,District 3,Tea,169,7.605,False
2025-01-18,Vo Van Tan,District 3,Smoothie,77,4.235,False
2025-01-18,Vo Van Tan,District 3,Bakery,150,4.8,False
2025-01-19,Vo Van Tan,District 3,Coffee,355,13.845,False
2025-01-19,Vo Van Tan,District 3,Tea,181,8.145,False
2025-01-19,Vo Van Tan,District 3,Smoothie,88,4.84,False
2025-01-19,Vo Van Tan,District 3,Bakery,120,3.84,False
2025-01-20,Vo Van Tan,District 3,Coffee,194,7.566,False
2025-01-20,Vo Van Tan,District 3,Tea,129,5.805,False
2025-01-20,Vo Van Tan,District 3,Smoothie,56,3.08,False
2025-01-20,Vo Van Tan,District 3,Bakery,81,2.592,False
2025-01-21,Vo Van Tan,District 3,Coffee,193,7.527,False
2025-01-21,Vo Van Tan,District 3,Tea,138,6.21,False
2025-01-21,Vo Van Tan,District 3,Smoothie,39,2.145,False
2025-01-21,Vo Van Tan,District 3,Bakery,82,2.624,False
2025-01-22,Vo Van Tan,District 3,Coffee,232,9.048,False
2025-01-22,Vo Van Tan,District 3,Tea,136,6.12,False
2025-01-22,Vo Van Tan,District 3,Smoothie,43,2.365,False
2025-01-22,Vo Van Tan,District 3,Bakery,85,2.72,False
2025-01-23,Vo Van Tan,District 3,Coffee,203,7.917,False
2025-01-23,Vo Van Tan,District 3,Tea,107,4.815,False
2025-01-23,Vo Van Tan,District 3,Smoothie,58,3.19,False
2025-01-23,Vo Van Tan,District 3,Bakery,80,2.56,False
2025-01-24,Vo Van Tan,District 3,Coffee,236,9.204,False
2025-01-24,Vo Van Tan,District 3,Tea,107,4.815,False
2025-01-24,Vo Van Tan,District 3,Smoothie,48,2.64,False
2025-01-24,Vo Van Tan,District 3,Bakery,82,2.624,False
2025-01-25,Vo Van Tan,District 3,Coffee,149,5.811,False
2025-01-25,Vo Van Tan,District 3,Tea,101,4.545,False
2025-01-25,Vo Van Tan,District 3,Smoothie,49,2.695,False
2025-01-25,Vo Van Tan,District 3,Bakery,54,1.728,False
2025-01-26,Vo Van Tan,District 3,Coffee,159,6.201,False
2025-01-26,Vo Van Tan,District 3,Tea,80,3.6,False
2025-01-26,Vo Van Tan,District 3,Smoothie,44,2.42,False
2025-01-26,Vo Van Tan,District 3,Bakery,59,1.888,False
2025-01-27,Vo Van Tan,District 3,Coffee,106,4.134,False
2025-01-27,Vo Van Tan,District 3,Tea,63,2.835,False
2025-01-27,Vo Van Tan,District 3,Smoothie,31,1.705,False
2025-01-27,Vo Van Tan,District 3,Bakery,43,1.376,False
2025-01-28,Vo Van Tan,District 3,Coffee,129,5.031,False
2025-01-28,Vo Van Tan,District 3,Tea,74,3.33,False
2025-01-28,Vo Van Tan,District 3,Smoothie,26,1.43,False
2025-01-28,Vo Van Tan,District 3,Bakery,51,1.632,False
2025-01-29,Vo Van Tan,District 3,Coffee,118,4.602,False
2025-01-29,Vo Van Tan,District 3,Tea,66,2.97,False
2025-01-29,Vo Van Tan,District 3,Smoothie,23,1.265,False
2025-01-29,Vo Van Tan,District 3,Bakery,32,1.024,False
2025-01-30,Vo Van Tan,District 3,Coffee,122,4.758,False
2025-01-30,Vo Van Tan,District 3,Tea,75,3.375,False
2025-01-30,Vo Van Tan,District 3,Smoothie,26,1.43,False
2025-01-30,Vo Van Tan,District 3,Bakery,33,1.056,False
2025-01-31,Vo Van Tan,District 3,Coffee,126,4.914,False
2025-01-31,Vo Van Tan,District 3,Tea,78,3.51,False
2025-01-31,Vo Van Tan,District 3,Smoothie,29,1.595,False
2025-01-31,Vo Van Tan,District 3,Bakery,42,1.344,False
2025-02-01,Vo Van Tan,District 3,Coffee,162,5.37,True
2025-02-01,Vo Van Tan,District 3,Tea,113,4.322,True
2025-02-01,Vo Van Tan,District 3,Smoothie,46,2.151,True
2025-02-01,Vo Van Tan,District 3,Bakery,61,1.659,True
2025-02-02,Vo Van Tan,District 3,Coffee,174,5.768,True
2025-02-02,Vo Van Tan,District 3,Tea,115,4.399,True
2025-02-02,Vo Van Tan,District 3,Smoothie,45,2.104,True
2025-02-02,Vo Van Tan,District 3,Bakery,60,1.632,True
2025-02-03,Vo Van Tan,District 3,Coffee,267,8.851,True
2025-02-03,Vo Van Tan,District 3,Tea,128,4.896,True
2025-02-03,Vo Van Tan,District 3,Smoothie,67,3.132,True
2025-02-03,Vo Van Tan,District 3,Bakery,96,2.611,True
2025-02-04,Vo Van Tan,District 3,Coffee,219,8.541,False
2025-02-04,Vo Van Tan,District 3,Tea,124,5.58,False
2025-02-04,Vo Van Tan,District 3,Smoothie,54,2.97,False
2025-02-04,Vo Van Tan,District 3,Bakery,74,2.368,False
2025-02-05,Vo Van Tan,District 3,Coffee,220,8.58,False
2025-02-05,Vo Van Tan,District 3,Tea,131,5.895,False
2025-02-05,Vo Van Tan,District 3,Smoothie,50,2.75,False
2025-02-05,Vo Van Tan,District 3,Bakery,85,2.72,False
2025-02-06,Vo Van Tan,District 3,Coffee,208,8.112,False
2025-02-06,Vo Van Tan,District 3,Tea,106,4.77,False
2025-02-06,Vo Van Tan,District 3,Smoothie,48,2.64,False
2025-02-06,Vo Van Tan,District 3,Bakery,74,2.368,False
2025-02-07,Vo Van Tan,District 3,Coffee,195,7.605,False
2025-02-07,Vo Van Tan,District 3,Tea,109,4.905,False
2025-02-07,Vo Van Tan,District 3,Smoothie,49,2.695,False
2025-02-07,Vo Van Tan,District 3,Bakery,100,3.2,False
2025-02-08,Vo Van Tan,District 3,Coffee,328,12.792,False
2025-02-08,Vo Van Tan,District 3,Tea,167,7.515,False
2025-02-08,Vo Van Tan,District 3,Smoothie,84,4.62,False
2025-02-08,Vo Van Tan,District 3,Bakery,132,4.224,False
2025-02-09,Vo Van Tan,District 3,Coffee,348,13.572,False
2025-02-09,Vo Van Tan,District 3,Tea,206,9.27,False
2025-02-09,Vo Van Tan,District 3,Smoothie,67,3.685,False
2025-02-09,Vo Van Tan,District 3,Bakery,135,4.32,False
2025-02-10,Vo Van Tan,District 3,Coffee,262,10.218,False
2025-02-10,Vo Van Tan,District 3,Tea,167,7.515,False
2025-02-10,Vo Van Tan,District 3,Smoothie,74,4.07,False
2025-02-10,Vo Van Tan,District 3,Bakery,88,2.816,False
2025-02-11,Vo Van Tan,District 3,Coffee,246,9.594,False
2025-02-11,Vo Van Tan,District 3,Tea,155,6.975,False
2025-02-11,Vo Van Tan,District 3,Smoothie,77,4.235,False
2025-02-11,Vo Van Tan,District 3,Bakery,100,3.2,False
2025-02-12,Vo Van Tan,District 3,Coffee,268,10.452,False
2025-02-12,Vo Van Tan,District 3,Tea,151,6.795,False
2025-02-12,Vo Van Tan,District 3,Smoothie,59,3.245,False
2025-02-12,Vo Van Tan,District 3,Bakery,72,2.304,False
2025-02-13,Vo Van Tan,District 3,Coffee,274,10.686,False
2025-02-13,Vo Van Tan,District 3,Tea,151,6.795,False
2025-02-13,Vo Van Tan,District 3,Smoothie,61,3.355,False
2025-02-13,Vo Van Tan,District 3,Bakery,96,3.072,False
2025-02-14,Vo Van Tan,District 3,Coffee,274,10.686,False
2025-02-14,Vo Van Tan,District 3,Tea,175,7.875,False
2025-02-14,Vo Van Tan,District 3,Smoothie,75,4.125,False
2025-02-14,Vo Van Tan,District 3,Bakery,100,3.2,False
2025-02-15,Vo Van Tan,District 3,Coffee,325,12.675,False
2025-02-15,Vo Van Tan,District 3,Tea,180,8.1,False
2025-02-15,Vo Van Tan,District 3,Smoothie,90,4.95,False
2025-02-15,Vo Van Tan,District 3,Bakery,130,4.16,False
2025-02-16,Vo Van Tan,District 3,Coffee,350,13.65,False
2025-02-16,Vo Van Tan,District 3,Tea,213,9.585,False
2025-02-16,Vo Van Tan,District 3,Smoothie,75,4.125,False
2025-02-16,Vo Van Tan,District 3,Bakery,115,3.68,False
2025-02-17,Vo Van Tan,District 3,Coffee,270,10.53,False
2025-02-17,Vo Van Tan,District 3,Tea,141,6.345,False
2025-02-17,Vo Van Tan,District 3,Smoothie,76,4.18,False
2025-02-17,Vo Van Tan,District 3,Bakery,98,3.136,False
2025-02-18,Vo Van Tan,District 3,Coffee,244,9.516,False
2025-02-18,Vo Van Tan,District 3,Tea,168,7.56,False
2025-02-18,Vo Van Tan,District 3,Smoothie,74,4.07,False
2025-02-18,Vo Van Tan,District 3,Bakery,99,3.168,False
2025-02-19,Vo Van Tan,District 3,Coffee,251,9.789,False
2025-02-19,Vo Van Tan,District 3,Tea,159,7.155,False
2025-02-19,Vo Van Tan,District 3,Smoothie,84,4.62,False
2025-02-19,Vo Van Tan,District 3,Bakery,101,3.232,False
2025-02-20,Vo Van Tan,District 3,Coffee,244,9.516,False
2025-02-20,Vo Van Tan,District 3,Tea,138,6.21,False
2025-02-20,Vo Van Tan,District 3,Smoothie,84,4.62,False
2025-02-20,Vo Van Tan,District 3,Bakery,85,2.72,False
2025-02-21,Vo Van Tan,District 3,Coffee,268,10.452,False
2025-02-21,Vo Van Tan,District 3,Tea,152,6.84,False
2025-02-21,Vo Van Tan,District 3,Smoothie,62,3.41,False
2025-02-21,Vo Van Tan,District 3,Bakery,97,3.104,False
2025-02-22,Vo Van Tan,District 3,Coffee,319,12.441,False
2025-02-22,Vo Van Tan,District 3,Tea,168,7.56,False
2025-02-22,Vo Van Tan,District 3,Smoothie,92,5.06,False
2025-02-22,Vo Van Tan,District 3,Bakery,117,3.744,False
2025-02-23,Vo Van Tan,District 3,Coffee,375,14.625,False
2025-02-23,Vo Van Tan,District 3,Tea,174,7.83,False
2025-02-23,Vo Van Tan,District 3,Smoothie,79,4.345,False
2025-02-23,Vo Van Tan,District 3,Bakery,132,4.224,False
2025-02-24,Vo Van Tan,District 3,Coffee,269,10.491,False
2025-02-24,Vo Van Tan,District 3,Tea,161,7.245,False
2025-02-24,Vo Van Tan,District 3,Smoothie,63,3.465,False
2025-02-24,Vo Van Tan,District 3,Bakery,95,3.04,False
2025-02-25,Vo Van Tan,District 3,Coffee,256,9.984,False
2025-02-25,Vo Van Tan,District 3,Tea,134,6.03,False
2025-02-25,Vo Van Tan,District 3,Smoothie,75,4.125,False
2025-02-25,Vo Van Tan,District 3,Bakery,92,2.944,False
2025-02-26,Vo Van Tan,District 3,Coffee,249,9.711,False
2025-02-26,Vo Van Tan,District 3,Tea,158,7.11,False
2025-02-26,Vo Van Tan,District 3,Smoothie,76,4.18,False
2025-02-26,Vo Van Tan,District 3,Bakery,99,3.168,False
2025-02-27,Vo Van Tan,District 3,Coffee,269,10.491,False
2025-02-27,Vo Van Tan,District 3,Tea,169,7.605,False
2025-02-27,Vo Van Tan,District 3,Smoothie,71,3.905,False
2025-02-27,Vo Van Tan,District 3,Bakery,106,3.392,False
2025-02-28,Vo Van Tan,District 3,Coffee,259,10.101,False
2025-02-28,Vo Van Tan,District 3,Tea,143,6.435,False
2025-02-28,Vo Van Tan,District 3,Smoothie,69,3.795,False
2025-02-28,Vo Van Tan,District 3,Bakery,72,2.304,False
2025-03-01,Vo Van Tan,District 3,Coffee,387,12.829,True
2025-03-01,Vo Van Tan,District 3,Tea,238,9.104,True
2025-03-01,Vo Van Tan,District 3,Smoothie,129,6.031,True
2025-03-01,Vo Van Tan,District 3,Bakery,142,3.862,True
2025-03-02,Vo Van Tan,District 3,Coffee,360,11.934,True
2025-03-02,Vo Van Tan,District 3,Tea,235,8.989,True
2025-03-02,Vo Van Tan,District 3,Smoothie,156,7.293,True
2025-03-02,Vo Van Tan,District 3,Bakery,149,4.053,True
2025-03-03,Vo Van Tan,District 3,Coffee,305,10.111,True
2025-03-03,Vo Van Tan,District 3,Tea,170,6.503,True
2025-03-03,Vo Van Tan,District 3,Smoothie,125,5.844,True
2025-03-03,Vo Van Tan,District 3,Bakery,112,3.046,True
2025-03-04,Vo Van Tan,District 3,Coffee,246,9.594,False
2025-03-04,Vo Van Tan,District 3,Tea,147,6.615,False
2025-03-04,Vo Van Tan,District 3,Smoothie,87,4.785,False
2025-03-04,Vo Van Tan,District 3,Bakery,106,3.392,False
2025-03-05,Vo Van Tan,District 3,Coffee,274,10.686,False
2025-03-05,Vo Van Tan,District 3,Tea,157,7.065,False
2025-03-05,Vo Van Tan,District 3,Smoothie,92,5.06,False
2025-03-05,Vo Van Tan,District 3,Bakery,110,3.52,False
2025-03-06,Vo Van Tan,District 3,Coffee,265,10.335,False
2025-03-06,Vo Van Tan,District 3,Tea,159,7.155,False
2025-03-06,Vo Van Tan,District 3,Smoothie,88,4.84,False
2025-03-06,Vo Van Tan,District 3,Bakery,102,3.264,False
2025-03-07,Vo Van Tan,District 3,Coffee,288,11.232,False
2025-03-07,Vo Van Tan,District 3,Tea,142,6.39,False
2025-03-07,Vo Van Tan,District 3,Smoothie,101,5.555,False
2025-03-07,Vo Van Tan,District 3,Bakery,97,3.104,False
2025-03-08,Vo Van Tan,District 3,Coffee,347,13.533,False
2025-03-08,Vo Van Tan,District 3,Tea,184,8.28,False
2025-03-08,Vo Van Tan,District 3,Smoothie,123,6.765,False
2025-03-08,Vo Van Tan,District 3,Bakery,125,4.0,False
2025-03-09,Vo Van Tan,District 3,Coffee,329,12.831,False
2025-03-09,Vo Van Tan,District 3,Tea,184,8.28,False
2025-03-09,Vo Van Tan,District 3,Smoothie,114,6.27,False
2025-03-09,Vo Van Tan,District 3,Bakery,150,4.8,False
2025-03-10,Vo Van Tan,District 3,Coffee,250,9.75,False
2025-03-10,Vo Van Tan,District 3,Tea,152,6.84,False
2025-03-10,Vo Van Tan,District 3,Smoothie,95,5.225,False
2025-03-10,Vo Van Tan,District 3,Bakery,104,3.328,False
2025-03-11,Vo Van Tan,District 3,Coffee,267,10.413,False
2025-03-11,Vo Van Tan,District 3,Tea,171,7.695,False
2025-03-11,Vo Van Tan,District 3,Smoothie,97,5.335,False
2025-03-11,Vo Van Tan,District 3,Bakery,99,3.168,False
2025-03-12,Vo Van Tan,District 3,Coffee,266,10.374,False
2025-03-12,Vo Van Tan,District 3,Tea,145,6.525,False
2025-03-12,Vo Van Tan,District 3,Smoothie,83,4.565,False
2025-03-12,Vo Van Tan,District 3,Bakery,107,3.424,False
2025-03-13,Vo Van Tan,District 3,Coffee,253,9.867,False
2025-03-13,Vo Van Tan,District 3,Tea,155,6.975,False
2025-03-13,Vo Van Tan,District 3,Smoothie,96,5.28,False
2025-03-13,Vo Van Tan,District 3,Bakery,96,3.072,False
2025-03-14,Vo Van Tan,District 3,Coffee,267,10.413,False
2025-03-14,Vo Van Tan,District 3,Tea,163,7.335,False
2025-03-14,Vo Van Tan,District 3,Smoothie,102,5.61,False
2025-03-14,Vo Van Tan,District 3,Bakery,111,3.552,False
2025-03-15,Vo Van Tan,District 3,Coffee,322,12.558,False
2025-03-15,Vo Van Tan,District 3,Tea,192,8.64,False
2025-03-15,Vo Van Tan,District 3,Smoothie,124,6.82,False
2025-03-15,Vo Van Tan,District 3,Bakery,127,4.064,False
2025-03-16,Vo Van Tan,District 3,Coffee,308,12.012,False
2025-03-16,Vo Van Tan,District 3,Tea,186,8.37,False
2025-03-16,Vo Van Tan,District 3,Smoothie,109,5.995,False
2025-03-16,Vo Van Tan,District 3,Bakery,126,4.032,False
2025-03-17,Vo Van Tan,District 3,Coffee,259,10.101,False
2025-03-17,Vo Van Tan,District 3,Tea,152,6.84,False
2025-03-17,Vo Van Tan,District 3,Smoothie,96,5.28,False
2025-03-17,Vo Van Tan,District 3,Bakery,129,4.128,False
2025-03-18,Vo Van Tan,District 3,Coffee,277,10.803,False
2025-03-18,Vo Van Tan,District 3,Tea,155,6.975,False
2025-03-18,Vo Van Tan,District 3,Smoothie,108,5.94,False
2025-03-18,Vo Van Tan,District 3,Bakery,97,3.104,False
2025-03-19,Vo Van Tan,District 3,Coffee,244,9.516,False
2025-03-19,Vo Van Tan,District 3,Tea,168,7.56,False
2025-03-19,Vo Van Tan,District 3,Smoothie,89,4.895,False
2025-03-19,Vo Van Tan,District 3,Bakery,92,2.944,False
2025-03-20,Vo Van Tan,District 3,Coffee,297,11.583,False
2025-03-20,Vo Van Tan,District 3,Tea,148,6.66,False
2025-03-20,Vo Van Tan,District 3,Smoothie,86,4.73,False
2025-03-20,Vo Van Tan,District 3,Bakery,92,2.944,False
2025-03-21,Vo Van Tan,District 3,Coffee,290,11.31,False
2025-03-21,Vo Van Tan,District 3,Tea,148,6.66,False
2025-03-21,Vo Van Tan,District 3,Smoothie,121,6.655,False
2025-03-21,Vo Van Tan,District 3,Bakery,114,3.648,False
2025-03-22,Vo Van Tan,District 3,Coffee,376,14.664,False
2025-03-22,Vo Van Tan,District 3,Tea,166,7.47,False
2025-03-22,Vo Van Tan,District 3,Smoothie,109,5.995,False
2025-03-22,Vo Van Tan,District 3,Bakery,131,4.192,False
2025-03-23,Vo Van Tan,District 3,Coffee,313,12.207,False
2025-03-23,Vo Van Tan,District 3,Tea,199,8.955,False
2025-03-23,Vo Van Tan,District 3,Smoothie,132,7.26,False
2025-03-23,Vo Van Tan,District 3,Bakery,128,4.096,False
2025-03-24,Vo Van Tan,District 3,Coffee,274,10.686,False
2025-03-24,Vo Van Tan,District 3,Tea,137,6.165,False
2025-03-24,Vo Van Tan,District 3,Smoothie,107,5.885,False
2025-03-24,Vo Van Tan,District 3,Bakery,106,3.392,False
2025-03-25,Vo Van Tan,District 3,Coffee,286,11.154,False
2025-03-25,Vo Van Tan,District 3,Tea,163,7.335,False
2025-03-25,Vo Van Tan,District 3,Smoothie,93,5.115,False
2025-03-25,Vo Van Tan,District 3,Bakery,98,3.136,False
2025-03-26,Vo Van Tan,District 3,Coffee,241,9.399,False
2025-03-26,Vo Van Tan,District 3,Tea,157,7.065,False
2025-03-26,Vo Van Tan,District 3,Smoothie,84,4.62,False
2025-03-26,Vo Van Tan,District 3,Bakery,99,3.168,False
2025-03-27,Vo Van Tan,District 3,Coffee,290,11.31,False
2025-03-27,Vo Van Tan,District 3,Tea,158,7.11,False
2025-03-27,Vo Van Tan,District 3,Smoothie,118,6.49,False
2025-03-27,Vo Van Tan,District 3,Bakery,97,3.104,False
2025-03-28,Vo Van Tan,District 3,Coffee,238,9.282,False
2025-03-28,Vo Van Tan,District 3,Tea,142,6.39,False
2025-03-28,Vo Van Tan,District 3,Smoothie,94,5.17,False
2025-03-28,Vo Van Tan,District 3,Bakery,96,3.072,False
2025-03-29,Vo Van Tan,District 3,Coffee,344,13.416,False
2025-03-29,Vo Van Tan,District 3,Tea,173,7.785,False
2025-03-29,Vo Van Tan,District 3,Smoothie,104,5.72,False
2025-03-29,Vo Van Tan,District 3,Bakery,110,3.52,False
2025-03-30,Vo Van Tan,District 3,Coffee,309,12.051,False
2025-03-30,Vo Van Tan,District 3,Tea,178,8.01,False
2025-03-30,Vo Van Tan,District 3,Smoothie,108,5.94,False
2025-03-30,Vo Van Tan,District 3,Bakery,144,4.608,False
2025-03-31,Vo Van Tan,District 3,Coffee,249,9.711,False
2025-03-31,Vo Van Tan,District 3,Tea,139,6.255,False
2025-03-31,Vo Van Tan,District 3,Smoothie,105,5.775,False
2025-03-31,Vo Van Tan,District 3,Bakery,108,3.456,False
2025-04-01,Vo Van Tan,District 3,Coffee,281,9.315,True
2025-04-01,Vo Van Tan,District 3,Tea,182,6.962,True
2025-04-01,Vo Van Tan,District 3,Smoothie,110,5.143,True
2025-04-01,Vo Van Tan,District 3,Bakery,138,3.754,True
2025-04-02,Vo Van Tan,District 3,Coffee,298,9.879,True
2025-04-02,Vo Van Tan,District 3,Tea,184,7.038,True
2025-04-02,Vo Van Tan,District 3,Smoothie,92,4.301,True
2025-04-02,Vo Van Tan,District 3,Bakery,141,3.835,True
2025-04-03,Vo Van Tan,District 3,Coffee,298,9.879,True
2025-04-03,Vo Van Tan,District 3,Tea,176,6.732,True
2025-04-03,Vo Van Tan,District 3,Smoothie,117,5.47,True
2025-04-03,Vo Van Tan,District 3,Bakery,124,3.373,True
2025-04-04,Vo Van Tan,District 3,Coffee,248,9.672,False
2025-04-04,Vo Van Tan,District 3,Tea,161,7.245,False
2025-04-04,Vo Van Tan,District 3,Smoothie,100,5.5,False
2025-04-04,Vo Van Tan,District 3,Bakery,87,2.784,False
2025-04-05,Vo Van Tan,District 3,Coffee,333,12.987,False
2025-04-05,Vo Van Tan,District 3,Tea,204,9.18,False
2025-04-05,Vo Van Tan,District 3,Smoothie,122,6.71,False
2025-04-05,Vo Van Tan,District 3,Bakery,120,3.84,False
2025-04-06,Vo Van Tan,District 3,Coffee,311,12.129,False
2025-04-06,Vo Van Tan,District 3,Tea,209,9.405,False
2025-04-06,Vo Van Tan,District 3,Smoothie,119,6.545,False
2025-04-06,Vo Van Tan,District 3,Bakery,122,3.904,False
2025-04-07,Vo Van Tan,District 3,Coffee,237,9.243,False
2025-04-07,Vo Van Tan,District 3,Tea,133,5.985,False
2025-04-07,Vo Van Tan,District 3,Smoothie,89,4.895,False
2025-04-07,Vo Van Tan,District 3,Bakery,106,3.392,False
2025-04-08,Vo Van Tan,District 3,Coffee,278,10.842,False
2025-04-08,Vo Van Tan,District 3,Tea,150,6.75,False
2025-04-08,Vo Van Tan,District 3,Smoothie,102,5.61,False
2025-04-08,Vo Van Tan,District 3,Bakery,111,3.552,False
2025-04-09,Vo Van Tan,District 3,Coffee,266,10.374,False
2025-04-09,Vo Van Tan,District 3,Tea,165,7.425,False
2025-04-09,Vo Van Tan,District 3,Smoothie,87,4.785,False
2025-04-09,Vo Van Tan,District 3,Bakery,94,3.008,False
2025-04-10,Vo Van Tan,District 3,Coffee,264,10.296,False
2025-04-10,Vo Van Tan,District 3,Tea,142,6.39,False
2025-04-10,Vo Van Tan,District 3,Smoothie,94,5.17,False
2025-04-10,Vo Van Tan,District 3,Bakery,93,2.976,False
2025-04-11,Vo Van Tan,District 3,Coffee,266,10.374,False
2025-04-11,Vo Van Tan,District 3,Tea,154,6.93,False
2025-04-11,Vo Van Tan,District 3,Smoothie,96,5.28,False
2025-04-11,Vo Van Tan,District 3,Bakery,81,2.592,False
2025-04-12,Vo Van Tan,District 3,Coffee,336,13.104,False
2025-04-12,Vo Van Tan,District 3,Tea,159,7.155,False
2025-04-12,Vo Van Tan,District 3,Smoothie,113,6.215,False
2025-04-12,Vo Van Tan,District 3,Bakery,155,4.96,False
2025-04-13,Vo Van Tan,District 3,Coffee,297,11.583,False
2025-04-13,Vo Van Tan,District 3,Tea,173,7.785,False
2025-04-13,Vo Van Tan,District 3,Smoothie,116,6.38,False
2025-04-13,Vo Van Tan,District 3,Bakery,109,3.488,False
2025-04-14,Vo Van Tan,District 3,Coffee,266,10.374,False
2025-04-14,Vo Van Tan,District 3,Tea,168,7.56,False
2025-04-14,Vo Van Tan,District 3,Smoothie,93,5.115,False
2025-04-14,Vo Van Tan,District 3,Bakery,113,3.616,False
2025-04-15,Vo Van Tan,District 3,Coffee,248,9.672,False
2025-04-15,Vo Van Tan,District 3,Tea,152,6.84,False
2025-04-15,Vo Van Tan,District 3,Smoothie,102,5.61,False
2025-04-15,Vo Van Tan,District 3,Bakery,109,3.488,False
2025-04-16,Vo Van Tan,District 3,Coffee,280,10.92,False
2025-04-16,Vo Van Tan,District 3,Tea,143,6.435,False
2025-04-16,Vo Van Tan,District 3,Smoothie,92,5.06,False
2025-04-16,Vo Van Tan,District 3,Bakery,103,3.296,False
2025-04-17,Vo Van Tan,District 3,Coffee,242,9.438,False
2025-04-17,Vo Van Tan,District 3,Tea,147,6.615,False
2025-04-17,Vo Van Tan,District 3,Smoothie,101,5.555,False
2025-04-17,Vo Van Tan,District 3,Bakery,97,3.104,False
2025-04-18,Vo Van Tan,District 3,Coffee,267,10.413,False
2025-04-18,Vo Van Tan,District 3,Tea,137,6.165,False
2025-04-18,Vo Van Tan,District 3,Smoothie,101,5.555,False
2025-04-18,Vo Van Tan,District 3,Bakery,99,3.168,False
2025-04-19,Vo Van Tan,District 3,Coffee,306,11.934,False
2025-04-19,Vo Van Tan,District 3,Tea,179,8.055,False
2025-04-19,Vo Van Tan,District 3,Smoothie,119,6.545,False
2025-04-19,Vo Van Tan,District 3,Bakery,131,4.192,False
2025-04-20,Vo Van Tan,District 3,Coffee,324,12.636,False
2025-04-20,Vo Van Tan,District 3,Tea,199,8.955,False
2025-04-20,Vo Van Tan,District 3,Smoothie,127,6.985,False
2025-04-20,Vo Van Tan,District 3,Bakery,124,3.968,False
2025-04-21,Vo Van Tan,District 3,Coffee,231,9.009,False
2025-04-21,Vo Van Tan,District 3,Tea,121,5.445,False
2025-04-21,Vo Van Tan,District 3,Smoothie,94,5.17,False
2025-04-21,Vo Van Tan,District 3,Bakery,102,3.264,False
2025-04-22,Vo Van Tan,District 3,Coffee,251,9.789,False
2025-04-22,Vo Van Tan,District 3,Tea,166,7.47,False
2025-04-22,Vo Van Tan,District 3,Smoothie,109,5.995,False
2025-04-22,Vo Van Tan,District 3,Bakery,105,3.36,False
2025-04-23,Vo Van Tan,District 3,Coffee,249,9.711,False
2025-04-23,Vo Van Tan,District 3,Tea,157,7.065,False
2025-04-23,Vo Van Tan,District 3,Smoothie,85,4.675,False
2025-04-23,Vo Van Tan,District 3,Bakery,82,2.624,False
2025-04-24,Vo Van Tan,District 3,Coffee,291,11.349,False
2025-04-24,Vo Van Tan,District 3,Tea,156,7.02,False
2025-04-24,Vo Van Tan,District 3,Smoothie,100,5.5,False
2025-04-24,Vo Van Tan,District 3,Bakery,100,3.2,False
2025-04-25,Vo Van Tan,District 3,Coffee,259,10.101,False
2025-04-25,Vo Van Tan,District 3,Tea,137,6.165,False
2025-04-25,Vo Van Tan,District 3,Smoothie,84,4.62,False
2025-04-25,Vo Van Tan,District 3,Bakery,97,3.104,False
2025-04-26,Vo Van Tan,District 3,Coffee,345,13.455,False
2025-04-26,Vo Van Tan,District 3,Tea,209,9.405,False
2025-04-26,Vo Van Tan,District 3,Smoothie,131,7.205,False
2025-04-26,Vo Van Tan,District 3,Bakery,137,4.384,False
2025-04-27,Vo Van Tan,District 3,Coffee,313,12.207,False
2025-04-27,Vo Van Tan,District 3,Tea,195,8.775,False
2025-04-27,Vo Van Tan,District 3,Smoothie,125,6.875,False
2025-04-27,Vo Van Tan,District 3,Bakery,127,4.064,False
2025-04-28,Vo Van Tan,District 3,Coffee,248,9.672,False
2025-04-28,Vo Van Tan,District 3,Tea,165,7.425,False
2025-04-28,Vo Van Tan,District 3,Smoothie,104,5.72,False
2025-04-28,Vo Van Tan,District 3,Bakery,108,3.456,False
2025-04-29,Vo Van Tan,District 3,Coffee,274,10.686,False
2025-04-29,Vo Van Tan,District 3,Tea,131,5.895,False
2025-04-29,Vo Van Tan,District 3,Smoothie,106,5.83,False
2025-04-29,Vo Van Tan,District 3,Bakery,84,2.688,False
2025-04-30,Vo Van Tan,District 3,Coffee,246,9.594,False
2025-04-30,Vo Van Tan,District 3,Tea,161,7.245,False
2025-04-30,Vo Van Tan,District 3,Smoothie,96,5.28,False
2025-04-30,Vo Van Tan,District 3,Bakery,97,3.104,False
2025-05-01,Vo Van Tan,District 3,Coffee,329,10.906,True
2025-05-01,Vo Van Tan,District 3,Tea,173,6.617,True
2025-05-01,Vo Van Tan,District 3,Smoothie,105,4.909,True
2025-05-01,Vo Van Tan,District 3,Bakery,113,3.074,True
2025-05-02,Vo Van Tan,District 3,Coffee,331,10.973,True
2025-05-02,Vo Van Tan,District 3,Tea,188,7.191,True
2025-05-02,Vo Van Tan,District 3,Smoothie,108,5.049,True
2025-05-02,Vo Van Tan,District 3,Bakery,129,3.509,True
2025-05-03,Vo Van Tan,District 3,Coffee,377,12.498,True
2025-05-03,Vo Van Tan,District 3,Tea,248,9.486,True
2025-05-03,Vo Van Tan,District 3,Smoothie,141,6.592,True
2025-05-03,Vo Van Tan,District 3,Bakery,156,4.243,True
2025-05-04,Vo Van Tan,District 3,Coffee,358,13.962,False
2025-05-04,Vo Van Tan,District 3,Tea,188,8.46,False
2025-05-04,Vo Van Tan,District 3,Smoothie,131,7.205,False
2025-05-04,Vo Van Tan,District 3,Bakery,124,3.968,False
2025-05-05,Vo Van Tan,District 3,Coffee,224,8.736,False
2025-05-05,Vo Van Tan,District 3,Tea,126,5.67,False
2025-05-05,Vo Van Tan,District 3,Smoothie,84,4.62,False
2025-05-05,Vo Van Tan,District 3,Bakery,111,3.552,False
2025-05-06,Vo Van Tan,District 3,Coffee,273,10.647,False
2025-05-06,Vo Van Tan,District 3,Tea,136,6.12,False
2025-05-06,Vo Van Tan,District 3,Smoothie,89,4.895,False
2025-05-06,Vo Van Tan,District 3,Bakery,93,2.976,False
2025-05-07,Vo Van Tan,District 3,Coffee,243,9.477,False
2025-05-07,Vo Van Tan,District 3,Tea,160,7.2,False
2025-05-07,Vo Van Tan,District 3,Smoothie,96,5.28,False
2025-05-07,Vo Van Tan,District 3,Bakery,102,3.264,False
2025-05-08,Vo Van Tan,District 3,Coffee,266,10.374,False
2025-05-08,Vo Van Tan,District 3,Tea,170,7.65,False
2025-05-08,Vo Van Tan,District 3,Smoothie,95,5.225,False
2025-05-08,Vo Van Tan,District 3,Bakery,114,3.648,False
2025-05-09,Vo Van Tan,District 3,Coffee,272,10.608,False
2025-05-09,Vo Van Tan,District 3,Tea,144,6.48,False
2025-05-09,Vo Van Tan,District 3,Smoothie,87,4.785,False
2025-05-09,Vo Van Tan,District 3,Bakery,99,3.168,False
2025-05-10,Vo Van Tan,District 3,Coffee,357,13.923,False
2025-05-10,Vo Van Tan,District 3,Tea,212,9.54,False
2025-05-10,Vo Van Tan,District 3,Smoothie,100,5.5,False
2025-05-10,Vo Van Tan,District 3,Bakery,137,4.384,False
2025-05-11,Vo Van Tan,District 3,Coffee,339,13.221,False
2025-05-11,Vo Van Tan,District 3,Tea,163,7.335,False
2025-05-11,Vo Van Tan,District 3,Smoothie,103,5.665,False
2025-05-11,Vo Van Tan,District 3,Bakery,127,4.064,False
2025-05-12,Vo Van Tan,District 3,Coffee,283,11.037,False
2025-05-12,Vo Van Tan,District 3,Tea,167,7.515,False
2025-05-12,Vo Van Tan,District 3,Smoothie,94,5.17,False
2025-05-12,Vo Van Tan,District 3,Bakery,98,3.136,False
2025-05-13,Vo Van Tan,District 3,Coffee,272,10.608,False
2025-05-13,Vo Van Tan,District 3,Tea,145,6.525,False
2025-05-13,Vo Van Tan,District 3,Smoothie,83,4.565,False
2025-05-13,Vo Van Tan,District 3,Bakery,104,3.328,False
2025-05-14,Vo Van Tan,District 3,Coffee,278,10.842,False
2025-05-14,Vo Van Tan,District 3,Tea,161,7.245,False
2025-05-14,Vo Van Tan,District 3,Smoothie,107,5.885,False
2025-05-14,Vo Van Tan,District 3,Bakery,100,3.2,False
2025-05-15,Vo Van Tan,District 3,Coffee,249,9.711,False
2025-05-15,Vo Van Tan,District 3,Tea,151,6.795,False
2025-05-15,Vo Van Tan,District 3,Smoothie,94,5.17,False
2025-05-15,Vo Van Tan,District 3,Bakery,97,3.104,False
2025-05-16,Vo Van Tan,District 3,Coffee,284,11.076,False
2025-05-16,Vo Van Tan,District 3,Tea,147,6.615,False
2025-05-16,Vo Van Tan,District 3,Smoothie,100,5.5,False
2025-05-16,Vo Van Tan,District 3,Bakery,102,3.264,False
2025-05-17,Vo Van Tan,District 3,Coffee,326,12.714,False
2025-05-17,Vo Van Tan,District 3,Tea,203,9.135,False
2025-05-17,Vo Van Tan,District 3,Smoothie,104,5.72,False
2025-05-17,Vo Van Tan,District 3,Bakery,125,4.0,False
2025-05-18,Vo Van Tan,District 3,Coffee,363,14.157,False
2025-05-18,Vo Van Tan,District 3,Tea,188,8.46,False
2025-05-18,Vo Van Tan,District 3,Smoothie,116,6.38,False
2025-05-18,Vo Van Tan,District 3,Bakery,135,4.32,False
2025-05-19,Vo Van Tan,District 3,Coffee,287,11.193,False
2025-05-19,Vo Van Tan,District 3,Tea,141,6.345,False
2025-05-19,Vo Van Tan,District 3,Smoothie,100,5.5,False
2025-05-19,Vo Van Tan,District 3,Bakery,86,2.752,False
2025-05-20,Vo Van Tan,District 3,Coffee,240,9.36,False
2025-05-20,Vo Van Tan,District 3,Tea,143,6.435,False
2025-05-20,Vo Van Tan,District 3,Smoothie,108,5.94,False
2025-05-20,Vo Van Tan,District 3,Bakery,97,3.104,False
2025-05-21,Vo Van Tan,District 3,Coffee,258,10.062,False
2025-05-21,Vo Van Tan,District 3,Tea,164,7.38,False
2025-05-21,Vo Van Tan,District 3,Smoothie,96,5.28,False
2025-05-21,Vo Van Tan,District 3,Bakery,113,3.616,False
2025-05-22,Vo Van Tan,District 3,Coffee,260,10.14,False
2025-05-22,Vo Van Tan,District 3,Tea,160,7.2,False
2025-05-22,Vo Van Tan,District 3,Smoothie,87,4.785,False
2025-05-22,Vo Van Tan,District 3,Bakery,102,3.264,False
2025-05-23,Vo Van Tan,District 3,Coffee,282,10.998,False
2025-05-23,Vo Van Tan,District 3,Tea,162,7.29,False
2025-05-23,Vo Van Tan,District 3,Smoothie,93,5.115,False
2025-05-23,Vo Van Tan,District 3,Bakery,105,3.36,False
2025-05-24,Vo Van Tan,District 3,Coffee,340,13.26,False
2025-05-24,Vo Van Tan,District 3,Tea,185,8.325,False
2025-05-24,Vo Van Tan,District 3,Smoothie,117,6.435,False
2025-05-24,Vo Van Tan,District 3,Bakery,130,4.16,False
2025-05-25,Vo Van Tan,District 3,Coffee,319,12.441,False
2025-05-25,Vo Van Tan,District 3,Tea,185,8.325,False
2025-05-25,Vo Van Tan,District 3,Smoothie,129,7.095,False
2025-05-25,Vo Van Tan,District 3,Bakery,121,3.872,False
2025-05-26,Vo Van Tan,District 3,Coffee,279,10.881,False
2025-05-26,Vo Van Tan,District 3,Tea,161,7.245,False
2025-05-26,Vo Van Tan,District 3,Smoothie,95,5.225,False
2025-05-26,Vo Van Tan,District 3,Bakery,101,3.232,False
2025-05-27,Vo Van Tan,District 3,Coffee,267,10.413,False
2025-05-27,Vo Van Tan,District 3,Tea,146,6.57,False
2025-05-27,Vo Van Tan,District 3,Smoothie,96,5.28,False
2025-05-27,Vo Van Tan,District 3,Bakery,99,3.168,False
2025-05-28,Vo Van Tan,District 3,Coffee,288,11.232,False
2025-05-28,Vo Van Tan,District 3,Tea,141,6.345,False
2025-05-28,Vo Van Tan,District 3,Smoothie,99,5.445,False
2025-05-28,Vo Van Tan,District 3,Bakery,93,2.976,False
2025-05-29,Vo Van Tan,District 3,Coffee,253,9.867,False
2025-05-29,Vo Van Tan,District 3,Tea,146,6.57,False
2025-05-29,Vo Van Tan,District 3,Smoothie,103,5.665,False
2025-05-29,Vo Van Tan,District 3,Bakery,113,3.616,False
2025-05-30,Vo Van Tan,District 3,Coffee,263,10.257,False
2025-05-30,Vo Van Tan,District 3,Tea,142,6.39,False
2025-05-30,Vo Van Tan,District 3,Smoothie,82,4.51,False
2025-05-30,Vo Van Tan,District 3,Bakery,103,3.296,False
2025-05-31,Vo Van Tan,District 3,Coffee,334,13.026,False
2025-05-31,Vo Van Tan,District 3,Tea,197,8.865,False
2025-05-31,Vo Van Tan,District 3,Smoothie,103,5.665,False
2025-05-31,Vo Van Tan,District 3,Bakery,121,3.872,False
2025-06-01,Vo Van Tan,District 3,Coffee,373,12.365,True
2025-06-01,Vo Van Tan,District 3,Tea,208,7.956,True
2025-06-01,Vo Van Tan,District 3,Smoothie,97,4.535,True
2025-06-01,Vo Van Tan,District 3,Bakery,113,3.074,True
2025-06-02,Vo Van Tan,District 3,Coffee,293,9.713,True
2025-06-02,Vo Van Tan,District 3,Tea,194,7.42,True
2025-06-02,Vo Van Tan,District 3,Smoothie,87,4.067,True
2025-06-02,Vo Van Tan,District 3,Bakery,142,3.862,True
2025-06-03,Vo Van Tan,District 3,Coffee,313,10.376,True
2025-06-03,Vo Van Tan,District 3,Tea,180,6.885,True
2025-06-03,Vo Van Tan,District 3,Smoothie,78,3.647,True
2025-06-03,Vo Van Tan,District 3,Bakery,110,2.992,True
2025-06-04,Vo Van Tan,District 3,Coffee,240,9.36,False
2025-06-04,Vo Van Tan,District 3,Tea,150,6.75,False
2025-06-04,Vo Van Tan,District 3,Smoothie,74,4.07,False
2025-06-04,Vo Van Tan,District 3,Bakery,99,3.168,False
2025-06-05,Vo Van Tan,District 3,Coffee,258,10.062,False
2025-06-05,Vo Van Tan,District 3,Tea,189,8.505,False
2025-06-05,Vo Van Tan,District 3,Smoothie,59,3.245,False
2025-06-05,Vo Van Tan,District 3,Bakery,93,2.976,False
2025-06-06,Vo Van Tan,District 3,Coffee,221,8.619,False
2025-06-06,Vo Van Tan,District 3,Tea,182,8.19,False
2025-06-06,Vo Van Tan,District 3,Smoothie,66,3.63,False
2025-06-06,Vo Van Tan,District 3,Bakery,92,2.944,False
2025-06-07,Vo Van Tan,District 3,Coffee,305,11.895,False
2025-06-07,Vo Van Tan,District 3,Tea,185,8.325,False
2025-06-07,Vo Van Tan,District 3,Smoothie,77,4.235,False
2025-06-07,Vo Van Tan,District 3,Bakery,93,2.976,False
2025-06-08,Vo Van Tan,District 3,Coffee,317,12.363,False
2025-06-08,Vo Van Tan,District 3,Tea,202,9.09,False
2025-06-08,Vo Van Tan,District 3,Smoothie,84,4.62,False
2025-06-08,Vo Van Tan,District 3,Bakery,129,4.128,False
2025-06-09,Vo Van Tan,District 3,Coffee,261,10.179,False
2025-06-09,Vo Van Tan,District 3,Tea,163,7.335,False
2025-06-09,Vo Van Tan,District 3,Smoothie,68,3.74,False
2025-06-09,Vo Van Tan,District 3,Bakery,95,3.04,False
2025-06-10,Vo Van Tan,District 3,Coffee,233,9.087,False
2025-06-10,Vo Van Tan,District 3,Tea,168,7.56,False
2025-06-10,Vo Van Tan,District 3,Smoothie,69,3.795,False
2025-06-10,Vo Van Tan,District 3,Bakery,100,3.2,False
2025-06-11,Vo Van Tan,District 3,Coffee,256,9.984,False
2025-06-11,Vo Van Tan,District 3,Tea,145,6.525,False
2025-06-11,Vo Van Tan,District 3,Smoothie,86,4.73,False
2025-06-11,Vo Van Tan,District 3,Bakery,95,3.04,False
2025-06-12,Vo Van Tan,District 3,Coffee,257,10.023,False
2025-06-12,Vo Van Tan,District 3,Tea,128,5.76,False
2025-06-12,Vo Van Tan,District 3,Smoothie,72,3.96,False
2025-06-12,Vo Van Tan,District 3,Bakery,104,3.328,False
2025-06-13,Vo Van Tan,District 3,Coffee,260,10.14,False
2025-06-13,Vo Van Tan,District 3,Tea,156,7.02,False
2025-06-13,Vo Van Tan,District 3,Smoothie,58,3.19,False
2025-06-13,Vo Van Tan,District 3,Bakery,82,2.624,False
2025-06-14,Vo Van Tan,District 3,Coffee,317,12.363,False
2025-06-14,Vo Van Tan,District 3,Tea,187,8.415,False
2025-06-14,Vo Van Tan,District 3,Smoothie,81,4.455,False
2025-06-14,Vo Van Tan,District 3,Bakery,124,3.968,False
2025-06-15,Vo Van Tan,District 3,Coffee,343,13.377,False
2025-06-15,Vo Van Tan,District 3,Tea,202,9.09,False
2025-06-15,Vo Van Tan,District 3,Smoothie,79,4.345,False
2025-06-15,Vo Van Tan,District 3,Bakery,129,4.128,False
2025-06-16,Vo Van Tan,District 3,Coffee,234,9.126,False
2025-06-16,Vo Van Tan,District 3,Tea,141,6.345,False
2025-06-16,Vo Van Tan,District 3,Smoothie,61,3.355,False
2025-06-16,Vo Van Tan,District 3,Bakery,88,2.816,False
2025-06-17,Vo Van Tan,District 3,Coffee,237,9.243,False
2025-06-17,Vo Van Tan,District 3,Tea,162,7.29,False
2025-06-17,Vo Van Tan,District 3,Smoothie,61,3.355,False
2025-06-17,Vo Van Tan,District 3,Bakery,91,2.912,False
2025-06-18,Vo Van Tan,District 3,Coffee,234,9.126,False
2025-06-18,Vo Van Tan,District 3,Tea,165,7.425,False
2025-06-18,Vo Van Tan,District 3,Smoothie,65,3.575,False
2025-06-18,Vo Van Tan,District 3,Bakery,105,3.36,False
2025-06-19,Vo Van Tan,District 3,Coffee,215,8.385,False
2025-06-19,Vo Van Tan,District 3,Tea,161,7.245,False
2025-06-19,Vo Van Tan,District 3,Smoothie,60,3.3,False
2025-06-19,Vo Van Tan,District 3,Bakery,105,3.36,False
2025-06-20,Vo Van Tan,District 3,Coffee,250,9.75,False
2025-06-20,Vo Van Tan,District 3,Tea,161,7.245,False
2025-06-20,Vo Van Tan,District 3,Smoothie,41,2.255,False
2025-06-20,Vo Van Tan,District 3,Bakery,91,2.912,False
2025-06-21,Vo Van Tan,District 3,Coffee,308,12.012,False
2025-06-21,Vo Van Tan,District 3,Tea,176,7.92,False
2025-06-21,Vo Van Tan,District 3,Smoothie,80,4.4,False
2025-06-21,Vo Van Tan,District 3,Bakery,112,3.584,False
2025-06-22,Vo Van Tan,District 3,Coffee,320,12.48,False
2025-06-22,Vo Van Tan,District 3,Tea,193,8.685,False
2025-06-22,Vo Van Tan,District 3,Smoothie,94,5.17,False
2025-06-22,Vo Van Tan,District 3,Bakery,138,4.416,False
2025-06-23,Vo Van Tan,District 3,Coffee,266,10.374,False
2025-06-23,Vo Van Tan,District 3,Tea,167,7.515,False
2025-06-23,Vo Van Tan,District 3,Smoothie,70,3.85,False
2025-06-23,Vo Van Tan,District 3,Bakery,86,2.752,False
2025-06-24,Vo Van Tan,District 3,Coffee,246,9.594,False
2025-06-24,Vo Van Tan,District 3,Tea,166,7.47,False
2025-06-24,Vo Van Tan,District 3,Smoothie,72,3.96,False
2025-06-24,Vo Van Tan,District 3,Bakery,83,2.656,False
2025-06-25,Vo Van Tan,District 3,Coffee,274,10.686,False
2025-06-25,Vo Van Tan,District 3,Tea,153,6.885,False
2025-06-25,Vo Van Tan,District 3,Smoothie,65,3.575,False
2025-06-25,Vo Van Tan,District 3,Bakery,88,2.816,False
2025-06-26,Vo Van Tan,District 3,Coffee,235,9.165,False
2025-06-26,Vo Van Tan,District 3,Tea,142,6.39,False
2025-06-26,Vo Van Tan,District 3,Smoothie,65,3.575,False
2025-06-26,Vo Van Tan,District 3,Bakery,108,3.456,False
2025-06-27,Vo Van Tan,District 3,Coffee,270,10.53,False
2025-06-27,Vo Van Tan,District 3,Tea,168,7.56,False
2025-06-27,Vo Van Tan,District 3,Smoothie,71,3.905,False
2025-06-27,Vo Van Tan,District 3,Bakery,95,3.04,False
2025-06-28,Vo Van Tan,District 3,Coffee,328,12.792,False
2025-06-28,Vo Van Tan,District 3,Tea,187,8.415,False
2025-06-28,Vo Van Tan,District 3,Smoothie,87,4.785,False
2025-06-28,Vo Van Tan,District 3,Bakery,120,3.84,False
2025-06-29,Vo Van Tan,District 3,Coffee,329,12.831,False
2025-06-29,Vo Van Tan,District 3,Tea,226,10.17,False
2025-06-29,Vo Van Tan,District 3,Smoothie,67,3.685,False
2025-06-29,Vo Van Tan,District 3,Bakery,100,3.2,False
2025-06-30,Vo Van Tan,District 3,Coffee,239,9.321,False
2025-06-30,Vo Van Tan,District 3,Tea,159,7.155,False
2025-06-30,Vo Van Tan,District 3,Smoothie,63,3.465,False
2025-06-30,Vo Van Tan,District 3,Bakery,85,2.72,False
2025-07-01,Vo Van Tan,District 3,Coffee,272,9.017,True
2025-07-01,Vo Van Tan,District 3,Tea,214,8.185,True
2025-07-01,Vo Van Tan,District 3,Smoothie,91,4.254,True
2025-07-01,Vo Van Tan,District 3,Bakery,126,3.427,True
2025-07-02,Vo Van Tan,District 3,Coffee,276,9.149,True
2025-07-02,Vo Van Tan,District 3,Tea,159,6.082,True
2025-07-02,Vo Van Tan,District 3,Smoothie,85,3.974,True
2025-07-02,Vo Van Tan,District 3,Bakery,114,3.101,True
2025-07-03,Vo Van Tan,District 3,Coffee,278,9.216,True
2025-07-03,Vo Van Tan,District 3,Tea,198,7.574,True
2025-07-03,Vo Van Tan,District 3,Smoothie,97,4.535,True
2025-07-03,Vo Van Tan,District 3,Bakery,129,3.509,True
2025-07-04,Vo Van Tan,District 3,Coffee,247,9.633,False
2025-07-04,Vo Van Tan,District 3,Tea,161,7.245,False
2025-07-04,Vo Van Tan,District 3,Smoothie,59,3.245,False
2025-07-04,Vo Van Tan,District 3,Bakery,91,2.912,False
2025-07-05,Vo Van Tan,District 3,Coffee,323,12.597,False
2025-07-05,Vo Van Tan,District 3,Tea,220,9.9,False
2025-07-05,Vo Van Tan,District 3,Smoothie,77,4.235,False
2025-07-05,Vo Van Tan,District 3,Bakery,109,3.488,False
2025-07-06,Vo Van Tan,District 3,Coffee,330,12.87,False
2025-07-06,Vo Van Tan,District 3,Tea,190,8.55,False
2025-07-06,Vo Van Tan,District 3,Smoothie,81,4.455,False
2025-07-06,Vo Van Tan,District 3,Bakery,127,4.064,False
2025-07-07,Vo Van Tan,District 3,Coffee,222,8.658,False
2025-07-07,Vo Van Tan,District 3,Tea,180,8.1,False
2025-07-07,Vo Van Tan,District 3,Smoothie,54,2.97,False
2025-07-07,Vo Van Tan,District 3,Bakery,99,3.168,False
2025-07-08,Vo Van Tan,District 3,Coffee,254,9.906,False
2025-07-08,Vo Van Tan,District 3,Tea,158,7.11,False
2025-07-08,Vo Van Tan,District 3,Smoothie,52,2.86,False
2025-07-08,Vo Van Tan,District 3,Bakery,113,3.616,False
2025-07-09,Vo Van Tan,District 3,Coffee,245,9.555,False
2025-07-09,Vo Van Tan,District 3,Tea,154,6.93,False
2025-07-09,Vo Van Tan,District 3,Smoothie,53,2.915,False
2025-07-09,Vo Van Tan,District 3,Bakery,102,3.264,False
2025-07-10,Vo Van Tan,District 3,Coffee,244,9.516,False
2025-07-10,Vo Van Tan,District 3,Tea,137,6.165,False
2025-07-10,Vo Van Tan,District 3,Smoothie,70,3.85,False
2025-07-10,Vo Van Tan,District 3,Bakery,92,2.944,False
2025-07-11,Vo Van Tan,District 3,Coffee,249,9.711,False
2025-07-11,Vo Van Tan,District 3,Tea,142,6.39,False
2025-07-11,Vo Van Tan,District 3,Smoothie,77,4.235,False
2025-07-11,Vo Van Tan,District 3,Bakery,91,2.912,False
2025-07-12,Vo Van Tan,District 3,Coffee,340,13.26,False
2025-07-12,Vo Van Tan,District 3,Tea,203,9.135,False
2025-07-12,Vo Van Tan,District 3,Smoothie,65,3.575,False
2025-07-12,Vo Van Tan,District 3,Bakery,120,3.84,False
2025-07-13,Vo Van Tan,District 3,Coffee,304,11.856,False
2025-07-13,Vo Van Tan,District 3,Tea,198,8.91,False
2025-07-13,Vo Van Tan,District 3,Smoothie,78,4.29,False
2025-07-13,Vo Van Tan,District 3,Bakery,134,4.288,False
2025-07-14,Vo Van Tan,District 3,Coffee,233,9.087,False
2025-07-14,Vo Van Tan,District 3,Tea,155,6.975,False
2025-07-14,Vo Van Tan,District 3,Smoothie,67,3.685,False
2025-07-14,Vo Van Tan,District 3,Bakery,102,3.264,False
2025-07-15,Vo Van Tan,District 3,Coffee,243,9.477,False
2025-07-15,Vo Van Tan,District 3,Tea,157,7.065,False
2025-07-15,Vo Van Tan,District 3,Smoothie,71,3.905,False
2025-07-15,Vo Van Tan,District 3,Bakery,100,3.2,False
2025-07-16,Vo Van Tan,District 3,Coffee,247,9.633,False
2025-07-16,Vo Van Tan,District 3,Tea,135,6.075,False
2025-07-16,Vo Van Tan,District 3,Smoothie,62,3.41,False
2025-07-16,Vo Van Tan,District 3,Bakery,90,2.88,False
2025-07-17,Vo Van Tan,District 3,Coffee,225,8.775,False
2025-07-17,Vo Van Tan,District 3,Tea,159,7.155,False
2025-07-17,Vo Van Tan,District 3,Smoothie,61,3.355,False
2025-07-17,Vo Van Tan,District 3,Bakery,109,3.488,False
2025-07-18,Vo Van Tan,District 3,Coffee,251,9.789,False
2025-07-18,Vo Van Tan,District 3,Tea,172,7.74,False
2025-07-18,Vo Van Tan,District 3,Smoothie,62,3.41,False
2025-07-18,Vo Van Tan,District 3,Bakery,108,3.456,False
2025-07-19,Vo Van Tan,District 3,Coffee,310,12.09,False
2025-07-19,Vo Van Tan,District 3,Tea,195,8.775,False
2025-07-19,Vo Van Tan,District 3,Smoothie,72,3.96,False
2025-07-19,Vo Van Tan,District 3,Bakery,132,4.224,False
2025-07-20,Vo Van Tan,District 3,Coffee,326,12.714,False
2025-07-20,Vo Van Tan,District 3,Tea,215,9.675,False
2025-07-20,Vo Van Tan,District 3,Smoothie,71,3.905,False
2025-07-20,Vo Van Tan,District 3,Bakery,100,3.2,False
2025-07-21,Vo Van Tan,District 3,Coffee,242,9.438,False
2025-07-21,Vo Van Tan,District 3,Tea,159,7.155,False
2025-07-21,Vo Van Tan,District 3,Smoothie,60,3.3,False
2025-07-21,Vo Van Tan,District 3,Bakery,118,3.776,False
2025-07-22,Vo Van Tan,District 3,Coffee,250,9.75,False
2025-07-22,Vo Van Tan,District 3,Tea,152,6.84,False
2025-07-22,Vo Van Tan,District 3,Smoothie,60,3.3,False
2025-07-22,Vo Van Tan,District 3,Bakery,114,3.648,False
2025-07-23,Vo Van Tan,District 3,Coffee,258,10.062,False
2025-07-23,Vo Van Tan,District 3,Tea,144,6.48,False
2025-07-23,Vo Van Tan,District 3,Smoothie,69,3.795,False
2025-07-23,Vo Van Tan,District 3,Bakery,80,2.56,False
2025-07-24,Vo Van Tan,District 3,Coffee,240,9.36,False
2025-07-24,Vo Van Tan,District 3,Tea,143,6.435,False
2025-07-24,Vo Van Tan,District 3,Smoothie,66,3.63,False
2025-07-24,Vo Van Tan,District 3,Bakery,108,3.456,False
2025-07-25,Vo Van Tan,District 3,Coffee,259,10.101,False
2025-07-25,Vo Van Tan,District 3,Tea,159,7.155,False
2025-07-25,Vo Van Tan,District 3,Smoothie,63,3.465,False
2025-07-25,Vo Van Tan,District 3,Bakery,91,2.912,False
2025-07-26,Vo Van Tan,District 3,Coffee,333,12.987,False
2025-07-26,Vo Van Tan,District 3,Tea,206,9.27,False
2025-07-26,Vo Van Tan,District 3,Smoothie,81,4.455,False
2025-07-26,Vo Van Tan,District 3,Bakery,118,3.776,False
2025-07-27,Vo Van Tan,District 3,Coffee,328,12.792,False
2025-07-27,Vo Van Tan,District 3,Tea,207,9.315,False
2025-07-27,Vo Van Tan,District 3,Smoothie,64,3.52,False
2025-07-27,Vo Van Tan,District 3,Bakery,135,4.32,False
2025-07-28,Vo Van Tan,District 3,Coffee,253,9.867,False
2025-07-28,Vo Van Tan,District 3,Tea,145,6.525,False
2025-07-28,Vo Van Tan,District 3,Smoothie,69,3.795,False
2025-07-28,Vo Van Tan,District 3,Bakery,101,3.232,False
2025-07-29,Vo Van Tan,District 3,Coffee,253,9.867,False
2025-07-29,Vo Van Tan,District 3,Tea,175,7.875,False
2025-07-29,Vo Van Tan,District 3,Smoothie,65,3.575,False
2025-07-29,Vo Van Tan,District 3,Bakery,97,3.104,False
2025-07-30,Vo Van Tan,District 3,Coffee,226,8.814,False
2025-07-30,Vo Van Tan,District 3,Tea,169,7.605,False
2025-07-30,Vo Van Tan,District 3,Smoothie,70,3.85,False
2025-07-30,Vo Van Tan,District 3,Bakery,91,2.912,False
2025-07-31,Vo Van Tan,District 3,Coffee,249,9.711,False
2025-07-31,Vo Van Tan,District 3,Tea,157,7.065,False
2025-07-31,Vo Van Tan,District 3,Smoothie,70,3.85,False
2025-07-31,Vo Van Tan,District 3,Bakery,97,3.104,False
2025-08-01,Vo Van Tan,District 3,Coffee,258,8.553,True
2025-08-01,Vo Van Tan,District 3,Tea,205,7.841,True
2025-08-01,Vo Van Tan,District 3,Smoothie,71,3.319,True
2025-08-01,Vo Van Tan,District 3,Bakery,121,3.291,True
2025-08-02,Vo Van Tan,District 3,Coffee,414,13.724,True
2025-08-02,Vo Van Tan,District 3,Tea,236,9.027,True
2025-08-02,Vo Van Tan,District 3,Smoothie,120,5.61,True
2025-08-02,Vo Van Tan,District 3,Bakery,147,3.998,True
2025-08-03,Vo Van Tan,District 3,Coffee,376,12.464,True
2025-08-03,Vo Van Tan,District 3,Tea,266,10.175,True
2025-08-03,Vo Van Tan,District 3,Smoothie,102,4.769,True
2025-08-03,Vo Van Tan,District 3,Bakery,132,3.59,True
2025-08-04,Vo Van Tan,District 3,Coffee,260,10.14,False
2025-08-04,Vo Van Tan,District 3,Tea,147,6.615,False
2025-08-04,Vo Van Tan,District 3,Smoothie,56,3.08,False
2025-08-04,Vo Van Tan,District 3,Bakery,110,3.52,False
2025-08-05,Vo Van Tan,District 3,Coffee,261,10.179,False
2025-08-05,Vo Van Tan,District 3,Tea,152,6.84,False
2025-08-05,Vo Van Tan,District 3,Smoothie,69,3.795,False
2025-08-05,Vo Van Tan,District 3,Bakery,113,3.616,False
2025-08-06,Vo Van Tan,District 3,Coffee,237,9.243,False
2025-08-06,Vo Van Tan,District 3,Tea,166,7.47,False
2025-08-06,Vo Van Tan,District 3,Smoothie,74,4.07,False
2025-08-06,Vo Van Tan,District 3,Bakery,96,3.072,False
2025-08-07,Vo Van Tan,District 3,Coffee,252,9.828,False
2025-08-07,Vo Van Tan,District 3,Tea,140,6.3,False
2025-08-07,Vo Van Tan,District 3,Smoothie,63,3.465,False
2025-08-07,Vo Van Tan,District 3,Bakery,99,3.168,False
2025-08-08,Vo Van Tan,District 3,Coffee,240,9.36,False
2025-08-08,Vo Van Tan,District 3,Tea,150,6.75,False
2025-08-08,Vo Van Tan,District 3,Smoothie,70,3.85,False
2025-08-08,Vo Van Tan,District 3,Bakery,80,2.56,False
2025-08-09,Vo Van Tan,District 3,Coffee,289,11.271,False
2025-08-09,Vo Van Tan,District 3,Tea,209,9.405,False
2025-08-09,Vo Van Tan,District 3,Smoothie,80,4.4,False
2025-08-09,Vo Van Tan,District 3,Bakery,104,3.328,False
2025-08-10,Vo Van Tan,District 3,Coffee,334,13.026,False
2025-08-10,Vo Van Tan,District 3,Tea,183,8.235,False
2025-08-10,Vo Van Tan,District 3,Smoothie,97,5.335,False
2025-08-10,Vo Van Tan,District 3,Bakery,135,4.32,False
2025-08-11,Vo Van Tan,District 3,Coffee,252,9.828,False
2025-08-11,Vo Van Tan,District 3,Tea,148,6.66,False
2025-08-11,Vo Van Tan,District 3,Smoothie,81,4.455,False
2025-08-11,Vo Van Tan,District 3,Bakery,75,2.4,False
2025-08-12,Vo Van Tan,District 3,Coffee,236,9.204,False
2025-08-12,Vo Van Tan,District 3,Tea,182,8.19,False
2025-08-12,Vo Van Tan,District 3,Smoothie,66,3.63,False
2025-08-12,Vo Van Tan,District 3,Bakery,111,3.552,False
2025-08-13,Vo Van Tan,District 3,Coffee,235,9.165,False
2025-08-13,Vo Van Tan,District 3,Tea,146,6.57,False
2025-08-13,Vo Van Tan,District 3,Smoothie,51,2.805,False
2025-08-13,Vo Van Tan,District 3,Bakery,105,3.36,False
2025-08-14,Vo Van Tan,District 3,Coffee,268,10.452,False
2025-08-14,Vo Van Tan,District 3,Tea,170,7.65,False
2025-08-14,Vo Van Tan,District 3,Smoothie,67,3.685,False
2025-08-14,Vo Van Tan,District 3,Bakery,87,2.784,False
2025-08-15,Vo Van Tan,District 3,Coffee,266,10.374,False
2025-08-15,Vo Van Tan,District 3,Tea,154,6.93,False
2025-08-15,Vo Van Tan,District 3,Smoothie,72,3.96,False
2025-08-15,Vo Van Tan,District 3,Bakery,79,2.528,False
2025-08-16,Vo Van Tan,District 3,Coffee,302,11.778,False
2025-08-16,Vo Van Tan,District 3,Tea,177,7.965,False
2025-08-16,Vo Van Tan,District 3,Smoothie,86,4.73,False
2025-08-16,Vo Van Tan,District 3,Bakery,126,4.032,False
2025-08-17,Vo Van Tan,District 3,Coffee,352,13.728,False
2025-08-17,Vo Van Tan,District 3,Tea,200,9.0,False
2025-08-17,Vo Van Tan,District 3,Smoothie,86,4.73,False
2025-08-17,Vo Van Tan,District 3,Bakery,127,4.064,False
2025-08-18,Vo Van Tan,District 3,Coffee,280,10.92,False
2025-08-18,Vo Van Tan,District 3,Tea,164,7.38,False
2025-08-18,Vo Van Tan,District 3,Smoothie,78,4.29,False
2025-08-18,Vo Van Tan,District 3,Bakery,101,3.232,False
2025-08-19,Vo Van Tan,District 3,Coffee,244,9.516,False
2025-08-19,Vo Van Tan,District 3,Tea,159,7.155,False
2025-08-19,Vo Van Tan,District 3,Smoothie,59,3.245,False
2025-08-19,Vo Van Tan,District 3,Bakery,101,3.232,False
2025-08-20,Vo Van Tan,District 3,Coffee,242,9.438,False
2025-08-20,Vo Van Tan,District 3,Tea,168,7.56,False
2025-08-20,Vo Van Tan,District 3,Smoothie,53,2.915,False
2025-08-20,Vo Van Tan,District 3,Bakery,98,3.136,False
2025-08-21,Vo Van Tan,District 3,Coffee,272,10.608,False
2025-08-21,Vo Van Tan,District 3,Tea,157,7.065,False
2025-08-21,Vo Van Tan,District 3,Smoothie,65,3.575,False
2025-08-21,Vo Van Tan,District 3,Bakery,102,3.264,False
2025-08-22,Vo Van Tan,District 3,Coffee,270,10.53,False
2025-08-22,Vo Van Tan,District 3,Tea,151,6.795,False
2025-08-22,Vo Van Tan,District 3,Smoothie,70,3.85,False
2025-08-22,Vo Van Tan,District 3,Bakery,98,3.136,False
2025-08-23,Vo Van Tan,District 3,Coffee,302,11.778,False
2025-08-23,Vo Van Tan,District 3,Tea,213,9.585,False
2025-08-23,Vo Van Tan,District 3,Smoothie,91,5.005,False
2025-08-23,Vo Van Tan,District 3,Bakery,106,3.392,False
2025-08-24,Vo Van Tan,District 3,Coffee,338,13.182,False
2025-08-24,Vo Van Tan,District 3,Tea,191,8.595,False
2025-08-24,Vo Van Tan,District 3,Smoothie,75,4.125,False
2025-08-24,Vo Van Tan,District 3,Bakery,129,4.128,False
2025-08-25,Vo Van Tan,District 3,Coffee,240,9.36,False
2025-08-25,Vo Van Tan,District 3,Tea,163,7.335,False
2025-08-25,Vo Van Tan,District 3,Smoothie,69,3.795,False
2025-08-25,Vo Van Tan,District 3,Bakery,109,3.488,False
2025-08-26,Vo Van Tan,District 3,Coffee,228,8.892,False
2025-08-26,Vo Van Tan,District 3,Tea,163,7.335,False
2025-08-26,Vo Van Tan,District 3,Smoothie,57,3.135,False
2025-08-26,Vo Van Tan,District 3,Bakery,110,3.52,False
2025-08-27,Vo Van Tan,District 3,Coffee,254,9.906,False
2025-08-27,Vo Van Tan,District 3,Tea,165,7.425,False
2025-08-27,Vo Van Tan,District 3,Smoothie,64,3.52,False
2025-08-27,Vo Van Tan,District 3,Bakery,89,2.848,False
2025-08-28,Vo Van Tan,District 3,Coffee,266,10.374,False
2025-08-28,Vo Van Tan,District 3,Tea,150,6.75,False
2025-08-28,Vo Van Tan,District 3,Smoothie,67,3.685,False
2025-08-28,Vo Van Tan,District 3,Bakery,103,3.296,False
2025-08-29,Vo Van Tan,District 3,Coffee,274,10.686,False
2025-08-29,Vo Van Tan,District 3,Tea,150,6.75,False
2025-08-29,Vo Van Tan,District 3,Smoothie,66,3.63,False
2025-08-29,Vo Van Tan,District 3,Bakery,97,3.104,False
2025-08-30,Vo Van Tan,District 3,Coffee,291,11.349,False
2025-08-30,Vo Van Tan,District 3,Tea,196,8.82,False
2025-08-30,Vo Van Tan,District 3,Smoothie,100,5.5,False
2025-08-30,Vo Van Tan,District 3,Bakery,127,4.064,False
2025-08-31,Vo Van Tan,District 3,Coffee,330,12.87,False
2025-08-31,Vo Van Tan,District 3,Tea,206,9.27,False
2025-08-31,Vo Van Tan,District 3,Smoothie,72,3.96,False
2025-08-31,Vo Van Tan,District 3,Bakery,117,3.744,False
2025-09-01,Vo Van Tan,District 3,Coffee,289,9.58,True
2025-09-01,Vo Van Tan,District 3,Tea,205,7.841,True
2025-09-01,Vo Van Tan,District 3,Smoothie,73,3.413,True
2025-09-01,Vo Van Tan,District 3,Bakery,96,2.611,True
2025-09-02,Vo Van Tan,District 3,Coffee,297,9.846,True
2025-09-02,Vo Van Tan,District 3,Tea,205,7.841,True
2025-09-02,Vo Van Tan,District 3,Smoothie,62,2.898,True
2025-09-02,Vo Van Tan,District 3,Bakery,115,3.128,True
2025-09-03,Vo Van Tan,District 3,Coffee,307,10.177,True
2025-09-03,Vo Van Tan,District 3,Tea,216,8.262,True
2025-09-03,Vo Van Tan,District 3,Smoothie,62,2.898,True
2025-09-03,Vo Van Tan,District 3,Bakery,118,3.21,True
2025-09-04,Vo Van Tan,District 3,Coffee,243,9.477,False
2025-09-04,Vo Van Tan,District 3,Tea,154,6.93,False
2025-09-04,Vo Van Tan,District 3,Smoothie,64,3.52,False
2025-09-04,Vo Van Tan,District 3,Bakery,102,3.264,False
2025-09-05,Vo Van Tan,District 3,Coffee,261,10.179,False
2025-09-05,Vo Van Tan,District 3,Tea,164,7.38,False
2025-09-05,Vo Van Tan,District 3,Smoothie,64,3.52,False
2025-09-05,Vo Van Tan,District 3,Bakery,90,2.88,False
2025-09-06,Vo Van Tan,District 3,Coffee,298,11.622,False
2025-09-06,Vo Van Tan,District 3,Tea,204,9.18,False
2025-09-06,Vo Van Tan,District 3,Smoothie,85,4.675,False
2025-09-06,Vo Van Tan,District 3,Bakery,99,3.168,False
2025-09-07,Vo Van Tan,District 3,Coffee,319,12.441,False
2025-09-07,Vo Van Tan,District 3,Tea,206,9.27,False
2025-09-07,Vo Van Tan,District 3,Smoothie,90,4.95,False
2025-09-07,Vo Van Tan,District 3,Bakery,126,4.032,False
2025-09-08,Vo Van Tan,District 3,Coffee,294,11.466,False
2025-09-08,Vo Van Tan,District 3,Tea,166,7.47,False
2025-09-08,Vo Van Tan,District 3,Smoothie,79,4.345,False
2025-09-08,Vo Van Tan,District 3,Bakery,88,2.816,False
2025-09-09,Vo Van Tan,District 3,Coffee,261,10.179,False
2025-09-09,Vo Van Tan,District 3,Tea,153,6.885,False
2025-09-09,Vo Van Tan,District 3,Smoothie,70,3.85,False
2025-09-09,Vo Van Tan,District 3,Bakery,84,2.688,False
2025-09-10,Vo Van Tan,District 3,Coffee,237,9.243,False
2025-09-10,Vo Van Tan,District 3,Tea,162,7.29,False
2025-09-10,Vo Van Tan,District 3,Smoothie,71,3.905,False
2025-09-10,Vo Van Tan,District 3,Bakery,105,3.36,False
2025-09-11,Vo Van Tan,District 3,Coffee,287,11.193,False
2025-09-11,Vo Van Tan,District 3,Tea,161,7.245,False
2025-09-11,Vo Van Tan,District 3,Smoothie,60,3.3,False
2025-09-11,Vo Van Tan,District 3,Bakery,92,2.944,False
2025-09-12,Vo Van Tan,District 3,Coffee,292,11.388,False
2025-09-12,Vo Van Tan,District 3,Tea,141,6.345,False
2025-09-12,Vo Van Tan,District 3,Smoothie,66,3.63,False
2025-09-12,Vo Van Tan,District 3,Bakery,99,3.168,False
2025-09-13,Vo Van Tan,District 3,Coffee,310,12.09,False
2025-09-13,Vo Van Tan,District 3,Tea,197,8.865,False
2025-09-13,Vo Van Tan,District 3,Smoothie,70,3.85,False
2025-09-13,Vo Van Tan,District 3,Bakery,110,3.52,False
2025-09-14,Vo Van Tan,District 3,Coffee,296,11.544,False
2025-09-14,Vo Van Tan,District 3,Tea,179,8.055,False
2025-09-14,Vo Van Tan,District 3,Smoothie,75,4.125,False
2025-09-14,Vo Van Tan,District 3,Bakery,111,3.552,False
2025-09-15,Vo Van Tan,District 3,Coffee,291,11.349,False
2025-09-15,Vo Van Tan,District 3,Tea,190,8.55,False
2025-09-15,Vo Van Tan,District 3,Smoothie,67,3.685,False
2025-09-15,Vo Van Tan,District 3,Bakery,88,2.816,False
2025-09-16,Vo Van Tan,District 3,Coffee,225,8.775,False
2025-09-16,Vo Van Tan,District 3,Tea,157,7.065,False
2025-09-16,Vo Van Tan,District 3,Smoothie,60,3.3,False
2025-09-16,Vo Van Tan,District 3,Bakery,85,2.72,False
2025-09-17,Vo Van Tan,District 3,Coffee,246,9.594,False
2025-09-17,Vo Van Tan,District 3,Tea,140,6.3,False
2025-09-17,Vo Van Tan,District 3,Smoothie,59,3.245,False
2025-09-17,Vo Van Tan,District 3,Bakery,70,2.24,False
2025-09-18,Vo Van Tan,District 3,Coffee,233,9.087,False
2025-09-18,Vo Van Tan,District 3,Tea,170,7.65,False
2025-09-18,Vo Van Tan,District 3,Smoothie,56,3.08,False
2025-09-18,Vo Van Tan,District 3,Bakery,91,2.912,False
2025-09-19,Vo Van Tan,District 3,Coffee,286,11.154,False
2025-09-19,Vo Van Tan,District 3,Tea,161,7.245,False
2025-09-19,Vo Van Tan,District 3,Smoothie,70,3.85,False
2025-09-19,Vo Van Tan,District 3,Bakery,106,3.392,False
2025-09-20,Vo Van Tan,District 3,Coffee,321,12.519,False
2025-09-20,Vo Van Tan,District 3,Tea,209,9.405,False
2025-09-20,Vo Van Tan,District 3,Smoothie,79,4.345,False
2025-09-20,Vo Van Tan,District 3,Bakery,113,3.616,False
2025-09-21,Vo Van Tan,District 3,Coffee,311,12.129,False
2025-09-21,Vo Van Tan,District 3,Tea,208,9.36,False
2025-09-21,Vo Van Tan,District 3,Smoothie,86,4.73,False
2025-09-21,Vo Van Tan,District 3,Bakery,109,3.488,False
2025-09-22,Vo Van Tan,District 3,Coffee,257,10.023,False
2025-09-22,Vo Van Tan,District 3,Tea,157,7.065,False
2025-09-22,Vo Van Tan,District 3,Smoothie,61,3.355,False
2025-09-22,Vo Van Tan,District 3,Bakery,82,2.624,False
2025-09-23,Vo Van Tan,District 3,Coffee,277,10.803,False
2025-09-23,Vo Van Tan,District 3,Tea,158,7.11,False
2025-09-23,Vo Van Tan,District 3,Smoothie,81,4.455,False
2025-09-23,Vo Van Tan,District 3,Bakery,89,2.848,False
2025-09-24,Vo Van Tan,District 3,Coffee,247,9.633,False
2025-09-24,Vo Van Tan,District 3,Tea,155,6.975,False
2025-09-24,Vo Van Tan,District 3,Smoothie,77,4.235,False
2025-09-24,Vo Van Tan,District 3,Bakery,88,2.816,False
2025-09-25,Vo Van Tan,District 3,Coffee,274,10.686,False
2025-09-25,Vo Van Tan,District 3,Tea,176,7.92,False
2025-09-25,Vo Van Tan,District 3,Smoothie,63,3.465,False
2025-09-25,Vo Van Tan,District 3,Bakery,113,3.616,False
2025-09-26,Vo Van Tan,District 3,Coffee,259,10.101,False
2025-09-26,Vo Van Tan,District 3,Tea,184,8.28,False
2025-09-26,Vo Van Tan,District 3,Smoothie,59,3.245,False
2025-09-26,Vo Van Tan,District 3,Bakery,94,3.008,False
2025-09-27,Vo Van Tan,District 3,Coffee,338,13.182,False
2025-09-27,Vo Van Tan,District 3,Tea,198,8.91,False
2025-09-27,Vo Van Tan,District 3,Smoothie,81,4.455,False
2025-09-27,Vo Van Tan,District 3,Bakery,106,3.392,False
2025-09-28,Vo Van Tan,District 3,Coffee,325,12.675,False
2025-09-28,Vo Van Tan,District 3,Tea,203,9.135,False
2025-09-28,Vo Van Tan,District 3,Smoothie,88,4.84,False
2025-09-28,Vo Van Tan,District 3,Bakery,121,3.872,False
2025-09-29,Vo Van Tan,District 3,Coffee,248,9.672,False
2025-09-29,Vo Van Tan,District 3,Tea,160,7.2,False
2025-09-29,Vo Van Tan,District 3,Smoothie,53,2.915,False
2025-09-29,Vo Van Tan,District 3,Bakery,100,3.2,False
2025-09-30,Vo Van Tan,District 3,Coffee,261,10.179,False
2025-09-30,Vo Van Tan,District 3,Tea,169,7.605,False
2025-09-30,Vo Van Tan,District 3,Smoothie,73,4.015,False
2025-09-30,Vo Van Tan,District 3,Bakery,102,3.264,False
2025-10-01,Vo Van Tan,District 3,Coffee,302,10.011,True
2025-10-01,Vo Van Tan,District 3,Tea,176,6.732,True
2025-10-01,Vo Van Tan,District 3,Smoothie,89,4.161,True
2025-10-01,Vo Van Tan,District 3,Bakery,117,3.182,True
2025-10-02,Vo Van Tan,District 3,Coffee,335,11.105,True
2025-10-02,Vo Van Tan,District 3,Tea,169,6.464,True
2025-10-02,Vo Van Tan,District 3,Smoothie,81,3.787,True
2025-10-02,Vo Van Tan,District 3,Bakery,139,3.781,True
2025-10-03,Vo Van Tan,District 3,Coffee,314,10.409,True
2025-10-03,Vo Van Tan,District 3,Tea,152,5.814,True
2025-10-03,Vo Van Tan,District 3,Smoothie,69,3.226,True
2025-10-03,Vo Van Tan,District 3,Bakery,108,2.938,True
2025-10-04,Vo Van Tan,District 3,Coffee,302,11.778,False
2025-10-04,Vo Van Tan,District 3,Tea,174,7.83,False
2025-10-04,Vo Van Tan,District 3,Smoothie,87,4.785,False
2025-10-04,Vo Van Tan,District 3,Bakery,136,4.352,False
2025-10-05,Vo Van Tan,District 3,Coffee,334,13.026,False
2025-10-05,Vo Van Tan,District 3,Tea,196,8.82,False
2025-10-05,Vo Van Tan,District 3,Smoothie,62,3.41,False
2025-10-05,Vo Van Tan,District 3,Bakery,114,3.648,False
2025-10-06,Vo Van Tan,District 3,Coffee,287,11.193,False
2025-10-06,Vo Van Tan,District 3,Tea,163,7.335,False
2025-10-06,Vo Van Tan,District 3,Smoothie,81,4.455,False
2025-10-06,Vo Van Tan,District 3,Bakery,87,2.784,False
2025-10-07,Vo Van Tan,District 3,Coffee,253,9.867,False
2025-10-07,Vo Van Tan,District 3,Tea,146,6.57,False
2025-10-07,Vo Van Tan,District 3,Smoothie,81,4.455,False
2025-10-07,Vo Van Tan,District 3,Bakery,71,2.272,False
2025-10-08,Vo Van Tan,District 3,Coffee,271,10.569,False
2025-10-08,Vo Van Tan,District 3,Tea,163,7.335,False
2025-10-08,Vo Van Tan,District 3,Smoothie,59,3.245,False
2025-10-08,Vo Van Tan,District 3,Bakery,101,3.232,False
2025-10-09,Vo Van Tan,District 3,Coffee,245,9.555,False
2025-10-09,Vo Van Tan,District 3,Tea,146,6.57,False
2025-10-09,Vo Van Tan,District 3,Smoothie,78,4.29,False
2025-10-09,Vo Van Tan,District 3,Bakery,94,3.008,False
2025-10-10,Vo Van Tan,District 3,Coffee,272,10.608,False
2025-10-10,Vo Van Tan,District 3,Tea,167,7.515,False
2025-10-10,Vo Van Tan,District 3,Smoothie,54,2.97,False
2025-10-10,Vo Van Tan,District 3,Bakery,92,2.944,False
2025-10-11,Vo Van Tan,District 3,Coffee,351,13.689,False
2025-10-11,Vo Van Tan,District 3,Tea,194,8.73,False
2025-10-11,Vo Van Tan,District 3,Smoothie,96,5.28,False
2025-10-11,Vo Van Tan,District 3,Bakery,129,4.128,False
2025-10-12,Vo Van Tan,District 3,Coffee,309,12.051,False
2025-10-12,Vo Van Tan,District 3,Tea,207,9.315,False
2025-10-12,Vo Van Tan,District 3,Smoothie,76,4.18,False
2025-10-12,Vo Van Tan,District 3,Bakery,132,4.224,False
2025-10-13,Vo Van Tan,District 3,Coffee,244,9.516,False
2025-10-13,Vo Van Tan,District 3,Tea,146,6.57,False
2025-10-13,Vo Van Tan,District 3,Smoothie,73,4.015,False
2025-10-13,Vo Van Tan,District 3,Bakery,92,2.944,False
2025-10-14,Vo Van Tan,District 3,Coffee,257,10.023,False
2025-10-14,Vo Van Tan,District 3,Tea,153,6.885,False
2025-10-14,Vo Van Tan,District 3,Smoothie,66,3.63,False
2025-10-14,Vo Van Tan,District 3,Bakery,91,2.912,False
2025-10-15,Vo Van Tan,District 3,Coffee,259,10.101,False
2025-10-15,Vo Van Tan,District 3,Tea,148,6.66,False
2025-10-15,Vo Van Tan,District 3,Smoothie,84,4.62,False
2025-10-15,Vo Van Tan,District 3,Bakery,102,3.264,False
2025-10-16,Vo Van Tan,District 3,Coffee,229,8.931,False
2025-10-16,Vo Van Tan,District 3,Tea,163,7.335,False
2025-10-16,Vo Van Tan,District 3,Smoothie,65,3.575,False
2025-10-16,Vo Van Tan,District 3,Bakery,93,2.976,False
2025-10-17,Vo Van Tan,District 3,Coffee,270,10.53,False
2025-10-17,Vo Van Tan,District 3,Tea,168,7.56,False
2025-10-17,Vo Van Tan,District 3,Smoothie,69,3.795,False
2025-10-17,Vo Van Tan,District 3,Bakery,98,3.136,False
2025-10-18,Vo Van Tan,District 3,Coffee,308,12.012,False
2025-10-18,Vo Van Tan,District 3,Tea,191,8.595,False
2025-10-18,Vo Van Tan,District 3,Smoothie,80,4.4,False
2025-10-18,Vo Van Tan,District 3,Bakery,113,3.616,False
2025-10-19,Vo Van Tan,District 3,Coffee,351,13.689,False
2025-10-19,Vo Van Tan,District 3,Tea,192,8.64,False
2025-10-19,Vo Van Tan,District 3,Smoothie,72,3.96,False
2025-10-19,Vo Van Tan,District 3,Bakery,133,4.256,False
2025-10-20,Vo Van Tan,District 3,Coffee,256,9.984,False
2025-10-20,Vo Van Tan,District 3,Tea,165,7.425,False
2025-10-20,Vo Van Tan,District 3,Smoothie,49,2.695,False
2025-10-20,Vo Van Tan,District 3,Bakery,78,2.496,False
2025-10-21,Vo Van Tan,District 3,Coffee,274,10.686,False
2025-10-21,Vo Van Tan,District 3,Tea,125,5.625,False
2025-10-21,Vo Van Tan,District 3,Smoothie,70,3.85,False
2025-10-21,Vo Van Tan,District 3,Bakery,86,2.752,False
2025-10-22,Vo Van Tan,District 3,Coffee,243,9.477,False
2025-10-22,Vo Van Tan,District 3,Tea,171,7.695,False
2025-10-22,Vo Van Tan,District 3,Smoothie,64,3.52,False
2025-10-22,Vo Van Tan,District 3,Bakery,114,3.648,False
2025-10-23,Vo Van Tan,District 3,Coffee,263,10.257,False
2025-10-23,Vo Van Tan,District 3,Tea,161,7.245,False
2025-10-23,Vo Van Tan,District 3,Smoothie,63,3.465,False
2025-10-23,Vo Van Tan,District 3,Bakery,108,3.456,False
2025-10-24,Vo Van Tan,District 3,Coffee,280,10.92,False
2025-10-24,Vo Van Tan,District 3,Tea,176,7.92,False
2025-10-24,Vo Van Tan,District 3,Smoothie,63,3.465,False
2025-10-24,Vo Van Tan,District 3,Bakery,107,3.424,False
2025-10-25,Vo Van Tan,District 3,Coffee,318,12.402,False
2025-10-25,Vo Van Tan,District 3,Tea,206,9.27,False
2025-10-25,Vo Van Tan,District 3,Smoothie,90,4.95,False
2025-10-25,Vo Van Tan,District 3,Bakery,121,3.872,False
2025-10-26,Vo Van Tan,District 3,Coffee,307,11.973,False
2025-10-26,Vo Van Tan,District 3,Tea,210,9.45,False
2025-10-26,Vo Van Tan,District 3,Smoothie,80,4.4,False
2025-10-26,Vo Van Tan,District 3,Bakery,139,4.448,False
2025-10-27,Vo Van Tan,District 3,Coffee,262,10.218,False
2025-10-27,Vo Van Tan,District 3,Tea,143,6.435,False
2025-10-27,Vo Van Tan,District 3,Smoothie,63,3.465,False
2025-10-27,Vo Van Tan,District 3,Bakery,90,2.88,False
2025-10-28,Vo Van Tan,District 3,Coffee,235,9.165,False
2025-10-28,Vo Van Tan,District 3,Tea,186,8.37,False
2025-10-28,Vo Van Tan,District 3,Smoothie,54,2.97,False
2025-10-28,Vo Van Tan,District 3,Bakery,102,3.264,False
2025-10-29,Vo Van Tan,District 3,Coffee,238,9.282,False
2025-10-29,Vo Van Tan,District 3,Tea,146,6.57,False
2025-10-29,Vo Van Tan,District 3,Smoothie,61,3.355,False
2025-10-29,Vo Van Tan,District 3,Bakery,95,3.04,False
2025-10-30,Vo Van Tan,District 3,Coffee,248,9.672,False
2025-10-30,Vo Van Tan,District 3,Tea,165,7.425,False
2025-10-30,Vo Van Tan,District 3,Smoothie,63,3.465,False
2025-10-30,Vo Van Tan,District 3,Bakery,107,3.424,False
2025-10-31,Vo Van Tan,District 3,Coffee,225,8.775,False
2025-10-31,Vo Van Tan,District 3,Tea,168,7.56,False
2025-10-31,Vo Van Tan,District 3,Smoothie,67,3.685,False
2025-10-31,Vo Van Tan,District 3,Bakery,98,3.136,False
2025-11-01,Vo Van Tan,District 3,Coffee,405,13.426,True
2025-11-01,Vo Van Tan,District 3,Tea,223,8.53,True
2025-11-01,Vo Van Tan,District 3,Smoothie,105,4.909,True
2025-11-01,Vo Van Tan,District 3,Bakery,150,4.08,True
2025-11-02,Vo Van Tan,District 3,Coffee,434,14.387,True
2025-11-02,Vo Van Tan,District 3,Tea,227,8.683,True
2025-11-02,Vo Van Tan,District 3,Smoothie,105,4.909,True
2025-11-02,Vo Van Tan,District 3,Bakery,152,4.134,True
2025-11-03,Vo Van Tan,District 3,Coffee,289,9.58,True
2025-11-03,Vo Van Tan,District 3,Tea,199,7.612,True
2025-11-03,Vo Van Tan,District 3,Smoothie,58,2.712,True
2025-11-03,Vo Van Tan,District 3,Bakery,122,3.318,True
2025-11-04,Vo Van Tan,District 3,Coffee,270,10.53,False
2025-11-04,Vo Van Tan,District 3,Tea,174,7.83,False
2025-11-04,Vo Van Tan,District 3,Smoothie,79,4.345,False
2025-11-04,Vo Van Tan,District 3,Bakery,103,3.296,False
2025-11-05,Vo Van Tan,District 3,Coffee,241,9.399,False
2025-11-05,Vo Van Tan,District 3,Tea,140,6.3,False
2025-11-05,Vo Van Tan,District 3,Smoothie,72,3.96,False
2025-11-05,Vo Van Tan,District 3,Bakery,107,3.424,False
2025-11-06,Vo Van Tan,District 3,Coffee,260,10.14,False
2025-11-06,Vo Van Tan,District 3,Tea,154,6.93,False
2025-11-06,Vo Van Tan,District 3,Smoothie,87,4.785,False
2025-11-06,Vo Van Tan,District 3,Bakery,109,3.488,False
2025-11-07,Vo Van Tan,District 3,Coffee,280,10.92,False
2025-11-07,Vo Van Tan,District 3,Tea,164,7.38,False
2025-11-07,Vo Van Tan,District 3,Smoothie,67,3.685,False
2025-11-07,Vo Van Tan,District 3,Bakery,91,2.912,False
2025-11-08,Vo Van Tan,District 3,Coffee,335,13.065,False
2025-11-08,Vo Van Tan,District 3,Tea,206,9.27,False
2025-11-08,Vo Van Tan,District 3,Smoothie,79,4.345,False
2025-11-08,Vo Van Tan,District 3,Bakery,129,4.128,False
2025-11-09,Vo Van Tan,District 3,Coffee,398,15.522,False
2025-11-09,Vo Van Tan,District 3,Tea,198,8.91,False
2025-11-09,Vo Van Tan,District 3,Smoothie,96,5.28,False
2025-11-09,Vo Van Tan,District 3,Bakery,129,4.128,False
2025-11-10,Vo Van Tan,District 3,Coffee,304,11.856,False
2025-11-10,Vo Van Tan,District 3,Tea,155,6.975,False
2025-11-10,Vo Van Tan,District 3,Smoothie,83,4.565,False
2025-11-10,Vo Van Tan,District 3,Bakery,117,3.744,False
2025-11-11,Vo Van Tan,District 3,Coffee,267,10.413,False
2025-11-11,Vo Van Tan,District 3,Tea,146,6.57,False
2025-11-11,Vo Van Tan,District 3,Smoothie,70,3.85,False
2025-11-11,Vo Van Tan,District 3,Bakery,118,3.776,False
2025-11-12,Vo Van Tan,District 3,Coffee,256,9.984,False
2025-11-12,Vo Van Tan,District 3,Tea,159,7.155,False
2025-11-12,Vo Van Tan,District 3,Smoothie,70,3.85,False
2025-11-12,Vo Van Tan,District 3,Bakery,94,3.008,False
2025-11-13,Vo Van Tan,District 3,Coffee,282,10.998,False
2025-11-13,Vo Van Tan,District 3,Tea,146,6.57,False
2025-11-13,Vo Van Tan,District 3,Smoothie,56,3.08,False
2025-11-13,Vo Van Tan,District 3,Bakery,95,3.04,False
2025-11-14,Vo Van Tan,District 3,Coffee,272,10.608,False
2025-11-14,Vo Van Tan,District 3,Tea,175,7.875,False
2025-11-14,Vo Van Tan,District 3,Smoothie,81,4.455,False
2025-11-14,Vo Van Tan,District 3,Bakery,107,3.424,False
2025-11-15,Vo Van Tan,District 3,Coffee,342,13.338,False
2025-11-15,Vo Van Tan,District 3,Tea,194,8.73,False
2025-11-15,Vo Van Tan,District 3,Smoothie,90,4.95,False
2025-11-15,Vo Van Tan,District 3,Bakery,140,4.48,False
2025-11-16,Vo Van Tan,District 3,Coffee,347,13.533,False
2025-11-16,Vo Van Tan,District 3,Tea,214,9.63,False
2025-11-16,Vo Van Tan,District 3,Smoothie,108,5.94,False
2025-11-16,Vo Van Tan,District 3,Bakery,136,4.352,False
2025-11-17,Vo Van Tan,District 3,Coffee,280,10.92,False
2025-11-17,Vo Van Tan,District 3,Tea,164,7.38,False
2025-11-17,Vo Van Tan,District 3,Smoothie,73,4.015,False
2025-11-17,Vo Van Tan,District 3,Bakery,110,3.52,False
2025-11-18,Vo Van Tan,District 3,Coffee,260,10.14,False
2025-11-18,Vo Van Tan,District 3,Tea,157,7.065,False
2025-11-18,Vo Van Tan,District 3,Smoothie,76,4.18,False
2025-11-18,Vo Van Tan,District 3,Bakery,114,3.648,False
2025-11-19,Vo Van Tan,District 3,Coffee,254,9.906,False
2025-11-19,Vo Van Tan,District 3,Tea,148,6.66,False
2025-11-19,Vo Van Tan,District 3,Smoothie,60,3.3,False
2025-11-19,Vo Van Tan,District 3,Bakery,100,3.2,False
2025-11-20,Vo Van Tan,District 3,Coffee,323,12.597,False
2025-11-20,Vo Van Tan,District 3,Tea,176,7.92,False
2025-11-20,Vo Van Tan,District 3,Smoothie,78,4.29,False
2025-11-20,Vo Van Tan,District 3,Bakery,103,3.296,False
2025-11-21,Vo Van Tan,District 3,Coffee,288,11.232,False
2025-11-21,Vo Van Tan,District 3,Tea,158,7.11,False
2025-11-21,Vo Van Tan,District 3,Smoothie,68,3.74,False
2025-11-21,Vo Van Tan,District 3,Bakery,97,3.104,False
2025-11-22,Vo Van Tan,District 3,Coffee,330,12.87,False
2025-11-22,Vo Van Tan,District 3,Tea,204,9.18,False
2025-11-22,Vo Van Tan,District 3,Smoothie,87,4.785,False
2025-11-22,Vo Van Tan,District 3,Bakery,125,4.0,False
2025-11-23,Vo Van Tan,District 3,Coffee,375,14.625,False
2025-11-23,Vo Van Tan,District 3,Tea,204,9.18,False
2025-11-23,Vo Van Tan,District 3,Smoothie,84,4.62,False
2025-11-23,Vo Van Tan,District 3,Bakery,126,4.032,False
2025-11-24,Vo Van Tan,District 3,Coffee,292,11.388,False
2025-11-24,Vo Van Tan,District 3,Tea,165,7.425,False
2025-11-24,Vo Van Tan,District 3,Smoothie,70,3.85,False
2025-11-24,Vo Van Tan,District 3,Bakery,106,3.392,False
2025-11-25,Vo Van Tan,District 3,Coffee,286,11.154,False
2025-11-25,Vo Van Tan,District 3,Tea,163,7.335,False
2025-11-25,Vo Van Tan,District 3,Smoothie,89,4.895,False
2025-11-25,Vo Van Tan,District 3,Bakery,94,3.008,False
2025-11-26,Vo Van Tan,District 3,Coffee,282,10.998,False
2025-11-26,Vo Van Tan,District 3,Tea,145,6.525,False
2025-11-26,Vo Van Tan,District 3,Smoothie,67,3.685,False
2025-11-26,Vo Van Tan,District 3,Bakery,114,3.648,False
2025-11-27,Vo Van Tan,District 3,Coffee,262,10.218,False
2025-11-27,Vo Van Tan,District 3,Tea,165,7.425,False
2025-11-27,Vo Van Tan,District 3,Smoothie,85,4.675,False
2025-11-27,Vo Van Tan,District 3,Bakery,86,2.752,False
2025-11-28,Vo Van Tan,District 3,Coffee,266,10.374,False
2025-11-28,Vo Van Tan,District 3,Tea,157,7.065,False
2025-11-28,Vo Van Tan,District 3,Smoothie,71,3.905,False
2025-11-28,Vo Van Tan,District 3,Bakery,91,2.912,False
2025-11-29,Vo Van Tan,District 3,Coffee,359,14.001,False
2025-11-29,Vo Van Tan,District 3,Tea,179,8.055,False
2025-11-29,Vo Van Tan,District 3,Smoothie,71,3.905,False
2025-11-29,Vo Van Tan,District 3,Bakery,119,3.808,False
2025-11-30,Vo Van Tan,District 3,Coffee,368,14.352,False
2025-11-30,Vo Van Tan,District 3,Tea,204,9.18,False
2025-11-30,Vo Van Tan,District 3,Smoothie,96,5.28,False
2025-11-30,Vo Van Tan,District 3,Bakery,141,4.512,False
2025-12-01,Vo Van Tan,District 3,Coffee,346,11.47,True
2025-12-01,Vo Van Tan,District 3,Tea,175,6.694,True
2025-12-01,Vo Van Tan,District 3,Smoothie,82,3.833,True
2025-12-01,Vo Van Tan,District 3,Bakery,113,3.074,True
2025-12-02,Vo Van Tan,District 3,Coffee,322,10.674,True
2025-12-02,Vo Van Tan,District 3,Tea,184,7.038,True
2025-12-02,Vo Van Tan,District 3,Smoothie,89,4.161,True
2025-12-02,Vo Van Tan,District 3,Bakery,115,3.128,True
2025-12-03,Vo Van Tan,District 3,Coffee,346,11.47,True
2025-12-03,Vo Van Tan,District 3,Tea,178,6.809,True
2025-12-03,Vo Van Tan,District 3,Smoothie,76,3.553,True
2025-12-03,Vo Van Tan,District 3,Bakery,130,3.536,True
2025-12-04,Vo Van Tan,District 3,Coffee,266,10.374,False
2025-12-04,Vo Van Tan,District 3,Tea,171,7.695,False
2025-12-04,Vo Van Tan,District 3,Smoothie,79,4.345,False
2025-12-04,Vo Van Tan,District 3,Bakery,93,2.976,False
2025-12-05,Vo Van Tan,District 3,Coffee,284,11.076,False
2025-12-05,Vo Van Tan,District 3,Tea,148,6.66,False
2025-12-05,Vo Van Tan,District 3,Smoothie,68,3.74,False
2025-12-05,Vo Van Tan,District 3,Bakery,88,2.816,False
2025-12-06,Vo Van Tan,District 3,Coffee,329,12.831,False
2025-12-06,Vo Van Tan,District 3,Tea,179,8.055,False
2025-12-06,Vo Van Tan,District 3,Smoothie,99,5.445,False
2025-12-06,Vo Van Tan,District 3,Bakery,141,4.512,False
2025-12-07,Vo Van Tan,District 3,Coffee,333,12.987,False
2025-12-07,Vo Van Tan,District 3,Tea,219,9.855,False
2025-12-07,Vo Van Tan,District 3,Smoothie,82,4.51,False
2025-12-07,Vo Van Tan,District 3,Bakery,129,4.128,False
2025-12-08,Vo Van Tan,District 3,Coffee,277,10.803,False
2025-12-08,Vo Van Tan,District 3,Tea,192,8.64,False
2025-12-08,Vo Van Tan,District 3,Smoothie,68,3.74,False
2025-12-08,Vo Van Tan,District 3,Bakery,117,3.744,False
2025-12-09,Vo Van Tan,District 3,Coffee,271,10.569,False
2025-12-09,Vo Van Tan,District 3,Tea,153,6.885,False
2025-12-09,Vo Van Tan,District 3,Smoothie,79,4.345,False
2025-12-09,Vo Van Tan,District 3,Bakery,103,3.296,False
2025-12-10,Vo Van Tan,District 3,Coffee,274,10.686,False
2025-12-10,Vo Van Tan,District 3,Tea,187,8.415,False
2025-12-10,Vo Van Tan,District 3,Smoothie,84,4.62,False
2025-12-10,Vo Van Tan,District 3,Bakery,104,3.328,False
2025-12-11,Vo Van Tan,District 3,Coffee,273,10.647,False
2025-12-11,Vo Van Tan,District 3,Tea,147,6.615,False
2025-12-11,Vo Van Tan,District 3,Smoothie,61,3.355,False
2025-12-11,Vo Van Tan,District 3,Bakery,109,3.488,False
2025-12-12,Vo Van Tan,District 3,Coffee,243,9.477,False
2025-12-12,Vo Van Tan,District 3,Tea,162,7.29,False
2025-12-12,Vo Van Tan,District 3,Smoothie,76,4.18,False
2025-12-12,Vo Van Tan,District 3,Bakery,97,3.104,False
2025-12-13,Vo Van Tan,District 3,Coffee,326,12.714,False
2025-12-13,Vo Van Tan,District 3,Tea,206,9.27,False
2025-12-13,Vo Van Tan,District 3,Smoothie,69,3.795,False
2025-12-13,Vo Van Tan,District 3,Bakery,131,4.192,False
2025-12-14,Vo Van Tan,District 3,Coffee,347,13.533,False
2025-12-14,Vo Van Tan,District 3,Tea,193,8.685,False
2025-12-14,Vo Van Tan,District 3,Smoothie,83,4.565,False
2025-12-14,Vo Van Tan,District 3,Bakery,129,4.128,False
2025-12-15,Vo Van Tan,District 3,Coffee,272,10.608,False
2025-12-15,Vo Van Tan,District 3,Tea,147,6.615,False
2025-12-15,Vo Van Tan,District 3,Smoothie,81,4.455,False
2025-12-15,Vo Van Tan,District 3,Bakery,110,3.52,False
2025-12-16,Vo Van Tan,District 3,Coffee,267,10.413,False
2025-12-16,Vo Van Tan,District 3,Tea,140,6.3,False
2025-12-16,Vo Van Tan,District 3,Smoothie,81,4.455,False
2025-12-16,Vo Van Tan,District 3,Bakery,108,3.456,False
2025-12-17,Vo Van Tan,District 3,Coffee,257,10.023,False
2025-12-17,Vo Van Tan,District 3,Tea,143,6.435,False
2025-12-17,Vo Van Tan,District 3,Smoothie,66,3.63,False
2025-12-17,Vo Van Tan,District 3,Bakery,102,3.264,False
2025-12-18,Vo Van Tan,District 3,Coffee,292,11.388,False
2025-12-18,Vo Van Tan,District 3,Tea,148,6.66,False
2025-12-18,Vo Van Tan,District 3,Smoothie,68,3.74,False
2025-12-18,Vo Van Tan,District 3,Bakery,104,3.328,False
2025-12-19,Vo Van Tan,District 3,Coffee,285,11.115,False
2025-12-19,Vo Van Tan,District 3,Tea,161,7.245,False
2025-12-19,Vo Van Tan,District 3,Smoothie,66,3.63,False
2025-12-19,Vo Van Tan,District 3,Bakery,114,3.648,False
2025-12-20,Vo Van Tan,District 3,Coffee,418,13.857,True
2025-12-20,Vo Van Tan,District 3,Tea,249,9.524,True
2025-12-20,Vo Van Tan,District 3,Smoothie,108,5.049,True
2025-12-20,Vo Van Tan,District 3,Bakery,148,4.026,True
2025-12-21,Vo Van Tan,District 3,Coffee,390,12.928,True
2025-12-21,Vo Van Tan,District 3,Tea,212,8.109,True
2025-12-21,Vo Van Tan,District 3,Smoothie,101,4.722,True
2025-12-21,Vo Van Tan,District 3,Bakery,142,3.862,True
2025-12-22,Vo Van Tan,District 3,Coffee,363,12.033,True
2025-12-22,Vo Van Tan,District 3,Tea,205,7.841,True
2025-12-22,Vo Van Tan,District 3,Smoothie,93,4.348,True
2025-12-22,Vo Van Tan,District 3,Bakery,131,3.563,True
2025-12-23,Vo Van Tan,District 3,Coffee,326,10.807,True
2025-12-23,Vo Van Tan,District 3,Tea,184,7.038,True
2025-12-23,Vo Van Tan,District 3,Smoothie,80,3.74,True
2025-12-23,Vo Van Tan,District 3,Bakery,127,3.454,True
2025-12-24,Vo Van Tan,District 3,Coffee,325,10.774,True
2025-12-24,Vo Van Tan,District 3,Tea,205,7.841,True
2025-12-24,Vo Van Tan,District 3,Smoothie,81,3.787,True
2025-12-24,Vo Van Tan,District 3,Bakery,131,3.563,True
2025-12-25,Vo Van Tan,District 3,Coffee,331,10.973,True
2025-12-25,Vo Van Tan,District 3,Tea,188,7.191,True
2025-12-25,Vo Van Tan,District 3,Smoothie,89,4.161,True
2025-12-25,Vo Van Tan,District 3,Bakery,130,3.536,True
2025-12-26,Vo Van Tan,District 3,Coffee,347,11.503,True
2025-12-26,Vo Van Tan,District 3,Tea,181,6.923,True
2025-12-26,Vo Van Tan,District 3,Smoothie,81,3.787,True
2025-12-26,Vo Van Tan,District 3,Bakery,130,3.536,True
2025-12-27,Vo Van Tan,District 3,Coffee,408,13.525,True
2025-12-27,Vo Van Tan,District 3,Tea,221,8.453,True
2025-12-27,Vo Van Tan,District 3,Smoothie,103,4.815,True
2025-12-27,Vo Van Tan,District 3,Bakery,179,4.869,True
2025-12-28,Vo Van Tan,District 3,Coffee,420,13.923,True
2025-12-28,Vo Van Tan,District 3,Tea,256,9.792,True
2025-12-28,Vo Van Tan,District 3,Smoothie,109,5.096,True
2025-12-28,Vo Van Tan,District 3,Bakery,165,4.488,True
2025-12-29,Vo Van Tan,District 3,Coffee,357,11.835,True
2025-12-29,Vo Van Tan,District 3,Tea,173,6.617,True
2025-12-29,Vo Van Tan,District 3,Smoothie,104,4.862,True
2025-12-29,Vo Van Tan,District 3,Bakery,135,3.672,True
2025-12-30,Vo Van Tan,District 3,Coffee,352,11.669,True
2025-12-30,Vo Van Tan,District 3,Tea,171,6.541,True
2025-12-30,Vo Van Tan,District 3,Smoothie,82,3.833,True
2025-12-30,Vo Van Tan,District 3,Bakery,116,3.155,True
2025-12-31,Vo Van Tan,District 3,Coffee,337,11.172,True
2025-12-31,Vo Van Tan,District 3,Tea,168,6.426,True
2025-12-31,Vo Van Tan,District 3,Smoothie,94,4.394,True
2025-12-31,Vo Van Tan,District 3,Bakery,114,3.101,True
2024-07-01,Thao Dien,Thu Duc City,Coffee,138,4.575,True
2024-07-01,Thao Dien,Thu Duc City,Tea,113,4.322,True
2024-07-01,Thao Dien,Thu Duc City,Smoothie,39,1.823,True
2024-07-01,Thao Dien,Thu Duc City,Bakery,57,1.55,True
2024-07-02,Thao Dien,Thu Duc City,Coffee,168,5.569,True
2024-07-02,Thao Dien,Thu Duc City,Tea,100,3.825,True
2024-07-02,Thao Dien,Thu Duc City,Smoothie,39,1.823,True
2024-07-02,Thao Dien,Thu Duc City,Bakery,58,1.578,True
2024-07-03,Thao Dien,Thu Duc City,Coffee,136,4.508,True
2024-07-03,Thao Dien,Thu Duc City,Tea,92,3.519,True
2024-07-03,Thao Dien,Thu Duc City,Smoothie,38,1.776,True
2024-07-03,Thao Dien,Thu Duc City,Bakery,48,1.306,True
2024-07-04,Thao Dien,Thu Duc City,Coffee,120,4.68,False
2024-07-04,Thao Dien,Thu Duc City,Tea,79,3.555,False
2024-07-04,Thao Dien,Thu Duc City,Smoothie,31,1.705,False
2024-07-04,Thao Dien,Thu Duc City,Bakery,38,1.216,False
2024-07-05,Thao Dien,Thu Duc City,Coffee,116,4.524,False
2024-07-05,Thao Dien,Thu Duc City,Tea,70,3.15,False
2024-07-05,Thao Dien,Thu Duc City,Smoothie,28,1.54,False
2024-07-05,Thao Dien,Thu Duc City,Bakery,58,1.856,False
2024-07-06,Thao Dien,Thu Duc City,Coffee,141,5.499,False
2024-07-06,Thao Dien,Thu Duc City,Tea,88,3.96,False
2024-07-06,Thao Dien,Thu Duc City,Smoothie,29,1.595,False
2024-07-06,Thao Dien,Thu Duc City,Bakery,78,2.496,False
2024-07-07,Thao Dien,Thu Duc City,Coffee,150,5.85,False
2024-07-07,Thao Dien,Thu Duc City,Tea,107,4.815,False
2024-07-07,Thao Dien,Thu Duc City,Smoothie,44,2.42,False
2024-07-07,Thao Dien,Thu Duc City,Bakery,65,2.08,False
2024-07-08,Thao Dien,Thu Duc City,Coffee,132,5.148,False
2024-07-08,Thao Dien,Thu Duc City,Tea,88,3.96,False
2024-07-08,Thao Dien,Thu Duc City,Smoothie,33,1.815,False
2024-07-08,Thao Dien,Thu Duc City,Bakery,52,1.664,False
2024-07-09,Thao Dien,Thu Duc City,Coffee,131,5.109,False
2024-07-09,Thao Dien,Thu Duc City,Tea,94,4.23,False
2024-07-09,Thao Dien,Thu Duc City,Smoothie,34,1.87,False
2024-07-09,Thao Dien,Thu Duc City,Bakery,66,2.112,False
2024-07-10,Thao Dien,Thu Duc City,Coffee,136,5.304,False
2024-07-10,Thao Dien,Thu Duc City,Tea,88,3.96,False
2024-07-10,Thao Dien,Thu Duc City,Smoothie,35,1.925,False
2024-07-10,Thao Dien,Thu Duc City,Bakery,60,1.92,False
2024-07-11,Thao Dien,Thu Duc City,Coffee,123,4.797,False
2024-07-11,Thao Dien,Thu Duc City,Tea,88,3.96,False
2024-07-11,Thao Dien,Thu Duc City,Smoothie,43,2.365,False
2024-07-11,Thao Dien,Thu Duc City,Bakery,47,1.504,False
2024-07-12,Thao Dien,Thu Duc City,Coffee,161,6.279,False
2024-07-12,Thao Dien,Thu Duc City,Tea,77,3.465,False
2024-07-12,Thao Dien,Thu Duc City,Smoothie,34,1.87,False
2024-07-12,Thao Dien,Thu Duc City,Bakery,47,1.504,False
2024-07-13,Thao Dien,Thu Duc City,Coffee,179,6.981,False
2024-07-13,Thao Dien,Thu Duc City,Tea,114,5.13,False
2024-07-13,Thao Dien,Thu Duc City,Smoothie,41,2.255,False
2024-07-13,Thao Dien,Thu Duc City,Bakery,84,2.688,False
2024-07-14,Thao Dien,Thu Duc City,Coffee,179,6.981,False
2024-07-14,Thao Dien,Thu Duc City,Tea,124,5.58,False
2024-07-14,Thao Dien,Thu Duc City,Smoothie,44,2.42,False
2024-07-14,Thao Dien,Thu Duc City,Bakery,57,1.824,False
2024-07-15,Thao Dien,Thu Duc City,Coffee,138,5.382,False
2024-07-15,Thao Dien,Thu Duc City,Tea,95,4.275,False
2024-07-15,Thao Dien,Thu Duc City,Smoothie,43,2.365,False
2024-07-15,Thao Dien,Thu Duc City,Bakery,55,1.76,False
2024-07-16,Thao Dien,Thu Duc City,Coffee,128,4.992,False
2024-07-16,Thao Dien,Thu Duc City,Tea,88,3.96,False
2024-07-16,Thao Dien,Thu Duc City,Smoothie,32,1.76,False
2024-07-16,Thao Dien,Thu Duc City,Bakery,48,1.536,False
2024-07-17,Thao Dien,Thu Duc City,Coffee,116,4.524,False
2024-07-17,Thao Dien,Thu Duc City,Tea,80,3.6,False
2024-07-17,Thao Dien,Thu Duc City,Smoothie,34,1.87,False
2024-07-17,Thao Dien,Thu Duc City,Bakery,44,1.408,False
2024-07-18,Thao Dien,Thu Duc City,Coffee,149,5.811,False
2024-07-18,Thao Dien,Thu Duc City,Tea,94,4.23,False
2024-07-18,Thao Dien,Thu Duc City,Smoothie,27,1.485,False
2024-07-18,Thao Dien,Thu Duc City,Bakery,60,1.92,False
2024-07-19,Thao Dien,Thu Duc City,Coffee,147,5.733,False
2024-07-19,Thao Dien,Thu Duc City,Tea,92,4.14,False
2024-07-19,Thao Dien,Thu Duc City,Smoothie,33,1.815,False
2024-07-19,Thao Dien,Thu Duc City,Bakery,51,1.632,False
2024-07-20,Thao Dien,Thu Duc City,Coffee,164,6.396,False
2024-07-20,Thao Dien,Thu Duc City,Tea,111,4.995,False
2024-07-20,Thao Dien,Thu Duc City,Smoothie,46,2.53,False
2024-07-20,Thao Dien,Thu Duc City,Bakery,63,2.016,False
2024-07-21,Thao Dien,Thu Duc City,Coffee,184,7.176,False
2024-07-21,Thao Dien,Thu Duc City,Tea,125,5.625,False
2024-07-21,Thao Dien,Thu Duc City,Smoothie,55,3.025,False
2024-07-21,Thao Dien,Thu Duc City,Bakery,71,2.272,False
2024-07-22,Thao Dien,Thu Duc City,Coffee,133,5.187,False
2024-07-22,Thao Dien,Thu Duc City,Tea,101,4.545,False
2024-07-22,Thao Dien,Thu Duc City,Smoothie,44,2.42,False
2024-07-22,Thao Dien,Thu Duc City,Bakery,64,2.048,False
2024-07-23,Thao Dien,Thu Duc City,Coffee,169,6.591,False
2024-07-23,Thao Dien,Thu Duc City,Tea,95,4.275,False
2024-07-23,Thao Dien,Thu Duc City,Smoothie,35,1.925,False
2024-07-23,Thao Dien,Thu Duc City,Bakery,50,1.6,False
2024-07-24,Thao Dien,Thu Duc City,Coffee,174,6.786,False
2024-07-24,Thao Dien,Thu Duc City,Tea,97,4.365,False
2024-07-24,Thao Dien,Thu Duc City,Smoothie,39,2.145,False
2024-07-24,Thao Dien,Thu Duc City,Bakery,57,1.824,False
2024-07-25,Thao Dien,Thu Duc City,Coffee,141,5.499,False
2024-07-25,Thao Dien,Thu Duc City,Tea,101,4.545,False
2024-07-25,Thao Dien,Thu Duc City,Smoothie,32,1.76,False
2024-07-25,Thao Dien,Thu Duc City,Bakery,56,1.792,False
2024-07-26,Thao Dien,Thu Duc City,Coffee,175,6.825,False
2024-07-26,Thao Dien,Thu Duc City,Tea,99,4.455,False
2024-07-26,Thao Dien,Thu Duc City,Smoothie,33,1.815,False
2024-07-26,Thao Dien,Thu Duc City,Bakery,66,2.112,False
2024-07-27,Thao Dien,Thu Duc City,Coffee,206,8.034,False
2024-07-27,Thao Dien,Thu Duc City,Tea,123,5.535,False
2024-07-27,Thao Dien,Thu Duc City,Smoothie,51,2.805,False
2024-07-27,Thao Dien,Thu Duc City,Bakery,80,2.56,False
2024-07-28,Thao Dien,Thu Duc City,Coffee,223,8.697,False
2024-07-28,Thao Dien,Thu Duc City,Tea,141,6.345,False
2024-07-28,Thao Dien,Thu Duc City,Smoothie,43,2.365,False
2024-07-28,Thao Dien,Thu Duc City,Bakery,73,2.336,False
2024-07-29,Thao Dien,Thu Duc City,Coffee,157,6.123,False
2024-07-29,Thao Dien,Thu Duc City,Tea,96,4.32,False
2024-07-29,Thao Dien,Thu Duc City,Smoothie,44,2.42,False
2024-07-29,Thao Dien,Thu Duc City,Bakery,59,1.888,False
2024-07-30,Thao Dien,Thu Duc City,Coffee,160,6.24,False
2024-07-30,Thao Dien,Thu Duc City,Tea,107,4.815,False
2024-07-30,Thao Dien,Thu Duc City,Smoothie,50,2.75,False
2024-07-30,Thao Dien,Thu Duc City,Bakery,47,1.504,False
2024-07-31,Thao Dien,Thu Duc City,Coffee,157,6.123,False
2024-07-31,Thao Dien,Thu Duc City,Tea,111,4.995,False
2024-07-31,Thao Dien,Thu Duc City,Smoothie,45,2.475,False
2024-07-31,Thao Dien,Thu Duc City,Bakery,60,1.92,False
2024-08-01,Thao Dien,Thu Duc City,Coffee,203,6.729,True
2024-08-01,Thao Dien,Thu Duc City,Tea,135,5.164,True
2024-08-01,Thao Dien,Thu Duc City,Smoothie,52,2.431,True
2024-08-01,Thao Dien,Thu Duc City,Bakery,81,2.203,True
2024-08-02,Thao Dien,Thu Duc City,Coffee,213,7.061,True
2024-08-02,Thao Dien,Thu Duc City,Tea,130,4.973,True
2024-08-02,Thao Dien,Thu Duc City,Smoothie,56,2.618,True
2024-08-02,Thao Dien,Thu Duc City,Bakery,80,2.176,True
2024-08-03,Thao Dien,Thu Duc City,Coffee,215,7.127,True
2024-08-03,Thao Dien,Thu Duc City,Tea,168,6.426,True
2024-08-03,Thao Dien,Thu Duc City,Smoothie,81,3.787,True
2024-08-03,Thao Dien,Thu Duc City,Bakery,109,2.965,True
2024-08-04,Thao Dien,Thu Duc City,Coffee,233,9.087,False
2024-08-04,Thao Dien,Thu Duc City,Tea,123,5.535,False
2024-08-04,Thao Dien,Thu Duc City,Smoothie,60,3.3,False
2024-08-04,Thao Dien,Thu Duc City,Bakery,97,3.104,False
2024-08-05,Thao Dien,Thu Duc City,Coffee,188,7.332,False
2024-08-05,Thao Dien,Thu Duc City,Tea,105,4.725,False
2024-08-05,Thao Dien,Thu Duc City,Smoothie,38,2.09,False
2024-08-05,Thao Dien,Thu Duc City,Bakery,73,2.336,False
2024-08-06,Thao Dien,Thu Duc City,Coffee,158,6.162,False
2024-08-06,Thao Dien,Thu Duc City,Tea,111,4.995,False
2024-08-06,Thao Dien,Thu Duc City,Smoothie,51,2.805,False
2024-08-06,Thao Dien,Thu Duc City,Bakery,75,2.4,False
2024-08-07,Thao Dien,Thu Duc City,Coffee,182,7.098,False
2024-08-07,Thao Dien,Thu Duc City,Tea,111,4.995,False
2024-08-07,Thao Dien,Thu Duc City,Smoothie,42,2.31,False
2024-08-07,Thao Dien,Thu Duc City,Bakery,60,1.92,False
2024-08-08,Thao Dien,Thu Duc City,Coffee,164,6.396,False
2024-08-08,Thao Dien,Thu Duc City,Tea,112,5.04,False
2024-08-08,Thao Dien,Thu Duc City,Smoothie,48,2.64,False
2024-08-08,Thao Dien,Thu Duc City,Bakery,87,2.784,False
2024-08-09,Thao Dien,Thu Duc City,Coffee,196,7.644,False
2024-08-09,Thao Dien,Thu Duc City,Tea,121,5.445,False
2024-08-09,Thao Dien,Thu Duc City,Smoothie,43,2.365,False
2024-08-09,Thao Dien,Thu Duc City,Bakery,64,2.048,False
2024-08-10,Thao Dien,Thu Duc City,Coffee,231,9.009,False
2024-08-10,Thao Dien,Thu Duc City,Tea,147,6.615,False
2024-08-10,Thao Dien,Thu Duc City,Smoothie,58,3.19,False
2024-08-10,Thao Dien,Thu Duc City,Bakery,85,2.72,False
2024-08-11,Thao Dien,Thu Duc City,Coffee,234,9.126,False
2024-08-11,Thao Dien,Thu Duc City,Tea,137,6.165,False
2024-08-11,Thao Dien,Thu Duc City,Smoothie,51,2.805,False
2024-08-11,Thao Dien,Thu Duc City,Bakery,87,2.784,False
2024-08-12,Thao Dien,Thu Duc City,Coffee,202,7.878,False
2024-08-12,Thao Dien,Thu Duc City,Tea,126,5.67,False
2024-08-12,Thao Dien,Thu Duc City,Smoothie,47,2.585,False
2024-08-12,Thao Dien,Thu Duc City,Bakery,74,2.368,False
2024-08-13,Thao Dien,Thu Duc City,Coffee,195,7.605,False
2024-08-13,Thao Dien,Thu Duc City,Tea,112,5.04,False
2024-08-13,Thao Dien,Thu Duc City,Smoothie,43,2.365,False
2024-08-13,Thao Dien,Thu Duc City,Bakery,67,2.144,False
2024-08-14,Thao Dien,Thu Duc City,Coffee,184,7.176,False
2024-08-14,Thao Dien,Thu Duc City,Tea,101,4.545,False
2024-08-14,Thao Dien,Thu Duc City,Smoothie,39,2.145,False
2024-08-14,Thao Dien,Thu Duc City,Bakery,76,2.432,False
2024-08-15,Thao Dien,Thu Duc City,Coffee,182,7.098,False
2024-08-15,Thao Dien,Thu Duc City,Tea,121,5.445,False
2024-08-15,Thao Dien,Thu Duc City,Smoothie,52,2.86,False
2024-08-15,Thao Dien,Thu Duc City,Bakery,70,2.24,False
2024-08-16,Thao Dien,Thu Duc City,Coffee,184,7.176,False
2024-08-16,Thao Dien,Thu Duc City,Tea,109,4.905,False
2024-08-16,Thao Dien,Thu Duc City,Smoothie,46,2.53,False
2024-08-16,Thao Dien,Thu Duc City,Bakery,71,2.272,False
2024-08-17,Thao Dien,Thu Duc City,Coffee,227,8.853,False
2024-08-17,Thao Dien,Thu Duc City,Tea,155,6.975,False
2024-08-17,Thao Dien,Thu Duc City,Smoothie,60,3.3,False
2024-08-17,Thao Dien,Thu Duc City,Bakery,89,2.848,False
2024-08-18,Thao Dien,Thu Duc City,Coffee,265,10.335,False
2024-08-18,Thao Dien,Thu Duc City,Tea,160,7.2,False
2024-08-18,Thao Dien,Thu Duc City,Smoothie,75,4.125,False
2024-08-18,Thao Dien,Thu Duc City,Bakery,75,2.4,False
2024-08-19,Thao Dien,Thu Duc City,Coffee,207,8.073,False
2024-08-19,Thao Dien,Thu Duc City,Tea,129,5.805,False
2024-08-19,Thao Dien,Thu Duc City,Smoothie,46,2.53,False
2024-08-19,Thao Dien,Thu Duc City,Bakery,72,2.304,False
2024-08-20,Thao Dien,Thu Duc City,Coffee,188,7.332,False
2024-08-20,Thao Dien,Thu Duc City,Tea,134,6.03,False
2024-08-20,Thao Dien,Thu Duc City,Smoothie,53,2.915,False
2024-08-20,Thao Dien,Thu Duc City,Bakery,72,2.304,False
2024-08-21,Thao Dien,Thu Duc City,Coffee,189,7.371,False
2024-08-21,Thao Dien,Thu Duc City,Tea,126,5.67,False
2024-08-21,Thao Dien,Thu Duc City,Smoothie,46,2.53,False
2024-08-21,Thao Dien,Thu Duc City,Bakery,87,2.784,False
2024-08-22,Thao Dien,Thu Duc City,Coffee,211,8.229,False
2024-08-22,Thao Dien,Thu Duc City,Tea,130,5.85,False
2024-08-22,Thao Dien,Thu Duc City,Smoothie,44,2.42,False
2024-08-22,Thao Dien,Thu Duc City,Bakery,74,2.368,False
2024-08-23,Thao Dien,Thu Duc City,Coffee,202,7.878,False
2024-08-23,Thao Dien,Thu Duc City,Tea,125,5.625,False
2024-08-23,Thao Dien,Thu Duc City,Smoothie,47,2.585,False
2024-08-23,Thao Dien,Thu Duc City,Bakery,78,2.496,False
2024-08-24,Thao Dien,Thu Duc City,Coffee,236,9.204,False
2024-08-24,Thao Dien,Thu Duc City,Tea,175,7.875,False
2024-08-24,Thao Dien,Thu Duc City,Smoothie,61,3.355,False
2024-08-24,Thao Dien,Thu Duc City,Bakery,101,3.232,False
2024-08-25,Thao Dien,Thu Duc City,Coffee,248,9.672,False
2024-08-25,Thao Dien,Thu Duc City,Tea,171,7.695,False
2024-08-25,Thao Dien,Thu Duc City,Smoothie,52,2.86,False
2024-08-25,Thao Dien,Thu Duc City,Bakery,96,3.072,False
2024-08-26,Thao Dien,Thu Duc City,Coffee,202,7.878,False
2024-08-26,Thao Dien,Thu Duc City,Tea,138,6.21,False
2024-08-26,Thao Dien,Thu Duc City,Smoothie,54,2.97,False
2024-08-26,Thao Dien,Thu Duc City,Bakery,69,2.208,False
2024-08-27,Thao Dien,Thu Duc City,Coffee,203,7.917,False
2024-08-27,Thao Dien,Thu Duc City,Tea,125,5.625,False
2024-08-27,Thao Dien,Thu Duc City,Smoothie,51,2.805,False
2024-08-27,Thao Dien,Thu Duc City,Bakery,78,2.496,False
2024-08-28,Thao Dien,Thu Duc City,Coffee,227,8.853,False
2024-08-28,Thao Dien,Thu Duc City,Tea,122,5.49,False
2024-08-28,Thao Dien,Thu Duc City,Smoothie,57,3.135,False
2024-08-28,Thao Dien,Thu Duc City,Bakery,83,2.656,False
2024-08-29,Thao Dien,Thu Duc City,Coffee,226,8.814,False
2024-08-29,Thao Dien,Thu Duc City,Tea,117,5.265,False
2024-08-29,Thao Dien,Thu Duc City,Smoothie,67,3.685,False
2024-08-29,Thao Dien,Thu Duc City,Bakery,79,2.528,False
2024-08-30,Thao Dien,Thu Duc City,Coffee,225,8.775,False
2024-08-30,Thao Dien,Thu Duc City,Tea,145,6.525,False
2024-08-30,Thao Dien,Thu Duc City,Smoothie,36,1.98,False
2024-08-30,Thao Dien,Thu Duc City,Bakery,87,2.784,False
2024-08-31,Thao Dien,Thu Duc City,Coffee,231,9.009,False
2024-08-31,Thao Dien,Thu Duc City,Tea,155,6.975,False
2024-08-31,Thao Dien,Thu Duc City,Smoothie,77,4.235,False
2024-08-31,Thao Dien,Thu Duc City,Bakery,105,3.36,False
2024-09-01,Thao Dien,Thu Duc City,Coffee,300,9.945,True
2024-09-01,Thao Dien,Thu Duc City,Tea,188,7.191,True
2024-09-01,Thao Dien,Thu Duc City,Smoothie,86,4.021,True
2024-09-01,Thao Dien,Thu Duc City,Bakery,134,3.645,True
2024-09-02,Thao Dien,Thu Duc City,Coffee,257,8.52,True
2024-09-02,Thao Dien,Thu Duc City,Tea,141,5.393,True
2024-09-02,Thao Dien,Thu Duc City,Smoothie,79,3.693,True
2024-09-02,Thao Dien,Thu Duc City,Bakery,96,2.611,True
2024-09-03,Thao Dien,Thu Duc City,Coffee,210,6.962,True
2024-09-03,Thao Dien,Thu Duc City,Tea,166,6.349,True
2024-09-03,Thao Dien,Thu Duc City,Smoothie,58,2.712,True
2024-09-03,Thao Dien,Thu Duc City,Bakery,95,2.584,True
2024-09-04,Thao Dien,Thu Duc City,Coffee,216,8.424,False
2024-09-04,Thao Dien,Thu Duc City,Tea,136,6.12,False
2024-09-04,Thao Dien,Thu Duc City,Smoothie,64,3.52,False
2024-09-04,Thao Dien,Thu Duc City,Bakery,76,2.432,False
2024-09-05,Thao Dien,Thu Duc City,Coffee,208,8.112,False
2024-09-05,Thao Dien,Thu Duc City,Tea,119,5.355,False
2024-09-05,Thao Dien,Thu Duc City,Smoothie,57,3.135,False
2024-09-05,Thao Dien,Thu Duc City,Bakery,88,2.816,False
2024-09-06,Thao Dien,Thu Duc City,Coffee,211,8.229,False
2024-09-06,Thao Dien,Thu Duc City,Tea,148,6.66,False
2024-09-06,Thao Dien,Thu Duc City,Smoothie,51,2.805,False
2024-09-06,Thao Dien,Thu Duc City,Bakery,83,2.656,False
2024-09-07,Thao Dien,Thu Duc City,Coffee,264,10.296,False
2024-09-07,Thao Dien,Thu Duc City,Tea,160,7.2,False
2024-09-07,Thao Dien,Thu Duc City,Smoothie,72,3.96,False
2024-09-07,Thao Dien,Thu Duc City,Bakery,99,3.168,False
2024-09-08,Thao Dien,Thu Duc City,Coffee,260,10.14,False
2024-09-08,Thao Dien,Thu Duc City,Tea,156,7.02,False
2024-09-08,Thao Dien,Thu Duc City,Smoothie,78,4.29,False
2024-09-08,Thao Dien,Thu Duc City,Bakery,101,3.232,False
2024-09-09,Thao Dien,Thu Duc City,Coffee,203,7.917,False
2024-09-09,Thao Dien,Thu Duc City,Tea,115,5.175,False
2024-09-09,Thao Dien,Thu Duc City,Smoothie,41,2.255,False
2024-09-09,Thao Dien,Thu Duc City,Bakery,100,3.2,False
2024-09-10,Thao Dien,Thu Duc City,Coffee,211,8.229,False
2024-09-10,Thao Dien,Thu Duc City,Tea,151,6.795,False
2024-09-10,Thao Dien,Thu Duc City,Smoothie,51,2.805,False
2024-09-10,Thao Dien,Thu Duc City,Bakery,54,1.728,False
2024-09-11,Thao Dien,Thu Duc City,Coffee,220,8.58,False
2024-09-11,Thao Dien,Thu Duc City,Tea,157,7.065,False
2024-09-11,Thao Dien,Thu Duc City,Smoothie,55,3.025,False
2024-09-11,Thao Dien,Thu Duc City,Bakery,82,2.624,False
2024-09-12,Thao Dien,Thu Duc City,Coffee,209,8.151,False
2024-09-12,Thao Dien,Thu Duc City,Tea,144,6.48,False
2024-09-12,Thao Dien,Thu Duc City,Smoothie,52,2.86,False
2024-09-12,Thao Dien,Thu Duc City,Bakery,74,2.368,False
2024-09-13,Thao Dien,Thu Duc City,Coffee,247,9.633,False
2024-09-13,Thao Dien,Thu Duc City,Tea,120,5.4,False
2024-09-13,Thao Dien,Thu Duc City,Smoothie,40,2.2,False
2024-09-13,Thao Dien,Thu Duc City,Bakery,61,1.952,False
2024-09-14,Thao Dien,Thu Duc City,Coffee,255,9.945,False
2024-09-14,Thao Dien,Thu Duc City,Tea,156,7.02,False
2024-09-14,Thao Dien,Thu Duc City,Smoothie,69,3.795,False
2024-09-14,Thao Dien,Thu Duc City,Bakery,96,3.072,False
2024-09-15,Thao Dien,Thu Duc City,Coffee,250,9.75,False
2024-09-15,Thao Dien,Thu Duc City,Tea,165,7.425,False
2024-09-15,Thao Dien,Thu Duc City,Smoothie,82,4.51,False
2024-09-15,Thao Dien,Thu Duc City,Bakery,85,2.72,False
2024-09-16,Thao Dien,Thu Duc City,Coffee,190,7.41,False
2024-09-16,Thao Dien,Thu Duc City,Tea,121,5.445,False
2024-09-16,Thao Dien,Thu Duc City,Smoothie,56,3.08,False
2024-09-16,Thao Dien,Thu Duc City,Bakery,94,3.008,False
2024-09-17,Thao Dien,Thu Duc City,Coffee,191,7.449,False
2024-09-17,Thao Dien,Thu Duc City,Tea,122,5.49,False
2024-09-17,Thao Dien,Thu Duc City,Smoothie,64,3.52,False
2024-09-17,Thao Dien,Thu Duc City,Bakery,80,2.56,False
2024-09-18,Thao Dien,Thu Duc City,Coffee,215,8.385,False
2024-09-18,Thao Dien,Thu Duc City,Tea,104,4.68,False
2024-09-18,Thao Dien,Thu Duc City,Smoothie,54,2.97,False
2024-09-18,Thao Dien,Thu Duc City,Bakery,74,2.368,False
2024-09-19,Thao Dien,Thu Duc City,Coffee,214,8.346,False
2024-09-19,Thao Dien,Thu Duc City,Tea,128,5.76,False
2024-09-19,Thao Dien,Thu Duc City,Smoothie,58,3.19,False
2024-09-19,Thao Dien,Thu Duc City,Bakery,83,2.656,False
2024-09-20,Thao Dien,Thu Duc City,Coffee,192,7.488,False
2024-09-20,Thao Dien,Thu Duc City,Tea,115,5.175,False
2024-09-20,Thao Dien,Thu Duc City,Smoothie,64,3.52,False
2024-09-20,Thao Dien,Thu Duc City,Bakery,95,3.04,False
2024-09-21,Thao Dien,Thu Duc City,Coffee,249,9.711,False
2024-09-21,Thao Dien,Thu Duc City,Tea,158,7.11,False
2024-09-21,Thao Dien,Thu Duc City,Smoothie,63,3.465,False
2024-09-21,Thao Dien,Thu Duc City,Bakery,83,2.656,False
2024-09-22,Thao Dien,Thu Duc City,Coffee,231,9.009,False
2024-09-22,Thao Dien,Thu Duc City,Tea,178,8.01,False
2024-09-22,Thao Dien,Thu Duc City,Smoothie,64,3.52,False
2024-09-22,Thao Dien,Thu Duc City,Bakery,116,3.712,False
2024-09-23,Thao Dien,Thu Duc City,Coffee,203,7.917,False
2024-09-23,Thao Dien,Thu Duc City,Tea,120,5.4,False
2024-09-23,Thao Dien,Thu Duc City,Smoothie,42,2.31,False
2024-09-23,Thao Dien,Thu Duc City,Bakery,76,2.432,False
2024-09-24,Thao Dien,Thu Duc City,Coffee,200,7.8,False
2024-09-24,Thao Dien,Thu Duc City,Tea,116,5.22,False
2024-09-24,Thao Dien,Thu Duc City,Smoothie,50,2.75,False
2024-09-24,Thao Dien,Thu Duc City,Bakery,71,2.272,False
2024-09-25,Thao Dien,Thu Duc City,Coffee,188,7.332,False
2024-09-25,Thao Dien,Thu Duc City,Tea,134,6.03,False
2024-09-25,Thao Dien,Thu Duc City,Smoothie,58,3.19,False
2024-09-25,Thao Dien,Thu Duc City,Bakery,82,2.624,False
2024-09-26,Thao Dien,Thu Duc City,Coffee,182,7.098,False
2024-09-26,Thao Dien,Thu Duc City,Tea,139,6.255,False
2024-09-26,Thao Dien,Thu Duc City,Smoothie,48,2.64,False
2024-09-26,Thao Dien,Thu Duc City,Bakery,81,2.592,False
2024-09-27,Thao Dien,Thu Duc City,Coffee,214,8.346,False
2024-09-27,Thao Dien,Thu Duc City,Tea,135,6.075,False
2024-09-27,Thao Dien,Thu Duc City,Smoothie,59,3.245,False
2024-09-27,Thao Dien,Thu Duc City,Bakery,67,2.144,False
2024-09-28,Thao Dien,Thu Duc City,Coffee,249,9.711,False
2024-09-28,Thao Dien,Thu Duc City,Tea,156,7.02,False
2024-09-28,Thao Dien,Thu Duc City,Smoothie,56,3.08,False
2024-09-28,Thao Dien,Thu Duc City,Bakery,96,3.072,False
2024-09-29,Thao Dien,Thu Duc City,Coffee,256,9.984,False
2024-09-29,Thao Dien,Thu Duc City,Tea,133,5.985,False
2024-09-29,Thao Dien,Thu Duc City,Smoothie,74,4.07,False
2024-09-29,Thao Dien,Thu Duc City,Bakery,110,3.52,False
2024-09-30,Thao Dien,Thu Duc City,Coffee,207,8.073,False
2024-09-30,Thao Dien,Thu Duc City,Tea,117,5.265,False
2024-09-30,Thao Dien,Thu Duc City,Smoothie,49,2.695,False
2024-09-30,Thao Dien,Thu Duc City,Bakery,86,2.752,False
2024-10-01,Thao Dien,Thu Duc City,Coffee,266,8.818,True
2024-10-01,Thao Dien,Thu Duc City,Tea,145,5.546,True
2024-10-01,Thao Dien,Thu Duc City,Smoothie,62,2.898,True
2024-10-01,Thao Dien,Thu Duc City,Bakery,79,2.149,True
2024-10-02,Thao Dien,Thu Duc City,Coffee,244,8.089,True
2024-10-02,Thao Dien,Thu Duc City,Tea,158,6.043,True
2024-10-02,Thao Dien,Thu Duc City,Smoothie,70,3.272,True
2024-10-02,Thao Dien,Thu Duc City,Bakery,97,2.638,True
2024-10-03,Thao Dien,Thu Duc City,Coffee,251,8.321,True
2024-10-03,Thao Dien,Thu Duc City,Tea,155,5.929,True
2024-10-03,Thao Dien,Thu Duc City,Smoothie,65,3.039,True
2024-10-03,Thao Dien,Thu Duc City,Bakery,77,2.094,True
2024-10-04,Thao Dien,Thu Duc City,Coffee,199,7.761,False
2024-10-04,Thao Dien,Thu Duc City,Tea,119,5.355,False
2024-10-04,Thao Dien,Thu Duc City,Smoothie,47,2.585,False
2024-10-04,Thao Dien,Thu Duc City,Bakery,71,2.272,False
2024-10-05,Thao Dien,Thu Duc City,Coffee,263,10.257,False
2024-10-05,Thao Dien,Thu Duc City,Tea,184,8.28,False
2024-10-05,Thao Dien,Thu Duc City,Smoothie,69,3.795,False
2024-10-05,Thao Dien,Thu Duc City,Bakery,79,2.528,False
2024-10-06,Thao Dien,Thu Duc City,Coffee,259,10.101,False
2024-10-06,Thao Dien,Thu Duc City,Tea,142,6.39,False
2024-10-06,Thao Dien,Thu Duc City,Smoothie,61,3.355,False
2024-10-06,Thao Dien,Thu Duc City,Bakery,96,3.072,False
2024-10-07,Thao Dien,Thu Duc City,Coffee,212,8.268,False
2024-10-07,Thao Dien,Thu Duc City,Tea,116,5.22,False
2024-10-07,Thao Dien,Thu Duc City,Smoothie,54,2.97,False
2024-10-07,Thao Dien,Thu Duc City,Bakery,85,2.72,False
2024-10-08,Thao Dien,Thu Duc City,Coffee,214,8.346,False
2024-10-08,Thao Dien,Thu Duc City,Tea,121,5.445,False
2024-10-08,Thao Dien,Thu Duc City,Smoothie,53,2.915,False
2024-10-08,Thao Dien,Thu Duc City,Bakery,83,2.656,False
2024-10-09,Thao Dien,Thu Duc City,Coffee,186,7.254,False
2024-10-09,Thao Dien,Thu Duc City,Tea,140,6.3,False
2024-10-09,Thao Dien,Thu Duc City,Smoothie,53,2.915,False
2024-10-09,Thao Dien,Thu Duc City,Bakery,87,2.784,False
2024-10-10,Thao Dien,Thu Duc City,Coffee,217,8.463,False
2024-10-10,Thao Dien,Thu Duc City,Tea,135,6.075,False
2024-10-10,Thao Dien,Thu Duc City,Smoothie,66,3.63,False
2024-10-10,Thao Dien,Thu Duc City,Bakery,68,2.176,False
2024-10-11,Thao Dien,Thu Duc City,Coffee,193,7.527,False
2024-10-11,Thao Dien,Thu Duc City,Tea,131,5.895,False
2024-10-11,Thao Dien,Thu Duc City,Smoothie,58,3.19,False
2024-10-11,Thao Dien,Thu Duc City,Bakery,80,2.56,False
2024-10-12,Thao Dien,Thu Duc City,Coffee,282,10.998,False
2024-10-12,Thao Dien,Thu Duc City,Tea,152,6.84,False
2024-10-12,Thao Dien,Thu Duc City,Smoothie,63,3.465,False
2024-10-12,Thao Dien,Thu Duc City,Bakery,109,3.488,False
2024-10-13,Thao Dien,Thu Duc City,Coffee,253,9.867,False
2024-10-13,Thao Dien,Thu Duc City,Tea,160,7.2,False
2024-10-13,Thao Dien,Thu Duc City,Smoothie,69,3.795,False
2024-10-13,Thao Dien,Thu Duc City,Bakery,107,3.424,False
2024-10-14,Thao Dien,Thu Duc City,Coffee,217,8.463,False
2024-10-14,Thao Dien,Thu Duc City,Tea,120,5.4,False
2024-10-14,Thao Dien,Thu Duc City,Smoothie,45,2.475,False
2024-10-14,Thao Dien,Thu Duc City,Bakery,86,2.752,False
2024-10-15,Thao Dien,Thu Duc City,Coffee,200,7.8,False
2024-10-15,Thao Dien,Thu Duc City,Tea,135,6.075,False
2024-10-15,Thao Dien,Thu Duc City,Smoothie,57,3.135,False
2024-10-15,Thao Dien,Thu Duc City,Bakery,73,2.336,False
2024-10-16,Thao Dien,Thu Duc City,Coffee,229,8.931,False
2024-10-16,Thao Dien,Thu Duc City,Tea,134,6.03,False
2024-10-16,Thao Dien,Thu Duc City,Smoothie,52,2.86,False
2024-10-16,Thao Dien,Thu Duc City,Bakery,64,2.048,False
2024-10-17,Thao Dien,Thu Duc City,Coffee,201,7.839,False
2024-10-17,Thao Dien,Thu Duc City,Tea,135,6.075,False
2024-10-17,Thao Dien,Thu Duc City,Smoothie,60,3.3,False
2024-10-17,Thao Dien,Thu Duc City,Bakery,66,2.112,False
2024-10-18,Thao Dien,Thu Duc City,Coffee,206,8.034,False
2024-10-18,Thao Dien,Thu Duc City,Tea,132,5.94,False
2024-10-18,Thao Dien,Thu Duc City,Smoothie,70,3.85,False
2024-10-18,Thao Dien,Thu Duc City,Bakery,81,2.592,False
2024-10-19,Thao Dien,Thu Duc City,Coffee,238,9.282,False
2024-10-19,Thao Dien,Thu Duc City,Tea,179,8.055,False
2024-10-19,Thao Dien,Thu Duc City,Smoothie,83,4.565,False
2024-10-19,Thao Dien,Thu Duc City,Bakery,96,3.072,False
2024-10-20,Thao Dien,Thu Duc City,Coffee,246,9.594,False
2024-10-20,Thao Dien,Thu Duc City,Tea,185,8.325,False
2024-10-20,Thao Dien,Thu Duc City,Smoothie,72,3.96,False
2024-10-20,Thao Dien,Thu Duc City,Bakery,108,3.456,False
2024-10-21,Thao Dien,Thu Duc City,Coffee,193,7.527,False
2024-10-21,Thao Dien,Thu Duc City,Tea,129,5.805,False
2024-10-21,Thao Dien,Thu Duc City,Smoothie,55,3.025,False
2024-10-21,Thao Dien,Thu Duc City,Bakery,70,2.24,False
2024-10-22,Thao Dien,Thu Duc City,Coffee,201,7.839,False
2024-10-22,Thao Dien,Thu Duc City,Tea,132,5.94,False
2024-10-22,Thao Dien,Thu Duc City,Smoothie,46,2.53,False
2024-10-22,Thao Dien,Thu Duc City,Bakery,94,3.008,False
2024-10-23,Thao Dien,Thu Duc City,Coffee,215,8.385,False
2024-10-23,Thao Dien,Thu Duc City,Tea,132,5.94,False
2024-10-23,Thao Dien,Thu Duc City,Smoothie,63,3.465,False
2024-10-23,Thao Dien,Thu Duc City,Bakery,85,2.72,False
2024-10-24,Thao Dien,Thu Duc City,Coffee,192,7.488,False
2024-10-24,Thao Dien,Thu Duc City,Tea,132,5.94,False
2024-10-24,Thao Dien,Thu Duc City,Smoothie,70,3.85,False
2024-10-24,Thao Dien,Thu Duc City,Bakery,86,2.752,False
2024-10-25,Thao Dien,Thu Duc City,Coffee,190,7.41,False
2024-10-25,Thao Dien,Thu Duc City,Tea,137,6.165,False
2024-10-25,Thao Dien,Thu Duc City,Smoothie,59,3.245,False
2024-10-25,Thao Dien,Thu Duc City,Bakery,75,2.4,False
2024-10-26,Thao Dien,Thu Duc City,Coffee,266,10.374,False
2024-10-26,Thao Dien,Thu Duc City,Tea,174,7.83,False
2024-10-26,Thao Dien,Thu Duc City,Smoothie,83,4.565,False
2024-10-26,Thao Dien,Thu Duc City,Bakery,95,3.04,False
2024-10-27,Thao Dien,Thu Duc City,Coffee,244,9.516,False
2024-10-27,Thao Dien,Thu Duc City,Tea,158,7.11,False
2024-10-27,Thao Dien,Thu Duc City,Smoothie,82,4.51,False
2024-10-27,Thao Dien,Thu Duc City,Bakery,92,2.944,False
2024-10-28,Thao Dien,Thu Duc City,Coffee,203,7.917,False
2024-10-28,Thao Dien,Thu Duc City,Tea,133,5.985,False
2024-10-28,Thao Dien,Thu Duc City,Smoothie,46,2.53,False
2024-10-28,Thao Dien,Thu Duc City,Bakery,63,2.016,False
2024-10-29,Thao Dien,Thu Duc City,Coffee,194,7.566,False
2024-10-29,Thao Dien,Thu Duc City,Tea,123,5.535,False
2024-10-29,Thao Dien,Thu Duc City,Smoothie,53,2.915,False
2024-10-29,Thao Dien,Thu Duc City,Bakery,89,2.848,False
2024-10-30,Thao Dien,Thu Duc City,Coffee,220,8.58,False
2024-10-30,Thao Dien,Thu Duc City,Tea,150,6.75,False
2024-10-30,Thao Dien,Thu Duc City,Smoothie,55,3.025,False
2024-10-30,Thao Dien,Thu Duc City,Bakery,81,2.592,False
2024-10-31,Thao Dien,Thu Duc City,Coffee,188,7.332,False
2024-10-31,Thao Dien,Thu Duc City,Tea,145,6.525,False
2024-10-31,Thao Dien,Thu Duc City,Smoothie,53,2.915,False
2024-10-31,Thao Dien,Thu Duc City,Bakery,87,2.784,False
2024-11-01,Thao Dien,Thu Duc City,Coffee,287,9.514,True
2024-11-01,Thao Dien,Thu Duc City,Tea,148,5.661,True
2024-11-01,Thao Dien,Thu Duc City,Smoothie,68,3.179,True
2024-11-01,Thao Dien,Thu Duc City,Bakery,111,3.019,True
2024-11-02,Thao Dien,Thu Duc City,Coffee,293,9.713,True
2024-11-02,Thao Dien,Thu Duc City,Tea,180,6.885,True
2024-11-02,Thao Dien,Thu Duc City,Smoothie,88,4.114,True
2024-11-02,Thao Dien,Thu Duc City,Bakery,126,3.427,True
2024-11-03,Thao Dien,Thu Duc City,Coffee,335,11.105,True
2024-11-03,Thao Dien,Thu Duc City,Tea,214,8.185,True
2024-11-03,Thao Dien,Thu Duc City,Smoothie,97,4.535,True
2024-11-03,Thao Dien,Thu Duc City,Bakery,109,2.965,True
2024-11-04,Thao Dien,Thu Duc City,Coffee,225,8.775,False
2024-11-04,Thao Dien,Thu Duc City,Tea,124,5.58,False
2024-11-04,Thao Dien,Thu Duc City,Smoothie,57,3.135,False
2024-11-04,Thao Dien,Thu Duc City,Bakery,96,3.072,False
2024-11-05,Thao Dien,Thu Duc City,Coffee,222,8.658,False
2024-11-05,Thao Dien,Thu Duc City,Tea,126,5.67,False
2024-11-05,Thao Dien,Thu Duc City,Smoothie,68,3.74,False
2024-11-05,Thao Dien,Thu Duc City,Bakery,99,3.168,False
2024-11-06,Thao Dien,Thu Duc City,Coffee,228,8.892,False
2024-11-06,Thao Dien,Thu Duc City,Tea,129,5.805,False
2024-11-06,Thao Dien,Thu Duc City,Smoothie,43,2.365,False
2024-11-06,Thao Dien,Thu Duc City,Bakery,81,2.592,False
2024-11-07,Thao Dien,Thu Duc City,Coffee,184,7.176,False
2024-11-07,Thao Dien,Thu Duc City,Tea,118,5.31,False
2024-11-07,Thao Dien,Thu Duc City,Smoothie,52,2.86,False
2024-11-07,Thao Dien,Thu Duc City,Bakery,88,2.816,False
2024-11-08,Thao Dien,Thu Duc City,Coffee,233,9.087,False
2024-11-08,Thao Dien,Thu Duc City,Tea,142,6.39,False
2024-11-08,Thao Dien,Thu Duc City,Smoothie,60,3.3,False
2024-11-08,Thao Dien,Thu Duc City,Bakery,78,2.496,False
2024-11-09,Thao Dien,Thu Duc City,Coffee,267,10.413,False
2024-11-09,Thao Dien,Thu Duc City,Tea,153,6.885,False
2024-11-09,Thao Dien,Thu Duc City,Smoothie,62,3.41,False
2024-11-09,Thao Dien,Thu Duc City,Bakery,105,3.36,False
2024-11-10,Thao Dien,Thu Duc City,Coffee,283,11.037,False
2024-11-10,Thao Dien,Thu Duc City,Tea,162,7.29,False
2024-11-10,Thao Dien,Thu Duc City,Smoothie,83,4.565,False
2024-11-10,Thao Dien,Thu Duc City,Bakery,104,3.328,False
2024-11-11,Thao Dien,Thu Duc City,Coffee,251,9.789,False
2024-11-11,Thao Dien,Thu Duc City,Tea,111,4.995,False
2024-11-11,Thao Dien,Thu Duc City,Smoothie,45,2.475,False
2024-11-11,Thao Dien,Thu Duc City,Bakery,94,3.008,False
2024-11-12,Thao Dien,Thu Duc City,Coffee,227,8.853,False
2024-11-12,Thao Dien,Thu Duc City,Tea,142,6.39,False
2024-11-12,Thao Dien,Thu Duc City,Smoothie,56,3.08,False
2024-11-12,Thao Dien,Thu Duc City,Bakery,67,2.144,False
2024-11-13,Thao Dien,Thu Duc City,Coffee,241,9.399,False
2024-11-13,Thao Dien,Thu Duc City,Tea,110,4.95,False
2024-11-13,Thao Dien,Thu Duc City,Smoothie,54,2.97,False
2024-11-13,Thao Dien,Thu Duc City,Bakery,90,2.88,False
2024-11-14,Thao Dien,Thu Duc City,Coffee,221,8.619,False
2024-11-14,Thao Dien,Thu Duc City,Tea,120,5.4,False
2024-11-14,Thao Dien,Thu Duc City,Smoothie,60,3.3,False
2024-11-14,Thao Dien,Thu Duc City,Bakery,94,3.008,False
2024-11-15,Thao Dien,Thu Duc City,Coffee,240,9.36,False
2024-11-15,Thao Dien,Thu Duc City,Tea,127,5.715,False
2024-11-15,Thao Dien,Thu Duc City,Smoothie,55,3.025,False
2024-11-15,Thao Dien,Thu Duc City,Bakery,72,2.304,False
2024-11-16,Thao Dien,Thu Duc City,Coffee,279,10.881,False
2024-11-16,Thao Dien,Thu Duc City,Tea,159,7.155,False
2024-11-16,Thao Dien,Thu Duc City,Smoothie,67,3.685,False
2024-11-16,Thao Dien,Thu Duc City,Bakery,118,3.776,False
2024-11-17,Thao Dien,Thu Duc City,Coffee,307,11.973,False
2024-11-17,Thao Dien,Thu Duc City,Tea,161,7.245,False
2024-11-17,Thao Dien,Thu Duc City,Smoothie,80,4.4,False
2024-11-17,Thao Dien,Thu Duc City,Bakery,109,3.488,False
2024-11-18,Thao Dien,Thu Duc City,Coffee,231,9.009,False
2024-11-18,Thao Dien,Thu Duc City,Tea,139,6.255,False
2024-11-18,Thao Dien,Thu Duc City,Smoothie,66,3.63,False
2024-11-18,Thao Dien,Thu Duc City,Bakery,93,2.976,False
2024-11-19,Thao Dien,Thu Duc City,Coffee,223,8.697,False
2024-11-19,Thao Dien,Thu Duc City,Tea,136,6.12,False
2024-11-19,Thao Dien,Thu Duc City,Smoothie,49,2.695,False
2024-11-19,Thao Dien,Thu Duc City,Bakery,98,3.136,False
2024-11-20,Thao Dien,Thu Duc City,Coffee,212,8.268,False
2024-11-20,Thao Dien,Thu Duc City,Tea,130,5.85,False
2024-11-20,Thao Dien,Thu Duc City,Smoothie,64,3.52,False
2024-11-20,Thao Dien,Thu Duc City,Bakery,93,2.976,False
2024-11-21,Thao Dien,Thu Duc City,Coffee,222,8.658,False
2024-11-21,Thao Dien,Thu Duc City,Tea,110,4.95,False
2024-11-21,Thao Dien,Thu Duc City,Smoothie,55,3.025,False
2024-11-21,Thao Dien,Thu Duc City,Bakery,99,3.168,False
2024-11-22,Thao Dien,Thu Duc City,Coffee,253,9.867,False
2024-11-22,Thao Dien,Thu Duc City,Tea,143,6.435,False
2024-11-22,Thao Dien,Thu Duc City,Smoothie,67,3.685,False
2024-11-22,Thao Dien,Thu Duc City,Bakery,85,2.72,False
2024-11-23,Thao Dien,Thu Duc City,Coffee,308,12.012,False
2024-11-23,Thao Dien,Thu Duc City,Tea,147,6.615,False
2024-11-23,Thao Dien,Thu Duc City,Smoothie,74,4.07,False
2024-11-23,Thao Dien,Thu Duc City,Bakery,101,3.232,False
2024-11-24,Thao Dien,Thu Duc City,Coffee,274,10.686,False
2024-11-24,Thao Dien,Thu Duc City,Tea,153,6.885,False
2024-11-24,Thao Dien,Thu Duc City,Smoothie,72,3.96,False
2024-11-24,Thao Dien,Thu Duc City,Bakery,105,3.36,False
2024-11-25,Thao Dien,Thu Duc City,Coffee,207,8.073,False
2024-11-25,Thao Dien,Thu Duc City,Tea,140,6.3,False
2024-11-25,Thao Dien,Thu Duc City,Smoothie,56,3.08,False
2024-11-25,Thao Dien,Thu Duc City,Bakery,82,2.624,False
2024-11-26,Thao Dien,Thu Duc City,Coffee,243,9.477,False
2024-11-26,Thao Dien,Thu Duc City,Tea,138,6.21,False
2024-11-26,Thao Dien,Thu Duc City,Smoothie,66,3.63,False
2024-11-26,Thao Dien,Thu Duc City,Bakery,79,2.528,False
2024-11-27,Thao Dien,Thu Duc City,Coffee,232,9.048,False
2024-11-27,Thao Dien,Thu Duc City,Tea,145,6.525,False
2024-11-27,Thao Dien,Thu Duc City,Smoothie,50,2.75,False
2024-11-27,Thao Dien,Thu Duc City,Bakery,97,3.104,False
2024-11-28,Thao Dien,Thu Duc City,Coffee,245,9.555,False
2024-11-28,Thao Dien,Thu Duc City,Tea,125,5.625,False
2024-11-28,Thao Dien,Thu Duc City,Smoothie,56,3.08,False
2024-11-28,Thao Dien,Thu Duc City,Bakery,72,2.304,False
2024-11-29,Thao Dien,Thu Duc City,Coffee,229,8.931,False
2024-11-29,Thao Dien,Thu Duc City,Tea,111,4.995,False
2024-11-29,Thao Dien,Thu Duc City,Smoothie,58,3.19,False
2024-11-29,Thao Dien,Thu Duc City,Bakery,97,3.104,False
2024-11-30,Thao Dien,Thu Duc City,Coffee,298,11.622,False
2024-11-30,Thao Dien,Thu Duc City,Tea,178,8.01,False
2024-11-30,Thao Dien,Thu Duc City,Smoothie,73,4.015,False
2024-11-30,Thao Dien,Thu Duc City,Bakery,107,3.424,False
2024-12-01,Thao Dien,Thu Duc City,Coffee,352,11.669,True
2024-12-01,Thao Dien,Thu Duc City,Tea,159,6.082,True
2024-12-01,Thao Dien,Thu Duc City,Smoothie,75,3.506,True
2024-12-01,Thao Dien,Thu Duc City,Bakery,129,3.509,True
2024-12-02,Thao Dien,Thu Duc City,Coffee,269,8.917,True
2024-12-02,Thao Dien,Thu Duc City,Tea,157,6.005,True
2024-12-02,Thao Dien,Thu Duc City,Smoothie,65,3.039,True
2024-12-02,Thao Dien,Thu Duc City,Bakery,96,2.611,True
2024-12-03,Thao Dien,Thu Duc City,Coffee,257,8.52,True
2024-12-03,Thao Dien,Thu Duc City,Tea,137,5.24,True
2024-12-03,Thao Dien,Thu Duc City,Smoothie,60,2.805,True
2024-12-03,Thao Dien,Thu Duc City,Bakery,96,2.611,True
2024-12-04,Thao Dien,Thu Duc City,Coffee,212,8.268,False
2024-12-04,Thao Dien,Thu Duc City,Tea,131,5.895,False
2024-12-04,Thao Dien,Thu Duc City,Smoothie,63,3.465,False
2024-12-04,Thao Dien,Thu Duc City,Bakery,96,3.072,False
2024-12-05,Thao Dien,Thu Duc City,Coffee,231,9.009,False
2024-12-05,Thao Dien,Thu Duc City,Tea,137,6.165,False
2024-12-05,Thao Dien,Thu Duc City,Smoothie,56,3.08,False
2024-12-05,Thao Dien,Thu Duc City,Bakery,85,2.72,False
2024-12-06,Thao Dien,Thu Duc City,Coffee,224,8.736,False
2024-12-06,Thao Dien,Thu Duc City,Tea,118,5.31,False
2024-12-06,Thao Dien,Thu Duc City,Smoothie,57,3.135,False
2024-12-06,Thao Dien,Thu Duc City,Bakery,79,2.528,False
2024-12-07,Thao Dien,Thu Duc City,Coffee,262,10.218,False
2024-12-07,Thao Dien,Thu Duc City,Tea,161,7.245,False
2024-12-07,Thao Dien,Thu Duc City,Smoothie,82,4.51,False
2024-12-07,Thao Dien,Thu Duc City,Bakery,96,3.072,False
2024-12-08,Thao Dien,Thu Duc City,Coffee,297,11.583,False
2024-12-08,Thao Dien,Thu Duc City,Tea,173,7.785,False
2024-12-08,Thao Dien,Thu Duc City,Smoothie,74,4.07,False
2024-12-08,Thao Dien,Thu Duc City,Bakery,86,2.752,False
2024-12-09,Thao Dien,Thu Duc City,Coffee,238,9.282,False
2024-12-09,Thao Dien,Thu Duc City,Tea,131,5.895,False
2024-12-09,Thao Dien,Thu Duc City,Smoothie,40,2.2,False
2024-12-09,Thao Dien,Thu Duc City,Bakery,82,2.624,False
2024-12-10,Thao Dien,Thu Duc City,Coffee,217,8.463,False
2024-12-10,Thao Dien,Thu Duc City,Tea,142,6.39,False
2024-12-10,Thao Dien,Thu Duc City,Smoothie,60,3.3,False
2024-12-10,Thao Dien,Thu Duc City,Bakery,81,2.592,False
2024-12-11,Thao Dien,Thu Duc City,Coffee,231,9.009,False
2024-12-11,Thao Dien,Thu Duc City,Tea,113,5.085,False
2024-12-11,Thao Dien,Thu Duc City,Smoothie,64,3.52,False
2024-12-11,Thao Dien,Thu Duc City,Bakery,86,2.752,False
2024-12-12,Thao Dien,Thu Duc City,Coffee,211,8.229,False
2024-12-12,Thao Dien,Thu Duc City,Tea,113,5.085,False
2024-12-12,Thao Dien,Thu Duc City,Smoothie,56,3.08,False
2024-12-12,Thao Dien,Thu Duc City,Bakery,83,2.656,False
2024-12-13,Thao Dien,Thu Duc City,Coffee,215,8.385,False
2024-12-13,Thao Dien,Thu Duc City,Tea,131,5.895,False
2024-12-13,Thao Dien,Thu Duc City,Smoothie,57,3.135,False
2024-12-13,Thao Dien,Thu Duc City,Bakery,95,3.04,False
2024-12-14,Thao Dien,Thu Duc City,Coffee,268,10.452,False
2024-12-14,Thao Dien,Thu Duc City,Tea,138,6.21,False
2024-12-14,Thao Dien,Thu Duc City,Smoothie,68,3.74,False
2024-12-14,Thao Dien,Thu Duc City,Bakery,110,3.52,False
2024-12-15,Thao Dien,Thu Duc City,Coffee,316,12.324,False
2024-12-15,Thao Dien,Thu Duc City,Tea,146,6.57,False
2024-12-15,Thao Dien,Thu Duc City,Smoothie,59,3.245,False
2024-12-15,Thao Dien,Thu Duc City,Bakery,111,3.552,False
2024-12-16,Thao Dien,Thu Duc City,Coffee,213,8.307,False
2024-12-16,Thao Dien,Thu Duc City,Tea,134,6.03,False
2024-12-16,Thao Dien,Thu Duc City,Smoothie,54,2.97,False
2024-12-16,Thao Dien,Thu Duc City,Bakery,93,2.976,False
2024-12-17,Thao Dien,Thu Duc City,Coffee,231,9.009,False
2024-12-17,Thao Dien,Thu Duc City,Tea,121,5.445,False
2024-12-17,Thao Dien,Thu Duc City,Smoothie,57,3.135,False
2024-12-17,Thao Dien,Thu Duc City,Bakery,77,2.464,False
2024-12-18,Thao Dien,Thu Duc City,Coffee,234,9.126,False
2024-12-18,Thao Dien,Thu Duc City,Tea,131,5.895,False
2024-12-18,Thao Dien,Thu Duc City,Smoothie,54,2.97,False
2024-12-18,Thao Dien,Thu Duc City,Bakery,74,2.368,False
2024-12-19,Thao Dien,Thu Duc City,Coffee,233,9.087,False
2024-12-19,Thao Dien,Thu Duc City,Tea,121,5.445,False
2024-12-19,Thao Dien,Thu Duc City,Smoothie,62,3.41,False
2024-12-19,Thao Dien,Thu Duc City,Bakery,93,2.976,False
2024-12-20,Thao Dien,Thu Duc City,Coffee,272,9.017,True
2024-12-20,Thao Dien,Thu Duc City,Tea,133,5.087,True
2024-12-20,Thao Dien,Thu Duc City,Smoothie,77,3.6,True
2024-12-20,Thao Dien,Thu Duc City,Bakery,104,2.829,True
2024-12-21,Thao Dien,Thu Duc City,Coffee,348,11.536,True
2024-12-21,Thao Dien,Thu Duc City,Tea,208,7.956,True
2024-12-21,Thao Dien,Thu Duc City,Smoothie,75,3.506,True
2024-12-21,Thao Dien,Thu Duc City,Bakery,134,3.645,True
2024-12-22,Thao Dien,Thu Duc City,Coffee,316,10.475,True
2024-12-22,Thao Dien,Thu Duc City,Tea,183,7.0,True
2024-12-22,Thao Dien,Thu Duc City,Smoothie,85,3.974,True
2024-12-22,Thao Dien,Thu Duc City,Bakery,115,3.128,True
2024-12-23,Thao Dien,Thu Duc City,Coffee,261,8.652,True
2024-12-23,Thao Dien,Thu Duc City,Tea,146,5.585,True
2024-12-23,Thao Dien,Thu Duc City,Smoothie,53,2.478,True
2024-12-23,Thao Dien,Thu Duc City,Bakery,105,2.856,True
2024-12-24,Thao Dien,Thu Duc City,Coffee,250,8.287,True
2024-12-24,Thao Dien,Thu Duc City,Tea,165,6.311,True
2024-12-24,Thao Dien,Thu Duc City,Smoothie,61,2.852,True
2024-12-24,Thao Dien,Thu Duc City,Bakery,121,3.291,True
2024-12-25,Thao Dien,Thu Duc City,Coffee,281,9.315,True
2024-12-25,Thao Dien,Thu Duc City,Tea,161,6.158,True
2024-12-25,Thao Dien,Thu Duc City,Smoothie,74,3.459,True
2024-12-25,Thao Dien,Thu Duc City,Bakery,117,3.182,True
2024-12-26,Thao Dien,Thu Duc City,Coffee,244,8.089,True
2024-12-26,Thao Dien,Thu Duc City,Tea,136,5.202,True
2024-12-26,Thao Dien,Thu Duc City,Smoothie,77,3.6,True
2024-12-26,Thao Dien,Thu Duc City,Bakery,93,2.53,True
2024-12-27,Thao Dien,Thu Duc City,Coffee,263,8.718,True
2024-12-27,Thao Dien,Thu Duc City,Tea,158,6.043,True
2024-12-27,Thao Dien,Thu Duc City,Smoothie,71,3.319,True
2024-12-27,Thao Dien,Thu Duc City,Bakery,98,2.666,True
2024-12-28,Thao Dien,Thu Duc City,Coffee,330,10.94,True
2024-12-28,Thao Dien,Thu Duc City,Tea,201,7.688,True
2024-12-28,Thao Dien,Thu Duc City,Smoothie,85,3.974,True
2024-12-28,Thao Dien,Thu Duc City,Bakery,135,3.672,True
2024-12-29,Thao Dien,Thu Duc City,Coffee,325,10.774,True
2024-12-29,Thao Dien,Thu Duc City,Tea,216,8.262,True
2024-12-29,Thao Dien,Thu Duc City,Smoothie,80,3.74,True
2024-12-29,Thao Dien,Thu Duc City,Bakery,130,3.536,True
2024-12-30,Thao Dien,Thu Duc City,Coffee,286,9.481,True
2024-12-30,Thao Dien,Thu Duc City,Tea,142,5.431,True
2024-12-30,Thao Dien,Thu Duc City,Smoothie,72,3.366,True
2024-12-30,Thao Dien,Thu Duc City,Bakery,117,3.182,True
2024-12-31,Thao Dien,Thu Duc City,Coffee,270,8.95,True
2024-12-31,Thao Dien,Thu Duc City,Tea,153,5.852,True
2024-12-31,Thao Dien,Thu Duc City,Smoothie,67,3.132,True
2024-12-31,Thao Dien,Thu Duc City,Bakery,101,2.747,True
2025-01-01,Thao Dien,Thu Duc City,Coffee,249,8.254,True
2025-01-01,Thao Dien,Thu Duc City,Tea,171,6.541,True
2025-01-01,Thao Dien,Thu Duc City,Smoothie,56,2.618,True
2025-01-01,Thao Dien,Thu Duc City,Bakery,107,2.91,True
2025-01-02,Thao Dien,Thu Duc City,Coffee,286,9.481,True
2025-01-02,Thao Dien,Thu Duc City,Tea,159,6.082,True
2025-01-02,Thao Dien,Thu Duc City,Smoothie,73,3.413,True
2025-01-02,Thao Dien,Thu Duc City,Bakery,112,3.046,True
2025-01-03,Thao Dien,Thu Duc City,Coffee,258,8.553,True
2025-01-03,Thao Dien,Thu Duc City,Tea,170,6.503,True
2025-01-03,Thao Dien,Thu Duc City,Smoothie,86,4.021,True
2025-01-03,Thao Dien,Thu Duc City,Bakery,109,2.965,True
2025-01-04,Thao Dien,Thu Duc City,Coffee,323,12.597,False
2025-01-04,Thao Dien,Thu Duc City,Tea,157,7.065,False
2025-01-04,Thao Dien,Thu Duc City,Smoothie,67,3.685,False
2025-01-04,Thao Dien,Thu Duc City,Bakery,124,3.968,False
2025-01-05,Thao Dien,Thu Duc City,Coffee,259,10.101,False
2025-01-05,Thao Dien,Thu Duc City,Tea,151,6.795,False
2025-01-05,Thao Dien,Thu Duc City,Smoothie,76,4.18,False
2025-01-05,Thao Dien,Thu Duc City,Bakery,107,3.424,False
2025-01-06,Thao Dien,Thu Duc City,Coffee,245,9.555,False
2025-01-06,Thao Dien,Thu Duc City,Tea,142,6.39,False
2025-01-06,Thao Dien,Thu Duc City,Smoothie,78,4.29,False
2025-01-06,Thao Dien,Thu Duc City,Bakery,81,2.592,False
2025-01-07,Thao Dien,Thu Duc City,Coffee,210,8.19,False
2025-01-07,Thao Dien,Thu Duc City,Tea,132,5.94,False
2025-01-07,Thao Dien,Thu Duc City,Smoothie,52,2.86,False
2025-01-07,Thao Dien,Thu Duc City,Bakery,83,2.656,False
2025-01-08,Thao Dien,Thu Duc City,Coffee,260,10.14,False
2025-01-08,Thao Dien,Thu Duc City,Tea,141,6.345,False
2025-01-08,Thao Dien,Thu Duc City,Smoothie,52,2.86,False
2025-01-08,Thao Dien,Thu Duc City,Bakery,85,2.72,False
2025-01-09,Thao Dien,Thu Duc City,Coffee,220,8.58,False
2025-01-09,Thao Dien,Thu Duc City,Tea,135,6.075,False
2025-01-09,Thao Dien,Thu Duc City,Smoothie,59,3.245,False
2025-01-09,Thao Dien,Thu Duc City,Bakery,87,2.784,False
2025-01-10,Thao Dien,Thu Duc City,Coffee,248,9.672,False
2025-01-10,Thao Dien,Thu Duc City,Tea,140,6.3,False
2025-01-10,Thao Dien,Thu Duc City,Smoothie,72,3.96,False
2025-01-10,Thao Dien,Thu Duc City,Bakery,78,2.496,False
2025-01-11,Thao Dien,Thu Duc City,Coffee,277,10.803,False
2025-01-11,Thao Dien,Thu Duc City,Tea,192,8.64,False
2025-01-11,Thao Dien,Thu Duc City,Smoothie,68,3.74,False
2025-01-11,Thao Dien,Thu Duc City,Bakery,114,3.648,False
2025-01-12,Thao Dien,Thu Duc City,Coffee,311,12.129,False
2025-01-12,Thao Dien,Thu Duc City,Tea,163,7.335,False
2025-01-12,Thao Dien,Thu Duc City,Smoothie,88,4.84,False
2025-01-12,Thao Dien,Thu Duc City,Bakery,103,3.296,False
2025-01-13,Thao Dien,Thu Duc City,Coffee,249,9.711,False
2025-01-13,Thao Dien,Thu Duc City,Tea,140,6.3,False
2025-01-13,Thao Dien,Thu Duc City,Smoothie,55,3.025,False
2025-01-13,Thao Dien,Thu Duc City,Bakery,91,2.912,False
2025-01-14,Thao Dien,Thu Duc City,Coffee,240,9.36,False
2025-01-14,Thao Dien,Thu Duc City,Tea,142,6.39,False
2025-01-14,Thao Dien,Thu Duc City,Smoothie,69,3.795,False
2025-01-14,Thao Dien,Thu Duc City,Bakery,74,2.368,False
2025-01-15,Thao Dien,Thu Duc City,Coffee,214,8.346,False
2025-01-15,Thao Dien,Thu Duc City,Tea,135,6.075,False
2025-01-15,Thao Dien,Thu Duc City,Smoothie,59,3.245,False
2025-01-15,Thao Dien,Thu Duc City,Bakery,82,2.624,False
2025-01-16,Thao Dien,Thu Duc City,Coffee,206,8.034,False
2025-01-16,Thao Dien,Thu Duc City,Tea,112,5.04,False
2025-01-16,Thao Dien,Thu Duc City,Smoothie,60,3.3,False
2025-01-16,Thao Dien,Thu Duc City,Bakery,72,2.304,False
2025-01-17,Thao Dien,Thu Duc City,Coffee,207,8.073,False
2025-01-17,Thao Dien,Thu Duc City,Tea,125,5.625,False
2025-01-17,Thao Dien,Thu Duc City,Smoothie,63,3.465,False
2025-01-17,Thao Dien,Thu Duc City,Bakery,100,3.2,False
2025-01-18,Thao Dien,Thu Duc City,Coffee,274,10.686,False
2025-01-18,Thao Dien,Thu Duc City,Tea,171,7.695,False
2025-01-18,Thao Dien,Thu Duc City,Smoothie,69,3.795,False
2025-01-18,Thao Dien,Thu Duc City,Bakery,111,3.552,False
2025-01-19,Thao Dien,Thu Duc City,Coffee,267,10.413,False
2025-01-19,Thao Dien,Thu Duc City,Tea,186,8.37,False
2025-01-19,Thao Dien,Thu Duc City,Smoothie,61,3.355,False
2025-01-19,Thao Dien,Thu Duc City,Bakery,91,2.912,False
2025-01-20,Thao Dien,Thu Duc City,Coffee,167,6.513,False
2025-01-20,Thao Dien,Thu Duc City,Tea,106,4.77,False
2025-01-20,Thao Dien,Thu Duc City,Smoothie,41,2.255,False
2025-01-20,Thao Dien,Thu Duc City,Bakery,56,1.792,False
2025-01-21,Thao Dien,Thu Duc City,Coffee,179,6.981,False
2025-01-21,Thao Dien,Thu Duc City,Tea,108,4.86,False
2025-01-21,Thao Dien,Thu Duc City,Smoothie,46,2.53,False
2025-01-21,Thao Dien,Thu Duc City,Bakery,70,2.24,False
2025-01-22,Thao Dien,Thu Duc City,Coffee,194,7.566,False
2025-01-22,Thao Dien,Thu Duc City,Tea,105,4.725,False
2025-01-22,Thao Dien,Thu Duc City,Smoothie,44,2.42,False
2025-01-22,Thao Dien,Thu Duc City,Bakery,62,1.984,False
2025-01-23,Thao Dien,Thu Duc City,Coffee,195,7.605,False
2025-01-23,Thao Dien,Thu Duc City,Tea,106,4.77,False
2025-01-23,Thao Dien,Thu Duc City,Smoothie,52,2.86,False
2025-01-23,Thao Dien,Thu Duc City,Bakery,74,2.368,False
2025-01-24,Thao Dien,Thu Duc City,Coffee,186,7.254,False
2025-01-24,Thao Dien,Thu Duc City,Tea,110,4.95,False
2025-01-24,Thao Dien,Thu Duc City,Smoothie,56,3.08,False
2025-01-24,Thao Dien,Thu Duc City,Bakery,72,2.304,False
2025-01-25,Thao Dien,Thu Duc City,Coffee,130,5.07,False
2025-01-25,Thao Dien,Thu Duc City,Tea,79,3.555,False
2025-01-25,Thao Dien,Thu Duc City,Smoothie,31,1.705,False
2025-01-25,Thao Dien,Thu Duc City,Bakery,44,1.408,False
2025-01-26,Thao Dien,Thu Duc City,Coffee,128,4.992,False
2025-01-26,Thao Dien,Thu Duc City,Tea,75,3.375,False
2025-01-26,Thao Dien,Thu Duc City,Smoothie,23,1.265,False
2025-01-26,Thao Dien,Thu Duc City,Bakery,53,1.696,False
2025-01-27,Thao Dien,Thu Duc City,Coffee,112,4.368,False
2025-01-27,Thao Dien,Thu Duc City,Tea,47,2.115,False
2025-01-27,Thao Dien,Thu Duc City,Smoothie,20,1.1,False
2025-01-27,Thao Dien,Thu Duc City,Bakery,40,1.28,False
2025-01-28,Thao Dien,Thu Duc City,Coffee,104,4.056,False
2025-01-28,Thao Dien,Thu Duc City,Tea,62,2.79,False
2025-01-28,Thao Dien,Thu Duc City,Smoothie,29,1.595,False
2025-01-28,Thao Dien,Thu Duc City,Bakery,35,1.12,False
2025-01-29,Thao Dien,Thu Duc City,Coffee,108,4.212,False
2025-01-29,Thao Dien,Thu Duc City,Tea,60,2.7,False
2025-01-29,Thao Dien,Thu Duc City,Smoothie,22,1.21,False
2025-01-29,Thao Dien,Thu Duc City,Bakery,33,1.056,False
2025-01-30,Thao Dien,Thu Duc City,Coffee,90,3.51,False
2025-01-30,Thao Dien,Thu Duc City,Tea,59,2.655,False
2025-01-30,Thao Dien,Thu Duc City,Smoothie,28,1.54,False
2025-01-30,Thao Dien,Thu Duc City,Bakery,54,1.728,False
2025-01-31,Thao Dien,Thu Duc City,Coffee,93,3.627,False
2025-01-31,Thao Dien,Thu Duc City,Tea,70,3.15,False
2025-01-31,Thao Dien,Thu Duc City,Smoothie,23,1.265,False
2025-01-31,Thao Dien,Thu Duc City,Bakery,38,1.216,False
2025-02-01,Thao Dien,Thu Duc City,Coffee,160,5.304,True
2025-02-01,Thao Dien,Thu Duc City,Tea,90,3.442,True
2025-02-01,Thao Dien,Thu Duc City,Smoothie,31,1.449,True
2025-02-01,Thao Dien,Thu Duc City,Bakery,63,1.714,True
2025-02-02,Thao Dien,Thu Duc City,Coffee,149,4.939,True
2025-02-02,Thao Dien,Thu Duc City,Tea,82,3.136,True
2025-02-02,Thao Dien,Thu Duc City,Smoothie,46,2.151,True
2025-02-02,Thao Dien,Thu Duc City,Bakery,58,1.578,True
2025-02-03,Thao Dien,Thu Duc City,Coffee,220,7.293,True
2025-02-03,Thao Dien,Thu Duc City,Tea,127,4.858,True
2025-02-03,Thao Dien,Thu Duc City,Smoothie,64,2.992,True
2025-02-03,Thao Dien,Thu Duc City,Bakery,74,2.013,True
2025-02-04,Thao Dien,Thu Duc City,Coffee,190,7.41,False
2025-02-04,Thao Dien,Thu Duc City,Tea,120,5.4,False
2025-02-04,Thao Dien,Thu Duc City,Smoothie,40,2.2,False
2025-02-04,Thao Dien,Thu Duc City,Bakery,63,2.016,False
2025-02-05,Thao Dien,Thu Duc City,Coffee,197,7.683,False
2025-02-05,Thao Dien,Thu Duc City,Tea,108,4.86,False
2025-02-05,Thao Dien,Thu Duc City,Smoothie,39,2.145,False
2025-02-05,Thao Dien,Thu Duc City,Bakery,78,2.496,False
2025-02-06,Thao Dien,Thu Duc City,Coffee,193,7.527,False
2025-02-06,Thao Dien,Thu Duc City,Tea,109,4.905,False
2025-02-06,Thao Dien,Thu Duc City,Smoothie,38,2.09,False
2025-02-06,Thao Dien,Thu Duc City,Bakery,88,2.816,False
2025-02-07,Thao Dien,Thu Duc City,Coffee,160,6.24,False
2025-02-07,Thao Dien,Thu Duc City,Tea,103,4.635,False
2025-02-07,Thao Dien,Thu Duc City,Smoothie,57,3.135,False
2025-02-07,Thao Dien,Thu Duc City,Bakery,100,3.2,False
2025-02-08,Thao Dien,Thu Duc City,Coffee,292,11.388,False
2025-02-08,Thao Dien,Thu Duc City,Tea,156,7.02,False
2025-02-08,Thao Dien,Thu Duc City,Smoothie,77,4.235,False
2025-02-08,Thao Dien,Thu Duc City,Bakery,103,3.296,False
2025-02-09,Thao Dien,Thu Duc City,Coffee,282,10.998,False
2025-02-09,Thao Dien,Thu Duc City,Tea,167,7.515,False
2025-02-09,Thao Dien,Thu Duc City,Smoothie,60,3.3,False
2025-02-09,Thao Dien,Thu Duc City,Bakery,108,3.456,False
2025-02-10,Thao Dien,Thu Duc City,Coffee,247,9.633,False
2025-02-10,Thao Dien,Thu Duc City,Tea,145,6.525,False
2025-02-10,Thao Dien,Thu Duc City,Smoothie,75,4.125,False
2025-02-10,Thao Dien,Thu Duc City,Bakery,82,2.624,False
2025-02-11,Thao Dien,Thu Duc City,Coffee,225,8.775,False
2025-02-11,Thao Dien,Thu Duc City,Tea,118,5.31,False
2025-02-11,Thao Dien,Thu Duc City,Smoothie,67,3.685,False
2025-02-11,Thao Dien,Thu Duc City,Bakery,83,2.656,False
2025-02-12,Thao Dien,Thu Duc City,Coffee,208,8.112,False
2025-02-12,Thao Dien,Thu Duc City,Tea,132,5.94,False
2025-02-12,Thao Dien,Thu Duc City,Smoothie,65,3.575,False
2025-02-12,Thao Dien,Thu Duc City,Bakery,71,2.272,False
2025-02-13,Thao Dien,Thu Duc City,Coffee,230,8.97,False
2025-02-13,Thao Dien,Thu Duc City,Tea,131,5.895,False
2025-02-13,Thao Dien,Thu Duc City,Smoothie,59,3.245,False
2025-02-13,Thao Dien,Thu Duc City,Bakery,86,2.752,False
2025-02-14,Thao Dien,Thu Duc City,Coffee,219,8.541,False
2025-02-14,Thao Dien,Thu Duc City,Tea,138,6.21,False
2025-02-14,Thao Dien,Thu Duc City,Smoothie,56,3.08,False
2025-02-14,Thao Dien,Thu Duc City,Bakery,84,2.688,False
2025-02-15,Thao Dien,Thu Duc City,Coffee,285,11.115,False
2025-02-15,Thao Dien,Thu Duc City,Tea,196,8.82,False
2025-02-15,Thao Dien,Thu Duc City,Smoothie,78,4.29,False
2025-02-15,Thao Dien,Thu Duc City,Bakery,108,3.456,False
2025-02-16,Thao Dien,Thu Duc City,Coffee,290,11.31,False
2025-02-16,Thao Dien,Thu Duc City,Tea,163,7.335,False
2025-02-16,Thao Dien,Thu Duc City,Smoothie,73,4.015,False
2025-02-16,Thao Dien,Thu Duc City,Bakery,108,3.456,False
2025-02-17,Thao Dien,Thu Duc City,Coffee,239,9.321,False
2025-02-17,Thao Dien,Thu Duc City,Tea,154,6.93,False
2025-02-17,Thao Dien,Thu Duc City,Smoothie,56,3.08,False
2025-02-17,Thao Dien,Thu Duc City,Bakery,93,2.976,False
2025-02-18,Thao Dien,Thu Duc City,Coffee,226,8.814,False
2025-02-18,Thao Dien,Thu Duc City,Tea,139,6.255,False
2025-02-18,Thao Dien,Thu Duc City,Smoothie,67,3.685,False
2025-02-18,Thao Dien,Thu Duc City,Bakery,67,2.144,False
2025-02-19,Thao Dien,Thu Duc City,Coffee,236,9.204,False
2025-02-19,Thao Dien,Thu Duc City,Tea,113,5.085,False
2025-02-19,Thao Dien,Thu Duc City,Smoothie,58,3.19,False
2025-02-19,Thao Dien,Thu Duc City,Bakery,95,3.04,False
2025-02-20,Thao Dien,Thu Duc City,Coffee,230,8.97,False
2025-02-20,Thao Dien,Thu Duc City,Tea,126,5.67,False
2025-02-20,Thao Dien,Thu Duc City,Smoothie,57,3.135,False
2025-02-20,Thao Dien,Thu Duc City,Bakery,93,2.976,False
2025-02-21,Thao Dien,Thu Duc City,Coffee,244,9.516,False
2025-02-21,Thao Dien,Thu Duc City,Tea,153,6.885,False
2025-02-21,Thao Dien,Thu Duc City,Smoothie,49,2.695,False
2025-02-21,Thao Dien,Thu Duc City,Bakery,108,3.456,False
2025-02-22,Thao Dien,Thu Duc City,Coffee,288,11.232,False
2025-02-22,Thao Dien,Thu Duc City,Tea,161,7.245,False
2025-02-22,Thao Dien,Thu Duc City,Smoothie,89,4.895,False
2025-02-22,Thao Dien,Thu Duc City,Bakery,103,3.296,False
2025-02-23,Thao Dien,Thu Duc City,Coffee,279,10.881,False
2025-02-23,Thao Dien,Thu Duc City,Tea,176,7.92,False
2025-02-23,Thao Dien,Thu Duc City,Smoothie,81,4.455,False
2025-02-23,Thao Dien,Thu Duc City,Bakery,105,3.36,False
2025-02-24,Thao Dien,Thu Duc City,Coffee,225,8.775,False
2025-02-24,Thao Dien,Thu Duc City,Tea,136,6.12,False
2025-02-24,Thao Dien,Thu Duc City,Smoothie,58,3.19,False
2025-02-24,Thao Dien,Thu Duc City,Bakery,84,2.688,False
2025-02-25,Thao Dien,Thu Duc City,Coffee,206,8.034,False
2025-02-25,Thao Dien,Thu Duc City,Tea,136,6.12,False
2025-02-25,Thao Dien,Thu Duc City,Smoothie,54,2.97,False
2025-02-25,Thao Dien,Thu Duc City,Bakery,92,2.944,False
2025-02-26,Thao Dien,Thu Duc City,Coffee,258,10.062,False
2025-02-26,Thao Dien,Thu Duc City,Tea,158,7.11,False
2025-02-26,Thao Dien,Thu Duc City,Smoothie,55,3.025,False
2025-02-26,Thao Dien,Thu Duc City,Bakery,83,2.656,False
2025-02-27,Thao Dien,Thu Duc City,Coffee,242,9.438,False
2025-02-27,Thao Dien,Thu Duc City,Tea,119,5.355,False
2025-02-27,Thao Dien,Thu Duc City,Smoothie,42,2.31,False
2025-02-27,Thao Dien,Thu Duc City,Bakery,76,2.432,False
2025-02-28,Thao Dien,Thu Duc City,Coffee,245,9.555,False
2025-02-28,Thao Dien,Thu Duc City,Tea,133,5.985,False
2025-02-28,Thao Dien,Thu Duc City,Smoothie,56,3.08,False
2025-02-28,Thao Dien,Thu Duc City,Bakery,107,3.424,False
2025-03-01,Thao Dien,Thu Duc City,Coffee,326,10.807,True
2025-03-01,Thao Dien,Thu Duc City,Tea,225,8.606,True
2025-03-01,Thao Dien,Thu Duc City,Smoothie,132,6.171,True
2025-03-01,Thao Dien,Thu Duc City,Bakery,116,3.155,True
2025-03-02,Thao Dien,Thu Duc City,Coffee,308,10.21,True
2025-03-02,Thao Dien,Thu Duc City,Tea,198,7.574,True
2025-03-02,Thao Dien,Thu Duc City,Smoothie,133,6.218,True
2025-03-02,Thao Dien,Thu Duc City,Bakery,125,3.4,True
2025-03-03,Thao Dien,Thu Duc City,Coffee,277,9.183,True
2025-03-03,Thao Dien,Thu Duc City,Tea,148,5.661,True
2025-03-03,Thao Dien,Thu Duc City,Smoothie,112,5.236,True
2025-03-03,Thao Dien,Thu Duc City,Bakery,110,2.992,True
2025-03-04,Thao Dien,Thu Duc City,Coffee,225,8.775,False
2025-03-04,Thao Dien,Thu Duc City,Tea,122,5.49,False
2025-03-04,Thao Dien,Thu Duc City,Smoothie,74,4.07,False
2025-03-04,Thao Dien,Thu Duc City,Bakery,80,2.56,False
2025-03-05,Thao Dien,Thu Duc City,Coffee,233,9.087,False
2025-03-05,Thao Dien,Thu Duc City,Tea,133,5.985,False
2025-03-05,Thao Dien,Thu Duc City,Smoothie,80,4.4,False
2025-03-05,Thao Dien,Thu Duc City,Bakery,94,3.008,False
2025-03-06,Thao Dien,Thu Duc City,Coffee,220,8.58,False
2025-03-06,Thao Dien,Thu Duc City,Tea,140,6.3,False
2025-03-06,Thao Dien,Thu Duc City,Smoothie,78,4.29,False
2025-03-06,Thao Dien,Thu Duc City,Bakery,89,2.848,False
2025-03-07,Thao Dien,Thu Duc City,Coffee,197,7.683,False
2025-03-07,Thao Dien,Thu Duc City,Tea,124,5.58,False
2025-03-07,Thao Dien,Thu Duc City,Smoothie,88,4.84,False
2025-03-07,Thao Dien,Thu Duc City,Bakery,88,2.816,False
2025-03-08,Thao Dien,Thu Duc City,Coffee,286,11.154,False
2025-03-08,Thao Dien,Thu Duc City,Tea,127,5.715,False
2025-03-08,Thao Dien,Thu Duc City,Smoothie,109,5.995,False
2025-03-08,Thao Dien,Thu Duc City,Bakery,102,3.264,False
2025-03-09,Thao Dien,Thu Duc City,Coffee,299,11.661,False
2025-03-09,Thao Dien,Thu Duc City,Tea,139,6.255,False
2025-03-09,Thao Dien,Thu Duc City,Smoothie,88,4.84,False
2025-03-09,Thao Dien,Thu Duc City,Bakery,109,3.488,False
2025-03-10,Thao Dien,Thu Duc City,Coffee,267,10.413,False
2025-03-10,Thao Dien,Thu Duc City,Tea,140,6.3,False
2025-03-10,Thao Dien,Thu Duc City,Smoothie,86,4.73,False
2025-03-10,Thao Dien,Thu Duc City,Bakery,79,2.528,False
2025-03-11,Thao Dien,Thu Duc City,Coffee,244,9.516,False
2025-03-11,Thao Dien,Thu Duc City,Tea,132,5.94,False
2025-03-11,Thao Dien,Thu Duc City,Smoothie,78,4.29,False
2025-03-11,Thao Dien,Thu Duc City,Bakery,94,3.008,False
2025-03-12,Thao Dien,Thu Duc City,Coffee,231,9.009,False
2025-03-12,Thao Dien,Thu Duc City,Tea,119,5.355,False
2025-03-12,Thao Dien,Thu Duc City,Smoothie,102,5.61,False
2025-03-12,Thao Dien,Thu Duc City,Bakery,91,2.912,False
2025-03-13,Thao Dien,Thu Duc City,Coffee,256,9.984,False
2025-03-13,Thao Dien,Thu Duc City,Tea,115,5.175,False
2025-03-13,Thao Dien,Thu Duc City,Smoothie,75,4.125,False
2025-03-13,Thao Dien,Thu Duc City,Bakery,80,2.56,False
2025-03-14,Thao Dien,Thu Duc City,Coffee,231,9.009,False
2025-03-14,Thao Dien,Thu Duc City,Tea,120,5.4,False
2025-03-14,Thao Dien,Thu Duc City,Smoothie,91,5.005,False
2025-03-14,Thao Dien,Thu Duc City,Bakery,87,2.784,False
2025-03-15,Thao Dien,Thu Duc City,Coffee,314,12.246,False
2025-03-15,Thao Dien,Thu Duc City,Tea,173,7.785,False
2025-03-15,Thao Dien,Thu Duc City,Smoothie,100,5.5,False
2025-03-15,Thao Dien,Thu Duc City,Bakery,125,4.0,False
2025-03-16,Thao Dien,Thu Duc City,Coffee,302,11.778,False
2025-03-16,Thao Dien,Thu Duc City,Tea,165,7.425,False
2025-03-16,Thao Dien,Thu Duc City,Smoothie,106,5.83,False
2025-03-16,Thao Dien,Thu Duc City,Bakery,105,3.36,False
2025-03-17,Thao Dien,Thu Duc City,Coffee,213,8.307,False
2025-03-17,Thao Dien,Thu Duc City,Tea,124,5.58,False
2025-03-17,Thao Dien,Thu Duc City,Smoothie,81,4.455,False
2025-03-17,Thao Dien,Thu Duc City,Bakery,92,2.944,False
2025-03-18,Thao Dien,Thu Duc City,Coffee,203,7.917,False
2025-03-18,Thao Dien,Thu Duc City,Tea,114,5.13,False
2025-03-18,Thao Dien,Thu Duc City,Smoothie,74,4.07,False
2025-03-18,Thao Dien,Thu Duc City,Bakery,93,2.976,False
2025-03-19,Thao Dien,Thu Duc City,Coffee,242,9.438,False
2025-03-19,Thao Dien,Thu Duc City,Tea,125,5.625,False
2025-03-19,Thao Dien,Thu Duc City,Smoothie,86,4.73,False
2025-03-19,Thao Dien,Thu Duc City,Bakery,78,2.496,False
2025-03-20,Thao Dien,Thu Duc City,Coffee,264,10.296,False
2025-03-20,Thao Dien,Thu Duc City,Tea,128,5.76,False
2025-03-20,Thao Dien,Thu Duc City,Smoothie,80,4.4,False
2025-03-20,Thao Dien,Thu Duc City,Bakery,93,2.976,False
2025-03-21,Thao Dien,Thu Duc City,Coffee,222,8.658,False
2025-03-21,Thao Dien,Thu Duc City,Tea,135,6.075,False
2025-03-21,Thao Dien,Thu Duc City,Smoothie,71,3.905,False
2025-03-21,Thao Dien,Thu Duc City,Bakery,99,3.168,False
2025-03-22,Thao Dien,Thu Duc City,Coffee,320,12.48,False
2025-03-22,Thao Dien,Thu Duc City,Tea,157,7.065,False
2025-03-22,Thao Dien,Thu Duc City,Smoothie,106,5.83,False
2025-03-22,Thao Dien,Thu Duc City,Bakery,124,3.968,False
2025-03-23,Thao Dien,Thu Duc City,Coffee,283,11.037,False
2025-03-23,Thao Dien,Thu Duc City,Tea,158,7.11,False
2025-03-23,Thao Dien,Thu Duc City,Smoothie,100,5.5,False
2025-03-23,Thao Dien,Thu Duc City,Bakery,123,3.936,False
2025-03-24,Thao Dien,Thu Duc City,Coffee,233,9.087,False
2025-03-24,Thao Dien,Thu Duc City,Tea,139,6.255,False
2025-03-24,Thao Dien,Thu Duc City,Smoothie,68,3.74,False
2025-03-24,Thao Dien,Thu Duc City,Bakery,80,2.56,False
2025-03-25,Thao Dien,Thu Duc City,Coffee,218,8.502,False
2025-03-25,Thao Dien,Thu Duc City,Tea,128,5.76,False
2025-03-25,Thao Dien,Thu Duc City,Smoothie,81,4.455,False
2025-03-25,Thao Dien,Thu Duc City,Bakery,81,2.592,False
2025-03-26,Thao Dien,Thu Duc City,Coffee,215,8.385,False
2025-03-26,Thao Dien,Thu Duc City,Tea,136,6.12,False
2025-03-26,Thao Dien,Thu Duc City,Smoothie,67,3.685,False
2025-03-26,Thao Dien,Thu Duc City,Bakery,91,2.912,False
2025-03-27,Thao Dien,Thu Duc City,Coffee,245,9.555,False
2025-03-27,Thao Dien,Thu Duc City,Tea,129,5.805,False
2025-03-27,Thao Dien,Thu Duc City,Smoothie,97,5.335,False
2025-03-27,Thao Dien,Thu Duc City,Bakery,93,2.976,False
2025-03-28,Thao Dien,Thu Duc City,Coffee,221,8.619,False
2025-03-28,Thao Dien,Thu Duc City,Tea,152,6.84,False
2025-03-28,Thao Dien,Thu Duc City,Smoothie,82,4.51,False
2025-03-28,Thao Dien,Thu Duc City,Bakery,90,2.88,False
2025-03-29,Thao Dien,Thu Duc City,Coffee,326,12.714,False
2025-03-29,Thao Dien,Thu Duc City,Tea,156,7.02,False
2025-03-29,Thao Dien,Thu Duc City,Smoothie,102,5.61,False
2025-03-29,Thao Dien,Thu Duc City,Bakery,112,3.584,False
2025-03-30,Thao Dien,Thu Duc City,Coffee,271,10.569,False
2025-03-30,Thao Dien,Thu Duc City,Tea,155,6.975,False
2025-03-30,Thao Dien,Thu Duc City,Smoothie,97,5.335,False
2025-03-30,Thao Dien,Thu Duc City,Bakery,112,3.584,False
2025-03-31,Thao Dien,Thu Duc City,Coffee,266,10.374,False
2025-03-31,Thao Dien,Thu Duc City,Tea,136,6.12,False
2025-03-31,Thao Dien,Thu Duc City,Smoothie,89,4.895,False
2025-03-31,Thao Dien,Thu Duc City,Bakery,79,2.528,False
2025-04-01,Thao Dien,Thu Duc City,Coffee,283,9.381,True
2025-04-01,Thao Dien,Thu Duc City,Tea,162,6.197,True
2025-04-01,Thao Dien,Thu Duc City,Smoothie,101,4.722,True
2025-04-01,Thao Dien,Thu Duc City,Bakery,95,2.584,True
2025-04-02,Thao Dien,Thu Duc City,Coffee,273,9.05,True
2025-04-02,Thao Dien,Thu Duc City,Tea,153,5.852,True
2025-04-02,Thao Dien,Thu Duc City,Smoothie,85,3.974,True
2025-04-02,Thao Dien,Thu Duc City,Bakery,93,2.53,True
2025-04-03,Thao Dien,Thu Duc City,Coffee,291,9.647,True
2025-04-03,Thao Dien,Thu Duc City,Tea,158,6.043,True
2025-04-03,Thao Dien,Thu Duc City,Smoothie,110,5.143,True
2025-04-03,Thao Dien,Thu Duc City,Bakery,96,2.611,True
2025-04-04,Thao Dien,Thu Duc City,Coffee,233,9.087,False
2025-04-04,Thao Dien,Thu Duc City,Tea,128,5.76,False
2025-04-04,Thao Dien,Thu Duc City,Smoothie,73,4.015,False
2025-04-04,Thao Dien,Thu Duc City,Bakery,87,2.784,False
2025-04-05,Thao Dien,Thu Duc City,Coffee,271,10.569,False
2025-04-05,Thao Dien,Thu Duc City,Tea,170,7.65,False
2025-04-05,Thao Dien,Thu Duc City,Smoothie,114,6.27,False
2025-04-05,Thao Dien,Thu Duc City,Bakery,92,2.944,False
2025-04-06,Thao Dien,Thu Duc City,Coffee,332,12.948,False
2025-04-06,Thao Dien,Thu Duc City,Tea,194,8.73,False
2025-04-06,Thao Dien,Thu Duc City,Smoothie,108,5.94,False
2025-04-06,Thao Dien,Thu Duc City,Bakery,121,3.872,False
2025-04-07,Thao Dien,Thu Duc City,Coffee,204,7.956,False
2025-04-07,Thao Dien,Thu Duc City,Tea,124,5.58,False
2025-04-07,Thao Dien,Thu Duc City,Smoothie,72,3.96,False
2025-04-07,Thao Dien,Thu Duc City,Bakery,93,2.976,False
2025-04-08,Thao Dien,Thu Duc City,Coffee,223,8.697,False
2025-04-08,Thao Dien,Thu Duc City,Tea,140,6.3,False
2025-04-08,Thao Dien,Thu Duc City,Smoothie,82,4.51,False
2025-04-08,Thao Dien,Thu Duc City,Bakery,84,2.688,False
2025-04-09,Thao Dien,Thu Duc City,Coffee,221,8.619,False
2025-04-09,Thao Dien,Thu Duc City,Tea,130,5.85,False
2025-04-09,Thao Dien,Thu Duc City,Smoothie,75,4.125,False
2025-04-09,Thao Dien,Thu Duc City,Bakery,79,2.528,False
2025-04-10,Thao Dien,Thu Duc City,Coffee,229,8.931,False
2025-04-10,Thao Dien,Thu Duc City,Tea,148,6.66,False
2025-04-10,Thao Dien,Thu Duc City,Smoothie,83,4.565,False
2025-04-10,Thao Dien,Thu Duc City,Bakery,94,3.008,False
2025-04-11,Thao Dien,Thu Duc City,Coffee,254,9.906,False
2025-04-11,Thao Dien,Thu Duc City,Tea,139,6.255,False
2025-04-11,Thao Dien,Thu Duc City,Smoothie,80,4.4,False
2025-04-11,Thao Dien,Thu Duc City,Bakery,97,3.104,False
2025-04-12,Thao Dien,Thu Duc City,Coffee,273,10.647,False
2025-04-12,Thao Dien,Thu Duc City,Tea,149,6.705,False
2025-04-12,Thao Dien,Thu Duc City,Smoothie,106,5.83,False
2025-04-12,Thao Dien,Thu Duc City,Bakery,97,3.104,False
2025-04-13,Thao Dien,Thu Duc City,Coffee,277,10.803,False
2025-04-13,Thao Dien,Thu Duc City,Tea,190,8.55,False
2025-04-13,Thao Dien,Thu Duc City,Smoothie,111,6.105,False
2025-04-13,Thao Dien,Thu Duc City,Bakery,95,3.04,False
2025-04-14,Thao Dien,Thu Duc City,Coffee,232,9.048,False
2025-04-14,Thao Dien,Thu Duc City,Tea,133,5.985,False
2025-04-14,Thao Dien,Thu Duc City,Smoothie,78,4.29,False
2025-04-14,Thao Dien,Thu Duc City,Bakery,92,2.944,False
2025-04-15,Thao Dien,Thu Duc City,Coffee,229,8.931,False
2025-04-15,Thao Dien,Thu Duc City,Tea,124,5.58,False
2025-04-15,Thao Dien,Thu Duc City,Smoothie,89,4.895,False
2025-04-15,Thao Dien,Thu Duc City,Bakery,96,3.072,False
2025-04-16,Thao Dien,Thu Duc City,Coffee,233,9.087,False
2025-04-16,Thao Dien,Thu Duc City,Tea,121,5.445,False
2025-04-16,Thao Dien,Thu Duc City,Smoothie,96,5.28,False
2025-04-16,Thao Dien,Thu Duc City,Bakery,83,2.656,False
2025-04-17,Thao Dien,Thu Duc City,Coffee,228,8.892,False
2025-04-17,Thao Dien,Thu Duc City,Tea,129,5.805,False
2025-04-17,Thao Dien,Thu Duc City,Smoothie,79,4.345,False
2025-04-17,Thao Dien,Thu Duc City,Bakery,102,3.264,False
2025-04-18,Thao Dien,Thu Duc City,Coffee,238,9.282,False
2025-04-18,Thao Dien,Thu Duc City,Tea,120,5.4,False
2025-04-18,Thao Dien,Thu Duc City,Smoothie,62,3.41,False
2025-04-18,Thao Dien,Thu Duc City,Bakery,100,3.2,False
2025-04-19,Thao Dien,Thu Duc City,Coffee,288,11.232,False
2025-04-19,Thao Dien,Thu Duc City,Tea,153,6.885,False
2025-04-19,Thao Dien,Thu Duc City,Smoothie,108,5.94,False
2025-04-19,Thao Dien,Thu Duc City,Bakery,91,2.912,False
2025-04-20,Thao Dien,Thu Duc City,Coffee,286,11.154,False
2025-04-20,Thao Dien,Thu Duc City,Tea,167,7.515,False
2025-04-20,Thao Dien,Thu Duc City,Smoothie,119,6.545,False
2025-04-20,Thao Dien,Thu Duc City,Bakery,121,3.872,False
2025-04-21,Thao Dien,Thu Duc City,Coffee,231,9.009,False
2025-04-21,Thao Dien,Thu Duc City,Tea,126,5.67,False
2025-04-21,Thao Dien,Thu Duc City,Smoothie,90,4.95,False
2025-04-21,Thao Dien,Thu Duc City,Bakery,77,2.464,False
2025-04-22,Thao Dien,Thu Duc City,Coffee,239,9.321,False
2025-04-22,Thao Dien,Thu Duc City,Tea,133,5.985,False
2025-04-22,Thao Dien,Thu Duc City,Smoothie,82,4.51,False
2025-04-22,Thao Dien,Thu Duc City,Bakery,87,2.784,False
2025-04-23,Thao Dien,Thu Duc City,Coffee,237,9.243,False
2025-04-23,Thao Dien,Thu Duc City,Tea,140,6.3,False
2025-04-23,Thao Dien,Thu Duc City,Smoothie,78,4.29,False
2025-04-23,Thao Dien,Thu Duc City,Bakery,76,2.432,False
2025-04-24,Thao Dien,Thu Duc City,Coffee,244,9.516,False
2025-04-24,Thao Dien,Thu Duc City,Tea,120,5.4,False
2025-04-24,Thao Dien,Thu Duc City,Smoothie,82,4.51,False
2025-04-24,Thao Dien,Thu Duc City,Bakery,88,2.816,False
2025-04-25,Thao Dien,Thu Duc City,Coffee,223,8.697,False
2025-04-25,Thao Dien,Thu Duc City,Tea,123,5.535,False
2025-04-25,Thao Dien,Thu Duc City,Smoothie,74,4.07,False
2025-04-25,Thao Dien,Thu Duc City,Bakery,87,2.784,False
2025-04-26,Thao Dien,Thu Duc City,Coffee,267,10.413,False
2025-04-26,Thao Dien,Thu Duc City,Tea,176,7.92,False
2025-04-26,Thao Dien,Thu Duc City,Smoothie,94,5.17,False
2025-04-26,Thao Dien,Thu Duc City,Bakery,94,3.008,False
2025-04-27,Thao Dien,Thu Duc City,Coffee,314,12.246,False
2025-04-27,Thao Dien,Thu Duc City,Tea,156,7.02,False
2025-04-27,Thao Dien,Thu Duc City,Smoothie,91,5.005,False
2025-04-27,Thao Dien,Thu Duc City,Bakery,105,3.36,False
2025-04-28,Thao Dien,Thu Duc City,Coffee,226,8.814,False
2025-04-28,Thao Dien,Thu Duc City,Tea,129,5.805,False
2025-04-28,Thao Dien,Thu Duc City,Smoothie,83,4.565,False
2025-04-28,Thao Dien,Thu Duc City,Bakery,99,3.168,False
2025-04-29,Thao Dien,Thu Duc City,Coffee,243,9.477,False
2025-04-29,Thao Dien,Thu Duc City,Tea,144,6.48,False
2025-04-29,Thao Dien,Thu Duc City,Smoothie,85,4.675,False
2025-04-29,Thao Dien,Thu Duc City,Bakery,88,2.816,False
2025-04-30,Thao Dien,Thu Duc City,Coffee,231,9.009,False
2025-04-30,Thao Dien,Thu Duc City,Tea,134,6.03,False
2025-04-30,Thao Dien,Thu Duc City,Smoothie,70,3.85,False
2025-04-30,Thao Dien,Thu Duc City,Bakery,95,3.04,False
2025-05-01,Thao Dien,Thu Duc City,Coffee,293,9.713,True
2025-05-01,Thao Dien,Thu Duc City,Tea,140,5.355,True
2025-05-01,Thao Dien,Thu Duc City,Smoothie,96,4.488,True
2025-05-01,Thao Dien,Thu Duc City,Bakery,98,2.666,True
2025-05-02,Thao Dien,Thu Duc City,Coffee,276,9.149,True
2025-05-02,Thao Dien,Thu Duc City,Tea,148,5.661,True
2025-05-02,Thao Dien,Thu Duc City,Smoothie,93,4.348,True
2025-05-02,Thao Dien,Thu Duc City,Bakery,90,2.448,True
2025-05-03,Thao Dien,Thu Duc City,Coffee,347,11.503,True
2025-05-03,Thao Dien,Thu Duc City,Tea,195,7.459,True
2025-05-03,Thao Dien,Thu Duc City,Smoothie,136,6.358,True
2025-05-03,Thao Dien,Thu Duc City,Bakery,142,3.862,True
2025-05-04,Thao Dien,Thu Duc City,Coffee,290,11.31,False
2025-05-04,Thao Dien,Thu Duc City,Tea,153,6.885,False
2025-05-04,Thao Dien,Thu Duc City,Smoothie,86,4.73,False
2025-05-04,Thao Dien,Thu Duc City,Bakery,113,3.616,False
2025-05-05,Thao Dien,Thu Duc City,Coffee,223,8.697,False
2025-05-05,Thao Dien,Thu Duc City,Tea,130,5.85,False
2025-05-05,Thao Dien,Thu Duc City,Smoothie,80,4.4,False
2025-05-05,Thao Dien,Thu Duc City,Bakery,84,2.688,False
2025-05-06,Thao Dien,Thu Duc City,Coffee,260,10.14,False
2025-05-06,Thao Dien,Thu Duc City,Tea,126,5.67,False
2025-05-06,Thao Dien,Thu Duc City,Smoothie,75,4.125,False
2025-05-06,Thao Dien,Thu Duc City,Bakery,81,2.592,False
2025-05-07,Thao Dien,Thu Duc City,Coffee,250,9.75,False
2025-05-07,Thao Dien,Thu Duc City,Tea,122,5.49,False
2025-05-07,Thao Dien,Thu Duc City,Smoothie,76,4.18,False
2025-05-07,Thao Dien,Thu Duc City,Bakery,96,3.072,False
2025-05-08,Thao Dien,Thu Duc City,Coffee,203,7.917,False
2025-05-08,Thao Dien,Thu Duc City,Tea,120,5.4,False
2025-05-08,Thao Dien,Thu Duc City,Smoothie,97,5.335,False
2025-05-08,Thao Dien,Thu Duc City,Bakery,92,2.944,False
2025-05-09,Thao Dien,Thu Duc City,Coffee,242,9.438,False
2025-05-09,Thao Dien,Thu Duc City,Tea,151,6.795,False
2025-05-09,Thao Dien,Thu Duc City,Smoothie,63,3.465,False
2025-05-09,Thao Dien,Thu Duc City,Bakery,87,2.784,False
2025-05-10,Thao Dien,Thu Duc City,Coffee,306,11.934,False
2025-05-10,Thao Dien,Thu Duc City,Tea,178,8.01,False
2025-05-10,Thao Dien,Thu Duc City,Smoothie,118,6.49,False
2025-05-10,Thao Dien,Thu Duc City,Bakery,104,3.328,False
2025-05-11,Thao Dien,Thu Duc City,Coffee,292,11.388,False
2025-05-11,Thao Dien,Thu Duc City,Tea,160,7.2,False
2025-05-11,Thao Dien,Thu Duc City,Smoothie,116,6.38,False
2025-05-11,Thao Dien,Thu Duc City,Bakery,106,3.392,False
2025-05-12,Thao Dien,Thu Duc City,Coffee,213,8.307,False
2025-05-12,Thao Dien,Thu Duc City,Tea,137,6.165,False
2025-05-12,Thao Dien,Thu Duc City,Smoothie,107,5.885,False
2025-05-12,Thao Dien,Thu Duc City,Bakery,85,2.72,False
2025-05-13,Thao Dien,Thu Duc City,Coffee,212,8.268,False
2025-05-13,Thao Dien,Thu Duc City,Tea,128,5.76,False
2025-05-13,Thao Dien,Thu Duc City,Smoothie,87,4.785,False
2025-05-13,Thao Dien,Thu Duc City,Bakery,92,2.944,False
2025-05-14,Thao Dien,Thu Duc City,Coffee,242,9.438,False
2025-05-14,Thao Dien,Thu Duc City,Tea,140,6.3,False
2025-05-14,Thao Dien,Thu Duc City,Smoothie,76,4.18,False
2025-05-14,Thao Dien,Thu Duc City,Bakery,75,2.4,False
2025-05-15,Thao Dien,Thu Duc City,Coffee,236,9.204,False
2025-05-15,Thao Dien,Thu Duc City,Tea,119,5.355,False
2025-05-15,Thao Dien,Thu Duc City,Smoothie,81,4.455,False
2025-05-15,Thao Dien,Thu Duc City,Bakery,89,2.848,False
2025-05-16,Thao Dien,Thu Duc City,Coffee,239,9.321,False
2025-05-16,Thao Dien,Thu Duc City,Tea,140,6.3,False
2025-05-16,Thao Dien,Thu Duc City,Smoothie,77,4.235,False
2025-05-16,Thao Dien,Thu Duc City,Bakery,98,3.136,False
2025-05-17,Thao Dien,Thu Duc City,Coffee,263,10.257,False
2025-05-17,Thao Dien,Thu Duc City,Tea,163,7.335,False
2025-05-17,Thao Dien,Thu Duc City,Smoothie,108,5.94,False
2025-05-17,Thao Dien,Thu Duc City,Bakery,103,3.296,False
2025-05-18,Thao Dien,Thu Duc City,Coffee,300,11.7,False
2025-05-18,Thao Dien,Thu Duc City,Tea,176,7.92,False
2025-05-18,Thao Dien,Thu Duc City,Smoothie,104,5.72,False
2025-05-18,Thao Dien,Thu Duc City,Bakery,96,3.072,False
2025-05-19,Thao Dien,Thu Duc City,Coffee,234,9.126,False
2025-05-19,Thao Dien,Thu Duc City,Tea,145,6.525,False
2025-05-19,Thao Dien,Thu Duc City,Smoothie,96,5.28,False
2025-05-19,Thao Dien,Thu Duc City,Bakery,82,2.624,False
2025-05-20,Thao Dien,Thu Duc City,Coffee,227,8.853,False
2025-05-20,Thao Dien,Thu Duc City,Tea,130,5.85,False
2025-05-20,Thao Dien,Thu Duc City,Smoothie,105,5.775,False
2025-05-20,Thao Dien,Thu Duc City,Bakery,89,2.848,False
2025-05-21,Thao Dien,Thu Duc City,Coffee,216,8.424,False
2025-05-21,Thao Dien,Thu Duc City,Tea,136,6.12,False
2025-05-21,Thao Dien,Thu Duc City,Smoothie,95,5.225,False
2025-05-21,Thao Dien,Thu Duc City,Bakery,79,2.528,False
2025-05-22,Thao Dien,Thu Duc City,Coffee,228,8.892,False
2025-05-22,Thao Dien,Thu Duc City,Tea,116,5.22,False
2025-05-22,Thao Dien,Thu Duc City,Smoothie,80,4.4,False
2025-05-22,Thao Dien,Thu Duc City,Bakery,84,2.688,False
2025-05-23,Thao Dien,Thu Duc City,Coffee,240,9.36,False
2025-05-23,Thao Dien,Thu Duc City,Tea,120,5.4,False
2025-05-23,Thao Dien,Thu Duc City,Smoothie,82,4.51,False
2025-05-23,Thao Dien,Thu Duc City,Bakery,75,2.4,False
2025-05-24,Thao Dien,Thu Duc City,Coffee,293,11.427,False
2025-05-24,Thao Dien,Thu Duc City,Tea,172,7.74,False
2025-05-24,Thao Dien,Thu Duc City,Smoothie,95,5.225,False
2025-05-24,Thao Dien,Thu Duc City,Bakery,108,3.456,False
2025-05-25,Thao Dien,Thu Duc City,Coffee,309,12.051,False
2025-05-25,Thao Dien,Thu Duc City,Tea,188,8.46,False
2025-05-25,Thao Dien,Thu Duc City,Smoothie,118,6.49,False
2025-05-25,Thao Dien,Thu Duc City,Bakery,95,3.04,False
2025-05-26,Thao Dien,Thu Duc City,Coffee,240,9.36,False
2025-05-26,Thao Dien,Thu Duc City,Tea,130,5.85,False
2025-05-26,Thao Dien,Thu Duc City,Smoothie,94,5.17,False
2025-05-26,Thao Dien,Thu Duc City,Bakery,95,3.04,False
2025-05-27,Thao Dien,Thu Duc City,Coffee,255,9.945,False
2025-05-27,Thao Dien,Thu Duc City,Tea,113,5.085,False
2025-05-27,Thao Dien,Thu Duc City,Smoothie,70,3.85,False
2025-05-27,Thao Dien,Thu Duc City,Bakery,93,2.976,False
2025-05-28,Thao Dien,Thu Duc City,Coffee,219,8.541,False
2025-05-28,Thao Dien,Thu Duc City,Tea,128,5.76,False
2025-05-28,Thao Dien,Thu Duc City,Smoothie,86,4.73,False
2025-05-28,Thao Dien,Thu Duc City,Bakery,82,2.624,False
2025-05-29,Thao Dien,Thu Duc City,Coffee,232,9.048,False
2025-05-29,Thao Dien,Thu Duc City,Tea,150,6.75,False
2025-05-29,Thao Dien,Thu Duc City,Smoothie,78,4.29,False
2025-05-29,Thao Dien,Thu Duc City,Bakery,76,2.432,False
2025-05-30,Thao Dien,Thu Duc City,Coffee,230,8.97,False
2025-05-30,Thao Dien,Thu Duc City,Tea,133,5.985,False
2025-05-30,Thao Dien,Thu Duc City,Smoothie,88,4.84,False
2025-05-30,Thao Dien,Thu Duc City,Bakery,89,2.848,False
2025-05-31,Thao Dien,Thu Duc City,Coffee,298,11.622,False
2025-05-31,Thao Dien,Thu Duc City,Tea,168,7.56,False
2025-05-31,Thao Dien,Thu Duc City,Smoothie,100,5.5,False
2025-05-31,Thao Dien,Thu Duc City,Bakery,119,3.808,False
2025-06-01,Thao Dien,Thu Duc City,Coffee,328,10.873,True
2025-06-01,Thao Dien,Thu Duc City,Tea,199,7.612,True
2025-06-01,Thao Dien,Thu Duc City,Smoothie,88,4.114,True
2025-06-01,Thao Dien,Thu Duc City,Bakery,124,3.373,True
2025-06-02,Thao Dien,Thu Duc City,Coffee,253,8.387,True
2025-06-02,Thao Dien,Thu Duc City,Tea,159,6.082,True
2025-06-02,Thao Dien,Thu Duc City,Smoothie,58,2.712,True
2025-06-02,Thao Dien,Thu Duc City,Bakery,85,2.312,True
2025-06-03,Thao Dien,Thu Duc City,Coffee,262,8.685,True
2025-06-03,Thao Dien,Thu Duc City,Tea,167,6.388,True
2025-06-03,Thao Dien,Thu Duc City,Smoothie,75,3.506,True
2025-06-03,Thao Dien,Thu Duc City,Bakery,115,3.128,True
2025-06-04,Thao Dien,Thu Duc City,Coffee,237,9.243,False
2025-06-04,Thao Dien,Thu Duc City,Tea,155,6.975,False
2025-06-04,Thao Dien,Thu Duc City,Smoothie,61,3.355,False
2025-06-04,Thao Dien,Thu Duc City,Bakery,90,2.88,False
2025-06-05,Thao Dien,Thu Duc City,Coffee,207,8.073,False
2025-06-05,Thao Dien,Thu Duc City,Tea,122,5.49,False
2025-06-05,Thao Dien,Thu Duc City,Smoothie,66,3.63,False
2025-06-05,Thao Dien,Thu Duc City,Bakery,83,2.656,False
2025-06-06,Thao Dien,Thu Duc City,Coffee,211,8.229,False
2025-06-06,Thao Dien,Thu Duc City,Tea,130,5.85,False
2025-06-06,Thao Dien,Thu Duc City,Smoothie,51,2.805,False
2025-06-06,Thao Dien,Thu Duc City,Bakery,92,2.944,False
2025-06-07,Thao Dien,Thu Duc City,Coffee,260,10.14,False
2025-06-07,Thao Dien,Thu Duc City,Tea,156,7.02,False
2025-06-07,Thao Dien,Thu Duc City,Smoothie,77,4.235,False
2025-06-07,Thao Dien,Thu Duc City,Bakery,82,2.624,False
2025-06-08,Thao Dien,Thu Duc City,Coffee,288,11.232,False
2025-06-08,Thao Dien,Thu Duc City,Tea,161,7.245,False
2025-06-08,Thao Dien,Thu Duc City,Smoothie,56,3.08,False
2025-06-08,Thao Dien,Thu Duc City,Bakery,117,3.744,False
2025-06-09,Thao Dien,Thu Duc City,Coffee,213,8.307,False
2025-06-09,Thao Dien,Thu Duc City,Tea,113,5.085,False
2025-06-09,Thao Dien,Thu Duc City,Smoothie,72,3.96,False
2025-06-09,Thao Dien,Thu Duc City,Bakery,82,2.624,False
2025-06-10,Thao Dien,Thu Duc City,Coffee,226,8.814,False
2025-06-10,Thao Dien,Thu Duc City,Tea,143,6.435,False
2025-06-10,Thao Dien,Thu Duc City,Smoothie,52,2.86,False
2025-06-10,Thao Dien,Thu Duc City,Bakery,75,2.4,False
2025-06-11,Thao Dien,Thu Duc City,Coffee,223,8.697,False
2025-06-11,Thao Dien,Thu Duc City,Tea,138,6.21,False
2025-06-11,Thao Dien,Thu Duc City,Smoothie,60,3.3,False
2025-06-11,Thao Dien,Thu Duc City,Bakery,68,2.176,False
2025-06-12,Thao Dien,Thu Duc City,Coffee,201,7.839,False
2025-06-12,Thao Dien,Thu Duc City,Tea,132,5.94,False
2025-06-12,Thao Dien,Thu Duc City,Smoothie,43,2.365,False
2025-06-12,Thao Dien,Thu Duc City,Bakery,100,3.2,False
2025-06-13,Thao Dien,Thu Duc City,Coffee,199,7.761,False
2025-06-13,Thao Dien,Thu Duc City,Tea,138,6.21,False
2025-06-13,Thao Dien,Thu Duc City,Smoothie,51,2.805,False
2025-06-13,Thao Dien,Thu Duc City,Bakery,81,2.592,False
2025-06-14,Thao Dien,Thu Duc City,Coffee,270,10.53,False
2025-06-14,Thao Dien,Thu Duc City,Tea,170,7.65,False
2025-06-14,Thao Dien,Thu Duc City,Smoothie,69,3.795,False
2025-06-14,Thao Dien,Thu Duc City,Bakery,112,3.584,False
2025-06-15,Thao Dien,Thu Duc City,Coffee,261,10.179,False
2025-06-15,Thao Dien,Thu Duc City,Tea,157,7.065,False
2025-06-15,Thao Dien,Thu Duc City,Smoothie,79,4.345,False
2025-06-15,Thao Dien,Thu Duc City,Bakery,131,4.192,False
2025-06-16,Thao Dien,Thu Duc City,Coffee,200,7.8,False
2025-06-16,Thao Dien,Thu Duc City,Tea,154,6.93,False
2025-06-16,Thao Dien,Thu Duc City,Smoothie,52,2.86,False
2025-06-16,Thao Dien,Thu Duc City,Bakery,86,2.752,False
2025-06-17,Thao Dien,Thu Duc City,Coffee,231,9.009,False
2025-06-17,Thao Dien,Thu Duc City,Tea,151,6.795,False
2025-06-17,Thao Dien,Thu Duc City,Smoothie,65,3.575,False
2025-06-17,Thao Dien,Thu Duc City,Bakery,101,3.232,False
2025-06-18,Thao Dien,Thu Duc City,Coffee,242,9.438,False
2025-06-18,Thao Dien,Thu Duc City,Tea,127,5.715,False
2025-06-18,Thao Dien,Thu Duc City,Smoothie,66,3.63,False
2025-06-18,Thao Dien,Thu Duc City,Bakery,87,2.784,False
2025-06-19,Thao Dien,Thu Duc City,Coffee,202,7.878,False
2025-06-19,Thao Dien,Thu Duc City,Tea,147,6.615,False
2025-06-19,Thao Dien,Thu Duc City,Smoothie,69,3.795,False
2025-06-19,Thao Dien,Thu Duc City,Bakery,78,2.496,False
2025-06-20,Thao Dien,Thu Duc City,Coffee,222,8.658,False
2025-06-20,Thao Dien,Thu Duc City,Tea,133,5.985,False
2025-06-20,Thao Dien,Thu Duc City,Smoothie,67,3.685,False
2025-06-20,Thao Dien,Thu Duc City,Bakery,97,3.104,False
2025-06-21,Thao Dien,Thu Duc City,Coffee,290,11.31,False
2025-06-21,Thao Dien,Thu Duc City,Tea,156,7.02,False
2025-06-21,Thao Dien,Thu Duc City,Smoothie,72,3.96,False
2025-06-21,Thao Dien,Thu Duc City,Bakery,89,2.848,False
2025-06-22,Thao Dien,Thu Duc City,Coffee,276,10.764,False
2025-06-22,Thao Dien,Thu Duc City,Tea,168,7.56,False
2025-06-22,Thao Dien,Thu Duc City,Smoothie,74,4.07,False
2025-06-22,Thao Dien,Thu Duc City,Bakery,97,3.104,False
2025-06-23,Thao Dien,Thu Duc City,Coffee,250,9.75,False
2025-06-23,Thao Dien,Thu Duc City,Tea,126,5.67,False
2025-06-23,Thao Dien,Thu Duc City,Smoothie,58,3.19,False
2025-06-23,Thao Dien,Thu Duc City,Bakery,83,2.656,False
2025-06-24,Thao Dien,Thu Duc City,Coffee,232,9.048,False
2025-06-24,Thao Dien,Thu Duc City,Tea,142,6.39,False
2025-06-24,Thao Dien,Thu Duc City,Smoothie,41,2.255,False
2025-06-24,Thao Dien,Thu Duc City,Bakery,93,2.976,False
2025-06-25,Thao Dien,Thu Duc City,Coffee,231,9.009,False
2025-06-25,Thao Dien,Thu Duc City,Tea,143,6.435,False
2025-06-25,Thao Dien,Thu Duc City,Smoothie,59,3.245,False
2025-06-25,Thao Dien,Thu Duc City,Bakery,71,2.272,False
2025-06-26,Thao Dien,Thu Duc City,Coffee,243,9.477,False
2025-06-26,Thao Dien,Thu Duc City,Tea,140,6.3,False
2025-06-26,Thao Dien,Thu Duc City,Smoothie,62,3.41,False
2025-06-26,Thao Dien,Thu Duc City,Bakery,85,2.72,False
2025-06-27,Thao Dien,Thu Duc City,Coffee,212,8.268,False
2025-06-27,Thao Dien,Thu Duc City,Tea,170,7.65,False
2025-06-27,Thao Dien,Thu Duc City,Smoothie,47,2.585,False
2025-06-27,Thao Dien,Thu Duc City,Bakery,82,2.624,False
2025-06-28,Thao Dien,Thu Duc City,Coffee,253,9.867,False
2025-06-28,Thao Dien,Thu Duc City,Tea,151,6.795,False
2025-06-28,Thao Dien,Thu Duc City,Smoothie,67,3.685,False
2025-06-28,Thao Dien,Thu Duc City,Bakery,104,3.328,False
2025-06-29,Thao Dien,Thu Duc City,Coffee,283,11.037,False
2025-06-29,Thao Dien,Thu Duc City,Tea,171,7.695,False
2025-06-29,Thao Dien,Thu Duc City,Smoothie,68,3.74,False
2025-06-29,Thao Dien,Thu Duc City,Bakery,114,3.648,False
2025-06-30,Thao Dien,Thu Duc City,Coffee,239,9.321,False
2025-06-30,Thao Dien,Thu Duc City,Tea,130,5.85,False
2025-06-30,Thao Dien,Thu Duc City,Smoothie,54,2.97,False
2025-06-30,Thao Dien,Thu Duc City,Bakery,66,2.112,False
2025-07-01,Thao Dien,Thu Duc City,Coffee,275,9.116,True
2025-07-01,Thao Dien,Thu Duc City,Tea,174,6.655,True
2025-07-01,Thao Dien,Thu Duc City,Smoothie,64,2.992,True
2025-07-01,Thao Dien,Thu Duc City,Bakery,113,3.074,True
2025-07-02,Thao Dien,Thu Duc City,Coffee,258,8.553,True
2025-07-02,Thao Dien,Thu Duc City,Tea,163,6.235,True
2025-07-02,Thao Dien,Thu Duc City,Smoothie,72,3.366,True
2025-07-02,Thao Dien,Thu Duc City,Bakery,111,3.019,True
2025-07-03,Thao Dien,Thu Duc City,Coffee,249,8.254,True
2025-07-03,Thao Dien,Thu Duc City,Tea,154,5.891,True
2025-07-03,Thao Dien,Thu Duc City,Smoothie,51,2.384,True
2025-07-03,Thao Dien,Thu Duc City,Bakery,111,3.019,True
2025-07-04,Thao Dien,Thu Duc City,Coffee,216,8.424,False
2025-07-04,Thao Dien,Thu Duc City,Tea,138,6.21,False
2025-07-04,Thao Dien,Thu Duc City,Smoothie,42,2.31,False
2025-07-04,Thao Dien,Thu Duc City,Bakery,77,2.464,False
2025-07-05,Thao Dien,Thu Duc City,Coffee,270,10.53,False
2025-07-05,Thao Dien,Thu Duc City,Tea,166,7.47,False
2025-07-05,Thao Dien,Thu Duc City,Smoothie,66,3.63,False
2025-07-05,Thao Dien,Thu Duc City,Bakery,101,3.232,False
2025-07-06,Thao Dien,Thu Duc City,Coffee,306,11.934,False
2025-07-06,Thao Dien,Thu Duc City,Tea,200,9.0,False
2025-07-06,Thao Dien,Thu Duc City,Smoothie,74,4.07,False
2025-07-06,Thao Dien,Thu Duc City,Bakery,107,3.424,False
2025-07-07,Thao Dien,Thu Duc City,Coffee,239,9.321,False
2025-07-07,Thao Dien,Thu Duc City,Tea,139,6.255,False
2025-07-07,Thao Dien,Thu Duc City,Smoothie,65,3.575,False
2025-07-07,Thao Dien,Thu Duc City,Bakery,76,2.432,False
2025-07-08,Thao Dien,Thu Duc City,Coffee,239,9.321,False
2025-07-08,Thao Dien,Thu Duc City,Tea,142,6.39,False
2025-07-08,Thao Dien,Thu Duc City,Smoothie,57,3.135,False
2025-07-08,Thao Dien,Thu Duc City,Bakery,92,2.944,False
2025-07-09,Thao Dien,Thu Duc City,Coffee,216,8.424,False
2025-07-09,Thao Dien,Thu Duc City,Tea,145,6.525,False
2025-07-09,Thao Dien,Thu Duc City,Smoothie,46,2.53,False
2025-07-09,Thao Dien,Thu Duc City,Bakery,90,2.88,False
2025-07-10,Thao Dien,Thu Duc City,Coffee,227,8.853,False
2025-07-10,Thao Dien,Thu Duc City,Tea,133,5.985,False
2025-07-10,Thao Dien,Thu Duc City,Smoothie,53,2.915,False
2025-07-10,Thao Dien,Thu Duc City,Bakery,86,2.752,False
2025-07-11,Thao Dien,Thu Duc City,Coffee,238,9.282,False
2025-07-11,Thao Dien,Thu Duc City,Tea,146,6.57,False
2025-07-11,Thao Dien,Thu Duc City,Smoothie,65,3.575,False
2025-07-11,Thao Dien,Thu Duc City,Bakery,85,2.72,False
2025-07-12,Thao Dien,Thu Duc City,Coffee,250,9.75,False
2025-07-12,Thao Dien,Thu Duc City,Tea,178,8.01,False
2025-07-12,Thao Dien,Thu Duc City,Smoothie,64,3.52,False
2025-07-12,Thao Dien,Thu Duc City,Bakery,106,3.392,False
2025-07-13,Thao Dien,Thu Duc City,Coffee,269,10.491,False
2025-07-13,Thao Dien,Thu Duc City,Tea,191,8.595,False
2025-07-13,Thao Dien,Thu Duc City,Smoothie,74,4.07,False
2025-07-13,Thao Dien,Thu Duc City,Bakery,95,3.04,False
2025-07-14,Thao Dien,Thu Duc City,Coffee,241,9.399,False
2025-07-14,Thao Dien,Thu Duc City,Tea,153,6.885,False
2025-07-14,Thao Dien,Thu Duc City,Smoothie,63,3.465,False
2025-07-14,Thao Dien,Thu Duc City,Bakery,84,2.688,False
2025-07-15,Thao Dien,Thu Duc City,Coffee,205,7.995,False
2025-07-15,Thao Dien,Thu Duc City,Tea,131,5.895,False
2025-07-15,Thao Dien,Thu Duc City,Smoothie,44,2.42,False
2025-07-15,Thao Dien,Thu Duc City,Bakery,91,2.912,False
2025-07-16,Thao Dien,Thu Duc City,Coffee,207,8.073,False
2025-07-16,Thao Dien,Thu Duc City,Tea,145,6.525,False
2025-07-16,Thao Dien,Thu Duc City,Smoothie,54,2.97,False
2025-07-16,Thao Dien,Thu Duc City,Bakery,102,3.264,False
2025-07-17,Thao Dien,Thu Duc City,Coffee,204,7.956,False
2025-07-17,Thao Dien,Thu Duc City,Tea,152,6.84,False
2025-07-17,Thao Dien,Thu Duc City,Smoothie,57,3.135,False
2025-07-17,Thao Dien,Thu Duc City,Bakery,89,2.848,False
2025-07-18,Thao Dien,Thu Duc City,Coffee,211,8.229,False
2025-07-18,Thao Dien,Thu Duc City,Tea,128,5.76,False
2025-07-18,Thao Dien,Thu Duc City,Smoothie,46,2.53,False
2025-07-18,Thao Dien,Thu Duc City,Bakery,93,2.976,False
2025-07-19,Thao Dien,Thu Duc City,Coffee,246,9.594,False
2025-07-19,Thao Dien,Thu Duc City,Tea,167,7.515,False
2025-07-19,Thao Dien,Thu Duc City,Smoothie,74,4.07,False
2025-07-19,Thao Dien,Thu Duc City,Bakery,110,3.52,False
2025-07-20,Thao Dien,Thu Duc City,Coffee,274,10.686,False
2025-07-20,Thao Dien,Thu Duc City,Tea,166,7.47,False
2025-07-20,Thao Dien,Thu Duc City,Smoothie,73,4.015,False
2025-07-20,Thao Dien,Thu Duc City,Bakery,90,2.88,False
2025-07-21,Thao Dien,Thu Duc City,Coffee,230,8.97,False
2025-07-21,Thao Dien,Thu Duc City,Tea,148,6.66,False
2025-07-21,Thao Dien,Thu Duc City,Smoothie,55,3.025,False
2025-07-21,Thao Dien,Thu Duc City,Bakery,71,2.272,False
2025-07-22,Thao Dien,Thu Duc City,Coffee,252,9.828,False
2025-07-22,Thao Dien,Thu Duc City,Tea,132,5.94,False
2025-07-22,Thao Dien,Thu Duc City,Smoothie,83,4.565,False
2025-07-22,Thao Dien,Thu Duc City,Bakery,98,3.136,False
2025-07-23,Thao Dien,Thu Duc City,Coffee,222,8.658,False
2025-07-23,Thao Dien,Thu Duc City,Tea,133,5.985,False
2025-07-23,Thao Dien,Thu Duc City,Smoothie,59,3.245,False
2025-07-23,Thao Dien,Thu Duc City,Bakery,82,2.624,False
2025-07-24,Thao Dien,Thu Duc City,Coffee,210,8.19,False
2025-07-24,Thao Dien,Thu Duc City,Tea,130,5.85,False
2025-07-24,Thao Dien,Thu Duc City,Smoothie,57,3.135,False
2025-07-24,Thao Dien,Thu Duc City,Bakery,79,2.528,False
2025-07-25,Thao Dien,Thu Duc City,Coffee,229,8.931,False
2025-07-25,Thao Dien,Thu Duc City,Tea,127,5.715,False
2025-07-25,Thao Dien,Thu Duc City,Smoothie,57,3.135,False
2025-07-25,Thao Dien,Thu Duc City,Bakery,90,2.88,False
2025-07-26,Thao Dien,Thu Duc City,Coffee,269,10.491,False
2025-07-26,Thao Dien,Thu Duc City,Tea,164,7.38,False
2025-07-26,Thao Dien,Thu Duc City,Smoothie,80,4.4,False
2025-07-26,Thao Dien,Thu Duc City,Bakery,84,2.688,False
2025-07-27,Thao Dien,Thu Duc City,Coffee,269,10.491,False
2025-07-27,Thao Dien,Thu Duc City,Tea,161,7.245,False
2025-07-27,Thao Dien,Thu Duc City,Smoothie,85,4.675,False
2025-07-27,Thao Dien,Thu Duc City,Bakery,108,3.456,False
2025-07-28,Thao Dien,Thu Duc City,Coffee,223,8.697,False
2025-07-28,Thao Dien,Thu Duc City,Tea,128,5.76,False
2025-07-28,Thao Dien,Thu Duc City,Smoothie,60,3.3,False
2025-07-28,Thao Dien,Thu Duc City,Bakery,73,2.336,False
2025-07-29,Thao Dien,Thu Duc City,Coffee,209,8.151,False
2025-07-29,Thao Dien,Thu Duc City,Tea,139,6.255,False
2025-07-29,Thao Dien,Thu Duc City,Smoothie,58,3.19,False
2025-07-29,Thao Dien,Thu Duc City,Bakery,87,2.784,False
2025-07-30,Thao Dien,Thu Duc City,Coffee,252,9.828,False
2025-07-30,Thao Dien,Thu Duc City,Tea,127,5.715,False
2025-07-30,Thao Dien,Thu Duc City,Smoothie,63,3.465,False
2025-07-30,Thao Dien,Thu Duc City,Bakery,98,3.136,False
2025-07-31,Thao Dien,Thu Duc City,Coffee,224,8.736,False
2025-07-31,Thao Dien,Thu Duc City,Tea,137,6.165,False
2025-07-31,Thao Dien,Thu Duc City,Smoothie,62,3.41,False
2025-07-31,Thao Dien,Thu Duc City,Bakery,82,2.624,False
2025-08-01,Thao Dien,Thu Duc City,Coffee,289,9.58,True
2025-08-01,Thao Dien,Thu Duc City,Tea,172,6.579,True
2025-08-01,Thao Dien,Thu Duc City,Smoothie,79,3.693,True
2025-08-01,Thao Dien,Thu Duc City,Bakery,117,3.182,True
2025-08-02,Thao Dien,Thu Duc City,Coffee,303,10.044,True
2025-08-02,Thao Dien,Thu Duc City,Tea,215,8.224,True
2025-08-02,Thao Dien,Thu Duc City,Smoothie,85,3.974,True
2025-08-02,Thao Dien,Thu Duc City,Bakery,126,3.427,True
2025-08-03,Thao Dien,Thu Duc City,Coffee,329,10.906,True
2025-08-03,Thao Dien,Thu Duc City,Tea,218,8.338,True
2025-08-03,Thao Dien,Thu Duc City,Smoothie,94,4.394,True
2025-08-03,Thao Dien,Thu Duc City,Bakery,123,3.346,True
2025-08-04,Thao Dien,Thu Duc City,Coffee,211,8.229,False
2025-08-04,Thao Dien,Thu Duc City,Tea,129,5.805,False
2025-08-04,Thao Dien,Thu Duc City,Smoothie,71,3.905,False
2025-08-04,Thao Dien,Thu Duc City,Bakery,88,2.816,False
2025-08-05,Thao Dien,Thu Duc City,Coffee,199,7.761,False
2025-08-05,Thao Dien,Thu Duc City,Tea,111,4.995,False
2025-08-05,Thao Dien,Thu Duc City,Smoothie,58,3.19,False
2025-08-05,Thao Dien,Thu Duc City,Bakery,79,2.528,False
2025-08-06,Thao Dien,Thu Duc City,Coffee,241,9.399,False
2025-08-06,Thao Dien,Thu Duc City,Tea,138,6.21,False
2025-08-06,Thao Dien,Thu Duc City,Smoothie,58,3.19,False
2025-08-06,Thao Dien,Thu Duc City,Bakery,74,2.368,False
2025-08-07,Thao Dien,Thu Duc City,Coffee,205,7.995,False
2025-08-07,Thao Dien,Thu Duc City,Tea,131,5.895,False
2025-08-07,Thao Dien,Thu Duc City,Smoothie,56,3.08,False
2025-08-07,Thao Dien,Thu Duc City,Bakery,73,2.336,False
2025-08-08,Thao Dien,Thu Duc City,Coffee,189,7.371,False
2025-08-08,Thao Dien,Thu Duc City,Tea,143,6.435,False
2025-08-08,Thao Dien,Thu Duc City,Smoothie,64,3.52,False
2025-08-08,Thao Dien,Thu Duc City,Bakery,80,2.56,False
2025-08-09,Thao Dien,Thu Duc City,Coffee,279,10.881,False
2025-08-09,Thao Dien,Thu Duc City,Tea,166,7.47,False
2025-08-09,Thao Dien,Thu Duc City,Smoothie,89,4.895,False
2025-08-09,Thao Dien,Thu Duc City,Bakery,98,3.136,False
2025-08-10,Thao Dien,Thu Duc City,Coffee,287,11.193,False
2025-08-10,Thao Dien,Thu Duc City,Tea,179,8.055,False
2025-08-10,Thao Dien,Thu Duc City,Smoothie,79,4.345,False
2025-08-10,Thao Dien,Thu Duc City,Bakery,130,4.16,False
2025-08-11,Thao Dien,Thu Duc City,Coffee,226,8.814,False
2025-08-11,Thao Dien,Thu Duc City,Tea,124,5.58,False
2025-08-11,Thao Dien,Thu Duc City,Smoothie,63,3.465,False
2025-08-11,Thao Dien,Thu Duc City,Bakery,109,3.488,False
2025-08-12,Thao Dien,Thu Duc City,Coffee,226,8.814,False
2025-08-12,Thao Dien,Thu Duc City,Tea,138,6.21,False
2025-08-12,Thao Dien,Thu Duc City,Smoothie,62,3.41,False
2025-08-12,Thao Dien,Thu Duc City,Bakery,86,2.752,False
2025-08-13,Thao Dien,Thu Duc City,Coffee,216,8.424,False
2025-08-13,Thao Dien,Thu Duc City,Tea,125,5.625,False
2025-08-13,Thao Dien,Thu Duc City,Smoothie,70,3.85,False
2025-08-13,Thao Dien,Thu Duc City,Bakery,85,2.72,False
2025-08-14,Thao Dien,Thu Duc City,Coffee,223,8.697,False
2025-08-14,Thao Dien,Thu Duc City,Tea,147,6.615,False
2025-08-14,Thao Dien,Thu Duc City,Smoothie,63,3.465,False
2025-08-14,Thao Dien,Thu Duc City,Bakery,84,2.688,False
2025-08-15,Thao Dien,Thu Duc City,Coffee,246,9.594,False
2025-08-15,Thao Dien,Thu Duc City,Tea,121,5.445,False
2025-08-15,Thao Dien,Thu Duc City,Smoothie,56,3.08,False
2025-08-15,Thao Dien,Thu Duc City,Bakery,71,2.272,False
2025-08-16,Thao Dien,Thu Duc City,Coffee,268,10.452,False
2025-08-16,Thao Dien,Thu Duc City,Tea,179,8.055,False
2025-08-16,Thao Dien,Thu Duc City,Smoothie,79,4.345,False
2025-08-16,Thao Dien,Thu Duc City,Bakery,116,3.712,False
2025-08-17,Thao Dien,Thu Duc City,Coffee,280,10.92,False
2025-08-17,Thao Dien,Thu Duc City,Tea,178,8.01,False
2025-08-17,Thao Dien,Thu Duc City,Smoothie,73,4.015,False
2025-08-17,Thao Dien,Thu Duc City,Bakery,101,3.232,False
2025-08-18,Thao Dien,Thu Duc City,Coffee,219,8.541,False
2025-08-18,Thao Dien,Thu Duc City,Tea,143,6.435,False
2025-08-18,Thao Dien,Thu Duc City,Smoothie,66,3.63,False
2025-08-18,Thao Dien,Thu Duc City,Bakery,82,2.624,False
2025-08-19,Thao Dien,Thu Duc City,Coffee,229,8.931,False
2025-08-19,Thao Dien,Thu Duc City,Tea,127,5.715,False
2025-08-19,Thao Dien,Thu Duc City,Smoothie,48,2.64,False
2025-08-19,Thao Dien,Thu Duc City,Bakery,90,2.88,False
2025-08-20,Thao Dien,Thu Duc City,Coffee,222,8.658,False
2025-08-20,Thao Dien,Thu Duc City,Tea,164,7.38,False
2025-08-20,Thao Dien,Thu Duc City,Smoothie,52,2.86,False
2025-08-20,Thao Dien,Thu Duc City,Bakery,87,2.784,False
2025-08-21,Thao Dien,Thu Duc City,Coffee,206,8.034,False
2025-08-21,Thao Dien,Thu Duc City,Tea,140,6.3,False
2025-08-21,Thao Dien,Thu Duc City,Smoothie,54,2.97,False
2025-08-21,Thao Dien,Thu Duc City,Bakery,80,2.56,False
2025-08-22,Thao Dien,Thu Duc City,Coffee,200,7.8,False
2025-08-22,Thao Dien,Thu Duc City,Tea,155,6.975,False
2025-08-22,Thao Dien,Thu Duc City,Smoothie,45,2.475,False
2025-08-22,Thao Dien,Thu Duc City,Bakery,97,3.104,False
2025-08-23,Thao Dien,Thu Duc City,Coffee,282,10.998,False
2025-08-23,Thao Dien,Thu Duc City,Tea,163,7.335,False
2025-08-23,Thao Dien,Thu Duc City,Smoothie,60,3.3,False
2025-08-23,Thao Dien,Thu Duc City,Bakery,104,3.328,False
2025-08-24,Thao Dien,Thu Duc City,Coffee,280,10.92,False
2025-08-24,Thao Dien,Thu Duc City,Tea,177,7.965,False
2025-08-24,Thao Dien,Thu Duc City,Smoothie,81,4.455,False
2025-08-24,Thao Dien,Thu Duc City,Bakery,109,3.488,False
2025-08-25,Thao Dien,Thu Duc City,Coffee,217,8.463,False
2025-08-25,Thao Dien,Thu Duc City,Tea,153,6.885,False
2025-08-25,Thao Dien,Thu Duc City,Smoothie,58,3.19,False
2025-08-25,Thao Dien,Thu Duc City,Bakery,90,2.88,False
2025-08-26,Thao Dien,Thu Duc City,Coffee,200,7.8,False
2025-08-26,Thao Dien,Thu Duc City,Tea,158,7.11,False
2025-08-26,Thao Dien,Thu Duc City,Smoothie,47,2.585,False
2025-08-26,Thao Dien,Thu Duc City,Bakery,85,2.72,False
2025-08-27,Thao Dien,Thu Duc City,Coffee,205,7.995,False
2025-08-27,Thao Dien,Thu Duc City,Tea,117,5.265,False
2025-08-27,Thao Dien,Thu Duc City,Smoothie,66,3.63,False
2025-08-27,Thao Dien,Thu Duc City,Bakery,90,2.88,False
2025-08-28,Thao Dien,Thu Duc City,Coffee,210,8.19,False
2025-08-28,Thao Dien,Thu Duc City,Tea,134,6.03,False
2025-08-28,Thao Dien,Thu Duc City,Smoothie,70,3.85,False
2025-08-28,Thao Dien,Thu Duc City,Bakery,103,3.296,False
2025-08-29,Thao Dien,Thu Duc City,Coffee,194,7.566,False
2025-08-29,Thao Dien,Thu Duc City,Tea,151,6.795,False
2025-08-29,Thao Dien,Thu Duc City,Smoothie,55,3.025,False
2025-08-29,Thao Dien,Thu Duc City,Bakery,86,2.752,False
2025-08-30,Thao Dien,Thu Duc City,Coffee,259,10.101,False
2025-08-30,Thao Dien,Thu Duc City,Tea,161,7.245,False
2025-08-30,Thao Dien,Thu Duc City,Smoothie,71,3.905,False
2025-08-30,Thao Dien,Thu Duc City,Bakery,94,3.008,False
2025-08-31,Thao Dien,Thu Duc City,Coffee,277,10.803,False
2025-08-31,Thao Dien,Thu Duc City,Tea,171,7.695,False
2025-08-31,Thao Dien,Thu Duc City,Smoothie,63,3.465,False
2025-08-31,Thao Dien,Thu Duc City,Bakery,108,3.456,False
2025-09-01,Thao Dien,Thu Duc City,Coffee,250,8.287,True
2025-09-01,Thao Dien,Thu Duc City,Tea,159,6.082,True
2025-09-01,Thao Dien,Thu Duc City,Smoothie,57,2.665,True
2025-09-01,Thao Dien,Thu Duc City,Bakery,90,2.448,True
2025-09-02,Thao Dien,Thu Duc City,Coffee,254,8.42,True
2025-09-02,Thao Dien,Thu Duc City,Tea,165,6.311,True
2025-09-02,Thao Dien,Thu Duc City,Smoothie,69,3.226,True
2025-09-02,Thao Dien,Thu Duc City,Bakery,96,2.611,True
2025-09-03,Thao Dien,Thu Duc City,Coffee,271,8.984,True
2025-09-03,Thao Dien,Thu Duc City,Tea,179,6.847,True
2025-09-03,Thao Dien,Thu Duc City,Smoothie,70,3.272,True
2025-09-03,Thao Dien,Thu Duc City,Bakery,118,3.21,True
2025-09-04,Thao Dien,Thu Duc City,Coffee,218,8.502,False
2025-09-04,Thao Dien,Thu Duc City,Tea,143,6.435,False
2025-09-04,Thao Dien,Thu Duc City,Smoothie,51,2.805,False
2025-09-04,Thao Dien,Thu Duc City,Bakery,93,2.976,False
2025-09-05,Thao Dien,Thu Duc City,Coffee,221,8.619,False
2025-09-05,Thao Dien,Thu Duc City,Tea,134,6.03,False
2025-09-05,Thao Dien,Thu Duc City,Smoothie,62,3.41,False
2025-09-05,Thao Dien,Thu Duc City,Bakery,75,2.4,False
2025-09-06,Thao Dien,Thu Duc City,Coffee,294,11.466,False
2025-09-06,Thao Dien,Thu Duc City,Tea,176,7.92,False
2025-09-06,Thao Dien,Thu Duc City,Smoothie,81,4.455,False
2025-09-06,Thao Dien,Thu Duc City,Bakery,129,4.128,False
2025-09-07,Thao Dien,Thu Duc City,Coffee,283,11.037,False
2025-09-07,Thao Dien,Thu Duc City,Tea,174,7.83,False
2025-09-07,Thao Dien,Thu Duc City,Smoothie,64,3.52,False
2025-09-07,Thao Dien,Thu Duc City,Bakery,112,3.584,False
2025-09-08,Thao Dien,Thu Duc City,Coffee,231,9.009,False
2025-09-08,Thao Dien,Thu Duc City,Tea,131,5.895,False
2025-09-08,Thao Dien,Thu Duc City,Smoothie,55,3.025,False
2025-09-08,Thao Dien,Thu Duc City,Bakery,92,2.944,False
2025-09-09,Thao Dien,Thu Duc City,Coffee,202,7.878,False
2025-09-09,Thao Dien,Thu Duc City,Tea,138,6.21,False
2025-09-09,Thao Dien,Thu Duc City,Smoothie,49,2.695,False
2025-09-09,Thao Dien,Thu Duc City,Bakery,83,2.656,False
2025-09-10,Thao Dien,Thu Duc City,Coffee,248,9.672,False
2025-09-10,Thao Dien,Thu Duc City,Tea,141,6.345,False
2025-09-10,Thao Dien,Thu Duc City,Smoothie,56,3.08,False
2025-09-10,Thao Dien,Thu Duc City,Bakery,104,3.328,False
2025-09-11,Thao Dien,Thu Duc City,Coffee,218,8.502,False
2025-09-11,Thao Dien,Thu Duc City,Tea,135,6.075,False
2025-09-11,Thao Dien,Thu Duc City,Smoothie,51,2.805,False
2025-09-11,Thao Dien,Thu Duc City,Bakery,88,2.816,False
2025-09-12,Thao Dien,Thu Duc City,Coffee,250,9.75,False
2025-09-12,Thao Dien,Thu Duc City,Tea,124,5.58,False
2025-09-12,Thao Dien,Thu Duc City,Smoothie,55,3.025,False
2025-09-12,Thao Dien,Thu Duc City,Bakery,78,2.496,False
2025-09-13,Thao Dien,Thu Duc City,Coffee,304,11.856,False
2025-09-13,Thao Dien,Thu Duc City,Tea,180,8.1,False
2025-09-13,Thao Dien,Thu Duc City,Smoothie,79,4.345,False
2025-09-13,Thao Dien,Thu Duc City,Bakery,108,3.456,False
2025-09-14,Thao Dien,Thu Duc City,Coffee,246,9.594,False
2025-09-14,Thao Dien,Thu Duc City,Tea,162,7.29,False
2025-09-14,Thao Dien,Thu Duc City,Smoothie,71,3.905,False
2025-09-14,Thao Dien,Thu Duc City,Bakery,102,3.264,False
2025-09-15,Thao Dien,Thu Duc City,Coffee,238,9.282,False
2025-09-15,Thao Dien,Thu Duc City,Tea,155,6.975,False
2025-09-15,Thao Dien,Thu Duc City,Smoothie,52,2.86,False
2025-09-15,Thao Dien,Thu Duc City,Bakery,90,2.88,False
2025-09-16,Thao Dien,Thu Duc City,Coffee,252,9.828,False
2025-09-16,Thao Dien,Thu Duc City,Tea,142,6.39,False
2025-09-16,Thao Dien,Thu Duc City,Smoothie,55,3.025,False
2025-09-16,Thao Dien,Thu Duc City,Bakery,75,2.4,False
2025-09-17,Thao Dien,Thu Duc City,Coffee,208,8.112,False
2025-09-17,Thao Dien,Thu Duc City,Tea,154,6.93,False
2025-09-17,Thao Dien,Thu Duc City,Smoothie,56,3.08,False
2025-09-17,Thao Dien,Thu Duc City,Bakery,95,3.04,False
2025-09-18,Thao Dien,Thu Duc City,Coffee,227,8.853,False
2025-09-18,Thao Dien,Thu Duc City,Tea,138,6.21,False
2025-09-18,Thao Dien,Thu Duc City,Smoothie,61,3.355,False
2025-09-18,Thao Dien,Thu Duc City,Bakery,82,2.624,False
2025-09-19,Thao Dien,Thu Duc City,Coffee,224,8.736,False
2025-09-19,Thao Dien,Thu Duc City,Tea,130,5.85,False
2025-09-19,Thao Dien,Thu Duc City,Smoothie,57,3.135,False
2025-09-19,Thao Dien,Thu Duc City,Bakery,90,2.88,False
2025-09-20,Thao Dien,Thu Duc City,Coffee,279,10.881,False
2025-09-20,Thao Dien,Thu Duc City,Tea,179,8.055,False
2025-09-20,Thao Dien,Thu Duc City,Smoothie,71,3.905,False
2025-09-20,Thao Dien,Thu Duc City,Bakery,87,2.784,False
2025-09-21,Thao Dien,Thu Duc City,Coffee,293,11.427,False
2025-09-21,Thao Dien,Thu Duc City,Tea,185,8.325,False
2025-09-21,Thao Dien,Thu Duc City,Smoothie,86,4.73,False
2025-09-21,Thao Dien,Thu Duc City,Bakery,89,2.848,False
2025-09-22,Thao Dien,Thu Duc City,Coffee,221,8.619,False
2025-09-22,Thao Dien,Thu Duc City,Tea,130,5.85,False
2025-09-22,Thao Dien,Thu Duc City,Smoothie,63,3.465,False
2025-09-22,Thao Dien,Thu Duc City,Bakery,91,2.912,False
2025-09-23,Thao Dien,Thu Duc City,Coffee,197,7.683,False
2025-09-23,Thao Dien,Thu Duc City,Tea,156,7.02,False
2025-09-23,Thao Dien,Thu Duc City,Smoothie,70,3.85,False
2025-09-23,Thao Dien,Thu Duc City,Bakery,79,2.528,False
2025-09-24,Thao Dien,Thu Duc City,Coffee,230,8.97,False
2025-09-24,Thao Dien,Thu Duc City,Tea,159,7.155,False
2025-09-24,Thao Dien,Thu Duc City,Smoothie,53,2.915,False
2025-09-24,Thao Dien,Thu Duc City,Bakery,71,2.272,False
2025-09-25,Thao Dien,Thu Duc City,Coffee,205,7.995,False
2025-09-25,Thao Dien,Thu Duc City,Tea,137,6.165,False
2025-09-25,Thao Dien,Thu Duc City,Smoothie,58,3.19,False
2025-09-25,Thao Dien,Thu Duc City,Bakery,81,2.592,False
2025-09-26,Thao Dien,Thu Duc City,Coffee,237,9.243,False
2025-09-26,Thao Dien,Thu Duc City,Tea,154,6.93,False
2025-09-26,Thao Dien,Thu Duc City,Smoothie,48,2.64,False
2025-09-26,Thao Dien,Thu Duc City,Bakery,109,3.488,False
2025-09-27,Thao Dien,Thu Duc City,Coffee,316,12.324,False
2025-09-27,Thao Dien,Thu Duc City,Tea,186,8.37,False
2025-09-27,Thao Dien,Thu Duc City,Smoothie,71,3.905,False
2025-09-27,Thao Dien,Thu Duc City,Bakery,137,4.384,False
2025-09-28,Thao Dien,Thu Duc City,Coffee,292,11.388,False
2025-09-28,Thao Dien,Thu Duc City,Tea,180,8.1,False
2025-09-28,Thao Dien,Thu Duc City,Smoothie,78,4.29,False
2025-09-28,Thao Dien,Thu Duc City,Bakery,105,3.36,False
2025-09-29,Thao Dien,Thu Duc City,Coffee,223,8.697,False
2025-09-29,Thao Dien,Thu Duc City,Tea,143,6.435,False
2025-09-29,Thao Dien,Thu Duc City,Smoothie,71,3.905,False
2025-09-29,Thao Dien,Thu Duc City,Bakery,109,3.488,False
2025-09-30,Thao Dien,Thu Duc City,Coffee,218,8.502,False
2025-09-30,Thao Dien,Thu Duc City,Tea,144,6.48,False
2025-09-30,Thao Dien,Thu Duc City,Smoothie,55,3.025,False
2025-09-30,Thao Dien,Thu Duc City,Bakery,77,2.464,False
2025-10-01,Thao Dien,Thu Duc City,Coffee,240,7.956,True
2025-10-01,Thao Dien,Thu Duc City,Tea,161,6.158,True
2025-10-01,Thao Dien,Thu Duc City,Smoothie,68,3.179,True
2025-10-01,Thao Dien,Thu Duc City,Bakery,107,2.91,True
2025-10-02,Thao Dien,Thu Duc City,Coffee,255,8.453,True
2025-10-02,Thao Dien,Thu Duc City,Tea,155,5.929,True
2025-10-02,Thao Dien,Thu Duc City,Smoothie,54,2.525,True
2025-10-02,Thao Dien,Thu Duc City,Bakery,109,2.965,True
2025-10-03,Thao Dien,Thu Duc City,Coffee,263,8.718,True
2025-10-03,Thao Dien,Thu Duc City,Tea,161,6.158,True
2025-10-03,Thao Dien,Thu Duc City,Smoothie,66,3.086,True
2025-10-03,Thao Dien,Thu Duc City,Bakery,117,3.182,True
2025-10-04,Thao Dien,Thu Duc City,Coffee,269,10.491,False
2025-10-04,Thao Dien,Thu Duc City,Tea,188,8.46,False
2025-10-04,Thao Dien,Thu Duc City,Smoothie,65,3.575,False
2025-10-04,Thao Dien,Thu Duc City,Bakery,124,3.968,False
2025-10-05,Thao Dien,Thu Duc City,Coffee,283,11.037,False
2025-10-05,Thao Dien,Thu Duc City,Tea,193,8.685,False
2025-10-05,Thao Dien,Thu Duc City,Smoothie,86,4.73,False
2025-10-05,Thao Dien,Thu Duc City,Bakery,111,3.552,False
2025-10-06,Thao Dien,Thu Duc City,Coffee,231,9.009,False
2025-10-06,Thao Dien,Thu Duc City,Tea,146,6.57,False
2025-10-06,Thao Dien,Thu Duc City,Smoothie,48,2.64,False
2025-10-06,Thao Dien,Thu Duc City,Bakery,89,2.848,False
2025-10-07,Thao Dien,Thu Duc City,Coffee,241,9.399,False
2025-10-07,Thao Dien,Thu Duc City,Tea,125,5.625,False
2025-10-07,Thao Dien,Thu Duc City,Smoothie,67,3.685,False
2025-10-07,Thao Dien,Thu Duc City,Bakery,100,3.2,False
2025-10-08,Thao Dien,Thu Duc City,Coffee,200,7.8,False
2025-10-08,Thao Dien,Thu Duc City,Tea,150,6.75,False
2025-10-08,Thao Dien,Thu Duc City,Smoothie,56,3.08,False
2025-10-08,Thao Dien,Thu Duc City,Bakery,67,2.144,False
2025-10-09,Thao Dien,Thu Duc City,Coffee,248,9.672,False
2025-10-09,Thao Dien,Thu Duc City,Tea,145,6.525,False
2025-10-09,Thao Dien,Thu Duc City,Smoothie,68,3.74,False
2025-10-09,Thao Dien,Thu Duc City,Bakery,76,2.432,False
2025-10-10,Thao Dien,Thu Duc City,Coffee,227,8.853,False
2025-10-10,Thao Dien,Thu Duc City,Tea,142,6.39,False
2025-10-10,Thao Dien,Thu Duc City,Smoothie,51,2.805,False
2025-10-10,Thao Dien,Thu Duc City,Bakery,83,2.656,False
2025-10-11,Thao Dien,Thu Duc City,Coffee,281,10.959,False
2025-10-11,Thao Dien,Thu Duc City,Tea,192,8.64,False
2025-10-11,Thao Dien,Thu Duc City,Smoothie,73,4.015,False
2025-10-11,Thao Dien,Thu Duc City,Bakery,122,3.904,False
2025-10-12,Thao Dien,Thu Duc City,Coffee,253,9.867,False
2025-10-12,Thao Dien,Thu Duc City,Tea,180,8.1,False
2025-10-12,Thao Dien,Thu Duc City,Smoothie,87,4.785,False
2025-10-12,Thao Dien,Thu Duc City,Bakery,92,2.944,False
2025-10-13,Thao Dien,Thu Duc City,Coffee,197,7.683,False
2025-10-13,Thao Dien,Thu Duc City,Tea,155,6.975,False
2025-10-13,Thao Dien,Thu Duc City,Smoothie,63,3.465,False
2025-10-13,Thao Dien,Thu Duc City,Bakery,97,3.104,False
2025-10-14,Thao Dien,Thu Duc City,Coffee,234,9.126,False
2025-10-14,Thao Dien,Thu Duc City,Tea,128,5.76,False
2025-10-14,Thao Dien,Thu Duc City,Smoothie,71,3.905,False
2025-10-14,Thao Dien,Thu Duc City,Bakery,81,2.592,False
2025-10-15,Thao Dien,Thu Duc City,Coffee,221,8.619,False
2025-10-15,Thao Dien,Thu Duc City,Tea,138,6.21,False
2025-10-15,Thao Dien,Thu Duc City,Smoothie,68,3.74,False
2025-10-15,Thao Dien,Thu Duc City,Bakery,108,3.456,False
2025-10-16,Thao Dien,Thu Duc City,Coffee,210,8.19,False
2025-10-16,Thao Dien,Thu Duc City,Tea,138,6.21,False
2025-10-16,Thao Dien,Thu Duc City,Smoothie,63,3.465,False
2025-10-16,Thao Dien,Thu Duc City,Bakery,81,2.592,False
2025-10-17,Thao Dien,Thu Duc City,Coffee,219,8.541,False
2025-10-17,Thao Dien,Thu Duc City,Tea,130,5.85,False
2025-10-17,Thao Dien,Thu Duc City,Smoothie,64,3.52,False
2025-10-17,Thao Dien,Thu Duc City,Bakery,82,2.624,False
2025-10-18,Thao Dien,Thu Duc City,Coffee,260,10.14,False
2025-10-18,Thao Dien,Thu Duc City,Tea,163,7.335,False
2025-10-18,Thao Dien,Thu Duc City,Smoothie,60,3.3,False
2025-10-18,Thao Dien,Thu Duc City,Bakery,109,3.488,False
2025-10-19,Thao Dien,Thu Duc City,Coffee,288,11.232,False
2025-10-19,Thao Dien,Thu Duc City,Tea,164,7.38,False
2025-10-19,Thao Dien,Thu Duc City,Smoothie,66,3.63,False
2025-10-19,Thao Dien,Thu Duc City,Bakery,102,3.264,False
2025-10-20,Thao Dien,Thu Duc City,Coffee,232,9.048,False
2025-10-20,Thao Dien,Thu Duc City,Tea,141,6.345,False
2025-10-20,Thao Dien,Thu Duc City,Smoothie,57,3.135,False
2025-10-20,Thao Dien,Thu Duc City,Bakery,80,2.56,False
2025-10-21,Thao Dien,Thu Duc City,Coffee,226,8.814,False
2025-10-21,Thao Dien,Thu Duc City,Tea,128,5.76,False
2025-10-21,Thao Dien,Thu Duc City,Smoothie,79,4.345,False
2025-10-21,Thao Dien,Thu Duc City,Bakery,85,2.72,False
2025-10-22,Thao Dien,Thu Duc City,Coffee,229,8.931,False
2025-10-22,Thao Dien,Thu Duc City,Tea,170,7.65,False
2025-10-22,Thao Dien,Thu Duc City,Smoothie,64,3.52,False
2025-10-22,Thao Dien,Thu Duc City,Bakery,94,3.008,False
2025-10-23,Thao Dien,Thu Duc City,Coffee,241,9.399,False
2025-10-23,Thao Dien,Thu Duc City,Tea,148,6.66,False
2025-10-23,Thao Dien,Thu Duc City,Smoothie,41,2.255,False
2025-10-23,Thao Dien,Thu Duc City,Bakery,85,2.72,False
2025-10-24,Thao Dien,Thu Duc City,Coffee,235,9.165,False
2025-10-24,Thao Dien,Thu Duc City,Tea,151,6.795,False
2025-10-24,Thao Dien,Thu Duc City,Smoothie,52,2.86,False
2025-10-24,Thao Dien,Thu Duc City,Bakery,95,3.04,False
2025-10-25,Thao Dien,Thu Duc City,Coffee,292,11.388,False
2025-10-25,Thao Dien,Thu Duc City,Tea,200,9.0,False
2025-10-25,Thao Dien,Thu Duc City,Smoothie,69,3.795,False
2025-10-25,Thao Dien,Thu Duc City,Bakery,118,3.776,False
2025-10-26,Thao Dien,Thu Duc City,Coffee,275,10.725,False
2025-10-26,Thao Dien,Thu Duc City,Tea,176,7.92,False
2025-10-26,Thao Dien,Thu Duc City,Smoothie,75,4.125,False
2025-10-26,Thao Dien,Thu Duc City,Bakery,102,3.264,False
2025-10-27,Thao Dien,Thu Duc City,Coffee,225,8.775,False
2025-10-27,Thao Dien,Thu Duc City,Tea,163,7.335,False
2025-10-27,Thao Dien,Thu Duc City,Smoothie,51,2.805,False
2025-10-27,Thao Dien,Thu Duc City,Bakery,79,2.528,False
2025-10-28,Thao Dien,Thu Duc City,Coffee,186,7.254,False
2025-10-28,Thao Dien,Thu Duc City,Tea,154,6.93,False
2025-10-28,Thao Dien,Thu Duc City,Smoothie,66,3.63,False
2025-10-28,Thao Dien,Thu Duc City,Bakery,80,2.56,False
2025-10-29,Thao Dien,Thu Duc City,Coffee,194,7.566,False
2025-10-29,Thao Dien,Thu Duc City,Tea,127,5.715,False
2025-10-29,Thao Dien,Thu Duc City,Smoothie,50,2.75,False
2025-10-29,Thao Dien,Thu Duc City,Bakery,98,3.136,False
2025-10-30,Thao Dien,Thu Duc City,Coffee,231,9.009,False
2025-10-30,Thao Dien,Thu Duc City,Tea,137,6.165,False
2025-10-30,Thao Dien,Thu Duc City,Smoothie,61,3.355,False
2025-10-30,Thao Dien,Thu Duc City,Bakery,74,2.368,False
2025-10-31,Thao Dien,Thu Duc City,Coffee,222,8.658,False
2025-10-31,Thao Dien,Thu Duc City,Tea,114,5.13,False
2025-10-31,Thao Dien,Thu Duc City,Smoothie,44,2.42,False
2025-10-31,Thao Dien,Thu Duc City,Bakery,93,2.976,False
2025-11-01,Thao Dien,Thu Duc City,Coffee,363,12.033,True
2025-11-01,Thao Dien,Thu Duc City,Tea,209,7.994,True
2025-11-01,Thao Dien,Thu Duc City,Smoothie,87,4.067,True
2025-11-01,Thao Dien,Thu Duc City,Bakery,133,3.618,True
2025-11-02,Thao Dien,Thu Duc City,Coffee,354,11.735,True
2025-11-02,Thao Dien,Thu Duc City,Tea,188,7.191,True
2025-11-02,Thao Dien,Thu Duc City,Smoothie,97,4.535,True
2025-11-02,Thao Dien,Thu Duc City,Bakery,156,4.243,True
2025-11-03,Thao Dien,Thu Duc City,Coffee,272,9.017,True
2025-11-03,Thao Dien,Thu Duc City,Tea,164,6.273,True
2025-11-03,Thao Dien,Thu Duc City,Smoothie,84,3.927,True
2025-11-03,Thao Dien,Thu Duc City,Bakery,108,2.938,True
2025-11-04,Thao Dien,Thu Duc City,Coffee,232,9.048,False
2025-11-04,Thao Dien,Thu Duc City,Tea,144,6.48,False
2025-11-04,Thao Dien,Thu Duc City,Smoothie,64,3.52,False
2025-11-04,Thao Dien,Thu Duc City,Bakery,90,2.88,False
2025-11-05,Thao Dien,Thu Duc City,Coffee,235,9.165,False
2025-11-05,Thao Dien,Thu Duc City,Tea,124,5.58,False
2025-11-05,Thao Dien,Thu Duc City,Smoothie,52,2.86,False
2025-11-05,Thao Dien,Thu Duc City,Bakery,84,2.688,False
2025-11-06,Thao Dien,Thu Duc City,Coffee,233,9.087,False
2025-11-06,Thao Dien,Thu Duc City,Tea,125,5.625,False
2025-11-06,Thao Dien,Thu Duc City,Smoothie,50,2.75,False
2025-11-06,Thao Dien,Thu Duc City,Bakery,111,3.552,False
2025-11-07,Thao Dien,Thu Duc City,Coffee,255,9.945,False
2025-11-07,Thao Dien,Thu Duc City,Tea,136,6.12,False
2025-11-07,Thao Dien,Thu Duc City,Smoothie,62,3.41,False
2025-11-07,Thao Dien,Thu Duc City,Bakery,107,3.424,False
2025-11-08,Thao Dien,Thu Duc City,Coffee,289,11.271,False
2025-11-08,Thao Dien,Thu Duc City,Tea,185,8.325,False
2025-11-08,Thao Dien,Thu Duc City,Smoothie,84,4.62,False
2025-11-08,Thao Dien,Thu Duc City,Bakery,105,3.36,False
2025-11-09,Thao Dien,Thu Duc City,Coffee,315,12.285,False
2025-11-09,Thao Dien,Thu Duc City,Tea,176,7.92,False
2025-11-09,Thao Dien,Thu Duc City,Smoothie,75,4.125,False
2025-11-09,Thao Dien,Thu Duc City,Bakery,108,3.456,False
2025-11-10,Thao Dien,Thu Duc City,Coffee,246,9.594,False
2025-11-10,Thao Dien,Thu Duc City,Tea,133,5.985,False
2025-11-10,Thao Dien,Thu Duc City,Smoothie,73,4.015,False
2025-11-10,Thao Dien,Thu Duc City,Bakery,102,3.264,False
2025-11-11,Thao Dien,Thu Duc City,Coffee,235,9.165,False
2025-11-11,Thao Dien,Thu Duc City,Tea,135,6.075,False
2025-11-11,Thao Dien,Thu Duc City,Smoothie,57,3.135,False
2025-11-11,Thao Dien,Thu Duc City,Bakery,76,2.432,False
2025-11-12,Thao Dien,Thu Duc City,Coffee,230,8.97,False
2025-11-12,Thao Dien,Thu Duc City,Tea,131,5.895,False
2025-11-12,Thao Dien,Thu Duc City,Smoothie,70,3.85,False
2025-11-12,Thao Dien,Thu Duc City,Bakery,88,2.816,False
2025-11-13,Thao Dien,Thu Duc City,Coffee,226,8.814,False
2025-11-13,Thao Dien,Thu Duc City,Tea,146,6.57,False
2025-11-13,Thao Dien,Thu Duc City,Smoothie,66,3.63,False
2025-11-13,Thao Dien,Thu Duc City,Bakery,79,2.528,False
2025-11-14,Thao Dien,Thu Duc City,Coffee,237,9.243,False
2025-11-14,Thao Dien,Thu Duc City,Tea,140,6.3,False
2025-11-14,Thao Dien,Thu Duc City,Smoothie,58,3.19,False
2025-11-14,Thao Dien,Thu Duc City,Bakery,79,2.528,False
2025-11-15,Thao Dien,Thu Duc City,Coffee,307,11.973,False
2025-11-15,Thao Dien,Thu Duc City,Tea,156,7.02,False
2025-11-15,Thao Dien,Thu Duc City,Smoothie,82,4.51,False
2025-11-15,Thao Dien,Thu Duc City,Bakery,121,3.872,False
2025-11-16,Thao Dien,Thu Duc City,Coffee,334,13.026,False
2025-11-16,Thao Dien,Thu Duc City,Tea,156,7.02,False
2025-11-16,Thao Dien,Thu Duc City,Smoothie,73,4.015,False
2025-11-16,Thao Dien,Thu Duc City,Bakery,118,3.776,False
2025-11-17,Thao Dien,Thu Duc City,Coffee,277,10.803,False
2025-11-17,Thao Dien,Thu Duc City,Tea,149,6.705,False
2025-11-17,Thao Dien,Thu Duc City,Smoothie,50,2.75,False
2025-11-17,Thao Dien,Thu Duc City,Bakery,88,2.816,False
2025-11-18,Thao Dien,Thu Duc City,Coffee,241,9.399,False
2025-11-18,Thao Dien,Thu Duc City,Tea,156,7.02,False
2025-11-18,Thao Dien,Thu Duc City,Smoothie,68,3.74,False
2025-11-18,Thao Dien,Thu Duc City,Bakery,78,2.496,False
2025-11-19,Thao Dien,Thu Duc City,Coffee,227,8.853,False
2025-11-19,Thao Dien,Thu Duc City,Tea,134,6.03,False
2025-11-19,Thao Dien,Thu Duc City,Smoothie,50,2.75,False
2025-11-19,Thao Dien,Thu Duc City,Bakery,101,3.232,False
2025-11-20,Thao Dien,Thu Duc City,Coffee,231,9.009,False
2025-11-20,Thao Dien,Thu Duc City,Tea,149,6.705,False
2025-11-20,Thao Dien,Thu Duc City,Smoothie,75,4.125,False
2025-11-20,Thao Dien,Thu Duc City,Bakery,97,3.104,False
2025-11-21,Thao Dien,Thu Duc City,Coffee,249,9.711,False
2025-11-21,Thao Dien,Thu Duc City,Tea,139,6.255,False
2025-11-21,Thao Dien,Thu Duc City,Smoothie,65,3.575,False
2025-11-21,Thao Dien,Thu Duc City,Bakery,93,2.976,False
2025-11-22,Thao Dien,Thu Duc City,Coffee,324,12.636,False
2025-11-22,Thao Dien,Thu Duc City,Tea,160,7.2,False
2025-11-22,Thao Dien,Thu Duc City,Smoothie,70,3.85,False
2025-11-22,Thao Dien,Thu Duc City,Bakery,99,3.168,False
2025-11-23,Thao Dien,Thu Duc City,Coffee,321,12.519,False
2025-11-23,Thao Dien,Thu Duc City,Tea,172,7.74,False
2025-11-23,Thao Dien,Thu Duc City,Smoothie,76,4.18,False
2025-11-23,Thao Dien,Thu Duc City,Bakery,102,3.264,False
2025-11-24,Thao Dien,Thu Duc City,Coffee,248,9.672,False
2025-11-24,Thao Dien,Thu Duc City,Tea,147,6.615,False
2025-11-24,Thao Dien,Thu Duc City,Smoothie,71,3.905,False
2025-11-24,Thao Dien,Thu Duc City,Bakery,85,2.72,False
2025-11-25,Thao Dien,Thu Duc City,Coffee,233,9.087,False
2025-11-25,Thao Dien,Thu Duc City,Tea,149,6.705,False
2025-11-25,Thao Dien,Thu Duc City,Smoothie,56,3.08,False
2025-11-25,Thao Dien,Thu Duc City,Bakery,104,3.328,False
2025-11-26,Thao Dien,Thu Duc City,Coffee,239,9.321,False
2025-11-26,Thao Dien,Thu Duc City,Tea,152,6.84,False
2025-11-26,Thao Dien,Thu Duc City,Smoothie,65,3.575,False
2025-11-26,Thao Dien,Thu Duc City,Bakery,111,3.552,False
2025-11-27,Thao Dien,Thu Duc City,Coffee,252,9.828,False
2025-11-27,Thao Dien,Thu Duc City,Tea,143,6.435,False
2025-11-27,Thao Dien,Thu Duc City,Smoothie,61,3.355,False
2025-11-27,Thao Dien,Thu Duc City,Bakery,101,3.232,False
2025-11-28,Thao Dien,Thu Duc City,Coffee,263,10.257,False
2025-11-28,Thao Dien,Thu Duc City,Tea,140,6.3,False
2025-11-28,Thao Dien,Thu Duc City,Smoothie,57,3.135,False
2025-11-28,Thao Dien,Thu Duc City,Bakery,87,2.784,False
2025-11-29,Thao Dien,Thu Duc City,Coffee,275,10.725,False
2025-11-29,Thao Dien,Thu Duc City,Tea,194,8.73,False
2025-11-29,Thao Dien,Thu Duc City,Smoothie,74,4.07,False
2025-11-29,Thao Dien,Thu Duc City,Bakery,122,3.904,False
2025-11-30,Thao Dien,Thu Duc City,Coffee,311,12.129,False
2025-11-30,Thao Dien,Thu Duc City,Tea,183,8.235,False
2025-11-30,Thao Dien,Thu Duc City,Smoothie,75,4.125,False
2025-11-30,Thao Dien,Thu Duc City,Bakery,118,3.776,False
2025-12-01,Thao Dien,Thu Duc City,Coffee,281,9.315,True
2025-12-01,Thao Dien,Thu Duc City,Tea,169,6.464,True
2025-12-01,Thao Dien,Thu Duc City,Smoothie,71,3.319,True
2025-12-01,Thao Dien,Thu Duc City,Bakery,127,3.454,True
2025-12-02,Thao Dien,Thu Duc City,Coffee,288,9.547,True
2025-12-02,Thao Dien,Thu Duc City,Tea,147,5.623,True
2025-12-02,Thao Dien,Thu Duc City,Smoothie,77,3.6,True
2025-12-02,Thao Dien,Thu Duc City,Bakery,104,2.829,True
2025-12-03,Thao Dien,Thu Duc City,Coffee,276,9.149,True
2025-12-03,Thao Dien,Thu Duc City,Tea,170,6.503,True
2025-12-03,Thao Dien,Thu Duc City,Smoothie,79,3.693,True
2025-12-03,Thao Dien,Thu Duc City,Bakery,117,3.182,True
2025-12-04,Thao Dien,Thu Duc City,Coffee,258,10.062,False
2025-12-04,Thao Dien,Thu Duc City,Tea,123,5.535,False
2025-12-04,Thao Dien,Thu Duc City,Smoothie,58,3.19,False
2025-12-04,Thao Dien,Thu Duc City,Bakery,97,3.104,False
2025-12-05,Thao Dien,Thu Duc City,Coffee,225,8.775,False
2025-12-05,Thao Dien,Thu Duc City,Tea,152,6.84,False
2025-12-05,Thao Dien,Thu Duc City,Smoothie,65,3.575,False
2025-12-05,Thao Dien,Thu Duc City,Bakery,87,2.784,False
2025-12-06,Thao Dien,Thu Duc City,Coffee,299,11.661,False
2025-12-06,Thao Dien,Thu Duc City,Tea,166,7.47,False
2025-12-06,Thao Dien,Thu Duc City,Smoothie,81,4.455,False
2025-12-06,Thao Dien,Thu Duc City,Bakery,119,3.808,False
2025-12-07,Thao Dien,Thu Duc City,Coffee,321,12.519,False
2025-12-07,Thao Dien,Thu Duc City,Tea,184,8.28,False
2025-12-07,Thao Dien,Thu Duc City,Smoothie,76,4.18,False
2025-12-07,Thao Dien,Thu Duc City,Bakery,118,3.776,False
2025-12-08,Thao Dien,Thu Duc City,Coffee,249,9.711,False
2025-12-08,Thao Dien,Thu Duc City,Tea,158,7.11,False
2025-12-08,Thao Dien,Thu Duc City,Smoothie,55,3.025,False
2025-12-08,Thao Dien,Thu Duc City,Bakery,90,2.88,False
2025-12-09,Thao Dien,Thu Duc City,Coffee,212,8.268,False
2025-12-09,Thao Dien,Thu Duc City,Tea,120,5.4,False
2025-12-09,Thao Dien,Thu Duc City,Smoothie,58,3.19,False
2025-12-09,Thao Dien,Thu Duc City,Bakery,90,2.88,False
2025-12-10,Thao Dien,Thu Duc City,Coffee,212,8.268,False
2025-12-10,Thao Dien,Thu Duc City,Tea,126,5.67,False
2025-12-10,Thao Dien,Thu Duc City,Smoothie,53,2.915,False
2025-12-10,Thao Dien,Thu Duc City,Bakery,109,3.488,False
2025-12-11,Thao Dien,Thu Duc City,Coffee,226,8.814,False
2025-12-11,Thao Dien,Thu Duc City,Tea,138,6.21,False
2025-12-11,Thao Dien,Thu Duc City,Smoothie,70,3.85,False
2025-12-11,Thao Dien,Thu Duc City,Bakery,95,3.04,False
2025-12-12,Thao Dien,Thu Duc City,Coffee,239,9.321,False
2025-12-12,Thao Dien,Thu Duc City,Tea,140,6.3,False
2025-12-12,Thao Dien,Thu Duc City,Smoothie,63,3.465,False
2025-12-12,Thao Dien,Thu Duc City,Bakery,83,2.656,False
2025-12-13,Thao Dien,Thu Duc City,Coffee,298,11.622,False
2025-12-13,Thao Dien,Thu Duc City,Tea,171,7.695,False
2025-12-13,Thao Dien,Thu Duc City,Smoothie,69,3.795,False
2025-12-13,Thao Dien,Thu Duc City,Bakery,106,3.392,False
2025-12-14,Thao Dien,Thu Duc City,Coffee,315,12.285,False
2025-12-14,Thao Dien,Thu Duc City,Tea,191,8.595,False
2025-12-14,Thao Dien,Thu Duc City,Smoothie,86,4.73,False
2025-12-14,Thao Dien,Thu Duc City,Bakery,104,3.328,False
2025-12-15,Thao Dien,Thu Duc City,Coffee,252,9.828,False
2025-12-15,Thao Dien,Thu Duc City,Tea,142,6.39,False
2025-12-15,Thao Dien,Thu Duc City,Smoothie,58,3.19,False
2025-12-15,Thao Dien,Thu Duc City,Bakery,81,2.592,False
2025-12-16,Thao Dien,Thu Duc City,Coffee,251,9.789,False
2025-12-16,Thao Dien,Thu Duc City,Tea,152,6.84,False
2025-12-16,Thao Dien,Thu Duc City,Smoothie,73,4.015,False
2025-12-16,Thao Dien,Thu Duc City,Bakery,103,3.296,False
2025-12-17,Thao Dien,Thu Duc City,Coffee,236,9.204,False
2025-12-17,Thao Dien,Thu Duc City,Tea,141,6.345,False
2025-12-17,Thao Dien,Thu Duc City,Smoothie,63,3.465,False
2025-12-17,Thao Dien,Thu Duc City,Bakery,89,2.848,False
2025-12-18,Thao Dien,Thu Duc City,Coffee,233,9.087,False
2025-12-18,Thao Dien,Thu Duc City,Tea,142,6.39,False
2025-12-18,Thao Dien,Thu Duc City,Smoothie,79,4.345,False
2025-12-18,Thao Dien,Thu Duc City,Bakery,86,2.752,False
2025-12-19,Thao Dien,Thu Duc City,Coffee,284,11.076,False
2025-12-19,Thao Dien,Thu Duc City,Tea,143,6.435,False
2025-12-19,Thao Dien,Thu Duc City,Smoothie,71,3.905,False
2025-12-19,Thao Dien,Thu Duc City,Bakery,111,3.552,False
2025-12-20,Thao Dien,Thu Duc City,Coffee,388,12.862,True
2025-12-20,Thao Dien,Thu Duc City,Tea,181,6.923,True
2025-12-20,Thao Dien,Thu Duc City,Smoothie,92,4.301,True
2025-12-20,Thao Dien,Thu Duc City,Bakery,129,3.509,True
2025-12-21,Thao Dien,Thu Duc City,Coffee,368,12.199,True
2025-12-21,Thao Dien,Thu Duc City,Tea,204,7.803,True
2025-12-21,Thao Dien,Thu Duc City,Smoothie,86,4.021,True
2025-12-21,Thao Dien,Thu Duc City,Bakery,132,3.59,True
2025-12-22,Thao Dien,Thu Duc City,Coffee,290,9.614,True
2025-12-22,Thao Dien,Thu Duc City,Tea,191,7.306,True
2025-12-22,Thao Dien,Thu Duc City,Smoothie,61,2.852,True
2025-12-22,Thao Dien,Thu Duc City,Bakery,111,3.019,True
2025-12-23,Thao Dien,Thu Duc City,Coffee,311,10.31,True
2025-12-23,Thao Dien,Thu Duc City,Tea,164,6.273,True
2025-12-23,Thao Dien,Thu Duc City,Smoothie,76,3.553,True
2025-12-23,Thao Dien,Thu Duc City,Bakery,109,2.965,True
2025-12-24,Thao Dien,Thu Duc City,Coffee,269,8.917,True
2025-12-24,Thao Dien,Thu Duc City,Tea,190,7.268,True
2025-12-24,Thao Dien,Thu Duc City,Smoothie,60,2.805,True
2025-12-24,Thao Dien,Thu Duc City,Bakery,116,3.155,True
2025-12-25,Thao Dien,Thu Duc City,Coffee,287,9.514,True
2025-12-25,Thao Dien,Thu Duc City,Tea,183,7.0,True
2025-12-25,Thao Dien,Thu Duc City,Smoothie,86,4.021,True
2025-12-25,Thao Dien,Thu Duc City,Bakery,128,3.482,True
2025-12-26,Thao Dien,Thu Duc City,Coffee,272,9.017,True
2025-12-26,Thao Dien,Thu Duc City,Tea,157,6.005,True
2025-12-26,Thao Dien,Thu Duc City,Smoothie,81,3.787,True
2025-12-26,Thao Dien,Thu Duc City,Bakery,108,2.938,True
2025-12-27,Thao Dien,Thu Duc City,Coffee,356,11.801,True
2025-12-27,Thao Dien,Thu Duc City,Tea,201,7.688,True
2025-12-27,Thao Dien,Thu Duc City,Smoothie,78,3.647,True
2025-12-27,Thao Dien,Thu Duc City,Bakery,131,3.563,True
2025-12-28,Thao Dien,Thu Duc City,Coffee,392,12.995,True
2025-12-28,Thao Dien,Thu Duc City,Tea,183,7.0,True
2025-12-28,Thao Dien,Thu Duc City,Smoothie,92,4.301,True
2025-12-28,Thao Dien,Thu Duc City,Bakery,128,3.482,True
2025-12-29,Thao Dien,Thu Duc City,Coffee,288,9.547,True
2025-12-29,Thao Dien,Thu Duc City,Tea,173,6.617,True
2025-12-29,Thao Dien,Thu Duc City,Smoothie,72,3.366,True
2025-12-29,Thao Dien,Thu Duc City,Bakery,100,2.72,True
2025-12-30,Thao Dien,Thu Duc City,Coffee,296,9.812,True
2025-12-30,Thao Dien,Thu Duc City,Tea,163,6.235,True
2025-12-30,Thao Dien,Thu Duc City,Smoothie,67,3.132,True
2025-12-30,Thao Dien,Thu Duc City,Bakery,112,3.046,True
2025-12-31,Thao Dien,Thu Duc City,Coffee,267,8.851,True
2025-12-31,Thao Dien,Thu Duc City,Tea,167,6.388,True
2025-12-31,Thao Dien,Thu Duc City,Smoothie,65,3.039,True
2025-12-31,Thao Dien,Thu Duc City,Bakery,103,2.802,True
2024-01-01,Phan Xich Long,Phu Nhuan,Coffee,244,8.089,True
2024-01-01,Phan Xich Long,Phu Nhuan,Tea,134,5.125,True
2024-01-01,Phan Xich Long,Phu Nhuan,Smoothie,52,2.431,True
2024-01-01,Phan Xich Long,Phu Nhuan,Bakery,108,2.938,True
2024-01-02,Phan Xich Long,Phu Nhuan,Coffee,221,7.326,True
2024-01-02,Phan Xich Long,Phu Nhuan,Tea,121,4.628,True
2024-01-02,Phan Xich Long,Phu Nhuan,Smoothie,59,2.758,True
2024-01-02,Phan Xich Long,Phu Nhuan,Bakery,99,2.693,True
2024-01-03,Phan Xich Long,Phu Nhuan,Coffee,253,8.387,True
2024-01-03,Phan Xich Long,Phu Nhuan,Tea,144,5.508,True
2024-01-03,Phan Xich Long,Phu Nhuan,Smoothie,73,3.413,True
2024-01-03,Phan Xich Long,Phu Nhuan,Bakery,92,2.502,True
2024-01-04,Phan Xich Long,Phu Nhuan,Coffee,209,8.151,False
2024-01-04,Phan Xich Long,Phu Nhuan,Tea,118,5.31,False
2024-01-04,Phan Xich Long,Phu Nhuan,Smoothie,46,2.53,False
2024-01-04,Phan Xich Long,Phu Nhuan,Bakery,86,2.752,False
2024-01-05,Phan Xich Long,Phu Nhuan,Coffee,186,7.254,False
2024-01-05,Phan Xich Long,Phu Nhuan,Tea,117,5.265,False
2024-01-05,Phan Xich Long,Phu Nhuan,Smoothie,55,3.025,False
2024-01-05,Phan Xich Long,Phu Nhuan,Bakery,88,2.816,False
2024-01-06,Phan Xich Long,Phu Nhuan,Coffee,265,10.335,False
2024-01-06,Phan Xich Long,Phu Nhuan,Tea,131,5.895,False
2024-01-06,Phan Xich Long,Phu Nhuan,Smoothie,49,2.695,False
2024-01-06,Phan Xich Long,Phu Nhuan,Bakery,74,2.368,False
2024-01-07,Phan Xich Long,Phu Nhuan,Coffee,258,10.062,False
2024-01-07,Phan Xich Long,Phu Nhuan,Tea,140,6.3,False
2024-01-07,Phan Xich Long,Phu Nhuan,Smoothie,59,3.245,False
2024-01-07,Phan Xich Long,Phu Nhuan,Bakery,107,3.424,False
2024-01-08,Phan Xich Long,Phu Nhuan,Coffee,233,9.087,False
2024-01-08,Phan Xich Long,Phu Nhuan,Tea,108,4.86,False
2024-01-08,Phan Xich Long,Phu Nhuan,Smoothie,54,2.97,False
2024-01-08,Phan Xich Long,Phu Nhuan,Bakery,84,2.688,False
2024-01-09,Phan Xich Long,Phu Nhuan,Coffee,202,7.878,False
2024-01-09,Phan Xich Long,Phu Nhuan,Tea,105,4.725,False
2024-01-09,Phan Xich Long,Phu Nhuan,Smoothie,56,3.08,False
2024-01-09,Phan Xich Long,Phu Nhuan,Bakery,92,2.944,False
2024-01-10,Phan Xich Long,Phu Nhuan,Coffee,212,8.268,False
2024-01-10,Phan Xich Long,Phu Nhuan,Tea,101,4.545,False
2024-01-10,Phan Xich Long,Phu Nhuan,Smoothie,41,2.255,False
2024-01-10,Phan Xich Long,Phu Nhuan,Bakery,74,2.368,False
2024-01-11,Phan Xich Long,Phu Nhuan,Coffee,209,8.151,False
2024-01-11,Phan Xich Long,Phu Nhuan,Tea,96,4.32,False
2024-01-11,Phan Xich Long,Phu Nhuan,Smoothie,36,1.98,False
2024-01-11,Phan Xich Long,Phu Nhuan,Bakery,76,2.432,False
2024-01-12,Phan Xich Long,Phu Nhuan,Coffee,193,7.527,False
2024-01-12,Phan Xich Long,Phu Nhuan,Tea,111,4.995,False
2024-01-12,Phan Xich Long,Phu Nhuan,Smoothie,48,2.64,False
2024-01-12,Phan Xich Long,Phu Nhuan,Bakery,78,2.496,False
2024-01-13,Phan Xich Long,Phu Nhuan,Coffee,259,10.101,False
2024-01-13,Phan Xich Long,Phu Nhuan,Tea,120,5.4,False
2024-01-13,Phan Xich Long,Phu Nhuan,Smoothie,72,3.96,False
2024-01-13,Phan Xich Long,Phu Nhuan,Bakery,110,3.52,False
2024-01-14,Phan Xich Long,Phu Nhuan,Coffee,261,10.179,False
2024-01-14,Phan Xich Long,Phu Nhuan,Tea,150,6.75,False
2024-01-14,Phan Xich Long,Phu Nhuan,Smoothie,59,3.245,False
2024-01-14,Phan Xich Long,Phu Nhuan,Bakery,92,2.944,False
2024-01-15,Phan Xich Long,Phu Nhuan,Coffee,168,6.552,False
2024-01-15,Phan Xich Long,Phu Nhuan,Tea,103,4.635,False
2024-01-15,Phan Xich Long,Phu Nhuan,Smoothie,39,2.145,False
2024-01-15,Phan Xich Long,Phu Nhuan,Bakery,83,2.656,False
2024-01-16,Phan Xich Long,Phu Nhuan,Coffee,194,7.566,False
2024-01-16,Phan Xich Long,Phu Nhuan,Tea,134,6.03,False
2024-01-16,Phan Xich Long,Phu Nhuan,Smoothie,63,3.465,False
2024-01-16,Phan Xich Long,Phu Nhuan,Bakery,67,2.144,False
2024-01-17,Phan Xich Long,Phu Nhuan,Coffee,227,8.853,False
2024-01-17,Phan Xich Long,Phu Nhuan,Tea,123,5.535,False
2024-01-17,Phan Xich Long,Phu Nhuan,Smoothie,61,3.355,False
2024-01-17,Phan Xich Long,Phu Nhuan,Bakery,79,2.528,False
2024-01-18,Phan Xich Long,Phu Nhuan,Coffee,212,8.268,False
2024-01-18,Phan Xich Long,Phu Nhuan,Tea,100,4.5,False
2024-01-18,Phan Xich Long,Phu Nhuan,Smoothie,49,2.695,False
2024-01-18,Phan Xich Long,Phu Nhuan,Bakery,71,2.272,False
2024-01-19,Phan Xich Long,Phu Nhuan,Coffee,196,7.644,False
2024-01-19,Phan Xich Long,Phu Nhuan,Tea,120,5.4,False
2024-01-19,Phan Xich Long,Phu Nhuan,Smoothie,52,2.86,False
2024-01-19,Phan Xich Long,Phu Nhuan,Bakery,89,2.848,False
2024-01-20,Phan Xich Long,Phu Nhuan,Coffee,279,10.881,False
2024-01-20,Phan Xich Long,Phu Nhuan,Tea,149,6.705,False
2024-01-20,Phan Xich Long,Phu Nhuan,Smoothie,63,3.465,False
2024-01-20,Phan Xich Long,Phu Nhuan,Bakery,101,3.232,False
2024-01-21,Phan Xich Long,Phu Nhuan,Coffee,232,9.048,False
2024-01-21,Phan Xich Long,Phu Nhuan,Tea,153,6.885,False
2024-01-21,Phan Xich Long,Phu Nhuan,Smoothie,64,3.52,False
2024-01-21,Phan Xich Long,Phu Nhuan,Bakery,103,3.296,False
2024-01-22,Phan Xich Long,Phu Nhuan,Coffee,201,7.839,False
2024-01-22,Phan Xich Long,Phu Nhuan,Tea,113,5.085,False
2024-01-22,Phan Xich Long,Phu Nhuan,Smoothie,39,2.145,False
2024-01-22,Phan Xich Long,Phu Nhuan,Bakery,79,2.528,False
2024-01-23,Phan Xich Long,Phu Nhuan,Coffee,183,7.137,False
2024-01-23,Phan Xich Long,Phu Nhuan,Tea,100,4.5,False
2024-01-23,Phan Xich Long,Phu Nhuan,Smoothie,50,2.75,False
2024-01-23,Phan Xich Long,Phu Nhuan,Bakery,44,1.408,False
2024-01-24,Phan Xich Long,Phu Nhuan,Coffee,215,8.385,False
2024-01-24,Phan Xich Long,Phu Nhuan,Tea,95,4.275,False
2024-01-24,Phan Xich Long,Phu Nhuan,Smoothie,52,2.86,False
2024-01-24,Phan Xich Long,Phu Nhuan,Bakery,77,2.464,False
2024-01-25,Phan Xich Long,Phu Nhuan,Coffee,205,7.995,False
2024-01-25,Phan Xich Long,Phu Nhuan,Tea,112,5.04,False
2024-01-25,Phan Xich Long,Phu Nhuan,Smoothie,51,2.805,False
2024-01-25,Phan Xich Long,Phu Nhuan,Bakery,80,2.56,False
2024-01-26,Phan Xich Long,Phu Nhuan,Coffee,230,8.97,False
2024-01-26,Phan Xich Long,Phu Nhuan,Tea,116,5.22,False
2024-01-26,Phan Xich Long,Phu Nhuan,Smoothie,64,3.52,False
2024-01-26,Phan Xich Long,Phu Nhuan,Bakery,62,1.984,False
2024-01-27,Phan Xich Long,Phu Nhuan,Coffee,255,9.945,False
2024-01-27,Phan Xich Long,Phu Nhuan,Tea,131,5.895,False
2024-01-27,Phan Xich Long,Phu Nhuan,Smoothie,67,3.685,False
2024-01-27,Phan Xich Long,Phu Nhuan,Bakery,85,2.72,False
2024-01-28,Phan Xich Long,Phu Nhuan,Coffee,270,10.53,False
2024-01-28,Phan Xich Long,Phu Nhuan,Tea,149,6.705,False
2024-01-28,Phan Xich Long,Phu Nhuan,Smoothie,73,4.015,False
2024-01-28,Phan Xich Long,Phu Nhuan,Bakery,80,2.56,False
2024-01-29,Phan Xich Long,Phu Nhuan,Coffee,207,8.073,False
2024-01-29,Phan Xich Long,Phu Nhuan,Tea,122,5.49,False
2024-01-29,Phan Xich Long,Phu Nhuan,Smoothie,46,2.53,False
2024-01-29,Phan Xich Long,Phu Nhuan,Bakery,79,2.528,False
2024-01-30,Phan Xich Long,Phu Nhuan,Coffee,203,7.917,False
2024-01-30,Phan Xich Long,Phu Nhuan,Tea,122,5.49,False
2024-01-30,Phan Xich Long,Phu Nhuan,Smoothie,47,2.585,False
2024-01-30,Phan Xich Long,Phu Nhuan,Bakery,78,2.496,False
2024-01-31,Phan Xich Long,Phu Nhuan,Coffee,194,7.566,False
2024-01-31,Phan Xich Long,Phu Nhuan,Tea,112,5.04,False
2024-01-31,Phan Xich Long,Phu Nhuan,Smoothie,54,2.97,False
2024-01-31,Phan Xich Long,Phu Nhuan,Bakery,78,2.496,False
2024-02-01,Phan Xich Long,Phu Nhuan,Coffee,183,6.066,True
2024-02-01,Phan Xich Long,Phu Nhuan,Tea,107,4.093,True
2024-02-01,Phan Xich Long,Phu Nhuan,Smoothie,46,2.151,True
2024-02-01,Phan Xich Long,Phu Nhuan,Bakery,73,1.986,True
2024-02-02,Phan Xich Long,Phu Nhuan,Coffee,209,6.928,True
2024-02-02,Phan Xich Long,Phu Nhuan,Tea,108,4.131,True
2024-02-02,Phan Xich Long,Phu Nhuan,Smoothie,41,1.917,True
2024-02-02,Phan Xich Long,Phu Nhuan,Bakery,71,1.931,True
2024-02-03,Phan Xich Long,Phu Nhuan,Coffee,209,6.928,True
2024-02-03,Phan Xich Long,Phu Nhuan,Tea,138,5.279,True
2024-02-03,Phan Xich Long,Phu Nhuan,Smoothie,66,3.086,True
2024-02-03,Phan Xich Long,Phu Nhuan,Bakery,101,2.747,True
2024-02-04,Phan Xich Long,Phu Nhuan,Coffee,205,7.995,False
2024-02-04,Phan Xich Long,Phu Nhuan,Tea,108,4.86,False
2024-02-04,Phan Xich Long,Phu Nhuan,Smoothie,60,3.3,False
2024-02-04,Phan Xich Long,Phu Nhuan,Bakery,58,1.856,False
2024-02-05,Phan Xich Long,Phu Nhuan,Coffee,148,5.772,False
2024-02-05,Phan Xich Long,Phu Nhuan,Tea,91,4.095,False
2024-02-05,Phan Xich Long,Phu Nhuan,Smoothie,27,1.485,False
2024-02-05,Phan Xich Long,Phu Nhuan,Bakery,64,2.048,False
2024-02-06,Phan Xich Long,Phu Nhuan,Coffee,72,2.808,False
2024-02-06,Phan Xich Long,Phu Nhuan,Tea,55,2.475,False
2024-02-06,Phan Xich Long,Phu Nhuan,Smoothie,29,1.595,False
2024-02-06,Phan Xich Long,Phu Nhuan,Bakery,26,0.832,False
2024-02-07,Phan Xich Long,Phu Nhuan,Coffee,94,3.666,False
2024-02-07,Phan Xich Long,Phu Nhuan,Tea,41,1.845,False
2024-02-07,Phan Xich Long,Phu Nhuan,Smoothie,26,1.43,False
2024-02-07,Phan Xich Long,Phu Nhuan,Bakery,37,1.184,False
2024-02-08,Phan Xich Long,Phu Nhuan,Coffee,85,3.315,False
2024-02-08,Phan Xich Long,Phu Nhuan,Tea,42,1.89,False
2024-02-08,Phan Xich Long,Phu Nhuan,Smoothie,17,0.935,False
2024-02-08,Phan Xich Long,Phu Nhuan,Bakery,30,0.96,False
2024-02-09,Phan Xich Long,Phu Nhuan,Coffee,88,3.432,False
2024-02-09,Phan Xich Long,Phu Nhuan,Tea,57,2.565,False
2024-02-09,Phan Xich Long,Phu Nhuan,Smoothie,19,1.045,False
2024-02-09,Phan Xich Long,Phu Nhuan,Bakery,22,0.704,False
2024-02-10,Phan Xich Long,Phu Nhuan,Coffee,105,4.095,False
2024-02-10,Phan Xich Long,Phu Nhuan,Tea,69,3.105,False
2024-02-10,Phan Xich Long,Phu Nhuan,Smoothie,32,1.76,False
2024-02-10,Phan Xich Long,Phu Nhuan,Bakery,40,1.28,False
2024-02-11,Phan Xich Long,Phu Nhuan,Coffee,109,4.251,False
2024-02-11,Phan Xich Long,Phu Nhuan,Tea,54,2.43,False
2024-02-11,Phan Xich Long,Phu Nhuan,Smoothie,32,1.76,False
2024-02-11,Phan Xich Long,Phu Nhuan,Bakery,34,1.088,False
2024-02-12,Phan Xich Long,Phu Nhuan,Coffee,91,3.549,False
2024-02-12,Phan Xich Long,Phu Nhuan,Tea,47,2.115,False
2024-02-12,Phan Xich Long,Phu Nhuan,Smoothie,26,1.43,False
2024-02-12,Phan Xich Long,Phu Nhuan,Bakery,41,1.312,False
2024-02-13,Phan Xich Long,Phu Nhuan,Coffee,102,3.978,False
2024-02-13,Phan Xich Long,Phu Nhuan,Tea,58,2.61,False
2024-02-13,Phan Xich Long,Phu Nhuan,Smoothie,20,1.1,False
2024-02-13,Phan Xich Long,Phu Nhuan,Bakery,43,1.376,False
2024-02-14,Phan Xich Long,Phu Nhuan,Coffee,96,3.744,False
2024-02-14,Phan Xich Long,Phu Nhuan,Tea,57,2.565,False
2024-02-14,Phan Xich Long,Phu Nhuan,Smoothie,25,1.375,False
2024-02-14,Phan Xich Long,Phu Nhuan,Bakery,29,0.928,False
2024-02-15,Phan Xich Long,Phu Nhuan,Coffee,178,6.942,False
2024-02-15,Phan Xich Long,Phu Nhuan,Tea,96,4.32,False
2024-02-15,Phan Xich Long,Phu Nhuan,Smoothie,54,2.97,False
2024-02-15,Phan Xich Long,Phu Nhuan,Bakery,59,1.888,False
2024-02-16,Phan Xich Long,Phu Nhuan,Coffee,187,7.293,False
2024-02-16,Phan Xich Long,Phu Nhuan,Tea,80,3.6,False
2024-02-16,Phan Xich Long,Phu Nhuan,Smoothie,46,2.53,False
2024-02-16,Phan Xich Long,Phu Nhuan,Bakery,67,2.144,False
2024-02-17,Phan Xich Long,Phu Nhuan,Coffee,193,7.527,False
2024-02-17,Phan Xich Long,Phu Nhuan,Tea,112,5.04,False
2024-02-17,Phan Xich Long,Phu Nhuan,Smoothie,48,2.64,False
2024-02-17,Phan Xich Long,Phu Nhuan,Bakery,84,2.688,False
2024-02-18,Phan Xich Long,Phu Nhuan,Coffee,202,7.878,False
2024-02-18,Phan Xich Long,Phu Nhuan,Tea,133,5.985,False
2024-02-18,Phan Xich Long,Phu Nhuan,Smoothie,46,2.53,False
2024-02-18,Phan Xich Long,Phu Nhuan,Bakery,73,2.336,False
2024-02-19,Phan Xich Long,Phu Nhuan,Coffee,154,6.006,False
2024-02-19,Phan Xich Long,Phu Nhuan,Tea,70,3.15,False
2024-02-19,Phan Xich Long,Phu Nhuan,Smoothie,46,2.53,False
2024-02-19,Phan Xich Long,Phu Nhuan,Bakery,67,2.144,False
2024-02-20,Phan Xich Long,Phu Nhuan,Coffee,204,7.956,False
2024-02-20,Phan Xich Long,Phu Nhuan,Tea,141,6.345,False
2024-02-20,Phan Xich Long,Phu Nhuan,Smoothie,56,3.08,False
2024-02-20,Phan Xich Long,Phu Nhuan,Bakery,74,2.368,False
2024-02-21,Phan Xich Long,Phu Nhuan,Coffee,211,8.229,False
2024-02-21,Phan Xich Long,Phu Nhuan,Tea,122,5.49,False
2024-02-21,Phan Xich Long,Phu Nhuan,Smoothie,54,2.97,False
2024-02-21,Phan Xich Long,Phu Nhuan,Bakery,83,2.656,False
2024-02-22,Phan Xich Long,Phu Nhuan,Coffee,199,7.761,False
2024-02-22,Phan Xich Long,Phu Nhuan,Tea,117,5.265,False
2024-02-22,Phan Xich Long,Phu Nhuan,Smoothie,45,2.475,False
2024-02-22,Phan Xich Long,Phu Nhuan,Bakery,72,2.304,False
2024-02-23,Phan Xich Long,Phu Nhuan,Coffee,228,8.892,False
2024-02-23,Phan Xich Long,Phu Nhuan,Tea,116,5.22,False
2024-02-23,Phan Xich Long,Phu Nhuan,Smoothie,55,3.025,False
2024-02-23,Phan Xich Long,Phu Nhuan,Bakery,97,3.104,False
2024-02-24,Phan Xich Long,Phu Nhuan,Coffee,256,9.984,False
2024-02-24,Phan Xich Long,Phu Nhuan,Tea,116,5.22,False
2024-02-24,Phan Xich Long,Phu Nhuan,Smoothie,71,3.905,False
2024-02-24,Phan Xich Long,Phu Nhuan,Bakery,86,2.752,False
2024-02-25,Phan Xich Long,Phu Nhuan,Coffee,254,9.906,False
2024-02-25,Phan Xich Long,Phu Nhuan,Tea,143,6.435,False
2024-02-25,Phan Xich Long,Phu Nhuan,Smoothie,71,3.905,False
2024-02-25,Phan Xich Long,Phu Nhuan,Bakery,88,2.816,False
2024-02-26,Phan Xich Long,Phu Nhuan,Coffee,210,8.19,False
2024-02-26,Phan Xich Long,Phu Nhuan,Tea,108,4.86,False
2024-02-26,Phan Xich Long,Phu Nhuan,Smoothie,54,2.97,False
2024-02-26,Phan Xich Long,Phu Nhuan,Bakery,67,2.144,False
2024-02-27,Phan Xich Long,Phu Nhuan,Coffee,192,7.488,False
2024-02-27,Phan Xich Long,Phu Nhuan,Tea,112,5.04,False
2024-02-27,Phan Xich Long,Phu Nhuan,Smoothie,45,2.475,False
2024-02-27,Phan Xich Long,Phu Nhuan,Bakery,80,2.56,False
2024-02-28,Phan Xich Long,Phu Nhuan,Coffee,179,6.981,False
2024-02-28,Phan Xich Long,Phu Nhuan,Tea,125,5.625,False
2024-02-28,Phan Xich Long,Phu Nhuan,Smoothie,51,2.805,False
2024-02-28,Phan Xich Long,Phu Nhuan,Bakery,77,2.464,False
2024-02-29,Phan Xich Long,Phu Nhuan,Coffee,206,8.034,False
2024-02-29,Phan Xich Long,Phu Nhuan,Tea,107,4.815,False
2024-02-29,Phan Xich Long,Phu Nhuan,Smoothie,54,2.97,False
2024-02-29,Phan Xich Long,Phu Nhuan,Bakery,101,3.232,False
2024-03-01,Phan Xich Long,Phu Nhuan,Coffee,264,8.752,True
2024-03-01,Phan Xich Long,Phu Nhuan,Tea,144,5.508,True
2024-03-01,Phan Xich Long,Phu Nhuan,Smoothie,91,4.254,True
2024-03-01,Phan Xich Long,Phu Nhuan,Bakery,99,2.693,True
2024-03-02,Phan Xich Long,Phu Nhuan,Coffee,319,10.575,True
2024-03-02,Phan Xich Long,Phu Nhuan,Tea,176,6.732,True
2024-03-02,Phan Xich Long,Phu Nhuan,Smoothie,103,4.815,True
2024-03-02,Phan Xich Long,Phu Nhuan,Bakery,118,3.21,True
2024-03-03,Phan Xich Long,Phu Nhuan,Coffee,314,10.409,True
2024-03-03,Phan Xich Long,Phu Nhuan,Tea,184,7.038,True
2024-03-03,Phan Xich Long,Phu Nhuan,Smoothie,98,4.582,True
2024-03-03,Phan Xich Long,Phu Nhuan,Bakery,120,3.264,True
2024-03-04,Phan Xich Long,Phu Nhuan,Coffee,190,7.41,False
2024-03-04,Phan Xich Long,Phu Nhuan,Tea,125,5.625,False
2024-03-04,Phan Xich Long,Phu Nhuan,Smoothie,75,4.125,False
2024-03-04,Phan Xich Long,Phu Nhuan,Bakery,63,2.016,False
2024-03-05,Phan Xich Long,Phu Nhuan,Coffee,191,7.449,False
2024-03-05,Phan Xich Long,Phu Nhuan,Tea,130,5.85,False
2024-03-05,Phan Xich Long,Phu Nhuan,Smoothie,79,4.345,False
2024-03-05,Phan Xich Long,Phu Nhuan,Bakery,75,2.4,False
2024-03-06,Phan Xich Long,Phu Nhuan,Coffee,198,7.722,False
2024-03-06,Phan Xich Long,Phu Nhuan,Tea,120,5.4,False
2024-03-06,Phan Xich Long,Phu Nhuan,Smoothie,70,3.85,False
2024-03-06,Phan Xich Long,Phu Nhuan,Bakery,81,2.592,False
2024-03-07,Phan Xich Long,Phu Nhuan,Coffee,194,7.566,False
2024-03-07,Phan Xich Long,Phu Nhuan,Tea,109,4.905,False
2024-03-07,Phan Xich Long,Phu Nhuan,Smoothie,71,3.905,False
2024-03-07,Phan Xich Long,Phu Nhuan,Bakery,75,2.4,False
2024-03-08,Phan Xich Long,Phu Nhuan,Coffee,199,7.761,False
2024-03-08,Phan Xich Long,Phu Nhuan,Tea,129,5.805,False
2024-03-08,Phan Xich Long,Phu Nhuan,Smoothie,76,4.18,False
2024-03-08,Phan Xich Long,Phu Nhuan,Bakery,84,2.688,False
2024-03-09,Phan Xich Long,Phu Nhuan,Coffee,255,9.945,False
2024-03-09,Phan Xich Long,Phu Nhuan,Tea,157,7.065,False
2024-03-09,Phan Xich Long,Phu Nhuan,Smoothie,94,5.17,False
2024-03-09,Phan Xich Long,Phu Nhuan,Bakery,106,3.392,False
2024-03-10,Phan Xich Long,Phu Nhuan,Coffee,250,9.75,False
2024-03-10,Phan Xich Long,Phu Nhuan,Tea,136,6.12,False
2024-03-10,Phan Xich Long,Phu Nhuan,Smoothie,90,4.95,False
2024-03-10,Phan Xich Long,Phu Nhuan,Bakery,92,2.944,False
2024-03-11,Phan Xich Long,Phu Nhuan,Coffee,221,8.619,False
2024-03-11,Phan Xich Long,Phu Nhuan,Tea,133,5.985,False
2024-03-11,Phan Xich Long,Phu Nhuan,Smoothie,72,3.96,False
2024-03-11,Phan Xich Long,Phu Nhuan,Bakery,86,2.752,False
2024-03-12,Phan Xich Long,Phu Nhuan,Coffee,198,7.722,False
2024-03-12,Phan Xich Long,Phu Nhuan,Tea,111,4.995,False
2024-03-12,Phan Xich Long,Phu Nhuan,Smoothie,75,4.125,False
2024-03-12,Phan Xich Long,Phu Nhuan,Bakery,88,2.816,False
2024-03-13,Phan Xich Long,Phu Nhuan,Coffee,209,8.151,False
2024-03-13,Phan Xich Long,Phu Nhuan,Tea,106,4.77,False
2024-03-13,Phan Xich Long,Phu Nhuan,Smoothie,68,3.74,False
2024-03-13,Phan Xich Long,Phu Nhuan,Bakery,66,2.112,False
2024-03-14,Phan Xich Long,Phu Nhuan,Coffee,192,7.488,False
2024-03-14,Phan Xich Long,Phu Nhuan,Tea,127,5.715,False
2024-03-14,Phan Xich Long,Phu Nhuan,Smoothie,78,4.29,False
2024-03-14,Phan Xich Long,Phu Nhuan,Bakery,79,2.528,False
2024-03-15,Phan Xich Long,Phu Nhuan,Coffee,198,7.722,False
2024-03-15,Phan Xich Long,Phu Nhuan,Tea,123,5.535,False
2024-03-15,Phan Xich Long,Phu Nhuan,Smoothie,59,3.245,False
2024-03-15,Phan Xich Long,Phu Nhuan,Bakery,76,2.432,False
2024-03-16,Phan Xich Long,Phu Nhuan,Coffee,230,8.97,False
2024-03-16,Phan Xich Long,Phu Nhuan,Tea,151,6.795,False
2024-03-16,Phan Xich Long,Phu Nhuan,Smoothie,87,4.785,False
2024-03-16,Phan Xich Long,Phu Nhuan,Bakery,95,3.04,False
2024-03-17,Phan Xich Long,Phu Nhuan,Coffee,240,9.36,False
2024-03-17,Phan Xich Long,Phu Nhuan,Tea,152,6.84,False
2024-03-17,Phan Xich Long,Phu Nhuan,Smoothie,83,4.565,False
2024-03-17,Phan Xich Long,Phu Nhuan,Bakery,106,3.392,False
2024-03-18,Phan Xich Long,Phu Nhuan,Coffee,195,7.605,False
2024-03-18,Phan Xich Long,Phu Nhuan,Tea,122,5.49,False
2024-03-18,Phan Xich Long,Phu Nhuan,Smoothie,62,3.41,False
2024-03-18,Phan Xich Long,Phu Nhuan,Bakery,76,2.432,False
2024-03-19,Phan Xich Long,Phu Nhuan,Coffee,194,7.566,False
2024-03-19,Phan Xich Long,Phu Nhuan,Tea,107,4.815,False
2024-03-19,Phan Xich Long,Phu Nhuan,Smoothie,87,4.785,False
2024-03-19,Phan Xich Long,Phu Nhuan,Bakery,94,3.008,False
2024-03-20,Phan Xich Long,Phu Nhuan,Coffee,211,8.229,False
2024-03-20,Phan Xich Long,Phu Nhuan,Tea,106,4.77,False
2024-03-20,Phan Xich Long,Phu Nhuan,Smoothie,68,3.74,False
2024-03-20,Phan Xich Long,Phu Nhuan,Bakery,75,2.4,False
2024-03-21,Phan Xich Long,Phu Nhuan,Coffee,191,7.449,False
2024-03-21,Phan Xich Long,Phu Nhuan,Tea,127,5.715,False
2024-03-21,Phan Xich Long,Phu Nhuan,Smoothie,64,3.52,False
2024-03-21,Phan Xich Long,Phu Nhuan,Bakery,80,2.56,False
2024-03-22,Phan Xich Long,Phu Nhuan,Coffee,193,7.527,False
2024-03-22,Phan Xich Long,Phu Nhuan,Tea,118,5.31,False
2024-03-22,Phan Xich Long,Phu Nhuan,Smoothie,80,4.4,False
2024-03-22,Phan Xich Long,Phu Nhuan,Bakery,58,1.856,False
2024-03-23,Phan Xich Long,Phu Nhuan,Coffee,265,10.335,False
2024-03-23,Phan Xich Long,Phu Nhuan,Tea,132,5.94,False
2024-03-23,Phan Xich Long,Phu Nhuan,Smoothie,93,5.115,False
2024-03-23,Phan Xich Long,Phu Nhuan,Bakery,99,3.168,False
2024-03-24,Phan Xich Long,Phu Nhuan,Coffee,266,10.374,False
2024-03-24,Phan Xich Long,Phu Nhuan,Tea,148,6.66,False
2024-03-24,Phan Xich Long,Phu Nhuan,Smoothie,82,4.51,False
2024-03-24,Phan Xich Long,Phu Nhuan,Bakery,106,3.392,False
2024-03-25,Phan Xich Long,Phu Nhuan,Coffee,182,7.098,False
2024-03-25,Phan Xich Long,Phu Nhuan,Tea,129,5.805,False
2024-03-25,Phan Xich Long,Phu Nhuan,Smoothie,84,4.62,False
2024-03-25,Phan Xich Long,Phu Nhuan,Bakery,84,2.688,False
2024-03-26,Phan Xich Long,Phu Nhuan,Coffee,174,6.786,False
2024-03-26,Phan Xich Long,Phu Nhuan,Tea,106,4.77,False
2024-03-26,Phan Xich Long,Phu Nhuan,Smoothie,64,3.52,False
2024-03-26,Phan Xich Long,Phu Nhuan,Bakery,72,2.304,False
2024-03-27,Phan Xich Long,Phu Nhuan,Coffee,185,7.215,False
2024-03-27,Phan Xich Long,Phu Nhuan,Tea,110,4.95,False
2024-03-27,Phan Xich Long,Phu Nhuan,Smoothie,67,3.685,False
2024-03-27,Phan Xich Long,Phu Nhuan,Bakery,79,2.528,False
2024-03-28,Phan Xich Long,Phu Nhuan,Coffee,201,7.839,False
2024-03-28,Phan Xich Long,Phu Nhuan,Tea,118,5.31,False
2024-03-28,Phan Xich Long,Phu Nhuan,Smoothie,71,3.905,False
2024-03-28,Phan Xich Long,Phu Nhuan,Bakery,61,1.952,False
2024-03-29,Phan Xich Long,Phu Nhuan,Coffee,190,7.41,False
2024-03-29,Phan Xich Long,Phu Nhuan,Tea,103,4.635,False
2024-03-29,Phan Xich Long,Phu Nhuan,Smoothie,72,3.96,False
2024-03-29,Phan Xich Long,Phu Nhuan,Bakery,73,2.336,False
2024-03-30,Phan Xich Long,Phu Nhuan,Coffee,276,10.764,False
2024-03-30,Phan Xich Long,Phu Nhuan,Tea,136,6.12,False
2024-03-30,Phan Xich Long,Phu Nhuan,Smoothie,95,5.225,False
2024-03-30,Phan Xich Long,Phu Nhuan,Bakery,107,3.424,False
2024-03-31,Phan Xich Long,Phu Nhuan,Coffee,246,9.594,False
2024-03-31,Phan Xich Long,Phu Nhuan,Tea,144,6.48,False
2024-03-31,Phan Xich Long,Phu Nhuan,Smoothie,99,5.445,False
2024-03-31,Phan Xich Long,Phu Nhuan,Bakery,103,3.296,False
2024-04-01,Phan Xich Long,Phu Nhuan,Coffee,234,7.757,True
2024-04-01,Phan Xich Long,Phu Nhuan,Tea,129,4.934,True
2024-04-01,Phan Xich Long,Phu Nhuan,Smoothie,78,3.647,True
2024-04-01,Phan Xich Long,Phu Nhuan,Bakery,104,2.829,True
2024-04-02,Phan Xich Long,Phu Nhuan,Coffee,237,7.857,True
2024-04-02,Phan Xich Long,Phu Nhuan,Tea,134,5.125,True
2024-04-02,Phan Xich Long,Phu Nhuan,Smoothie,88,4.114,True
2024-04-02,Phan Xich Long,Phu Nhuan,Bakery,92,2.502,True
2024-04-03,Phan Xich Long,Phu Nhuan,Coffee,250,8.287,True
2024-04-03,Phan Xich Long,Phu Nhuan,Tea,132,5.049,True
2024-04-03,Phan Xich Long,Phu Nhuan,Smoothie,84,3.927,True
2024-04-03,Phan Xich Long,Phu Nhuan,Bakery,91,2.475,True
2024-04-04,Phan Xich Long,Phu Nhuan,Coffee,190,7.41,False
2024-04-04,Phan Xich Long,Phu Nhuan,Tea,137,6.165,False
2024-04-04,Phan Xich Long,Phu Nhuan,Smoothie,79,4.345,False
2024-04-04,Phan Xich Long,Phu Nhuan,Bakery,66,2.112,False
2024-04-05,Phan Xich Long,Phu Nhuan,Coffee,225,8.775,False
2024-04-05,Phan Xich Long,Phu Nhuan,Tea,124,5.58,False
2024-04-05,Phan Xich Long,Phu Nhuan,Smoothie,75,4.125,False
2024-04-05,Phan Xich Long,Phu Nhuan,Bakery,81,2.592,False
2024-04-06,Phan Xich Long,Phu Nhuan,Coffee,237,9.243,False
2024-04-06,Phan Xich Long,Phu Nhuan,Tea,148,6.66,False
2024-04-06,Phan Xich Long,Phu Nhuan,Smoothie,88,4.84,False
2024-04-06,Phan Xich Long,Phu Nhuan,Bakery,96,3.072,False
2024-04-07,Phan Xich Long,Phu Nhuan,Coffee,234,9.126,False
2024-04-07,Phan Xich Long,Phu Nhuan,Tea,150,6.75,False
2024-04-07,Phan Xich Long,Phu Nhuan,Smoothie,97,5.335,False
2024-04-07,Phan Xich Long,Phu Nhuan,Bakery,105,3.36,False
2024-04-08,Phan Xich Long,Phu Nhuan,Coffee,211,8.229,False
2024-04-08,Phan Xich Long,Phu Nhuan,Tea,97,4.365,False
2024-04-08,Phan Xich Long,Phu Nhuan,Smoothie,64,3.52,False
2024-04-08,Phan Xich Long,Phu Nhuan,Bakery,81,2.592,False
2024-04-09,Phan Xich Long,Phu Nhuan,Coffee,199,7.761,False
2024-04-09,Phan Xich Long,Phu Nhuan,Tea,123,5.535,False
2024-04-09,Phan Xich Long,Phu Nhuan,Smoothie,68,3.74,False
2024-04-09,Phan Xich Long,Phu Nhuan,Bakery,74,2.368,False
2024-04-10,Phan Xich Long,Phu Nhuan,Coffee,208,8.112,False
2024-04-10,Phan Xich Long,Phu Nhuan,Tea,102,4.59,False
2024-04-10,Phan Xich Long,Phu Nhuan,Smoothie,95,5.225,False
2024-04-10,Phan Xich Long,Phu Nhuan,Bakery,76,2.432,False
2024-04-11,Phan Xich Long,Phu Nhuan,Coffee,196,7.644,False
2024-04-11,Phan Xich Long,Phu Nhuan,Tea,108,4.86,False
2024-04-11,Phan Xich Long,Phu Nhuan,Smoothie,77,4.235,False
2024-04-11,Phan Xich Long,Phu Nhuan,Bakery,81,2.592,False
2024-04-12,Phan Xich Long,Phu Nhuan,Coffee,196,7.644,False
2024-04-12,Phan Xich Long,Phu Nhuan,Tea,121,5.445,False
2024-04-12,Phan Xich Long,Phu Nhuan,Smoothie,69,3.795,False
2024-04-12,Phan Xich Long,Phu Nhuan,Bakery,74,2.368,False
2024-04-13,Phan Xich Long,Phu Nhuan,Coffee,233,9.087,False
2024-04-13,Phan Xich Long,Phu Nhuan,Tea,135,6.075,False
2024-04-13,Phan Xich Long,Phu Nhuan,Smoothie,95,5.225,False
2024-04-13,Phan Xich Long,Phu Nhuan,Bakery,90,2.88,False
2024-04-14,Phan Xich Long,Phu Nhuan,Coffee,251,9.789,False
2024-04-14,Phan Xich Long,Phu Nhuan,Tea,129,5.805,False
2024-04-14,Phan Xich Long,Phu Nhuan,Smoothie,97,5.335,False
2024-04-14,Phan Xich Long,Phu Nhuan,Bakery,105,3.36,False
2024-04-15,Phan Xich Long,Phu Nhuan,Coffee,207,8.073,False
2024-04-15,Phan Xich Long,Phu Nhuan,Tea,114,5.13,False
2024-04-15,Phan Xich Long,Phu Nhuan,Smoothie,70,3.85,False
2024-04-15,Phan Xich Long,Phu Nhuan,Bakery,85,2.72,False
2024-04-16,Phan Xich Long,Phu Nhuan,Coffee,189,7.371,False
2024-04-16,Phan Xich Long,Phu Nhuan,Tea,117,5.265,False
2024-04-16,Phan Xich Long,Phu Nhuan,Smoothie,68,3.74,False
2024-04-16,Phan Xich Long,Phu Nhuan,Bakery,64,2.048,False
2024-04-17,Phan Xich Long,Phu Nhuan,Coffee,221,8.619,False
2024-04-17,Phan Xich Long,Phu Nhuan,Tea,110,4.95,False
2024-04-17,Phan Xich Long,Phu Nhuan,Smoothie,58,3.19,False
2024-04-17,Phan Xich Long,Phu Nhuan,Bakery,75,2.4,False
2024-04-18,Phan Xich Long,Phu Nhuan,Coffee,215,8.385,False
2024-04-18,Phan Xich Long,Phu Nhuan,Tea,103,4.635,False
2024-04-18,Phan Xich Long,Phu Nhuan,Smoothie,90,4.95,False
2024-04-18,Phan Xich Long,Phu Nhuan,Bakery,88,2.816,False
2024-04-19,Phan Xich Long,Phu Nhuan,Coffee,213,8.307,False
2024-04-19,Phan Xich Long,Phu Nhuan,Tea,120,5.4,False
2024-04-19,Phan Xich Long,Phu Nhuan,Smoothie,74,4.07,False
2024-04-19,Phan Xich Long,Phu Nhuan,Bakery,81,2.592,False
2024-04-20,Phan Xich Long,Phu Nhuan,Coffee,225,8.775,False
2024-04-20,Phan Xich Long,Phu Nhuan,Tea,132,5.94,False
2024-04-20,Phan Xich Long,Phu Nhuan,Smoothie,78,4.29,False
2024-04-20,Phan Xich Long,Phu Nhuan,Bakery,94,3.008,False
2024-04-21,Phan Xich Long,Phu Nhuan,Coffee,261,10.179,False
2024-04-21,Phan Xich Long,Phu Nhuan,Tea,153,6.885,False
2024-04-21,Phan Xich Long,Phu Nhuan,Smoothie,85,4.675,False
2024-04-21,Phan Xich Long,Phu Nhuan,Bakery,115,3.68,False
2024-04-22,Phan Xich Long,Phu Nhuan,Coffee,195,7.605,False
2024-04-22,Phan Xich Long,Phu Nhuan,Tea,113,5.085,False
2024-04-22,Phan Xich Long,Phu Nhuan,Smoothie,76,4.18,False
2024-04-22,Phan Xich Long,Phu Nhuan,Bakery,87,2.784,False
2024-04-23,Phan Xich Long,Phu Nhuan,Coffee,232,9.048,False
2024-04-23,Phan Xich Long,Phu Nhuan,Tea,117,5.265,False
2024-04-23,Phan Xich Long,Phu Nhuan,Smoothie,93,5.115,False
2024-04-23,Phan Xich Long,Phu Nhuan,Bakery,88,2.816,False
2024-04-24,Phan Xich Long,Phu Nhuan,Coffee,214,8.346,False
2024-04-24,Phan Xich Long,Phu Nhuan,Tea,121,5.445,False
2024-04-24,Phan Xich Long,Phu Nhuan,Smoothie,70,3.85,False
2024-04-24,Phan Xich Long,Phu Nhuan,Bakery,69,2.208,False
2024-04-25,Phan Xich Long,Phu Nhuan,Coffee,214,8.346,False
2024-04-25,Phan Xich Long,Phu Nhuan,Tea,133,5.985,False
2024-04-25,Phan Xich Long,Phu Nhuan,Smoothie,55,3.025,False
2024-04-25,Phan Xich Long,Phu Nhuan,Bakery,89,2.848,False
2024-04-26,Phan Xich Long,Phu Nhuan,Coffee,223,8.697,False
2024-04-26,Phan Xich Long,Phu Nhuan,Tea,136,6.12,False
2024-04-26,Phan Xich Long,Phu Nhuan,Smoothie,70,3.85,False
2024-04-26,Phan Xich Long,Phu Nhuan,Bakery,86,2.752,False
2024-04-27,Phan Xich Long,Phu Nhuan,Coffee,232,9.048,False
2024-04-27,Phan Xich Long,Phu Nhuan,Tea,174,7.83,False
2024-04-27,Phan Xich Long,Phu Nhuan,Smoothie,79,4.345,False
2024-04-27,Phan Xich Long,Phu Nhuan,Bakery,84,2.688,False
2024-04-28,Phan Xich Long,Phu Nhuan,Coffee,247,9.633,False
2024-04-28,Phan Xich Long,Phu Nhuan,Tea,139,6.255,False
2024-04-28,Phan Xich Long,Phu Nhuan,Smoothie,85,4.675,False
2024-04-28,Phan Xich Long,Phu Nhuan,Bakery,99,3.168,False
2024-04-29,Phan Xich Long,Phu Nhuan,Coffee,220,8.58,False
2024-04-29,Phan Xich Long,Phu Nhuan,Tea,124,5.58,False
2024-04-29,Phan Xich Long,Phu Nhuan,Smoothie,77,4.235,False
2024-04-29,Phan Xich Long,Phu Nhuan,Bakery,60,1.92,False
2024-04-30,Phan Xich Long,Phu Nhuan,Coffee,197,7.683,False
2024-04-30,Phan Xich Long,Phu Nhuan,Tea,142,6.39,False
2024-04-30,Phan Xich Long,Phu Nhuan,Smoothie,76,4.18,False
2024-04-30,Phan Xich Long,Phu Nhuan,Bakery,101,3.232,False
2024-05-01,Phan Xich Long,Phu Nhuan,Coffee,206,6.829,True
2024-05-01,Phan Xich Long,Phu Nhuan,Tea,129,4.934,True
2024-05-01,Phan Xich Long,Phu Nhuan,Smoothie,78,3.647,True
2024-05-01,Phan Xich Long,Phu Nhuan,Bakery,75,2.04,True
2024-05-02,Phan Xich Long,Phu Nhuan,Coffee,259,8.586,True
2024-05-02,Phan Xich Long,Phu Nhuan,Tea,142,5.431,True
2024-05-02,Phan Xich Long,Phu Nhuan,Smoothie,71,3.319,True
2024-05-02,Phan Xich Long,Phu Nhuan,Bakery,90,2.448,True
2024-05-03,Phan Xich Long,Phu Nhuan,Coffee,235,7.79,True
2024-05-03,Phan Xich Long,Phu Nhuan,Tea,122,4.667,True
2024-05-03,Phan Xich Long,Phu Nhuan,Smoothie,91,4.254,True
2024-05-03,Phan Xich Long,Phu Nhuan,Bakery,87,2.366,True
2024-05-04,Phan Xich Long,Phu Nhuan,Coffee,273,10.647,False
2024-05-04,Phan Xich Long,Phu Nhuan,Tea,124,5.58,False
2024-05-04,Phan Xich Long,Phu Nhuan,Smoothie,97,5.335,False
2024-05-04,Phan Xich Long,Phu Nhuan,Bakery,89,2.848,False
2024-05-05,Phan Xich Long,Phu Nhuan,Coffee,264,10.296,False
2024-05-05,Phan Xich Long,Phu Nhuan,Tea,153,6.885,False
2024-05-05,Phan Xich Long,Phu Nhuan,Smoothie,106,5.83,False
2024-05-05,Phan Xich Long,Phu Nhuan,Bakery,113,3.616,False
2024-05-06,Phan Xich Long,Phu Nhuan,Coffee,189,7.371,False
2024-05-06,Phan Xich Long,Phu Nhuan,Tea,124,5.58,False
2024-05-06,Phan Xich Long,Phu Nhuan,Smoothie,79,4.345,False
2024-05-06,Phan Xich Long,Phu Nhuan,Bakery,69,2.208,False
2024-05-07,Phan Xich Long,Phu Nhuan,Coffee,213,8.307,False
2024-05-07,Phan Xich Long,Phu Nhuan,Tea,122,5.49,False
2024-05-07,Phan Xich Long,Phu Nhuan,Smoothie,81,4.455,False
2024-05-07,Phan Xich Long,Phu Nhuan,Bakery,80,2.56,False
2024-05-08,Phan Xich Long,Phu Nhuan,Coffee,206,8.034,False
2024-05-08,Phan Xich Long,Phu Nhuan,Tea,122,5.49,False
2024-05-08,Phan Xich Long,Phu Nhuan,Smoothie,84,4.62,False
2024-05-08,Phan Xich Long,Phu Nhuan,Bakery,79,2.528,False
2024-05-09,Phan Xich Long,Phu Nhuan,Coffee,212,8.268,False
2024-05-09,Phan Xich Long,Phu Nhuan,Tea,90,4.05,False
2024-05-09,Phan Xich Long,Phu Nhuan,Smoothie,76,4.18,False
2024-05-09,Phan Xich Long,Phu Nhuan,Bakery,82,2.624,False
2024-05-10,Phan Xich Long,Phu Nhuan,Coffee,218,8.502,False
2024-05-10,Phan Xich Long,Phu Nhuan,Tea,115,5.175,False
2024-05-10,Phan Xich Long,Phu Nhuan,Smoothie,70,3.85,False
2024-05-10,Phan Xich Long,Phu Nhuan,Bakery,77,2.464,False
2024-05-11,Phan Xich Long,Phu Nhuan,Coffee,267,10.413,False
2024-05-11,Phan Xich Long,Phu Nhuan,Tea,163,7.335,False
2024-05-11,Phan Xich Long,Phu Nhuan,Smoothie,84,4.62,False
2024-05-11,Phan Xich Long,Phu Nhuan,Bakery,110,3.52,False
2024-05-12,Phan Xich Long,Phu Nhuan,Coffee,249,9.711,False
2024-05-12,Phan Xich Long,Phu Nhuan,Tea,154,6.93,False
2024-05-12,Phan Xich Long,Phu Nhuan,Smoothie,81,4.455,False
2024-05-12,Phan Xich Long,Phu Nhuan,Bakery,105,3.36,False
2024-05-13,Phan Xich Long,Phu Nhuan,Coffee,215,8.385,False
2024-05-13,Phan Xich Long,Phu Nhuan,Tea,114,5.13,False
2024-05-13,Phan Xich Long,Phu Nhuan,Smoothie,63,3.465,False
2024-05-13,Phan Xich Long,Phu Nhuan,Bakery,90,2.88,False
2024-05-14,Phan Xich Long,Phu Nhuan,Coffee,241,9.399,False
2024-05-14,Phan Xich Long,Phu Nhuan,Tea,113,5.085,False
2024-05-14,Phan Xich Long,Phu Nhuan,Smoothie,83,4.565,False
2024-05-14,Phan Xich Long,Phu Nhuan,Bakery,67,2.144,False
2024-05-15,Phan Xich Long,Phu Nhuan,Coffee,196,7.644,False
2024-05-15,Phan Xich Long,Phu Nhuan,Tea,129,5.805,False
2024-05-15,Phan Xich Long,Phu Nhuan,Smoothie,83,4.565,False
2024-05-15,Phan Xich Long,Phu Nhuan,Bakery,88,2.816,False
2024-05-16,Phan Xich Long,Phu Nhuan,Coffee,203,7.917,False
2024-05-16,Phan Xich Long,Phu Nhuan,Tea,117,5.265,False
2024-05-16,Phan Xich Long,Phu Nhuan,Smoothie,72,3.96,False
2024-05-16,Phan Xich Long,Phu Nhuan,Bakery,74,2.368,False
2024-05-17,Phan Xich Long,Phu Nhuan,Coffee,193,7.527,False
2024-05-17,Phan Xich Long,Phu Nhuan,Tea,90,4.05,False
2024-05-17,Phan Xich Long,Phu Nhuan,Smoothie,79,4.345,False
2024-05-17,Phan Xich Long,Phu Nhuan,Bakery,83,2.656,False
2024-05-18,Phan Xich Long,Phu Nhuan,Coffee,306,11.934,False
2024-05-18,Phan Xich Long,Phu Nhuan,Tea,143,6.435,False
2024-05-18,Phan Xich Long,Phu Nhuan,Smoothie,99,5.445,False
2024-05-18,Phan Xich Long,Phu Nhuan,Bakery,97,3.104,False
2024-05-19,Phan Xich Long,Phu Nhuan,Coffee,240,9.36,False
2024-05-19,Phan Xich Long,Phu Nhuan,Tea,161,7.245,False
2024-05-19,Phan Xich Long,Phu Nhuan,Smoothie,78,4.29,False
2024-05-19,Phan Xich Long,Phu Nhuan,Bakery,92,2.944,False
2024-05-20,Phan Xich Long,Phu Nhuan,Coffee,213,8.307,False
2024-05-20,Phan Xich Long,Phu Nhuan,Tea,117,5.265,False
2024-05-20,Phan Xich Long,Phu Nhuan,Smoothie,78,4.29,False
2024-05-20,Phan Xich Long,Phu Nhuan,Bakery,92,2.944,False
2024-05-21,Phan Xich Long,Phu Nhuan,Coffee,199,7.761,False
2024-05-21,Phan Xich Long,Phu Nhuan,Tea,123,5.535,False
2024-05-21,Phan Xich Long,Phu Nhuan,Smoothie,70,3.85,False
2024-05-21,Phan Xich Long,Phu Nhuan,Bakery,76,2.432,False
2024-05-22,Phan Xich Long,Phu Nhuan,Coffee,223,8.697,False
2024-05-22,Phan Xich Long,Phu Nhuan,Tea,109,4.905,False
2024-05-22,Phan Xich Long,Phu Nhuan,Smoothie,52,2.86,False
2024-05-22,Phan Xich Long,Phu Nhuan,Bakery,75,2.4,False
2024-05-23,Phan Xich Long,Phu Nhuan,Coffee,221,8.619,False
2024-05-23,Phan Xich Long,Phu Nhuan,Tea,126,5.67,False
2024-05-23,Phan Xich Long,Phu Nhuan,Smoothie,76,4.18,False
2024-05-23,Phan Xich Long,Phu Nhuan,Bakery,72,2.304,False
2024-05-24,Phan Xich Long,Phu Nhuan,Coffee,209,8.151,False
2024-05-24,Phan Xich Long,Phu Nhuan,Tea,97,4.365,False
2024-05-24,Phan Xich Long,Phu Nhuan,Smoothie,77,4.235,False
2024-05-24,Phan Xich Long,Phu Nhuan,Bakery,78,2.496,False
2024-05-25,Phan Xich Long,Phu Nhuan,Coffee,277,10.803,False
2024-05-25,Phan Xich Long,Phu Nhuan,Tea,155,6.975,False
2024-05-25,Phan Xich Long,Phu Nhuan,Smoothie,79,4.345,False
2024-05-25,Phan Xich Long,Phu Nhuan,Bakery,93,2.976,False
2024-05-26,Phan Xich Long,Phu Nhuan,Coffee,251,9.789,False
2024-05-26,Phan Xich Long,Phu Nhuan,Tea,144,6.48,False
2024-05-26,Phan Xich Long,Phu Nhuan,Smoothie,92,5.06,False
2024-05-26,Phan Xich Long,Phu Nhuan,Bakery,70,2.24,False
2024-05-27,Phan Xich Long,Phu Nhuan,Coffee,208,8.112,False
2024-05-27,Phan Xich Long,Phu Nhuan,Tea,123,5.535,False
2024-05-27,Phan Xich Long,Phu Nhuan,Smoothie,75,4.125,False
2024-05-27,Phan Xich Long,Phu Nhuan,Bakery,83,2.656,False
2024-05-28,Phan Xich Long,Phu Nhuan,Coffee,197,7.683,False
2024-05-28,Phan Xich Long,Phu Nhuan,Tea,104,4.68,False
2024-05-28,Phan Xich Long,Phu Nhuan,Smoothie,85,4.675,False
2024-05-28,Phan Xich Long,Phu Nhuan,Bakery,66,2.112,False
2024-05-29,Phan Xich Long,Phu Nhuan,Coffee,185,7.215,False
2024-05-29,Phan Xich Long,Phu Nhuan,Tea,124,5.58,False
2024-05-29,Phan Xich Long,Phu Nhuan,Smoothie,69,3.795,False
2024-05-29,Phan Xich Long,Phu Nhuan,Bakery,83,2.656,False
2024-05-30,Phan Xich Long,Phu Nhuan,Coffee,207,8.073,False
2024-05-30,Phan Xich Long,Phu Nhuan,Tea,115,5.175,False
2024-05-30,Phan Xich Long,Phu Nhuan,Smoothie,74,4.07,False
2024-05-30,Phan Xich Long,Phu Nhuan,Bakery,73,2.336,False
2024-05-31,Phan Xich Long,Phu Nhuan,Coffee,229,8.931,False
2024-05-31,Phan Xich Long,Phu Nhuan,Tea,121,5.445,False
2024-05-31,Phan Xich Long,Phu Nhuan,Smoothie,67,3.685,False
2024-05-31,Phan Xich Long,Phu Nhuan,Bakery,93,2.976,False
2024-06-01,Phan Xich Long,Phu Nhuan,Coffee,296,9.812,True
2024-06-01,Phan Xich Long,Phu Nhuan,Tea,173,6.617,True
2024-06-01,Phan Xich Long,Phu Nhuan,Smoothie,84,3.927,True
2024-06-01,Phan Xich Long,Phu Nhuan,Bakery,117,3.182,True
2024-06-02,Phan Xich Long,Phu Nhuan,Coffee,273,9.05,True
2024-06-02,Phan Xich Long,Phu Nhuan,Tea,159,6.082,True
2024-06-02,Phan Xich Long,Phu Nhuan,Smoothie,76,3.553,True
2024-06-02,Phan Xich Long,Phu Nhuan,Bakery,100,2.72,True
2024-06-03,Phan Xich Long,Phu Nhuan,Coffee,245,8.122,True
2024-06-03,Phan Xich Long,Phu Nhuan,Tea,154,5.891,True
2024-06-03,Phan Xich Long,Phu Nhuan,Smoothie,47,2.197,True
2024-06-03,Phan Xich Long,Phu Nhuan,Bakery,93,2.53,True
2024-06-04,Phan Xich Long,Phu Nhuan,Coffee,179,6.981,False
2024-06-04,Phan Xich Long,Phu Nhuan,Tea,99,4.455,False
2024-06-04,Phan Xich Long,Phu Nhuan,Smoothie,49,2.695,False
2024-06-04,Phan Xich Long,Phu Nhuan,Bakery,68,2.176,False
2024-06-05,Phan Xich Long,Phu Nhuan,Coffee,203,7.917,False
2024-06-05,Phan Xich Long,Phu Nhuan,Tea,131,5.895,False
2024-06-05,Phan Xich Long,Phu Nhuan,Smoothie,44,2.42,False
2024-06-05,Phan Xich Long,Phu Nhuan,Bakery,58,1.856,False
2024-06-06,Phan Xich Long,Phu Nhuan,Coffee,167,6.513,False
2024-06-06,Phan Xich Long,Phu Nhuan,Tea,129,5.805,False
2024-06-06,Phan Xich Long,Phu Nhuan,Smoothie,56,3.08,False
2024-06-06,Phan Xich Long,Phu Nhuan,Bakery,69,2.208,False
2024-06-07,Phan Xich Long,Phu Nhuan,Coffee,172,6.708,False
2024-06-07,Phan Xich Long,Phu Nhuan,Tea,99,4.455,False
2024-06-07,Phan Xich Long,Phu Nhuan,Smoothie,53,2.915,False
2024-06-07,Phan Xich Long,Phu Nhuan,Bakery,76,2.432,False
2024-06-08,Phan Xich Long,Phu Nhuan,Coffee,257,10.023,False
2024-06-08,Phan Xich Long,Phu Nhuan,Tea,162,7.29,False
2024-06-08,Phan Xich Long,Phu Nhuan,Smoothie,70,3.85,False
2024-06-08,Phan Xich Long,Phu Nhuan,Bakery,88,2.816,False
2024-06-09,Phan Xich Long,Phu Nhuan,Coffee,210,8.19,False
2024-06-09,Phan Xich Long,Phu Nhuan,Tea,143,6.435,False
2024-06-09,Phan Xich Long,Phu Nhuan,Smoothie,78,4.29,False
2024-06-09,Phan Xich Long,Phu Nhuan,Bakery,91,2.912,False
2024-06-10,Phan Xich Long,Phu Nhuan,Coffee,201,7.839,False
2024-06-10,Phan Xich Long,Phu Nhuan,Tea,111,4.995,False
2024-06-10,Phan Xich Long,Phu Nhuan,Smoothie,61,3.355,False
2024-06-10,Phan Xich Long,Phu Nhuan,Bakery,73,2.336,False
2024-06-11,Phan Xich Long,Phu Nhuan,Coffee,219,8.541,False
2024-06-11,Phan Xich Long,Phu Nhuan,Tea,136,6.12,False
2024-06-11,Phan Xich Long,Phu Nhuan,Smoothie,50,2.75,False
2024-06-11,Phan Xich Long,Phu Nhuan,Bakery,67,2.144,False
2024-06-12,Phan Xich Long,Phu Nhuan,Coffee,204,7.956,False
2024-06-12,Phan Xich Long,Phu Nhuan,Tea,138,6.21,False
2024-06-12,Phan Xich Long,Phu Nhuan,Smoothie,39,2.145,False
2024-06-12,Phan Xich Long,Phu Nhuan,Bakery,81,2.592,False
2024-06-13,Phan Xich Long,Phu Nhuan,Coffee,170,6.63,False
2024-06-13,Phan Xich Long,Phu Nhuan,Tea,118,5.31,False
2024-06-13,Phan Xich Long,Phu Nhuan,Smoothie,39,2.145,False
2024-06-13,Phan Xich Long,Phu Nhuan,Bakery,73,2.336,False
2024-06-14,Phan Xich Long,Phu Nhuan,Coffee,196,7.644,False
2024-06-14,Phan Xich Long,Phu Nhuan,Tea,117,5.265,False
2024-06-14,Phan Xich Long,Phu Nhuan,Smoothie,60,3.3,False
2024-06-14,Phan Xich Long,Phu Nhuan,Bakery,66,2.112,False
2024-06-15,Phan Xich Long,Phu Nhuan,Coffee,258,10.062,False
2024-06-15,Phan Xich Long,Phu Nhuan,Tea,145,6.525,False
2024-06-15,Phan Xich Long,Phu Nhuan,Smoothie,47,2.585,False
2024-06-15,Phan Xich Long,Phu Nhuan,Bakery,85,2.72,False
2024-06-16,Phan Xich Long,Phu Nhuan,Coffee,265,10.335,False
2024-06-16,Phan Xich Long,Phu Nhuan,Tea,143,6.435,False
2024-06-16,Phan Xich Long,Phu Nhuan,Smoothie,51,2.805,False
2024-06-16,Phan Xich Long,Phu Nhuan,Bakery,96,3.072,False
2024-06-17,Phan Xich Long,Phu Nhuan,Coffee,180,7.02,False
2024-06-17,Phan Xich Long,Phu Nhuan,Tea,127,5.715,False
2024-06-17,Phan Xich Long,Phu Nhuan,Smoothie,59,3.245,False
2024-06-17,Phan Xich Long,Phu Nhuan,Bakery,74,2.368,False
2024-06-18,Phan Xich Long,Phu Nhuan,Coffee,197,7.683,False
2024-06-18,Phan Xich Long,Phu Nhuan,Tea,107,4.815,False
2024-06-18,Phan Xich Long,Phu Nhuan,Smoothie,49,2.695,False
2024-06-18,Phan Xich Long,Phu Nhuan,Bakery,94,3.008,False
2024-06-19,Phan Xich Long,Phu Nhuan,Coffee,188,7.332,False
2024-06-19,Phan Xich Long,Phu Nhuan,Tea,122,5.49,False
2024-06-19,Phan Xich Long,Phu Nhuan,Smoothie,41,2.255,False
2024-06-19,Phan Xich Long,Phu Nhuan,Bakery,62,1.984,False
2024-06-20,Phan Xich Long,Phu Nhuan,Coffee,182,7.098,False
2024-06-20,Phan Xich Long,Phu Nhuan,Tea,91,4.095,False
2024-06-20,Phan Xich Long,Phu Nhuan,Smoothie,45,2.475,False
2024-06-20,Phan Xich Long,Phu Nhuan,Bakery,75,2.4,False
2024-06-21,Phan Xich Long,Phu Nhuan,Coffee,200,7.8,False
2024-06-21,Phan Xich Long,Phu Nhuan,Tea,120,5.4,False
2024-06-21,Phan Xich Long,Phu Nhuan,Smoothie,44,2.42,False
2024-06-21,Phan Xich Long,Phu Nhuan,Bakery,68,2.176,False
2024-06-22,Phan Xich Long,Phu Nhuan,Coffee,245,9.555,False
2024-06-22,Phan Xich Long,Phu Nhuan,Tea,162,7.29,False
2024-06-22,Phan Xich Long,Phu Nhuan,Smoothie,70,3.85,False
2024-06-22,Phan Xich Long,Phu Nhuan,Bakery,95,3.04,False
2024-06-23,Phan Xich Long,Phu Nhuan,Coffee,231,9.009,False
2024-06-23,Phan Xich Long,Phu Nhuan,Tea,156,7.02,False
2024-06-23,Phan Xich Long,Phu Nhuan,Smoothie,59,3.245,False
2024-06-23,Phan Xich Long,Phu Nhuan,Bakery,104,3.328,False
2024-06-24,Phan Xich Long,Phu Nhuan,Coffee,188,7.332,False
2024-06-24,Phan Xich Long,Phu Nhuan,Tea,136,6.12,False
2024-06-24,Phan Xich Long,Phu Nhuan,Smoothie,48,2.64,False
2024-06-24,Phan Xich Long,Phu Nhuan,Bakery,65,2.08,False
2024-06-25,Phan Xich Long,Phu Nhuan,Coffee,177,6.903,False
2024-06-25,Phan Xich Long,Phu Nhuan,Tea,134,6.03,False
2024-06-25,Phan Xich Long,Phu Nhuan,Smoothie,57,3.135,False
2024-06-25,Phan Xich Long,Phu Nhuan,Bakery,58,1.856,False
2024-06-26,Phan Xich Long,Phu Nhuan,Coffee,177,6.903,False
2024-06-26,Phan Xich Long,Phu Nhuan,Tea,139,6.255,False
2024-06-26,Phan Xich Long,Phu Nhuan,Smoothie,56,3.08,False
2024-06-26,Phan Xich Long,Phu Nhuan,Bakery,79,2.528,False
2024-06-27,Phan Xich Long,Phu Nhuan,Coffee,167,6.513,False
2024-06-27,Phan Xich Long,Phu Nhuan,Tea,129,5.805,False
2024-06-27,Phan Xich Long,Phu Nhuan,Smoothie,66,3.63,False
2024-06-27,Phan Xich Long,Phu Nhuan,Bakery,68,2.176,False
2024-06-28,Phan Xich Long,Phu Nhuan,Coffee,208,8.112,False
2024-06-28,Phan Xich Long,Phu Nhuan,Tea,147,6.615,False
2024-06-28,Phan Xich Long,Phu Nhuan,Smoothie,49,2.695,False
2024-06-28,Phan Xich Long,Phu Nhuan,Bakery,71,2.272,False
2024-06-29,Phan Xich Long,Phu Nhuan,Coffee,215,8.385,False
2024-06-29,Phan Xich Long,Phu Nhuan,Tea,154,6.93,False
2024-06-29,Phan Xich Long,Phu Nhuan,Smoothie,53,2.915,False
2024-06-29,Phan Xich Long,Phu Nhuan,Bakery,88,2.816,False
2024-06-30,Phan Xich Long,Phu Nhuan,Coffee,229,8.931,False
2024-06-30,Phan Xich Long,Phu Nhuan,Tea,170,7.65,False
2024-06-30,Phan Xich Long,Phu Nhuan,Smoothie,55,3.025,False
2024-06-30,Phan Xich Long,Phu Nhuan,Bakery,122,3.904,False
2024-07-01,Phan Xich Long,Phu Nhuan,Coffee,241,7.989,True
2024-07-01,Phan Xich Long,Phu Nhuan,Tea,129,4.934,True
2024-07-01,Phan Xich Long,Phu Nhuan,Smoothie,67,3.132,True
2024-07-01,Phan Xich Long,Phu Nhuan,Bakery,77,2.094,True
2024-07-02,Phan Xich Long,Phu Nhuan,Coffee,233,7.724,True
2024-07-02,Phan Xich Long,Phu Nhuan,Tea,158,6.043,True
2024-07-02,Phan Xich Long,Phu Nhuan,Smoothie,72,3.366,True
2024-07-02,Phan Xich Long,Phu Nhuan,Bakery,86,2.339,True
2024-07-03,Phan Xich Long,Phu Nhuan,Coffee,227,7.525,True
2024-07-03,Phan Xich Long,Phu Nhuan,Tea,157,6.005,True
2024-07-03,Phan Xich Long,Phu Nhuan,Smoothie,61,2.852,True
2024-07-03,Phan Xich Long,Phu Nhuan,Bakery,84,2.285,True
2024-07-04,Phan Xich Long,Phu Nhuan,Coffee,191,7.449,False
2024-07-04,Phan Xich Long,Phu Nhuan,Tea,121,5.445,False
2024-07-04,Phan Xich Long,Phu Nhuan,Smoothie,50,2.75,False
2024-07-04,Phan Xich Long,Phu Nhuan,Bakery,55,1.76,False
2024-07-05,Phan Xich Long,Phu Nhuan,Coffee,213,8.307,False
2024-07-05,Phan Xich Long,Phu Nhuan,Tea,105,4.725,False
2024-07-05,Phan Xich Long,Phu Nhuan,Smoothie,52,2.86,False
2024-07-05,Phan Xich Long,Phu Nhuan,Bakery,60,1.92,False
2024-07-06,Phan Xich Long,Phu Nhuan,Coffee,242,9.438,False
2024-07-06,Phan Xich Long,Phu Nhuan,Tea,138,6.21,False
2024-07-06,Phan Xich Long,Phu Nhuan,Smoothie,66,3.63,False
2024-07-06,Phan Xich Long,Phu Nhuan,Bakery,102,3.264,False
2024-07-07,Phan Xich Long,Phu Nhuan,Coffee,245,9.555,False
2024-07-07,Phan Xich Long,Phu Nhuan,Tea,157,7.065,False
2024-07-07,Phan Xich Long,Phu Nhuan,Smoothie,62,3.41,False
2024-07-07,Phan Xich Long,Phu Nhuan,Bakery,91,2.912,False
2024-07-08,Phan Xich Long,Phu Nhuan,Coffee,187,7.293,False
2024-07-08,Phan Xich Long,Phu Nhuan,Tea,115,5.175,False
2024-07-08,Phan Xich Long,Phu Nhuan,Smoothie,38,2.09,False
2024-07-08,Phan Xich Long,Phu Nhuan,Bakery,62,1.984,False
2024-07-09,Phan Xich Long,Phu Nhuan,Coffee,176,6.864,False
2024-07-09,Phan Xich Long,Phu Nhuan,Tea,128,5.76,False
2024-07-09,Phan Xich Long,Phu Nhuan,Smoothie,41,2.255,False
2024-07-09,Phan Xich Long,Phu Nhuan,Bakery,53,1.696,False
2024-07-10,Phan Xich Long,Phu Nhuan,Coffee,190,7.41,False
2024-07-10,Phan Xich Long,Phu Nhuan,Tea,119,5.355,False
2024-07-10,Phan Xich Long,Phu Nhuan,Smoothie,62,3.41,False
2024-07-10,Phan Xich Long,Phu Nhuan,Bakery,81,2.592,False
2024-07-11,Phan Xich Long,Phu Nhuan,Coffee,199,7.761,False
2024-07-11,Phan Xich Long,Phu Nhuan,Tea,121,5.445,False
2024-07-11,Phan Xich Long,Phu Nhuan,Smoothie,49,2.695,False
2024-07-11,Phan Xich Long,Phu Nhuan,Bakery,77,2.464,False
2024-07-12,Phan Xich Long,Phu Nhuan,Coffee,185,7.215,False
2024-07-12,Phan Xich Long,Phu Nhuan,Tea,116,5.22,False
2024-07-12,Phan Xich Long,Phu Nhuan,Smoothie,50,2.75,False
2024-07-12,Phan Xich Long,Phu Nhuan,Bakery,85,2.72,False
2024-07-13,Phan Xich Long,Phu Nhuan,Coffee,235,9.165,False
2024-07-13,Phan Xich Long,Phu Nhuan,Tea,156,7.02,False
2024-07-13,Phan Xich Long,Phu Nhuan,Smoothie,63,3.465,False
2024-07-13,Phan Xich Long,Phu Nhuan,Bakery,87,2.784,False
2024-07-14,Phan Xich Long,Phu Nhuan,Coffee,234,9.126,False
2024-07-14,Phan Xich Long,Phu Nhuan,Tea,144,6.48,False
2024-07-14,Phan Xich Long,Phu Nhuan,Smoothie,54,2.97,False
2024-07-14,Phan Xich Long,Phu Nhuan,Bakery,81,2.592,False
2024-07-15,Phan Xich Long,Phu Nhuan,Coffee,198,7.722,False
2024-07-15,Phan Xich Long,Phu Nhuan,Tea,132,5.94,False
2024-07-15,Phan Xich Long,Phu Nhuan,Smoothie,57,3.135,False
2024-07-15,Phan Xich Long,Phu Nhuan,Bakery,74,2.368,False
2024-07-16,Phan Xich Long,Phu Nhuan,Coffee,180,7.02,False
2024-07-16,Phan Xich Long,Phu Nhuan,Tea,144,6.48,False
2024-07-16,Phan Xich Long,Phu Nhuan,Smoothie,50,2.75,False
2024-07-16,Phan Xich Long,Phu Nhuan,Bakery,81,2.592,False
2024-07-17,Phan Xich Long,Phu Nhuan,Coffee,172,6.708,False
2024-07-17,Phan Xich Long,Phu Nhuan,Tea,116,5.22,False
2024-07-17,Phan Xich Long,Phu Nhuan,Smoothie,49,2.695,False
2024-07-17,Phan Xich Long,Phu Nhuan,Bakery,89,2.848,False
2024-07-18,Phan Xich Long,Phu Nhuan,Coffee,186,7.254,False
2024-07-18,Phan Xich Long,Phu Nhuan,Tea,128,5.76,False
2024-07-18,Phan Xich Long,Phu Nhuan,Smoothie,50,2.75,False
2024-07-18,Phan Xich Long,Phu Nhuan,Bakery,88,2.816,False
2024-07-19,Phan Xich Long,Phu Nhuan,Coffee,198,7.722,False
2024-07-19,Phan Xich Long,Phu Nhuan,Tea,125,5.625,False
2024-07-19,Phan Xich Long,Phu Nhuan,Smoothie,50,2.75,False
2024-07-19,Phan Xich Long,Phu Nhuan,Bakery,58,1.856,False
2024-07-20,Phan Xich Long,Phu Nhuan,Coffee,282,10.998,False
2024-07-20,Phan Xich Long,Phu Nhuan,Tea,157,7.065,False
2024-07-20,Phan Xich Long,Phu Nhuan,Smoothie,78,4.29,False
2024-07-20,Phan Xich Long,Phu Nhuan,Bakery,86,2.752,False
2024-07-21,Phan Xich Long,Phu Nhuan,Coffee,250,9.75,False
2024-07-21,Phan Xich Long,Phu Nhuan,Tea,148,6.66,False
2024-07-21,Phan Xich Long,Phu Nhuan,Smoothie,77,4.235,False
2024-07-21,Phan Xich Long,Phu Nhuan,Bakery,93,2.976,False
2024-07-22,Phan Xich Long,Phu Nhuan,Coffee,200,7.8,False
2024-07-22,Phan Xich Long,Phu Nhuan,Tea,127,5.715,False
2024-07-22,Phan Xich Long,Phu Nhuan,Smoothie,64,3.52,False
2024-07-22,Phan Xich Long,Phu Nhuan,Bakery,85,2.72,False
2024-07-23,Phan Xich Long,Phu Nhuan,Coffee,193,7.527,False
2024-07-23,Phan Xich Long,Phu Nhuan,Tea,131,5.895,False
2024-07-23,Phan Xich Long,Phu Nhuan,Smoothie,48,2.64,False
2024-07-23,Phan Xich Long,Phu Nhuan,Bakery,68,2.176,False
2024-07-24,Phan Xich Long,Phu Nhuan,Coffee,182,7.098,False
2024-07-24,Phan Xich Long,Phu Nhuan,Tea,123,5.535,False
2024-07-24,Phan Xich Long,Phu Nhuan,Smoothie,48,2.64,False
2024-07-24,Phan Xich Long,Phu Nhuan,Bakery,82,2.624,False
2024-07-25,Phan Xich Long,Phu Nhuan,Coffee,209,8.151,False
2024-07-25,Phan Xich Long,Phu Nhuan,Tea,114,5.13,False
2024-07-25,Phan Xich Long,Phu Nhuan,Smoothie,54,2.97,False
2024-07-25,Phan Xich Long,Phu Nhuan,Bakery,81,2.592,False
2024-07-26,Phan Xich Long,Phu Nhuan,Coffee,179,6.981,False
2024-07-26,Phan Xich Long,Phu Nhuan,Tea,109,4.905,False
2024-07-26,Phan Xich Long,Phu Nhuan,Smoothie,54,2.97,False
2024-07-26,Phan Xich Long,Phu Nhuan,Bakery,77,2.464,False
2024-07-27,Phan Xich Long,Phu Nhuan,Coffee,266,10.374,False
2024-07-27,Phan Xich Long,Phu Nhuan,Tea,143,6.435,False
2024-07-27,Phan Xich Long,Phu Nhuan,Smoothie,51,2.805,False
2024-07-27,Phan Xich Long,Phu Nhuan,Bakery,85,2.72,False
2024-07-28,Phan Xich Long,Phu Nhuan,Coffee,260,10.14,False
2024-07-28,Phan Xich Long,Phu Nhuan,Tea,132,5.94,False
2024-07-28,Phan Xich Long,Phu Nhuan,Smoothie,49,2.695,False
2024-07-28,Phan Xich Long,Phu Nhuan,Bakery,100,3.2,False
2024-07-29,Phan Xich Long,Phu Nhuan,Coffee,196,7.644,False
2024-07-29,Phan Xich Long,Phu Nhuan,Tea,117,5.265,False
2024-07-29,Phan Xich Long,Phu Nhuan,Smoothie,54,2.97,False
2024-07-29,Phan Xich Long,Phu Nhuan,Bakery,77,2.464,False
2024-07-30,Phan Xich Long,Phu Nhuan,Coffee,184,7.176,False
2024-07-30,Phan Xich Long,Phu Nhuan,Tea,128,5.76,False
2024-07-30,Phan Xich Long,Phu Nhuan,Smoothie,60,3.3,False
2024-07-30,Phan Xich Long,Phu Nhuan,Bakery,59,1.888,False
2024-07-31,Phan Xich Long,Phu Nhuan,Coffee,203,7.917,False
2024-07-31,Phan Xich Long,Phu Nhuan,Tea,122,5.49,False
2024-07-31,Phan Xich Long,Phu Nhuan,Smoothie,63,3.465,False
2024-07-31,Phan Xich Long,Phu Nhuan,Bakery,53,1.696,False
2024-08-01,Phan Xich Long,Phu Nhuan,Coffee,237,7.857,True
2024-08-01,Phan Xich Long,Phu Nhuan,Tea,131,5.011,True
2024-08-01,Phan Xich Long,Phu Nhuan,Smoothie,63,2.945,True
2024-08-01,Phan Xich Long,Phu Nhuan,Bakery,87,2.366,True
2024-08-02,Phan Xich Long,Phu Nhuan,Coffee,239,7.923,True
2024-08-02,Phan Xich Long,Phu Nhuan,Tea,143,5.47,True
2024-08-02,Phan Xich Long,Phu Nhuan,Smoothie,66,3.086,True
2024-08-02,Phan Xich Long,Phu Nhuan,Bakery,83,2.258,True
2024-08-03,Phan Xich Long,Phu Nhuan,Coffee,280,9.282,True
2024-08-03,Phan Xich Long,Phu Nhuan,Tea,165,6.311,True
2024-08-03,Phan Xich Long,Phu Nhuan,Smoothie,59,2.758,True
2024-08-03,Phan Xich Long,Phu Nhuan,Bakery,119,3.237,True
2024-08-04,Phan Xich Long,Phu Nhuan,Coffee,240,9.36,False
2024-08-04,Phan Xich Long,Phu Nhuan,Tea,142,6.39,False
2024-08-04,Phan Xich Long,Phu Nhuan,Smoothie,60,3.3,False
2024-08-04,Phan Xich Long,Phu Nhuan,Bakery,97,3.104,False
2024-08-05,Phan Xich Long,Phu Nhuan,Coffee,178,6.942,False
2024-08-05,Phan Xich Long,Phu Nhuan,Tea,118,5.31,False
2024-08-05,Phan Xich Long,Phu Nhuan,Smoothie,54,2.97,False
2024-08-05,Phan Xich Long,Phu Nhuan,Bakery,78,2.496,False
2024-08-06,Phan Xich Long,Phu Nhuan,Coffee,158,6.162,False
2024-08-06,Phan Xich Long,Phu Nhuan,Tea,108,4.86,False
2024-08-06,Phan Xich Long,Phu Nhuan,Smoothie,46,2.53,False
2024-08-06,Phan Xich Long,Phu Nhuan,Bakery,62,1.984,False
2024-08-07,Phan Xich Long,Phu Nhuan,Coffee,176,6.864,False
2024-08-07,Phan Xich Long,Phu Nhuan,Tea,112,5.04,False
2024-08-07,Phan Xich Long,Phu Nhuan,Smoothie,46,2.53,False
2024-08-07,Phan Xich Long,Phu Nhuan,Bakery,74,2.368,False
2024-08-08,Phan Xich Long,Phu Nhuan,Coffee,197,7.683,False
2024-08-08,Phan Xich Long,Phu Nhuan,Tea,129,5.805,False
2024-08-08,Phan Xich Long,Phu Nhuan,Smoothie,49,2.695,False
2024-08-08,Phan Xich Long,Phu Nhuan,Bakery,82,2.624,False
2024-08-09,Phan Xich Long,Phu Nhuan,Coffee,201,7.839,False
2024-08-09,Phan Xich Long,Phu Nhuan,Tea,122,5.49,False
2024-08-09,Phan Xich Long,Phu Nhuan,Smoothie,47,2.585,False
2024-08-09,Phan Xich Long,Phu Nhuan,Bakery,76,2.432,False
2024-08-10,Phan Xich Long,Phu Nhuan,Coffee,243,9.477,False
2024-08-10,Phan Xich Long,Phu Nhuan,Tea,152,6.84,False
2024-08-10,Phan Xich Long,Phu Nhuan,Smoothie,65,3.575,False
2024-08-10,Phan Xich Long,Phu Nhuan,Bakery,94,3.008,False
2024-08-11,Phan Xich Long,Phu Nhuan,Coffee,219,8.541,False
2024-08-11,Phan Xich Long,Phu Nhuan,Tea,143,6.435,False
2024-08-11,Phan Xich Long,Phu Nhuan,Smoothie,56,3.08,False
2024-08-11,Phan Xich Long,Phu Nhuan,Bakery,92,2.944,False
2024-08-12,Phan Xich Long,Phu Nhuan,Coffee,190,7.41,False
2024-08-12,Phan Xich Long,Phu Nhuan,Tea,135,6.075,False
2024-08-12,Phan Xich Long,Phu Nhuan,Smoothie,43,2.365,False
2024-08-12,Phan Xich Long,Phu Nhuan,Bakery,77,2.464,False
2024-08-13,Phan Xich Long,Phu Nhuan,Coffee,198,7.722,False
2024-08-13,Phan Xich Long,Phu Nhuan,Tea,127,5.715,False
2024-08-13,Phan Xich Long,Phu Nhuan,Smoothie,49,2.695,False
2024-08-13,Phan Xich Long,Phu Nhuan,Bakery,73,2.336,False
2024-08-14,Phan Xich Long,Phu Nhuan,Coffee,193,7.527,False
2024-08-14,Phan Xich Long,Phu Nhuan,Tea,125,5.625,False
2024-08-14,Phan Xich Long,Phu Nhuan,Smoothie,57,3.135,False
2024-08-14,Phan Xich Long,Phu Nhuan,Bakery,93,2.976,False
2024-08-15,Phan Xich Long,Phu Nhuan,Coffee,214,8.346,False
2024-08-15,Phan Xich Long,Phu Nhuan,Tea,123,5.535,False
2024-08-15,Phan Xich Long,Phu Nhuan,Smoothie,39,2.145,False
2024-08-15,Phan Xich Long,Phu Nhuan,Bakery,95,3.04,False
2024-08-16,Phan Xich Long,Phu Nhuan,Coffee,185,7.215,False
2024-08-16,Phan Xich Long,Phu Nhuan,Tea,104,4.68,False
2024-08-16,Phan Xich Long,Phu Nhuan,Smoothie,47,2.585,False
2024-08-16,Phan Xich Long,Phu Nhuan,Bakery,75,2.4,False
2024-08-17,Phan Xich Long,Phu Nhuan,Coffee,245,9.555,False
2024-08-17,Phan Xich Long,Phu Nhuan,Tea,162,7.29,False
2024-08-17,Phan Xich Long,Phu Nhuan,Smoothie,65,3.575,False
2024-08-17,Phan Xich Long,Phu Nhuan,Bakery,87,2.784,False
2024-08-18,Phan Xich Long,Phu Nhuan,Coffee,278,10.842,False
2024-08-18,Phan Xich Long,Phu Nhuan,Tea,153,6.885,False
2024-08-18,Phan Xich Long,Phu Nhuan,Smoothie,50,2.75,False
2024-08-18,Phan Xich Long,Phu Nhuan,Bakery,92,2.944,False
2024-08-19,Phan Xich Long,Phu Nhuan,Coffee,213,8.307,False
2024-08-19,Phan Xich Long,Phu Nhuan,Tea,118,5.31,False
2024-08-19,Phan Xich Long,Phu Nhuan,Smoothie,56,3.08,False
2024-08-19,Phan Xich Long,Phu Nhuan,Bakery,74,2.368,False
2024-08-20,Phan Xich Long,Phu Nhuan,Coffee,182,7.098,False
2024-08-20,Phan Xich Long,Phu Nhuan,Tea,109,4.905,False
2024-08-20,Phan Xich Long,Phu Nhuan,Smoothie,47,2.585,False
2024-08-20,Phan Xich Long,Phu Nhuan,Bakery,88,2.816,False
2024-08-21,Phan Xich Long,Phu Nhuan,Coffee,210,8.19,False
2024-08-21,Phan Xich Long,Phu Nhuan,Tea,118,5.31,False
2024-08-21,Phan Xich Long,Phu Nhuan,Smoothie,56,3.08,False
2024-08-21,Phan Xich Long,Phu Nhuan,Bakery,81,2.592,False
2024-08-22,Phan Xich Long,Phu Nhuan,Coffee,186,7.254,False
2024-08-22,Phan Xich Long,Phu Nhuan,Tea,124,5.58,False
2024-08-22,Phan Xich Long,Phu Nhuan,Smoothie,52,2.86,False
2024-08-22,Phan Xich Long,Phu Nhuan,Bakery,85,2.72,False
2024-08-23,Phan Xich Long,Phu Nhuan,Coffee,215,8.385,False
2024-08-23,Phan Xich Long,Phu Nhuan,Tea,121,5.445,False
2024-08-23,Phan Xich Long,Phu Nhuan,Smoothie,46,2.53,False
2024-08-23,Phan Xich Long,Phu Nhuan,Bakery,63,2.016,False
2024-08-24,Phan Xich Long,Phu Nhuan,Coffee,245,9.555,False
2024-08-24,Phan Xich Long,Phu Nhuan,Tea,163,7.335,False
2024-08-24,Phan Xich Long,Phu Nhuan,Smoothie,70,3.85,False
2024-08-24,Phan Xich Long,Phu Nhuan,Bakery,97,3.104,False
2024-08-25,Phan Xich Long,Phu Nhuan,Coffee,249,9.711,False
2024-08-25,Phan Xich Long,Phu Nhuan,Tea,141,6.345,False
2024-08-25,Phan Xich Long,Phu Nhuan,Smoothie,64,3.52,False
2024-08-25,Phan Xich Long,Phu Nhuan,Bakery,106,3.392,False
2024-08-26,Phan Xich Long,Phu Nhuan,Coffee,207,8.073,False
2024-08-26,Phan Xich Long,Phu Nhuan,Tea,121,5.445,False
2024-08-26,Phan Xich Long,Phu Nhuan,Smoothie,42,2.31,False
2024-08-26,Phan Xich Long,Phu Nhuan,Bakery,75,2.4,False
2024-08-27,Phan Xich Long,Phu Nhuan,Coffee,209,8.151,False
2024-08-27,Phan Xich Long,Phu Nhuan,Tea,99,4.455,False
2024-08-27,Phan Xich Long,Phu Nhuan,Smoothie,59,3.245,False
2024-08-27,Phan Xich Long,Phu Nhuan,Bakery,80,2.56,False
2024-08-28,Phan Xich Long,Phu Nhuan,Coffee,221,8.619,False
2024-08-28,Phan Xich Long,Phu Nhuan,Tea,122,5.49,False
2024-08-28,Phan Xich Long,Phu Nhuan,Smoothie,47,2.585,False
2024-08-28,Phan Xich Long,Phu Nhuan,Bakery,66,2.112,False
2024-08-29,Phan Xich Long,Phu Nhuan,Coffee,215,8.385,False
2024-08-29,Phan Xich Long,Phu Nhuan,Tea,136,6.12,False
2024-08-29,Phan Xich Long,Phu Nhuan,Smoothie,38,2.09,False
2024-08-29,Phan Xich Long,Phu Nhuan,Bakery,70,2.24,False
2024-08-30,Phan Xich Long,Phu Nhuan,Coffee,206,8.034,False
2024-08-30,Phan Xich Long,Phu Nhuan,Tea,120,5.4,False
2024-08-30,Phan Xich Long,Phu Nhuan,Smoothie,46,2.53,False
2024-08-30,Phan Xich Long,Phu Nhuan,Bakery,78,2.496,False
2024-08-31,Phan Xich Long,Phu Nhuan,Coffee,246,9.594,False
2024-08-31,Phan Xich Long,Phu Nhuan,Tea,155,6.975,False
2024-08-31,Phan Xich Long,Phu Nhuan,Smoothie,64,3.52,False
2024-08-31,Phan Xich Long,Phu Nhuan,Bakery,115,3.68,False
2024-09-01,Phan Xich Long,Phu Nhuan,Coffee,313,10.376,True
2024-09-01,Phan Xich Long,Phu Nhuan,Tea,161,6.158,True
2024-09-01,Phan Xich Long,Phu Nhuan,Smoothie,66,3.086,True
2024-09-01,Phan Xich Long,Phu Nhuan,Bakery,117,3.182,True
2024-09-02,Phan Xich Long,Phu Nhuan,Coffee,230,7.625,True
2024-09-02,Phan Xich Long,Phu Nhuan,Tea,125,4.781,True
2024-09-02,Phan Xich Long,Phu Nhuan,Smoothie,56,2.618,True
2024-09-02,Phan Xich Long,Phu Nhuan,Bakery,89,2.421,True
2024-09-03,Phan Xich Long,Phu Nhuan,Coffee,229,7.591,True
2024-09-03,Phan Xich Long,Phu Nhuan,Tea,135,5.164,True
2024-09-03,Phan Xich Long,Phu Nhuan,Smoothie,60,2.805,True
2024-09-03,Phan Xich Long,Phu Nhuan,Bakery,95,2.584,True
2024-09-04,Phan Xich Long,Phu Nhuan,Coffee,193,7.527,False
2024-09-04,Phan Xich Long,Phu Nhuan,Tea,135,6.075,False
2024-09-04,Phan Xich Long,Phu Nhuan,Smoothie,46,2.53,False
2024-09-04,Phan Xich Long,Phu Nhuan,Bakery,81,2.592,False
2024-09-05,Phan Xich Long,Phu Nhuan,Coffee,193,7.527,False
2024-09-05,Phan Xich Long,Phu Nhuan,Tea,141,6.345,False
2024-09-05,Phan Xich Long,Phu Nhuan,Smoothie,57,3.135,False
2024-09-05,Phan Xich Long,Phu Nhuan,Bakery,60,1.92,False
2024-09-06,Phan Xich Long,Phu Nhuan,Coffee,200,7.8,False
2024-09-06,Phan Xich Long,Phu Nhuan,Tea,123,5.535,False
2024-09-06,Phan Xich Long,Phu Nhuan,Smoothie,59,3.245,False
2024-09-06,Phan Xich Long,Phu Nhuan,Bakery,75,2.4,False
2024-09-07,Phan Xich Long,Phu Nhuan,Coffee,233,9.087,False
2024-09-07,Phan Xich Long,Phu Nhuan,Tea,142,6.39,False
2024-09-07,Phan Xich Long,Phu Nhuan,Smoothie,62,3.41,False
2024-09-07,Phan Xich Long,Phu Nhuan,Bakery,81,2.592,False
2024-09-08,Phan Xich Long,Phu Nhuan,Coffee,232,9.048,False
2024-09-08,Phan Xich Long,Phu Nhuan,Tea,163,7.335,False
2024-09-08,Phan Xich Long,Phu Nhuan,Smoothie,61,3.355,False
2024-09-08,Phan Xich Long,Phu Nhuan,Bakery,81,2.592,False
2024-09-09,Phan Xich Long,Phu Nhuan,Coffee,199,7.761,False
2024-09-09,Phan Xich Long,Phu Nhuan,Tea,133,5.985,False
2024-09-09,Phan Xich Long,Phu Nhuan,Smoothie,51,2.805,False
2024-09-09,Phan Xich Long,Phu Nhuan,Bakery,74,2.368,False
2024-09-10,Phan Xich Long,Phu Nhuan,Coffee,219,8.541,False
2024-09-10,Phan Xich Long,Phu Nhuan,Tea,117,5.265,False
2024-09-10,Phan Xich Long,Phu Nhuan,Smoothie,44,2.42,False
2024-09-10,Phan Xich Long,Phu Nhuan,Bakery,68,2.176,False
2024-09-11,Phan Xich Long,Phu Nhuan,Coffee,200,7.8,False
2024-09-11,Phan Xich Long,Phu Nhuan,Tea,107,4.815,False
2024-09-11,Phan Xich Long,Phu Nhuan,Smoothie,57,3.135,False
2024-09-11,Phan Xich Long,Phu Nhuan,Bakery,91,2.912,False
2024-09-12,Phan Xich Long,Phu Nhuan,Coffee,183,7.137,False
2024-09-12,Phan Xich Long,Phu Nhuan,Tea,130,5.85,False
2024-09-12,Phan Xich Long,Phu Nhuan,Smoothie,54,2.97,False
2024-09-12,Phan Xich Long,Phu Nhuan,Bakery,68,2.176,False
2024-09-13,Phan Xich Long,Phu Nhuan,Coffee,201,7.839,False
2024-09-13,Phan Xich Long,Phu Nhuan,Tea,114,5.13,False
2024-09-13,Phan Xich Long,Phu Nhuan,Smoothie,56,3.08,False
2024-09-13,Phan Xich Long,Phu Nhuan,Bakery,58,1.856,False
2024-09-14,Phan Xich Long,Phu Nhuan,Coffee,261,10.179,False
2024-09-14,Phan Xich Long,Phu Nhuan,Tea,154,6.93,False
2024-09-14,Phan Xich Long,Phu Nhuan,Smoothie,52,2.86,False
2024-09-14,Phan Xich Long,Phu Nhuan,Bakery,88,2.816,False
2024-09-15,Phan Xich Long,Phu Nhuan,Coffee,244,9.516,False
2024-09-15,Phan Xich Long,Phu Nhuan,Tea,149,6.705,False
2024-09-15,Phan Xich Long,Phu Nhuan,Smoothie,61,3.355,False
2024-09-15,Phan Xich Long,Phu Nhuan,Bakery,75,2.4,False
2024-09-16,Phan Xich Long,Phu Nhuan,Coffee,182,7.098,False
2024-09-16,Phan Xich Long,Phu Nhuan,Tea,125,5.625,False
2024-09-16,Phan Xich Long,Phu Nhuan,Smoothie,45,2.475,False
2024-09-16,Phan Xich Long,Phu Nhuan,Bakery,67,2.144,False
2024-09-17,Phan Xich Long,Phu Nhuan,Coffee,212,8.268,False
2024-09-17,Phan Xich Long,Phu Nhuan,Tea,125,5.625,False
2024-09-17,Phan Xich Long,Phu Nhuan,Smoothie,43,2.365,False
2024-09-17,Phan Xich Long,Phu Nhuan,Bakery,75,2.4,False
2024-09-18,Phan Xich Long,Phu Nhuan,Coffee,174,6.786,False
2024-09-18,Phan Xich Long,Phu Nhuan,Tea,123,5.535,False
2024-09-18,Phan Xich Long,Phu Nhuan,Smoothie,57,3.135,False
2024-09-18,Phan Xich Long,Phu Nhuan,Bakery,92,2.944,False
2024-09-19,Phan Xich Long,Phu Nhuan,Coffee,189,7.371,False
2024-09-19,Phan Xich Long,Phu Nhuan,Tea,136,6.12,False
2024-09-19,Phan Xich Long,Phu Nhuan,Smoothie,48,2.64,False
2024-09-19,Phan Xich Long,Phu Nhuan,Bakery,60,1.92,False
2024-09-20,Phan Xich Long,Phu Nhuan,Coffee,197,7.683,False
2024-09-20,Phan Xich Long,Phu Nhuan,Tea,125,5.625,False
2024-09-20,Phan Xich Long,Phu Nhuan,Smoothie,69,3.795,False
2024-09-20,Phan Xich Long,Phu Nhuan,Bakery,82,2.624,False
2024-09-21,Phan Xich Long,Phu Nhuan,Coffee,256,9.984,False
2024-09-21,Phan Xich Long,Phu Nhuan,Tea,145,6.525,False
2024-09-21,Phan Xich Long,Phu Nhuan,Smoothie,74,4.07,False
2024-09-21,Phan Xich Long,Phu Nhuan,Bakery,97,3.104,False
2024-09-22,Phan Xich Long,Phu Nhuan,Coffee,241,9.399,False
2024-09-22,Phan Xich Long,Phu Nhuan,Tea,162,7.29,False
2024-09-22,Phan Xich Long,Phu Nhuan,Smoothie,49,2.695,False
2024-09-22,Phan Xich Long,Phu Nhuan,Bakery,96,3.072,False
2024-09-23,Phan Xich Long,Phu Nhuan,Coffee,212,8.268,False
2024-09-23,Phan Xich Long,Phu Nhuan,Tea,152,6.84,False
2024-09-23,Phan Xich Long,Phu Nhuan,Smoothie,60,3.3,False
2024-09-23,Phan Xich Long,Phu Nhuan,Bakery,85,2.72,False
2024-09-24,Phan Xich Long,Phu Nhuan,Coffee,189,7.371,False
2024-09-24,Phan Xich Long,Phu Nhuan,Tea,128,5.76,False
2024-09-24,Phan Xich Long,Phu Nhuan,Smoothie,57,3.135,False
2024-09-24,Phan Xich Long,Phu Nhuan,Bakery,78,2.496,False
2024-09-25,Phan Xich Long,Phu Nhuan,Coffee,193,7.527,False
2024-09-25,Phan Xich Long,Phu Nhuan,Tea,127,5.715,False
2024-09-25,Phan Xich Long,Phu Nhuan,Smoothie,51,2.805,False
2024-09-25,Phan Xich Long,Phu Nhuan,Bakery,81,2.592,False
2024-09-26,Phan Xich Long,Phu Nhuan,Coffee,197,7.683,False
2024-09-26,Phan Xich Long,Phu Nhuan,Tea,135,6.075,False
2024-09-26,Phan Xich Long,Phu Nhuan,Smoothie,59,3.245,False
2024-09-26,Phan Xich Long,Phu Nhuan,Bakery,87,2.784,False
2024-09-27,Phan Xich Long,Phu Nhuan,Coffee,213,8.307,False
2024-09-27,Phan Xich Long,Phu Nhuan,Tea,127,5.715,False
2024-09-27,Phan Xich Long,Phu Nhuan,Smoothie,49,2.695,False
2024-09-27,Phan Xich Long,Phu Nhuan,Bakery,61,1.952,False
2024-09-28,Phan Xich Long,Phu Nhuan,Coffee,251,9.789,False
2024-09-28,Phan Xich Long,Phu Nhuan,Tea,121,5.445,False
2024-09-28,Phan Xich Long,Phu Nhuan,Smoothie,75,4.125,False
2024-09-28,Phan Xich Long,Phu Nhuan,Bakery,80,2.56,False
2024-09-29,Phan Xich Long,Phu Nhuan,Coffee,228,8.892,False
2024-09-29,Phan Xich Long,Phu Nhuan,Tea,163,7.335,False
2024-09-29,Phan Xich Long,Phu Nhuan,Smoothie,66,3.63,False
2024-09-29,Phan Xich Long,Phu Nhuan,Bakery,89,2.848,False
2024-09-30,Phan Xich Long,Phu Nhuan,Coffee,194,7.566,False
2024-09-30,Phan Xich Long,Phu Nhuan,Tea,125,5.625,False
2024-09-30,Phan Xich Long,Phu Nhuan,Smoothie,58,3.19,False
2024-09-30,Phan Xich Long,Phu Nhuan,Bakery,72,2.304,False
2024-10-01,Phan Xich Long,Phu Nhuan,Coffee,230,7.625,True
2024-10-01,Phan Xich Long,Phu Nhuan,Tea,154,5.891,True
2024-10-01,Phan Xich Long,Phu Nhuan,Smoothie,54,2.525,True
2024-10-01,Phan Xich Long,Phu Nhuan,Bakery,85,2.312,True
2024-10-02,Phan Xich Long,Phu Nhuan,Coffee,247,8.188,True
2024-10-02,Phan Xich Long,Phu Nhuan,Tea,159,6.082,True
2024-10-02,Phan Xich Long,Phu Nhuan,Smoothie,55,2.571,True
2024-10-02,Phan Xich Long,Phu Nhuan,Bakery,78,2.122,True
2024-10-03,Phan Xich Long,Phu Nhuan,Coffee,227,7.525,True
2024-10-03,Phan Xich Long,Phu Nhuan,Tea,125,4.781,True
2024-10-03,Phan Xich Long,Phu Nhuan,Smoothie,70,3.272,True
2024-10-03,Phan Xich Long,Phu Nhuan,Bakery,90,2.448,True
2024-10-04,Phan Xich Long,Phu Nhuan,Coffee,198,7.722,False
2024-10-04,Phan Xich Long,Phu Nhuan,Tea,124,5.58,False
2024-10-04,Phan Xich Long,Phu Nhuan,Smoothie,49,2.695,False
2024-10-04,Phan Xich Long,Phu Nhuan,Bakery,82,2.624,False
2024-10-05,Phan Xich Long,Phu Nhuan,Coffee,270,10.53,False
2024-10-05,Phan Xich Long,Phu Nhuan,Tea,160,7.2,False
2024-10-05,Phan Xich Long,Phu Nhuan,Smoothie,61,3.355,False
2024-10-05,Phan Xich Long,Phu Nhuan,Bakery,85,2.72,False
2024-10-06,Phan Xich Long,Phu Nhuan,Coffee,238,9.282,False
2024-10-06,Phan Xich Long,Phu Nhuan,Tea,134,6.03,False
2024-10-06,Phan Xich Long,Phu Nhuan,Smoothie,83,4.565,False
2024-10-06,Phan Xich Long,Phu Nhuan,Bakery,80,2.56,False
2024-10-07,Phan Xich Long,Phu Nhuan,Coffee,192,7.488,False
2024-10-07,Phan Xich Long,Phu Nhuan,Tea,124,5.58,False
2024-10-07,Phan Xich Long,Phu Nhuan,Smoothie,45,2.475,False
2024-10-07,Phan Xich Long,Phu Nhuan,Bakery,81,2.592,False
2024-10-08,Phan Xich Long,Phu Nhuan,Coffee,181,7.059,False
2024-10-08,Phan Xich Long,Phu Nhuan,Tea,134,6.03,False
2024-10-08,Phan Xich Long,Phu Nhuan,Smoothie,41,2.255,False
2024-10-08,Phan Xich Long,Phu Nhuan,Bakery,78,2.496,False
2024-10-09,Phan Xich Long,Phu Nhuan,Coffee,223,8.697,False
2024-10-09,Phan Xich Long,Phu Nhuan,Tea,130,5.85,False
2024-10-09,Phan Xich Long,Phu Nhuan,Smoothie,38,2.09,False
2024-10-09,Phan Xich Long,Phu Nhuan,Bakery,71,2.272,False
2024-10-10,Phan Xich Long,Phu Nhuan,Coffee,178,6.942,False
2024-10-10,Phan Xich Long,Phu Nhuan,Tea,133,5.985,False
2024-10-10,Phan Xich Long,Phu Nhuan,Smoothie,60,3.3,False
2024-10-10,Phan Xich Long,Phu Nhuan,Bakery,72,2.304,False
2024-10-11,Phan Xich Long,Phu Nhuan,Coffee,221,8.619,False
2024-10-11,Phan Xich Long,Phu Nhuan,Tea,127,5.715,False
2024-10-11,Phan Xich Long,Phu Nhuan,Smoothie,56,3.08,False
2024-10-11,Phan Xich Long,Phu Nhuan,Bakery,80,2.56,False
2024-10-12,Phan Xich Long,Phu Nhuan,Coffee,235,9.165,False
2024-10-12,Phan Xich Long,Phu Nhuan,Tea,158,7.11,False
2024-10-12,Phan Xich Long,Phu Nhuan,Smoothie,69,3.795,False
2024-10-12,Phan Xich Long,Phu Nhuan,Bakery,83,2.656,False
2024-10-13,Phan Xich Long,Phu Nhuan,Coffee,273,10.647,False
2024-10-13,Phan Xich Long,Phu Nhuan,Tea,141,6.345,False
2024-10-13,Phan Xich Long,Phu Nhuan,Smoothie,66,3.63,False
2024-10-13,Phan Xich Long,Phu Nhuan,Bakery,101,3.232,False
2024-10-14,Phan Xich Long,Phu Nhuan,Coffee,187,7.293,False
2024-10-14,Phan Xich Long,Phu Nhuan,Tea,130,5.85,False
2024-10-14,Phan Xich Long,Phu Nhuan,Smoothie,48,2.64,False
2024-10-14,Phan Xich Long,Phu Nhuan,Bakery,71,2.272,False
2024-10-15,Phan Xich Long,Phu Nhuan,Coffee,208,8.112,False
2024-10-15,Phan Xich Long,Phu Nhuan,Tea,153,6.885,False
2024-10-15,Phan Xich Long,Phu Nhuan,Smoothie,60,3.3,False
2024-10-15,Phan Xich Long,Phu Nhuan,Bakery,77,2.464,False
2024-10-16,Phan Xich Long,Phu Nhuan,Coffee,209,8.151,False
2024-10-16,Phan Xich Long,Phu Nhuan,Tea,117,5.265,False
2024-10-16,Phan Xich Long,Phu Nhuan,Smoothie,57,3.135,False
2024-10-16,Phan Xich Long,Phu Nhuan,Bakery,73,2.336,False
2024-10-17,Phan Xich Long,Phu Nhuan,Coffee,209,8.151,False
2024-10-17,Phan Xich Long,Phu Nhuan,Tea,129,5.805,False
2024-10-17,Phan Xich Long,Phu Nhuan,Smoothie,50,2.75,False
2024-10-17,Phan Xich Long,Phu Nhuan,Bakery,71,2.272,False
2024-10-18,Phan Xich Long,Phu Nhuan,Coffee,168,6.552,False
2024-10-18,Phan Xich Long,Phu Nhuan,Tea,132,5.94,False
2024-10-18,Phan Xich Long,Phu Nhuan,Smoothie,44,2.42,False
2024-10-18,Phan Xich Long,Phu Nhuan,Bakery,94,3.008,False
2024-10-19,Phan Xich Long,Phu Nhuan,Coffee,242,9.438,False
2024-10-19,Phan Xich Long,Phu Nhuan,Tea,137,6.165,False
2024-10-19,Phan Xich Long,Phu Nhuan,Smoothie,88,4.84,False
2024-10-19,Phan Xich Long,Phu Nhuan,Bakery,82,2.624,False
2024-10-20,Phan Xich Long,Phu Nhuan,Coffee,228,8.892,False
2024-10-20,Phan Xich Long,Phu Nhuan,Tea,161,7.245,False
2024-10-20,Phan Xich Long,Phu Nhuan,Smoothie,56,3.08,False
2024-10-20,Phan Xich Long,Phu Nhuan,Bakery,80,2.56,False
2024-10-21,Phan Xich Long,Phu Nhuan,Coffee,208,8.112,False
2024-10-21,Phan Xich Long,Phu Nhuan,Tea,127,5.715,False
2024-10-21,Phan Xich Long,Phu Nhuan,Smoothie,54,2.97,False
2024-10-21,Phan Xich Long,Phu Nhuan,Bakery,77,2.464,False
2024-10-22,Phan Xich Long,Phu Nhuan,Coffee,209,8.151,False
2024-10-22,Phan Xich Long,Phu Nhuan,Tea,133,5.985,False
2024-10-22,Phan Xich Long,Phu Nhuan,Smoothie,50,2.75,False
2024-10-22,Phan Xich Long,Phu Nhuan,Bakery,78,2.496,False
2024-10-23,Phan Xich Long,Phu Nhuan,Coffee,195,7.605,False
2024-10-23,Phan Xich Long,Phu Nhuan,Tea,106,4.77,False
2024-10-23,Phan Xich Long,Phu Nhuan,Smoothie,51,2.805,False
2024-10-23,Phan Xich Long,Phu Nhuan,Bakery,86,2.752,False
2024-10-24,Phan Xich Long,Phu Nhuan,Coffee,194,7.566,False
2024-10-24,Phan Xich Long,Phu Nhuan,Tea,123,5.535,False
2024-10-24,Phan Xich Long,Phu Nhuan,Smoothie,54,2.97,False
2024-10-24,Phan Xich Long,Phu Nhuan,Bakery,77,2.464,False
2024-10-25,Phan Xich Long,Phu Nhuan,Coffee,192,7.488,False
2024-10-25,Phan Xich Long,Phu Nhuan,Tea,138,6.21,False
2024-10-25,Phan Xich Long,Phu Nhuan,Smoothie,49,2.695,False
2024-10-25,Phan Xich Long,Phu Nhuan,Bakery,78,2.496,False
2024-10-26,Phan Xich Long,Phu Nhuan,Coffee,246,9.594,False
2024-10-26,Phan Xich Long,Phu Nhuan,Tea,125,5.625,False
2024-10-26,Phan Xich Long,Phu Nhuan,Smoothie,64,3.52,False
2024-10-26,Phan Xich Long,Phu Nhuan,Bakery,93,2.976,False
2024-10-27,Phan Xich Long,Phu Nhuan,Coffee,254,9.906,False
2024-10-27,Phan Xich Long,Phu Nhuan,Tea,166,7.47,False
2024-10-27,Phan Xich Long,Phu Nhuan,Smoothie,51,2.805,False
2024-10-27,Phan Xich Long,Phu Nhuan,Bakery,111,3.552,False
2024-10-28,Phan Xich Long,Phu Nhuan,Coffee,194,7.566,False
2024-10-28,Phan Xich Long,Phu Nhuan,Tea,125,5.625,False
2024-10-28,Phan Xich Long,Phu Nhuan,Smoothie,41,2.255,False
2024-10-28,Phan Xich Long,Phu Nhuan,Bakery,83,2.656,False
2024-10-29,Phan Xich Long,Phu Nhuan,Coffee,189,7.371,False
2024-10-29,Phan Xich Long,Phu Nhuan,Tea,109,4.905,False
2024-10-29,Phan Xich Long,Phu Nhuan,Smoothie,61,3.355,False
2024-10-29,Phan Xich Long,Phu Nhuan,Bakery,83,2.656,False
2024-10-30,Phan Xich Long,Phu Nhuan,Coffee,201,7.839,False
2024-10-30,Phan Xich Long,Phu Nhuan,Tea,106,4.77,False
2024-10-30,Phan Xich Long,Phu Nhuan,Smoothie,59,3.245,False
2024-10-30,Phan Xich Long,Phu Nhuan,Bakery,75,2.4,False
2024-10-31,Phan Xich Long,Phu Nhuan,Coffee,211,8.229,False
2024-10-31,Phan Xich Long,Phu Nhuan,Tea,112,5.04,False
2024-10-31,Phan Xich Long,Phu Nhuan,Smoothie,42,2.31,False
2024-10-31,Phan Xich Long,Phu Nhuan,Bakery,64,2.048,False
2024-11-01,Phan Xich Long,Phu Nhuan,Coffee,257,8.52,True
2024-11-01,Phan Xich Long,Phu Nhuan,Tea,142,5.431,True
2024-11-01,Phan Xich Long,Phu Nhuan,Smoothie,67,3.132,True
2024-11-01,Phan Xich Long,Phu Nhuan,Bakery,85,2.312,True
2024-11-02,Phan Xich Long,Phu Nhuan,Coffee,318,10.542,True
2024-11-02,Phan Xich Long,Phu Nhuan,Tea,167,6.388,True
2024-11-02,Phan Xich Long,Phu Nhuan,Smoothie,77,3.6,True
2024-11-02,Phan Xich Long,Phu Nhuan,Bakery,110,2.992,True
2024-11-03,Phan Xich Long,Phu Nhuan,Coffee,305,10.111,True
2024-11-03,Phan Xich Long,Phu Nhuan,Tea,193,7.382,True
2024-11-03,Phan Xich Long,Phu Nhuan,Smoothie,66,3.086,True
2024-11-03,Phan Xich Long,Phu Nhuan,Bakery,112,3.046,True
2024-11-04,Phan Xich Long,Phu Nhuan,Coffee,212,8.268,False
2024-11-04,Phan Xich Long,Phu Nhuan,Tea,106,4.77,False
2024-11-04,Phan Xich Long,Phu Nhuan,Smoothie,61,3.355,False
2024-11-04,Phan Xich Long,Phu Nhuan,Bakery,99,3.168,False
2024-11-05,Phan Xich Long,Phu Nhuan,Coffee,195,7.605,False
2024-11-05,Phan Xich Long,Phu Nhuan,Tea,121,5.445,False
2024-11-05,Phan Xich Long,Phu Nhuan,Smoothie,49,2.695,False
2024-11-05,Phan Xich Long,Phu Nhuan,Bakery,83,2.656,False
2024-11-06,Phan Xich Long,Phu Nhuan,Coffee,196,7.644,False
2024-11-06,Phan Xich Long,Phu Nhuan,Tea,123,5.535,False
2024-11-06,Phan Xich Long,Phu Nhuan,Smoothie,47,2.585,False
2024-11-06,Phan Xich Long,Phu Nhuan,Bakery,86,2.752,False
2024-11-07,Phan Xich Long,Phu Nhuan,Coffee,198,7.722,False
2024-11-07,Phan Xich Long,Phu Nhuan,Tea,132,5.94,False
2024-11-07,Phan Xich Long,Phu Nhuan,Smoothie,57,3.135,False
2024-11-07,Phan Xich Long,Phu Nhuan,Bakery,89,2.848,False
2024-11-08,Phan Xich Long,Phu Nhuan,Coffee,200,7.8,False
2024-11-08,Phan Xich Long,Phu Nhuan,Tea,120,5.4,False
2024-11-08,Phan Xich Long,Phu Nhuan,Smoothie,66,3.63,False
2024-11-08,Phan Xich Long,Phu Nhuan,Bakery,74,2.368,False
2024-11-09,Phan Xich Long,Phu Nhuan,Coffee,275,10.725,False
2024-11-09,Phan Xich Long,Phu Nhuan,Tea,154,6.93,False
2024-11-09,Phan Xich Long,Phu Nhuan,Smoothie,80,4.4,False
2024-11-09,Phan Xich Long,Phu Nhuan,Bakery,114,3.648,False
2024-11-10,Phan Xich Long,Phu Nhuan,Coffee,218,8.502,False
2024-11-10,Phan Xich Long,Phu Nhuan,Tea,150,6.75,False
2024-11-10,Phan Xich Long,Phu Nhuan,Smoothie,68,3.74,False
2024-11-10,Phan Xich Long,Phu Nhuan,Bakery,102,3.264,False
2024-11-11,Phan Xich Long,Phu Nhuan,Coffee,219,8.541,False
2024-11-11,Phan Xich Long,Phu Nhuan,Tea,146,6.57,False
2024-11-11,Phan Xich Long,Phu Nhuan,Smoothie,66,3.63,False
2024-11-11,Phan Xich Long,Phu Nhuan,Bakery,85,2.72,False
2024-11-12,Phan Xich Long,Phu Nhuan,Coffee,235,9.165,False
2024-11-12,Phan Xich Long,Phu Nhuan,Tea,121,5.445,False
2024-11-12,Phan Xich Long,Phu Nhuan,Smoothie,51,2.805,False
2024-11-12,Phan Xich Long,Phu Nhuan,Bakery,74,2.368,False
2024-11-13,Phan Xich Long,Phu Nhuan,Coffee,226,8.814,False
2024-11-13,Phan Xich Long,Phu Nhuan,Tea,117,5.265,False
2024-11-13,Phan Xich Long,Phu Nhuan,Smoothie,53,2.915,False
2024-11-13,Phan Xich Long,Phu Nhuan,Bakery,79,2.528,False
2024-11-14,Phan Xich Long,Phu Nhuan,Coffee,224,8.736,False
2024-11-14,Phan Xich Long,Phu Nhuan,Tea,122,5.49,False
2024-11-14,Phan Xich Long,Phu Nhuan,Smoothie,55,3.025,False
2024-11-14,Phan Xich Long,Phu Nhuan,Bakery,90,2.88,False
2024-11-15,Phan Xich Long,Phu Nhuan,Coffee,200,7.8,False
2024-11-15,Phan Xich Long,Phu Nhuan,Tea,123,5.535,False
2024-11-15,Phan Xich Long,Phu Nhuan,Smoothie,53,2.915,False
2024-11-15,Phan Xich Long,Phu Nhuan,Bakery,91,2.912,False
2024-11-16,Phan Xich Long,Phu Nhuan,Coffee,247,9.633,False
2024-11-16,Phan Xich Long,Phu Nhuan,Tea,154,6.93,False
2024-11-16,Phan Xich Long,Phu Nhuan,Smoothie,76,4.18,False
2024-11-16,Phan Xich Long,Phu Nhuan,Bakery,93,2.976,False
2024-11-17,Phan Xich Long,Phu Nhuan,Coffee,244,9.516,False
2024-11-17,Phan Xich Long,Phu Nhuan,Tea,154,6.93,False
2024-11-17,Phan Xich Long,Phu Nhuan,Smoothie,76,4.18,False
2024-11-17,Phan Xich Long,Phu Nhuan,Bakery,110,3.52,False
2024-11-18,Phan Xich Long,Phu Nhuan,Coffee,214,8.346,False
2024-11-18,Phan Xich Long,Phu Nhuan,Tea,111,4.995,False
2024-11-18,Phan Xich Long,Phu Nhuan,Smoothie,47,2.585,False
2024-11-18,Phan Xich Long,Phu Nhuan,Bakery,70,2.24,False
2024-11-19,Phan Xich Long,Phu Nhuan,Coffee,184,7.176,False
2024-11-19,Phan Xich Long,Phu Nhuan,Tea,129,5.805,False
2024-11-19,Phan Xich Long,Phu Nhuan,Smoothie,59,3.245,False
2024-11-19,Phan Xich Long,Phu Nhuan,Bakery,80,2.56,False
2024-11-20,Phan Xich Long,Phu Nhuan,Coffee,217,8.463,False
2024-11-20,Phan Xich Long,Phu Nhuan,Tea,124,5.58,False
2024-11-20,Phan Xich Long,Phu Nhuan,Smoothie,60,3.3,False
2024-11-20,Phan Xich Long,Phu Nhuan,Bakery,74,2.368,False
2024-11-21,Phan Xich Long,Phu Nhuan,Coffee,237,9.243,False
2024-11-21,Phan Xich Long,Phu Nhuan,Tea,108,4.86,False
2024-11-21,Phan Xich Long,Phu Nhuan,Smoothie,49,2.695,False
2024-11-21,Phan Xich Long,Phu Nhuan,Bakery,97,3.104,False
2024-11-22,Phan Xich Long,Phu Nhuan,Coffee,210,8.19,False
2024-11-22,Phan Xich Long,Phu Nhuan,Tea,127,5.715,False
2024-11-22,Phan Xich Long,Phu Nhuan,Smoothie,52,2.86,False
2024-11-22,Phan Xich Long,Phu Nhuan,Bakery,87,2.784,False
2024-11-23,Phan Xich Long,Phu Nhuan,Coffee,286,11.154,False
2024-11-23,Phan Xich Long,Phu Nhuan,Tea,145,6.525,False
2024-11-23,Phan Xich Long,Phu Nhuan,Smoothie,65,3.575,False
2024-11-23,Phan Xich Long,Phu Nhuan,Bakery,92,2.944,False
2024-11-24,Phan Xich Long,Phu Nhuan,Coffee,276,10.764,False
2024-11-24,Phan Xich Long,Phu Nhuan,Tea,162,7.29,False
2024-11-24,Phan Xich Long,Phu Nhuan,Smoothie,75,4.125,False
2024-11-24,Phan Xich Long,Phu Nhuan,Bakery,109,3.488,False
2024-11-25,Phan Xich Long,Phu Nhuan,Coffee,207,8.073,False
2024-11-25,Phan Xich Long,Phu Nhuan,Tea,138,6.21,False
2024-11-25,Phan Xich Long,Phu Nhuan,Smoothie,54,2.97,False
2024-11-25,Phan Xich Long,Phu Nhuan,Bakery,70,2.24,False
2024-11-26,Phan Xich Long,Phu Nhuan,Coffee,213,8.307,False
2024-11-26,Phan Xich Long,Phu Nhuan,Tea,144,6.48,False
2024-11-26,Phan Xich Long,Phu Nhuan,Smoothie,45,2.475,False
2024-11-26,Phan Xich Long,Phu Nhuan,Bakery,73,2.336,False
2024-11-27,Phan Xich Long,Phu Nhuan,Coffee,197,7.683,False
2024-11-27,Phan Xich Long,Phu Nhuan,Tea,127,5.715,False
2024-11-27,Phan Xich Long,Phu Nhuan,Smoothie,58,3.19,False
2024-11-27,Phan Xich Long,Phu Nhuan,Bakery,80,2.56,False
2024-11-28,Phan Xich Long,Phu Nhuan,Coffee,195,7.605,False
2024-11-28,Phan Xich Long,Phu Nhuan,Tea,122,5.49,False
2024-11-28,Phan Xich Long,Phu Nhuan,Smoothie,49,2.695,False
2024-11-28,Phan Xich Long,Phu Nhuan,Bakery,82,2.624,False
2024-11-29,Phan Xich Long,Phu Nhuan,Coffee,208,8.112,False
2024-11-29,Phan Xich Long,Phu Nhuan,Tea,123,5.535,False
2024-11-29,Phan Xich Long,Phu Nhuan,Smoothie,53,2.915,False
2024-11-29,Phan Xich Long,Phu Nhuan,Bakery,89,2.848,False
2024-11-30,Phan Xich Long,Phu Nhuan,Coffee,252,9.828,False
2024-11-30,Phan Xich Long,Phu Nhuan,Tea,119,5.355,False
2024-11-30,Phan Xich Long,Phu Nhuan,Smoothie,71,3.905,False
2024-11-30,Phan Xich Long,Phu Nhuan,Bakery,99,3.168,False
2024-12-01,Phan Xich Long,Phu Nhuan,Coffee,298,9.879,True
2024-12-01,Phan Xich Long,Phu Nhuan,Tea,175,6.694,True
2024-12-01,Phan Xich Long,Phu Nhuan,Smoothie,72,3.366,True
2024-12-01,Phan Xich Long,Phu Nhuan,Bakery,142,3.862,True
2024-12-02,Phan Xich Long,Phu Nhuan,Coffee,230,7.625,True
2024-12-02,Phan Xich Long,Phu Nhuan,Tea,147,5.623,True
2024-12-02,Phan Xich Long,Phu Nhuan,Smoothie,56,2.618,True
2024-12-02,Phan Xich Long,Phu Nhuan,Bakery,88,2.394,True
2024-12-03,Phan Xich Long,Phu Nhuan,Coffee,256,8.486,True
2024-12-03,Phan Xich Long,Phu Nhuan,Tea,149,5.699,True
2024-12-03,Phan Xich Long,Phu Nhuan,Smoothie,63,2.945,True
2024-12-03,Phan Xich Long,Phu Nhuan,Bakery,94,2.557,True
2024-12-04,Phan Xich Long,Phu Nhuan,Coffee,207,8.073,False
2024-12-04,Phan Xich Long,Phu Nhuan,Tea,134,6.03,False
2024-12-04,Phan Xich Long,Phu Nhuan,Smoothie,47,2.585,False
2024-12-04,Phan Xich Long,Phu Nhuan,Bakery,81,2.592,False
2024-12-05,Phan Xich Long,Phu Nhuan,Coffee,189,7.371,False
2024-12-05,Phan Xich Long,Phu Nhuan,Tea,123,5.535,False
2024-12-05,Phan Xich Long,Phu Nhuan,Smoothie,40,2.2,False
2024-12-05,Phan Xich Long,Phu Nhuan,Bakery,86,2.752,False
2024-12-06,Phan Xich Long,Phu Nhuan,Coffee,207,8.073,False
2024-12-06,Phan Xich Long,Phu Nhuan,Tea,123,5.535,False
2024-12-06,Phan Xich Long,Phu Nhuan,Smoothie,55,3.025,False
2024-12-06,Phan Xich Long,Phu Nhuan,Bakery,77,2.464,False
2024-12-07,Phan Xich Long,Phu Nhuan,Coffee,276,10.764,False
2024-12-07,Phan Xich Long,Phu Nhuan,Tea,159,7.155,False
2024-12-07,Phan Xich Long,Phu Nhuan,Smoothie,68,3.74,False
2024-12-07,Phan Xich Long,Phu Nhuan,Bakery,100,3.2,False
2024-12-08,Phan Xich Long,Phu Nhuan,Coffee,274,10.686,False
2024-12-08,Phan Xich Long,Phu Nhuan,Tea,142,6.39,False
2024-12-08,Phan Xich Long,Phu Nhuan,Smoothie,53,2.915,False
2024-12-08,Phan Xich Long,Phu Nhuan,Bakery,112,3.584,False
2024-12-09,Phan Xich Long,Phu Nhuan,Coffee,165,6.435,False
2024-12-09,Phan Xich Long,Phu Nhuan,Tea,127,5.715,False
2024-12-09,Phan Xich Long,Phu Nhuan,Smoothie,52,2.86,False
2024-12-09,Phan Xich Long,Phu Nhuan,Bakery,90,2.88,False
2024-12-10,Phan Xich Long,Phu Nhuan,Coffee,227,8.853,False
2024-12-10,Phan Xich Long,Phu Nhuan,Tea,137,6.165,False
2024-12-10,Phan Xich Long,Phu Nhuan,Smoothie,53,2.915,False
2024-12-10,Phan Xich Long,Phu Nhuan,Bakery,84,2.688,False
2024-12-11,Phan Xich Long,Phu Nhuan,Coffee,213,8.307,False
2024-12-11,Phan Xich Long,Phu Nhuan,Tea,119,5.355,False
2024-12-11,Phan Xich Long,Phu Nhuan,Smoothie,50,2.75,False
2024-12-11,Phan Xich Long,Phu Nhuan,Bakery,92,2.944,False
2024-12-12,Phan Xich Long,Phu Nhuan,Coffee,207,8.073,False
2024-12-12,Phan Xich Long,Phu Nhuan,Tea,134,6.03,False
2024-12-12,Phan Xich Long,Phu Nhuan,Smoothie,54,2.97,False
2024-12-12,Phan Xich Long,Phu Nhuan,Bakery,98,3.136,False
2024-12-13,Phan Xich Long,Phu Nhuan,Coffee,224,8.736,False
2024-12-13,Phan Xich Long,Phu Nhuan,Tea,117,5.265,False
2024-12-13,Phan Xich Long,Phu Nhuan,Smoothie,53,2.915,False
2024-12-13,Phan Xich Long,Phu Nhuan,Bakery,89,2.848,False
2024-12-14,Phan Xich Long,Phu Nhuan,Coffee,291,11.349,False
2024-12-14,Phan Xich Long,Phu Nhuan,Tea,139,6.255,False
2024-12-14,Phan Xich Long,Phu Nhuan,Smoothie,67,3.685,False
2024-12-14,Phan Xich Long,Phu Nhuan,Bakery,108,3.456,False
2024-12-15,Phan Xich Long,Phu Nhuan,Coffee,279,10.881,False
2024-12-15,Phan Xich Long,Phu Nhuan,Tea,168,7.56,False
2024-12-15,Phan Xich Long,Phu Nhuan,Smoothie,75,4.125,False
2024-12-15,Phan Xich Long,Phu Nhuan,Bakery,113,3.616,False
2024-12-16,Phan Xich Long,Phu Nhuan,Coffee,211,8.229,False
2024-12-16,Phan Xich Long,Phu Nhuan,Tea,117,5.265,False
2024-12-16,Phan Xich Long,Phu Nhuan,Smoothie,48,2.64,False
2024-12-16,Phan Xich Long,Phu Nhuan,Bakery,91,2.912,False
2024-12-17,Phan Xich Long,Phu Nhuan,Coffee,228,8.892,False
2024-12-17,Phan Xich Long,Phu Nhuan,Tea,143,6.435,False
2024-12-17,Phan Xich Long,Phu Nhuan,Smoothie,64,3.52,False
2024-12-17,Phan Xich Long,Phu Nhuan,Bakery,98,3.136,False
2024-12-18,Phan Xich Long,Phu Nhuan,Coffee,199,7.761,False
2024-12-18,Phan Xich Long,Phu Nhuan,Tea,123,5.535,False
2024-12-18,Phan Xich Long,Phu Nhuan,Smoothie,62,3.41,False
2024-12-18,Phan Xich Long,Phu Nhuan,Bakery,81,2.592,False
2024-12-19,Phan Xich Long,Phu Nhuan,Coffee,177,6.903,False
2024-12-19,Phan Xich Long,Phu Nhuan,Tea,128,5.76,False
2024-12-19,Phan Xich Long,Phu Nhuan,Smoothie,54,2.97,False
2024-12-19,Phan Xich Long,Phu Nhuan,Bakery,92,2.944,False
2024-12-20,Phan Xich Long,Phu Nhuan,Coffee,257,8.52,True
2024-12-20,Phan Xich Long,Phu Nhuan,Tea,160,6.12,True
2024-12-20,Phan Xich Long,Phu Nhuan,Smoothie,64,2.992,True
2024-12-20,Phan Xich Long,Phu Nhuan,Bakery,80,2.176,True
2024-12-21,Phan Xich Long,Phu Nhuan,Coffee,323,10.707,True
2024-12-21,Phan Xich Long,Phu Nhuan,Tea,203,7.765,True
2024-12-21,Phan Xich Long,Phu Nhuan,Smoothie,79,3.693,True
2024-12-21,Phan Xich Long,Phu Nhuan,Bakery,110,2.992,True
2024-12-22,Phan Xich Long,Phu Nhuan,Coffee,331,10.973,True
2024-12-22,Phan Xich Long,Phu Nhuan,Tea,183,7.0,True
2024-12-22,Phan Xich Long,Phu Nhuan,Smoothie,99,4.628,True
2024-12-22,Phan Xich Long,Phu Nhuan,Bakery,139,3.781,True
2024-12-23,Phan Xich Long,Phu Nhuan,Coffee,269,8.917,True
2024-12-23,Phan Xich Long,Phu Nhuan,Tea,146,5.585,True
2024-12-23,Phan Xich Long,Phu Nhuan,Smoothie,74,3.459,True
2024-12-23,Phan Xich Long,Phu Nhuan,Bakery,91,2.475,True
2024-12-24,Phan Xich Long,Phu Nhuan,Coffee,245,8.122,True
2024-12-24,Phan Xich Long,Phu Nhuan,Tea,128,4.896,True
2024-12-24,Phan Xich Long,Phu Nhuan,Smoothie,55,2.571,True
2024-12-24,Phan Xich Long,Phu Nhuan,Bakery,84,2.285,True
2024-12-25,Phan Xich Long,Phu Nhuan,Coffee,244,8.089,True
2024-12-25,Phan Xich Long,Phu Nhuan,Tea,150,5.737,True
2024-12-25,Phan Xich Long,Phu Nhuan,Smoothie,83,3.88,True
2024-12-25,Phan Xich Long,Phu Nhuan,Bakery,112,3.046,True
2024-12-26,Phan Xich Long,Phu Nhuan,Coffee,207,6.862,True
2024-12-26,Phan Xich Long,Phu Nhuan,Tea,157,6.005,True
2024-12-26,Phan Xich Long,Phu Nhuan,Smoothie,57,2.665,True
2024-12-26,Phan Xich Long,Phu Nhuan,Bakery,121,3.291,True
2024-12-27,Phan Xich Long,Phu Nhuan,Coffee,265,8.785,True
2024-12-27,Phan Xich Long,Phu Nhuan,Tea,165,6.311,True
2024-12-27,Phan Xich Long,Phu Nhuan,Smoothie,60,2.805,True
2024-12-27,Phan Xich Long,Phu Nhuan,Bakery,88,2.394,True
2024-12-28,Phan Xich Long,Phu Nhuan,Coffee,327,10.84,True
2024-12-28,Phan Xich Long,Phu Nhuan,Tea,186,7.114,True
2024-12-28,Phan Xich Long,Phu Nhuan,Smoothie,67,3.132,True
2024-12-28,Phan Xich Long,Phu Nhuan,Bakery,108,2.938,True
2024-12-29,Phan Xich Long,Phu Nhuan,Coffee,293,9.713,True
2024-12-29,Phan Xich Long,Phu Nhuan,Tea,178,6.809,True
2024-12-29,Phan Xich Long,Phu Nhuan,Smoothie,74,3.459,True
2024-12-29,Phan Xich Long,Phu Nhuan,Bakery,110,2.992,True
2024-12-30,Phan Xich Long,Phu Nhuan,Coffee,234,7.757,True
2024-12-30,Phan Xich Long,Phu Nhuan,Tea,156,5.967,True
2024-12-30,Phan Xich Long,Phu Nhuan,Smoothie,59,2.758,True
2024-12-30,Phan Xich Long,Phu Nhuan,Bakery,91,2.475,True
2024-12-31,Phan Xich Long,Phu Nhuan,Coffee,216,7.16,True
2024-12-31,Phan Xich Long,Phu Nhuan,Tea,137,5.24,True
2024-12-31,Phan Xich Long,Phu Nhuan,Smoothie,57,2.665,True
2024-12-31,Phan Xich Long,Phu Nhuan,Bakery,105,2.856,True
2025-01-01,Phan Xich Long,Phu Nhuan,Coffee,274,9.083,True
2025-01-01,Phan Xich Long,Phu Nhuan,Tea,148,5.661,True
2025-01-01,Phan Xich Long,Phu Nhuan,Smoothie,69,3.226,True
2025-01-01,Phan Xich Long,Phu Nhuan,Bakery,98,2.666,True
2025-01-02,Phan Xich Long,Phu Nhuan,Coffee,252,8.354,True
2025-01-02,Phan Xich Long,Phu Nhuan,Tea,131,5.011,True
2025-01-02,Phan Xich Long,Phu Nhuan,Smoothie,74,3.459,True
2025-01-02,Phan Xich Long,Phu Nhuan,Bakery,81,2.203,True
2025-01-03,Phan Xich Long,Phu Nhuan,Coffee,285,9.448,True
2025-01-03,Phan Xich Long,Phu Nhuan,Tea,148,5.661,True
2025-01-03,Phan Xich Long,Phu Nhuan,Smoothie,69,3.226,True
2025-01-03,Phan Xich Long,Phu Nhuan,Bakery,101,2.747,True
2025-01-04,Phan Xich Long,Phu Nhuan,Coffee,275,10.725,False
2025-01-04,Phan Xich Long,Phu Nhuan,Tea,123,5.535,False
2025-01-04,Phan Xich Long,Phu Nhuan,Smoothie,76,4.18,False
2025-01-04,Phan Xich Long,Phu Nhuan,Bakery,108,3.456,False
2025-01-05,Phan Xich Long,Phu Nhuan,Coffee,281,10.959,False
2025-01-05,Phan Xich Long,Phu Nhuan,Tea,154,6.93,False
2025-01-05,Phan Xich Long,Phu Nhuan,Smoothie,60,3.3,False
2025-01-05,Phan Xich Long,Phu Nhuan,Bakery,96,3.072,False
2025-01-06,Phan Xich Long,Phu Nhuan,Coffee,203,7.917,False
2025-01-06,Phan Xich Long,Phu Nhuan,Tea,118,5.31,False
2025-01-06,Phan Xich Long,Phu Nhuan,Smoothie,56,3.08,False
2025-01-06,Phan Xich Long,Phu Nhuan,Bakery,78,2.496,False
2025-01-07,Phan Xich Long,Phu Nhuan,Coffee,227,8.853,False
2025-01-07,Phan Xich Long,Phu Nhuan,Tea,107,4.815,False
2025-01-07,Phan Xich Long,Phu Nhuan,Smoothie,48,2.64,False
2025-01-07,Phan Xich Long,Phu Nhuan,Bakery,76,2.432,False
2025-01-08,Phan Xich Long,Phu Nhuan,Coffee,203,7.917,False
2025-01-08,Phan Xich Long,Phu Nhuan,Tea,136,6.12,False
2025-01-08,Phan Xich Long,Phu Nhuan,Smoothie,45,2.475,False
2025-01-08,Phan Xich Long,Phu Nhuan,Bakery,91,2.912,False
2025-01-09,Phan Xich Long,Phu Nhuan,Coffee,245,9.555,False
2025-01-09,Phan Xich Long,Phu Nhuan,Tea,129,5.805,False
2025-01-09,Phan Xich Long,Phu Nhuan,Smoothie,59,3.245,False
2025-01-09,Phan Xich Long,Phu Nhuan,Bakery,81,2.592,False
2025-01-10,Phan Xich Long,Phu Nhuan,Coffee,232,9.048,False
2025-01-10,Phan Xich Long,Phu Nhuan,Tea,116,5.22,False
2025-01-10,Phan Xich Long,Phu Nhuan,Smoothie,63,3.465,False
2025-01-10,Phan Xich Long,Phu Nhuan,Bakery,90,2.88,False
2025-01-11,Phan Xich Long,Phu Nhuan,Coffee,291,11.349,False
2025-01-11,Phan Xich Long,Phu Nhuan,Tea,161,7.245,False
2025-01-11,Phan Xich Long,Phu Nhuan,Smoothie,74,4.07,False
2025-01-11,Phan Xich Long,Phu Nhuan,Bakery,104,3.328,False
2025-01-12,Phan Xich Long,Phu Nhuan,Coffee,272,10.608,False
2025-01-12,Phan Xich Long,Phu Nhuan,Tea,149,6.705,False
2025-01-12,Phan Xich Long,Phu Nhuan,Smoothie,62,3.41,False
2025-01-12,Phan Xich Long,Phu Nhuan,Bakery,89,2.848,False
2025-01-13,Phan Xich Long,Phu Nhuan,Coffee,189,7.371,False
2025-01-13,Phan Xich Long,Phu Nhuan,Tea,114,5.13,False
2025-01-13,Phan Xich Long,Phu Nhuan,Smoothie,65,3.575,False
2025-01-13,Phan Xich Long,Phu Nhuan,Bakery,71,2.272,False
2025-01-14,Phan Xich Long,Phu Nhuan,Coffee,209,8.151,False
2025-01-14,Phan Xich Long,Phu Nhuan,Tea,138,6.21,False
2025-01-14,Phan Xich Long,Phu Nhuan,Smoothie,59,3.245,False
2025-01-14,Phan Xich Long,Phu Nhuan,Bakery,87,2.784,False
2025-01-15,Phan Xich Long,Phu Nhuan,Coffee,217,8.463,False
2025-01-15,Phan Xich Long,Phu Nhuan,Tea,115,5.175,False
2025-01-15,Phan Xich Long,Phu Nhuan,Smoothie,60,3.3,False
2025-01-15,Phan Xich Long,Phu Nhuan,Bakery,80,2.56,False
2025-01-16,Phan Xich Long,Phu Nhuan,Coffee,220,8.58,False
2025-01-16,Phan Xich Long,Phu Nhuan,Tea,108,4.86,False
2025-01-16,Phan Xich Long,Phu Nhuan,Smoothie,55,3.025,False
2025-01-16,Phan Xich Long,Phu Nhuan,Bakery,76,2.432,False
2025-01-17,Phan Xich Long,Phu Nhuan,Coffee,212,8.268,False
2025-01-17,Phan Xich Long,Phu Nhuan,Tea,121,5.445,False
2025-01-17,Phan Xich Long,Phu Nhuan,Smoothie,53,2.915,False
2025-01-17,Phan Xich Long,Phu Nhuan,Bakery,82,2.624,False
2025-01-18,Phan Xich Long,Phu Nhuan,Coffee,309,12.051,False
2025-01-18,Phan Xich Long,Phu Nhuan,Tea,156,7.02,False
2025-01-18,Phan Xich Long,Phu Nhuan,Smoothie,56,3.08,False
2025-01-18,Phan Xich Long,Phu Nhuan,Bakery,96,3.072,False
2025-01-19,Phan Xich Long,Phu Nhuan,Coffee,273,10.647,False
2025-01-19,Phan Xich Long,Phu Nhuan,Tea,164,7.38,False
2025-01-19,Phan Xich Long,Phu Nhuan,Smoothie,75,4.125,False
2025-01-19,Phan Xich Long,Phu Nhuan,Bakery,105,3.36,False
2025-01-20,Phan Xich Long,Phu Nhuan,Coffee,171,6.669,False
2025-01-20,Phan Xich Long,Phu Nhuan,Tea,104,4.68,False
2025-01-20,Phan Xich Long,Phu Nhuan,Smoothie,42,2.31,False
2025-01-20,Phan Xich Long,Phu Nhuan,Bakery,73,2.336,False
2025-01-21,Phan Xich Long,Phu Nhuan,Coffee,164,6.396,False
2025-01-21,Phan Xich Long,Phu Nhuan,Tea,97,4.365,False
2025-01-21,Phan Xich Long,Phu Nhuan,Smoothie,39,2.145,False
2025-01-21,Phan Xich Long,Phu Nhuan,Bakery,77,2.464,False
2025-01-22,Phan Xich Long,Phu Nhuan,Coffee,139,5.421,False
2025-01-22,Phan Xich Long,Phu Nhuan,Tea,102,4.59,False
2025-01-22,Phan Xich Long,Phu Nhuan,Smoothie,38,2.09,False
2025-01-22,Phan Xich Long,Phu Nhuan,Bakery,73,2.336,False
2025-01-23,Phan Xich Long,Phu Nhuan,Coffee,183,7.137,False
2025-01-23,Phan Xich Long,Phu Nhuan,Tea,102,4.59,False
2025-01-23,Phan Xich Long,Phu Nhuan,Smoothie,43,2.365,False
2025-01-23,Phan Xich Long,Phu Nhuan,Bakery,78,2.496,False
2025-01-24,Phan Xich Long,Phu Nhuan,Coffee,171,6.669,False
2025-01-24,Phan Xich Long,Phu Nhuan,Tea,94,4.23,False
2025-01-24,Phan Xich Long,Phu Nhuan,Smoothie,29,1.595,False
2025-01-24,Phan Xich Long,Phu Nhuan,Bakery,70,2.24,False
2025-01-25,Phan Xich Long,Phu Nhuan,Coffee,120,4.68,False
2025-01-25,Phan Xich Long,Phu Nhuan,Tea,64,2.88,False
2025-01-25,Phan Xich Long,Phu Nhuan,Smoothie,24,1.32,False
2025-01-25,Phan Xich Long,Phu Nhuan,Bakery,40,1.28,False
2025-01-26,Phan Xich Long,Phu Nhuan,Coffee,107,4.173,False
2025-01-26,Phan Xich Long,Phu Nhuan,Tea,57,2.565,False
2025-01-26,Phan Xich Long,Phu Nhuan,Smoothie,34,1.87,False
2025-01-26,Phan Xich Long,Phu Nhuan,Bakery,47,1.504,False
2025-01-27,Phan Xich Long,Phu Nhuan,Coffee,85,3.315,False
2025-01-27,Phan Xich Long,Phu Nhuan,Tea,63,2.835,False
2025-01-27,Phan Xich Long,Phu Nhuan,Smoothie,18,0.99,False
2025-01-27,Phan Xich Long,Phu Nhuan,Bakery,27,0.864,False
2025-01-28,Phan Xich Long,Phu Nhuan,Coffee,95,3.705,False
2025-01-28,Phan Xich Long,Phu Nhuan,Tea,60,2.7,False
2025-01-28,Phan Xich Long,Phu Nhuan,Smoothie,27,1.485,False
2025-01-28,Phan Xich Long,Phu Nhuan,Bakery,35,1.12,False
2025-01-29,Phan Xich Long,Phu Nhuan,Coffee,112,4.368,False
2025-01-29,Phan Xich Long,Phu Nhuan,Tea,59,2.655,False
2025-01-29,Phan Xich Long,Phu Nhuan,Smoothie,27,1.485,False
2025-01-29,Phan Xich Long,Phu Nhuan,Bakery,29,0.928,False
2025-01-30,Phan Xich Long,Phu Nhuan,Coffee,104,4.056,False
2025-01-30,Phan Xich Long,Phu Nhuan,Tea,60,2.7,False
2025-01-30,Phan Xich Long,Phu Nhuan,Smoothie,29,1.595,False
2025-01-30,Phan Xich Long,Phu Nhuan,Bakery,36,1.152,False
2025-01-31,Phan Xich Long,Phu Nhuan,Coffee,101,3.939,False
2025-01-31,Phan Xich Long,Phu Nhuan,Tea,56,2.52,False
2025-01-31,Phan Xich Long,Phu Nhuan,Smoothie,17,0.935,False
2025-01-31,Phan Xich Long,Phu Nhuan,Bakery,35,1.12,False
2025-02-01,Phan Xich Long,Phu Nhuan,Coffee,143,4.74,True
2025-02-01,Phan Xich Long,Phu Nhuan,Tea,89,3.404,True
2025-02-01,Phan Xich Long,Phu Nhuan,Smoothie,36,1.683,True
2025-02-01,Phan Xich Long,Phu Nhuan,Bakery,53,1.442,True
2025-02-02,Phan Xich Long,Phu Nhuan,Coffee,144,4.774,True
2025-02-02,Phan Xich Long,Phu Nhuan,Tea,86,3.289,True
2025-02-02,Phan Xich Long,Phu Nhuan,Smoothie,32,1.496,True
2025-02-02,Phan Xich Long,Phu Nhuan,Bakery,58,1.578,True
2025-02-03,Phan Xich Long,Phu Nhuan,Coffee,216,7.16,True
2025-02-03,Phan Xich Long,Phu Nhuan,Tea,124,4.743,True
2025-02-03,Phan Xich Long,Phu Nhuan,Smoothie,38,1.776,True
2025-02-03,Phan Xich Long,Phu Nhuan,Bakery,85,2.312,True
2025-02-04,Phan Xich Long,Phu Nhuan,Coffee,184,7.176,False
2025-02-04,Phan Xich Long,Phu Nhuan,Tea,109,4.905,False
2025-02-04,Phan Xich Long,Phu Nhuan,Smoothie,49,2.695,False
2025-02-04,Phan Xich Long,Phu Nhuan,Bakery,60,1.92,False
2025-02-05,Phan Xich Long,Phu Nhuan,Coffee,178,6.942,False
2025-02-05,Phan Xich Long,Phu Nhuan,Tea,93,4.185,False
2025-02-05,Phan Xich Long,Phu Nhuan,Smoothie,40,2.2,False
2025-02-05,Phan Xich Long,Phu Nhuan,Bakery,77,2.464,False
2025-02-06,Phan Xich Long,Phu Nhuan,Coffee,184,7.176,False
2025-02-06,Phan Xich Long,Phu Nhuan,Tea,100,4.5,False
2025-02-06,Phan Xich Long,Phu Nhuan,Smoothie,50,2.75,False
2025-02-06,Phan Xich Long,Phu Nhuan,Bakery,64,2.048,False
2025-02-07,Phan Xich Long,Phu Nhuan,Coffee,178,6.942,False
2025-02-07,Phan Xich Long,Phu Nhuan,Tea,97,4.365,False
2025-02-07,Phan Xich Long,Phu Nhuan,Smoothie,61,3.355,False
2025-02-07,Phan Xich Long,Phu Nhuan,Bakery,66,2.112,False
2025-02-08,Phan Xich Long,Phu Nhuan,Coffee,251,9.789,False
2025-02-08,Phan Xich Long,Phu Nhuan,Tea,166,7.47,False
2025-02-08,Phan Xich Long,Phu Nhuan,Smoothie,68,3.74,False
2025-02-08,Phan Xich Long,Phu Nhuan,Bakery,114,3.648,False
2025-02-09,Phan Xich Long,Phu Nhuan,Coffee,265,10.335,False
2025-02-09,Phan Xich Long,Phu Nhuan,Tea,134,6.03,False
2025-02-09,Phan Xich Long,Phu Nhuan,Smoothie,67,3.685,False
2025-02-09,Phan Xich Long,Phu Nhuan,Bakery,105,3.36,False
2025-02-10,Phan Xich Long,Phu Nhuan,Coffee,230,8.97,False
2025-02-10,Phan Xich Long,Phu Nhuan,Tea,121,5.445,False
2025-02-10,Phan Xich Long,Phu Nhuan,Smoothie,50,2.75,False
2025-02-10,Phan Xich Long,Phu Nhuan,Bakery,83,2.656,False
2025-02-11,Phan Xich Long,Phu Nhuan,Coffee,223,8.697,False
2025-02-11,Phan Xich Long,Phu Nhuan,Tea,122,5.49,False
2025-02-11,Phan Xich Long,Phu Nhuan,Smoothie,62,3.41,False
2025-02-11,Phan Xich Long,Phu Nhuan,Bakery,82,2.624,False
2025-02-12,Phan Xich Long,Phu Nhuan,Coffee,221,8.619,False
2025-02-12,Phan Xich Long,Phu Nhuan,Tea,110,4.95,False
2025-02-12,Phan Xich Long,Phu Nhuan,Smoothie,50,2.75,False
2025-02-12,Phan Xich Long,Phu Nhuan,Bakery,81,2.592,False
2025-02-13,Phan Xich Long,Phu Nhuan,Coffee,215,8.385,False
2025-02-13,Phan Xich Long,Phu Nhuan,Tea,125,5.625,False
2025-02-13,Phan Xich Long,Phu Nhuan,Smoothie,51,2.805,False
2025-02-13,Phan Xich Long,Phu Nhuan,Bakery,84,2.688,False
2025-02-14,Phan Xich Long,Phu Nhuan,Coffee,210,8.19,False
2025-02-14,Phan Xich Long,Phu Nhuan,Tea,120,5.4,False
2025-02-14,Phan Xich Long,Phu Nhuan,Smoothie,65,3.575,False
2025-02-14,Phan Xich Long,Phu Nhuan,Bakery,81,2.592,False
2025-02-15,Phan Xich Long,Phu Nhuan,Coffee,285,11.115,False
2025-02-15,Phan Xich Long,Phu Nhuan,Tea,145,6.525,False
2025-02-15,Phan Xich Long,Phu Nhuan,Smoothie,78,4.29,False
2025-02-15,Phan Xich Long,Phu Nhuan,Bakery,109,3.488,False
2025-02-16,Phan Xich Long,Phu Nhuan,Coffee,289,11.271,False
2025-02-16,Phan Xich Long,Phu Nhuan,Tea,131,5.895,False
2025-02-16,Phan Xich Long,Phu Nhuan,Smoothie,70,3.85,False
2025-02-16,Phan Xich Long,Phu Nhuan,Bakery,110,3.52,False
2025-02-17,Phan Xich Long,Phu Nhuan,Coffee,232,9.048,False
2025-02-17,Phan Xich Long,Phu Nhuan,Tea,125,5.625,False
2025-02-17,Phan Xich Long,Phu Nhuan,Smoothie,53,2.915,False
2025-02-17,Phan Xich Long,Phu Nhuan,Bakery,78,2.496,False
2025-02-18,Phan Xich Long,Phu Nhuan,Coffee,200,7.8,False
2025-02-18,Phan Xich Long,Phu Nhuan,Tea,117,5.265,False
2025-02-18,Phan Xich Long,Phu Nhuan,Smoothie,53,2.915,False
2025-02-18,Phan Xich Long,Phu Nhuan,Bakery,85,2.72,False
2025-02-19,Phan Xich Long,Phu Nhuan,Coffee,225,8.775,False
2025-02-19,Phan Xich Long,Phu Nhuan,Tea,124,5.58,False
2025-02-19,Phan Xich Long,Phu Nhuan,Smoothie,56,3.08,False
2025-02-19,Phan Xich Long,Phu Nhuan,Bakery,82,2.624,False
2025-02-20,Phan Xich Long,Phu Nhuan,Coffee,201,7.839,False
2025-02-20,Phan Xich Long,Phu Nhuan,Tea,131,5.895,False
2025-02-20,Phan Xich Long,Phu Nhuan,Smoothie,60,3.3,False
2025-02-20,Phan Xich Long,Phu Nhuan,Bakery,90,2.88,False
2025-02-21,Phan Xich Long,Phu Nhuan,Coffee,219,8.541,False
2025-02-21,Phan Xich Long,Phu Nhuan,Tea,118,5.31,False
2025-02-21,Phan Xich Long,Phu Nhuan,Smoothie,48,2.64,False
2025-02-21,Phan Xich Long,Phu Nhuan,Bakery,85,2.72,False
2025-02-22,Phan Xich Long,Phu Nhuan,Coffee,242,9.438,False
2025-02-22,Phan Xich Long,Phu Nhuan,Tea,134,6.03,False
2025-02-22,Phan Xich Long,Phu Nhuan,Smoothie,74,4.07,False
2025-02-22,Phan Xich Long,Phu Nhuan,Bakery,108,3.456,False
2025-02-23,Phan Xich Long,Phu Nhuan,Coffee,261,10.179,False
2025-02-23,Phan Xich Long,Phu Nhuan,Tea,151,6.795,False
2025-02-23,Phan Xich Long,Phu Nhuan,Smoothie,61,3.355,False
2025-02-23,Phan Xich Long,Phu Nhuan,Bakery,129,4.128,False
2025-02-24,Phan Xich Long,Phu Nhuan,Coffee,206,8.034,False
2025-02-24,Phan Xich Long,Phu Nhuan,Tea,108,4.86,False
2025-02-24,Phan Xich Long,Phu Nhuan,Smoothie,48,2.64,False
2025-02-24,Phan Xich Long,Phu Nhuan,Bakery,76,2.432,False
2025-02-25,Phan Xich Long,Phu Nhuan,Coffee,219,8.541,False
2025-02-25,Phan Xich Long,Phu Nhuan,Tea,144,6.48,False
2025-02-25,Phan Xich Long,Phu Nhuan,Smoothie,69,3.795,False
2025-02-25,Phan Xich Long,Phu Nhuan,Bakery,82,2.624,False
2025-02-26,Phan Xich Long,Phu Nhuan,Coffee,212,8.268,False
2025-02-26,Phan Xich Long,Phu Nhuan,Tea,137,6.165,False
2025-02-26,Phan Xich Long,Phu Nhuan,Smoothie,52,2.86,False
2025-02-26,Phan Xich Long,Phu Nhuan,Bakery,75,2.4,False
2025-02-27,Phan Xich Long,Phu Nhuan,Coffee,212,8.268,False
2025-02-27,Phan Xich Long,Phu Nhuan,Tea,125,5.625,False
2025-02-27,Phan Xich Long,Phu Nhuan,Smoothie,64,3.52,False
2025-02-27,Phan Xich Long,Phu Nhuan,Bakery,79,2.528,False
2025-02-28,Phan Xich Long,Phu Nhuan,Coffee,216,8.424,False
2025-02-28,Phan Xich Long,Phu Nhuan,Tea,118,5.31,False
2025-02-28,Phan Xich Long,Phu Nhuan,Smoothie,50,2.75,False
2025-02-28,Phan Xich Long,Phu Nhuan,Bakery,83,2.656,False
2025-03-01,Phan Xich Long,Phu Nhuan,Coffee,331,10.973,True
2025-03-01,Phan Xich Long,Phu Nhuan,Tea,169,6.464,True
2025-03-01,Phan Xich Long,Phu Nhuan,Smoothie,104,4.862,True
2025-03-01,Phan Xich Long,Phu Nhuan,Bakery,157,4.27,True
2025-03-02,Phan Xich Long,Phu Nhuan,Coffee,313,10.376,True
2025-03-02,Phan Xich Long,Phu Nhuan,Tea,179,6.847,True
2025-03-02,Phan Xich Long,Phu Nhuan,Smoothie,122,5.704,True
2025-03-02,Phan Xich Long,Phu Nhuan,Bakery,123,3.346,True
2025-03-03,Phan Xich Long,Phu Nhuan,Coffee,234,7.757,True
2025-03-03,Phan Xich Long,Phu Nhuan,Tea,137,5.24,True
2025-03-03,Phan Xich Long,Phu Nhuan,Smoothie,83,3.88,True
2025-03-03,Phan Xich Long,Phu Nhuan,Bakery,89,2.421,True
2025-03-04,Phan Xich Long,Phu Nhuan,Coffee,212,8.268,False
2025-03-04,Phan Xich Long,Phu Nhuan,Tea,114,5.13,False
2025-03-04,Phan Xich Long,Phu Nhuan,Smoothie,94,5.17,False
2025-03-04,Phan Xich Long,Phu Nhuan,Bakery,77,2.464,False
2025-03-05,Phan Xich Long,Phu Nhuan,Coffee,239,9.321,False
2025-03-05,Phan Xich Long,Phu Nhuan,Tea,129,5.805,False
2025-03-05,Phan Xich Long,Phu Nhuan,Smoothie,93,5.115,False
2025-03-05,Phan Xich Long,Phu Nhuan,Bakery,74,2.368,False
2025-03-06,Phan Xich Long,Phu Nhuan,Coffee,229,8.931,False
2025-03-06,Phan Xich Long,Phu Nhuan,Tea,118,5.31,False
2025-03-06,Phan Xich Long,Phu Nhuan,Smoothie,77,4.235,False
2025-03-06,Phan Xich Long,Phu Nhuan,Bakery,79,2.528,False
2025-03-07,Phan Xich Long,Phu Nhuan,Coffee,221,8.619,False
2025-03-07,Phan Xich Long,Phu Nhuan,Tea,124,5.58,False
2025-03-07,Phan Xich Long,Phu Nhuan,Smoothie,86,4.73,False
2025-03-07,Phan Xich Long,Phu Nhuan,Bakery,63,2.016,False
2025-03-08,Phan Xich Long,Phu Nhuan,Coffee,317,12.363,False
2025-03-08,Phan Xich Long,Phu Nhuan,Tea,175,7.875,False
2025-03-08,Phan Xich Long,Phu Nhuan,Smoothie,89,4.895,False
2025-03-08,Phan Xich Long,Phu Nhuan,Bakery,109,3.488,False
2025-03-09,Phan Xich Long,Phu Nhuan,Coffee,281,10.959,False
2025-03-09,Phan Xich Long,Phu Nhuan,Tea,165,7.425,False
2025-03-09,Phan Xich Long,Phu Nhuan,Smoothie,108,5.94,False
2025-03-09,Phan Xich Long,Phu Nhuan,Bakery,99,3.168,False
2025-03-10,Phan Xich Long,Phu Nhuan,Coffee,216,8.424,False
2025-03-10,Phan Xich Long,Phu Nhuan,Tea,122,5.49,False
2025-03-10,Phan Xich Long,Phu Nhuan,Smoothie,65,3.575,False
2025-03-10,Phan Xich Long,Phu Nhuan,Bakery,90,2.88,False
2025-03-11,Phan Xich Long,Phu Nhuan,Coffee,237,9.243,False
2025-03-11,Phan Xich Long,Phu Nhuan,Tea,121,5.445,False
2025-03-11,Phan Xich Long,Phu Nhuan,Smoothie,84,4.62,False
2025-03-11,Phan Xich Long,Phu Nhuan,Bakery,88,2.816,False
2025-03-12,Phan Xich Long,Phu Nhuan,Coffee,251,9.789,False
2025-03-12,Phan Xich Long,Phu Nhuan,Tea,142,6.39,False
2025-03-12,Phan Xich Long,Phu Nhuan,Smoothie,74,4.07,False
2025-03-12,Phan Xich Long,Phu Nhuan,Bakery,70,2.24,False
2025-03-13,Phan Xich Long,Phu Nhuan,Coffee,217,8.463,False
2025-03-13,Phan Xich Long,Phu Nhuan,Tea,120,5.4,False
2025-03-13,Phan Xich Long,Phu Nhuan,Smoothie,63,3.465,False
2025-03-13,Phan Xich Long,Phu Nhuan,Bakery,74,2.368,False
2025-03-14,Phan Xich Long,Phu Nhuan,Coffee,234,9.126,False
2025-03-14,Phan Xich Long,Phu Nhuan,Tea,127,5.715,False
2025-03-14,Phan Xich Long,Phu Nhuan,Smoothie,78,4.29,False
2025-03-14,Phan Xich Long,Phu Nhuan,Bakery,82,2.624,False
2025-03-15,Phan Xich Long,Phu Nhuan,Coffee,264,10.296,False
2025-03-15,Phan Xich Long,Phu Nhuan,Tea,139,6.255,False
2025-03-15,Phan Xich Long,Phu Nhuan,Smoothie,85,4.675,False
2025-03-15,Phan Xich Long,Phu Nhuan,Bakery,93,2.976,False
2025-03-16,Phan Xich Long,Phu Nhuan,Coffee,271,10.569,False
2025-03-16,Phan Xich Long,Phu Nhuan,Tea,159,7.155,False
2025-03-16,Phan Xich Long,Phu Nhuan,Smoothie,92,5.06,False
2025-03-16,Phan Xich Long,Phu Nhuan,Bakery,105,3.36,False
2025-03-17,Phan Xich Long,Phu Nhuan,Coffee,200,7.8,False
2025-03-17,Phan Xich Long,Phu Nhuan,Tea,133,5.985,False
2025-03-17,Phan Xich Long,Phu Nhuan,Smoothie,92,5.06,False
2025-03-17,Phan Xich Long,Phu Nhuan,Bakery,69,2.208,False
2025-03-18,Phan Xich Long,Phu Nhuan,Coffee,247,9.633,False
2025-03-18,Phan Xich Long,Phu Nhuan,Tea,135,6.075,False
2025-03-18,Phan Xich Long,Phu Nhuan,Smoothie,79,4.345,False
2025-03-18,Phan Xich Long,Phu Nhuan,Bakery,69,2.208,False
2025-03-19,Phan Xich Long,Phu Nhuan,Coffee,214,8.346,False
2025-03-19,Phan Xich Long,Phu Nhuan,Tea,131,5.895,False
2025-03-19,Phan Xich Long,Phu Nhuan,Smoothie,78,4.29,False
2025-03-19,Phan Xich Long,Phu Nhuan,Bakery,79,2.528,False
2025-03-20,Phan Xich Long,Phu Nhuan,Coffee,227,8.853,False
2025-03-20,Phan Xich Long,Phu Nhuan,Tea,114,5.13,False
2025-03-20,Phan Xich Long,Phu Nhuan,Smoothie,83,4.565,False
2025-03-20,Phan Xich Long,Phu Nhuan,Bakery,81,2.592,False
2025-03-21,Phan Xich Long,Phu Nhuan,Coffee,223,8.697,False
2025-03-21,Phan Xich Long,Phu Nhuan,Tea,137,6.165,False
2025-03-21,Phan Xich Long,Phu Nhuan,Smoothie,88,4.84,False
2025-03-21,Phan Xich Long,Phu Nhuan,Bakery,85,2.72,False
2025-03-22,Phan Xich Long,Phu Nhuan,Coffee,285,11.115,False
2025-03-22,Phan Xich Long,Phu Nhuan,Tea,151,6.795,False
2025-03-22,Phan Xich Long,Phu Nhuan,Smoothie,98,5.39,False
2025-03-22,Phan Xich Long,Phu Nhuan,Bakery,101,3.232,False
2025-03-23,Phan Xich Long,Phu Nhuan,Coffee,267,10.413,False
2025-03-23,Phan Xich Long,Phu Nhuan,Tea,157,7.065,False
2025-03-23,Phan Xich Long,Phu Nhuan,Smoothie,102,5.61,False
2025-03-23,Phan Xich Long,Phu Nhuan,Bakery,121,3.872,False
2025-03-24,Phan Xich Long,Phu Nhuan,Coffee,206,8.034,False
2025-03-24,Phan Xich Long,Phu Nhuan,Tea,108,4.86,False
2025-03-24,Phan Xich Long,Phu Nhuan,Smoothie,93,5.115,False
2025-03-24,Phan Xich Long,Phu Nhuan,Bakery,91,2.912,False
2025-03-25,Phan Xich Long,Phu Nhuan,Coffee,242,9.438,False
2025-03-25,Phan Xich Long,Phu Nhuan,Tea,102,4.59,False
2025-03-25,Phan Xich Long,Phu Nhuan,Smoothie,75,4.125,False
2025-03-25,Phan Xich Long,Phu Nhuan,Bakery,84,2.688,False
2025-03-26,Phan Xich Long,Phu Nhuan,Coffee,233,9.087,False
2025-03-26,Phan Xich Long,Phu Nhuan,Tea,136,6.12,False
2025-03-26,Phan Xich Long,Phu Nhuan,Smoothie,77,4.235,False
2025-03-26,Phan Xich Long,Phu Nhuan,Bakery,96,3.072,False
2025-03-27,Phan Xich Long,Phu Nhuan,Coffee,208,8.112,False
2025-03-27,Phan Xich Long,Phu Nhuan,Tea,136,6.12,False
2025-03-27,Phan Xich Long,Phu Nhuan,Smoothie,83,4.565,False
2025-03-27,Phan Xich Long,Phu Nhuan,Bakery,75,2.4,False
2025-03-28,Phan Xich Long,Phu Nhuan,Coffee,235,9.165,False
2025-03-28,Phan Xich Long,Phu Nhuan,Tea,112,5.04,False
2025-03-28,Phan Xich Long,Phu Nhuan,Smoothie,68,3.74,False
2025-03-28,Phan Xich Long,Phu Nhuan,Bakery,87,2.784,False
2025-03-29,Phan Xich Long,Phu Nhuan,Coffee,289,11.271,False
2025-03-29,Phan Xich Long,Phu Nhuan,Tea,164,7.38,False
2025-03-29,Phan Xich Long,Phu Nhuan,Smoothie,96,5.28,False
2025-03-29,Phan Xich Long,Phu Nhuan,Bakery,95,3.04,False
2025-03-30,Phan Xich Long,Phu Nhuan,Coffee,281,10.959,False
2025-03-30,Phan Xich Long,Phu Nhuan,Tea,140,6.3,False
2025-03-30,Phan Xich Long,Phu Nhuan,Smoothie,99,5.445,False
2025-03-30,Phan Xich Long,Phu Nhuan,Bakery,85,2.72,False
2025-03-31,Phan Xich Long,Phu Nhuan,Coffee,206,8.034,False
2025-03-31,Phan Xich Long,Phu Nhuan,Tea,117,5.265,False
2025-03-31,Phan Xich Long,Phu Nhuan,Smoothie,70,3.85,False
2025-03-31,Phan Xich Long,Phu Nhuan,Bakery,93,2.976,False
2025-04-01,Phan Xich Long,Phu Nhuan,Coffee,272,9.017,True
2025-04-01,Phan Xich Long,Phu Nhuan,Tea,145,5.546,True
2025-04-01,Phan Xich Long,Phu Nhuan,Smoothie,91,4.254,True
2025-04-01,Phan Xich Long,Phu Nhuan,Bakery,85,2.312,True
2025-04-02,Phan Xich Long,Phu Nhuan,Coffee,254,8.42,True
2025-04-02,Phan Xich Long,Phu Nhuan,Tea,163,6.235,True
2025-04-02,Phan Xich Long,Phu Nhuan,Smoothie,83,3.88,True
2025-04-02,Phan Xich Long,Phu Nhuan,Bakery,98,2.666,True
2025-04-03,Phan Xich Long,Phu Nhuan,Coffee,252,8.354,True
2025-04-03,Phan Xich Long,Phu Nhuan,Tea,148,5.661,True
2025-04-03,Phan Xich Long,Phu Nhuan,Smoothie,94,4.394,True
2025-04-03,Phan Xich Long,Phu Nhuan,Bakery,94,2.557,True
2025-04-04,Phan Xich Long,Phu Nhuan,Coffee,193,7.527,False
2025-04-04,Phan Xich Long,Phu Nhuan,Tea,146,6.57,False
2025-04-04,Phan Xich Long,Phu Nhuan,Smoothie,86,4.73,False
2025-04-04,Phan Xich Long,Phu Nhuan,Bakery,90,2.88,False
2025-04-05,Phan Xich Long,Phu Nhuan,Coffee,241,9.399,False
2025-04-05,Phan Xich Long,Phu Nhuan,Tea,141,6.345,False
2025-04-05,Phan Xich Long,Phu Nhuan,Smoothie,109,5.995,False
2025-04-05,Phan Xich Long,Phu Nhuan,Bakery,108,3.456,False
2025-04-06,Phan Xich Long,Phu Nhuan,Coffee,255,9.945,False
2025-04-06,Phan Xich Long,Phu Nhuan,Tea,167,7.515,False
2025-04-06,Phan Xich Long,Phu Nhuan,Smoothie,86,4.73,False
2025-04-06,Phan Xich Long,Phu Nhuan,Bakery,87,2.784,False
2025-04-07,Phan Xich Long,Phu Nhuan,Coffee,212,8.268,False
2025-04-07,Phan Xich Long,Phu Nhuan,Tea,132,5.94,False
2025-04-07,Phan Xich Long,Phu Nhuan,Smoothie,90,4.95,False
2025-04-07,Phan Xich Long,Phu Nhuan,Bakery,80,2.56,False
2025-04-08,Phan Xich Long,Phu Nhuan,Coffee,257,10.023,False
2025-04-08,Phan Xich Long,Phu Nhuan,Tea,108,4.86,False
2025-04-08,Phan Xich Long,Phu Nhuan,Smoothie,84,4.62,False
2025-04-08,Phan Xich Long,Phu Nhuan,Bakery,79,2.528,False
2025-04-09,Phan Xich Long,Phu Nhuan,Coffee,209,8.151,False
2025-04-09,Phan Xich Long,Phu Nhuan,Tea,136,6.12,False
2025-04-09,Phan Xich Long,Phu Nhuan,Smoothie,84,4.62,False
2025-04-09,Phan Xich Long,Phu Nhuan,Bakery,84,2.688,False
2025-04-10,Phan Xich Long,Phu Nhuan,Coffee,230,8.97,False
2025-04-10,Phan Xich Long,Phu Nhuan,Tea,112,5.04,False
2025-04-10,Phan Xich Long,Phu Nhuan,Smoothie,85,4.675,False
2025-04-10,Phan Xich Long,Phu Nhuan,Bakery,82,2.624,False
2025-04-11,Phan Xich Long,Phu Nhuan,Coffee,236,9.204,False
2025-04-11,Phan Xich Long,Phu Nhuan,Tea,122,5.49,False
2025-04-11,Phan Xich Long,Phu Nhuan,Smoothie,83,4.565,False
2025-04-11,Phan Xich Long,Phu Nhuan,Bakery,81,2.592,False
2025-04-12,Phan Xich Long,Phu Nhuan,Coffee,289,11.271,False
2025-04-12,Phan Xich Long,Phu Nhuan,Tea,148,6.66,False
2025-04-12,Phan Xich Long,Phu Nhuan,Smoothie,91,5.005,False
2025-04-12,Phan Xich Long,Phu Nhuan,Bakery,102,3.264,False
2025-04-13,Phan Xich Long,Phu Nhuan,Coffee,265,10.335,False
2025-04-13,Phan Xich Long,Phu Nhuan,Tea,152,6.84,False
2025-04-13,Phan Xich Long,Phu Nhuan,Smoothie,93,5.115,False
2025-04-13,Phan Xich Long,Phu Nhuan,Bakery,113,3.616,False
2025-04-14,Phan Xich Long,Phu Nhuan,Coffee,226,8.814,False
2025-04-14,Phan Xich Long,Phu Nhuan,Tea,146,6.57,False
2025-04-14,Phan Xich Long,Phu Nhuan,Smoothie,82,4.51,False
2025-04-14,Phan Xich Long,Phu Nhuan,Bakery,79,2.528,False
2025-04-15,Phan Xich Long,Phu Nhuan,Coffee,229,8.931,False
2025-04-15,Phan Xich Long,Phu Nhuan,Tea,111,4.995,False
2025-04-15,Phan Xich Long,Phu Nhuan,Smoothie,80,4.4,False
2025-04-15,Phan Xich Long,Phu Nhuan,Bakery,81,2.592,False
2025-04-16,Phan Xich Long,Phu Nhuan,Coffee,211,8.229,False
2025-04-16,Phan Xich Long,Phu Nhuan,Tea,120,5.4,False
2025-04-16,Phan Xich Long,Phu Nhuan,Smoothie,74,4.07,False
2025-04-16,Phan Xich Long,Phu Nhuan,Bakery,93,2.976,False
2025-04-17,Phan Xich Long,Phu Nhuan,Coffee,218,8.502,False
2025-04-17,Phan Xich Long,Phu Nhuan,Tea,112,5.04,False
2025-04-17,Phan Xich Long,Phu Nhuan,Smoothie,89,4.895,False
2025-04-17,Phan Xich Long,Phu Nhuan,Bakery,83,2.656,False
2025-04-18,Phan Xich Long,Phu Nhuan,Coffee,216,8.424,False
2025-04-18,Phan Xich Long,Phu Nhuan,Tea,127,5.715,False
2025-04-18,Phan Xich Long,Phu Nhuan,Smoothie,77,4.235,False
2025-04-18,Phan Xich Long,Phu Nhuan,Bakery,78,2.496,False
2025-04-19,Phan Xich Long,Phu Nhuan,Coffee,257,10.023,False
2025-04-19,Phan Xich Long,Phu Nhuan,Tea,124,5.58,False
2025-04-19,Phan Xich Long,Phu Nhuan,Smoothie,91,5.005,False
2025-04-19,Phan Xich Long,Phu Nhuan,Bakery,122,3.904,False
2025-04-20,Phan Xich Long,Phu Nhuan,Coffee,257,10.023,False
2025-04-20,Phan Xich Long,Phu Nhuan,Tea,186,8.37,False
2025-04-20,Phan Xich Long,Phu Nhuan,Smoothie,107,5.885,False
2025-04-20,Phan Xich Long,Phu Nhuan,Bakery,116,3.712,False
2025-04-21,Phan Xich Long,Phu Nhuan,Coffee,242,9.438,False
2025-04-21,Phan Xich Long,Phu Nhuan,Tea,149,6.705,False
2025-04-21,Phan Xich Long,Phu Nhuan,Smoothie,85,4.675,False
2025-04-21,Phan Xich Long,Phu Nhuan,Bakery,80,2.56,False
2025-04-22,Phan Xich Long,Phu Nhuan,Coffee,199,7.761,False
2025-04-22,Phan Xich Long,Phu Nhuan,Tea,121,5.445,False
2025-04-22,Phan Xich Long,Phu Nhuan,Smoothie,90,4.95,False
2025-04-22,Phan Xich Long,Phu Nhuan,Bakery,93,2.976,False
2025-04-23,Phan Xich Long,Phu Nhuan,Coffee,217,8.463,False
2025-04-23,Phan Xich Long,Phu Nhuan,Tea,116,5.22,False
2025-04-23,Phan Xich Long,Phu Nhuan,Smoothie,79,4.345,False
2025-04-23,Phan Xich Long,Phu Nhuan,Bakery,82,2.624,False
2025-04-24,Phan Xich Long,Phu Nhuan,Coffee,235,9.165,False
2025-04-24,Phan Xich Long,Phu Nhuan,Tea,127,5.715,False
2025-04-24,Phan Xich Long,Phu Nhuan,Smoothie,90,4.95,False
2025-04-24,Phan Xich Long,Phu Nhuan,Bakery,94,3.008,False
2025-04-25,Phan Xich Long,Phu Nhuan,Coffee,223,8.697,False
2025-04-25,Phan Xich Long,Phu Nhuan,Tea,131,5.895,False
2025-04-25,Phan Xich Long,Phu Nhuan,Smoothie,69,3.795,False
2025-04-25,Phan Xich Long,Phu Nhuan,Bakery,62,1.984,False
2025-04-26,Phan Xich Long,Phu Nhuan,Coffee,262,10.218,False
2025-04-26,Phan Xich Long,Phu Nhuan,Tea,152,6.84,False
2025-04-26,Phan Xich Long,Phu Nhuan,Smoothie,108,5.94,False
2025-04-26,Phan Xich Long,Phu Nhuan,Bakery,88,2.816,False
2025-04-27,Phan Xich Long,Phu Nhuan,Coffee,270,10.53,False
2025-04-27,Phan Xich Long,Phu Nhuan,Tea,156,7.02,False
2025-04-27,Phan Xich Long,Phu Nhuan,Smoothie,95,5.225,False
2025-04-27,Phan Xich Long,Phu Nhuan,Bakery,97,3.104,False
2025-04-28,Phan Xich Long,Phu Nhuan,Coffee,203,7.917,False
2025-04-28,Phan Xich Long,Phu Nhuan,Tea,127,5.715,False
2025-04-28,Phan Xich Long,Phu Nhuan,Smoothie,66,3.63,False
2025-04-28,Phan Xich Long,Phu Nhuan,Bakery,75,2.4,False
2025-04-29,Phan Xich Long,Phu Nhuan,Coffee,239,9.321,False
2025-04-29,Phan Xich Long,Phu Nhuan,Tea,120,5.4,False
2025-04-29,Phan Xich Long,Phu Nhuan,Smoothie,67,3.685,False
2025-04-29,Phan Xich Long,Phu Nhuan,Bakery,84,2.688,False
2025-04-30,Phan Xich Long,Phu Nhuan,Coffee,216,8.424,False
2025-04-30,Phan Xich Long,Phu Nhuan,Tea,113,5.085,False
2025-04-30,Phan Xich Long,Phu Nhuan,Smoothie,83,4.565,False
2025-04-30,Phan Xich Long,Phu Nhuan,Bakery,78,2.496,False
2025-05-01,Phan Xich Long,Phu Nhuan,Coffee,278,9.216,True
2025-05-01,Phan Xich Long,Phu Nhuan,Tea,159,6.082,True
2025-05-01,Phan Xich Long,Phu Nhuan,Smoothie,99,4.628,True
2025-05-01,Phan Xich Long,Phu Nhuan,Bakery,107,2.91,True
2025-05-02,Phan Xich Long,Phu Nhuan,Coffee,231,7.658,True
2025-05-02,Phan Xich Long,Phu Nhuan,Tea,156,5.967,True
2025-05-02,Phan Xich Long,Phu Nhuan,Smoothie,83,3.88,True
2025-05-02,Phan Xich Long,Phu Nhuan,Bakery,110,2.992,True
2025-05-03,Phan Xich Long,Phu Nhuan,Coffee,333,11.039,True
2025-05-03,Phan Xich Long,Phu Nhuan,Tea,187,7.153,True
2025-05-03,Phan Xich Long,Phu Nhuan,Smoothie,110,5.143,True
2025-05-03,Phan Xich Long,Phu Nhuan,Bakery,132,3.59,True
2025-05-04,Phan Xich Long,Phu Nhuan,Coffee,302,11.778,False
2025-05-04,Phan Xich Long,Phu Nhuan,Tea,139,6.255,False
2025-05-04,Phan Xich Long,Phu Nhuan,Smoothie,97,5.335,False
2025-05-04,Phan Xich Long,Phu Nhuan,Bakery,106,3.392,False
2025-05-05,Phan Xich Long,Phu Nhuan,Coffee,240,9.36,False
2025-05-05,Phan Xich Long,Phu Nhuan,Tea,120,5.4,False
2025-05-05,Phan Xich Long,Phu Nhuan,Smoothie,83,4.565,False
2025-05-05,Phan Xich Long,Phu Nhuan,Bakery,79,2.528,False
2025-05-06,Phan Xich Long,Phu Nhuan,Coffee,252,9.828,False
2025-05-06,Phan Xich Long,Phu Nhuan,Tea,132,5.94,False
2025-05-06,Phan Xich Long,Phu Nhuan,Smoothie,77,4.235,False
2025-05-06,Phan Xich Long,Phu Nhuan,Bakery,82,2.624,False
2025-05-07,Phan Xich Long,Phu Nhuan,Coffee,233,9.087,False
2025-05-07,Phan Xich Long,Phu Nhuan,Tea,119,5.355,False
2025-05-07,Phan Xich Long,Phu Nhuan,Smoothie,77,4.235,False
2025-05-07,Phan Xich Long,Phu Nhuan,Bakery,81,2.592,False
2025-05-08,Phan Xich Long,Phu Nhuan,Coffee,214,8.346,False
2025-05-08,Phan Xich Long,Phu Nhuan,Tea,122,5.49,False
2025-05-08,Phan Xich Long,Phu Nhuan,Smoothie,85,4.675,False
2025-05-08,Phan Xich Long,Phu Nhuan,Bakery,87,2.784,False
2025-05-09,Phan Xich Long,Phu Nhuan,Coffee,238,9.282,False
2025-05-09,Phan Xich Long,Phu Nhuan,Tea,134,6.03,False
2025-05-09,Phan Xich Long,Phu Nhuan,Smoothie,87,4.785,False
2025-05-09,Phan Xich Long,Phu Nhuan,Bakery,76,2.432,False
2025-05-10,Phan Xich Long,Phu Nhuan,Coffee,251,9.789,False
2025-05-10,Phan Xich Long,Phu Nhuan,Tea,164,7.38,False
2025-05-10,Phan Xich Long,Phu Nhuan,Smoothie,122,6.71,False
2025-05-10,Phan Xich Long,Phu Nhuan,Bakery,91,2.912,False
2025-05-11,Phan Xich Long,Phu Nhuan,Coffee,274,10.686,False
2025-05-11,Phan Xich Long,Phu Nhuan,Tea,169,7.605,False
2025-05-11,Phan Xich Long,Phu Nhuan,Smoothie,116,6.38,False
2025-05-11,Phan Xich Long,Phu Nhuan,Bakery,111,3.552,False
2025-05-12,Phan Xich Long,Phu Nhuan,Coffee,197,7.683,False
2025-05-12,Phan Xich Long,Phu Nhuan,Tea,127,5.715,False
2025-05-12,Phan Xich Long,Phu Nhuan,Smoothie,74,4.07,False
2025-05-12,Phan Xich Long,Phu Nhuan,Bakery,73,2.336,False
2025-05-13,Phan Xich Long,Phu Nhuan,Coffee,212,8.268,False
2025-05-13,Phan Xich Long,Phu Nhuan,Tea,130,5.85,False
2025-05-13,Phan Xich Long,Phu Nhuan,Smoothie,84,4.62,False
2025-05-13,Phan Xich Long,Phu Nhuan,Bakery,76,2.432,False
2025-05-14,Phan Xich Long,Phu Nhuan,Coffee,219,8.541,False
2025-05-14,Phan Xich Long,Phu Nhuan,Tea,114,5.13,False
2025-05-14,Phan Xich Long,Phu Nhuan,Smoothie,73,4.015,False
2025-05-14,Phan Xich Long,Phu Nhuan,Bakery,81,2.592,False
2025-05-15,Phan Xich Long,Phu Nhuan,Coffee,220,8.58,False
2025-05-15,Phan Xich Long,Phu Nhuan,Tea,135,6.075,False
2025-05-15,Phan Xich Long,Phu Nhuan,Smoothie,72,3.96,False
2025-05-15,Phan Xich Long,Phu Nhuan,Bakery,73,2.336,False
2025-05-16,Phan Xich Long,Phu Nhuan,Coffee,200,7.8,False
2025-05-16,Phan Xich Long,Phu Nhuan,Tea,119,5.355,False
2025-05-16,Phan Xich Long,Phu Nhuan,Smoothie,65,3.575,False
2025-05-16,Phan Xich Long,Phu Nhuan,Bakery,83,2.656,False
2025-05-17,Phan Xich Long,Phu Nhuan,Coffee,261,10.179,False
2025-05-17,Phan Xich Long,Phu Nhuan,Tea,161,7.245,False
2025-05-17,Phan Xich Long,Phu Nhuan,Smoothie,114,6.27,False
2025-05-17,Phan Xich Long,Phu Nhuan,Bakery,90,2.88,False
2025-05-18,Phan Xich Long,Phu Nhuan,Coffee,263,10.257,False
2025-05-18,Phan Xich Long,Phu Nhuan,Tea,156,7.02,False
2025-05-18,Phan Xich Long,Phu Nhuan,Smoothie,95,5.225,False
2025-05-18,Phan Xich Long,Phu Nhuan,Bakery,127,4.064,False
2025-05-19,Phan Xich Long,Phu Nhuan,Coffee,232,9.048,False
2025-05-19,Phan Xich Long,Phu Nhuan,Tea,126,5.67,False
2025-05-19,Phan Xich Long,Phu Nhuan,Smoothie,91,5.005,False
2025-05-19,Phan Xich Long,Phu Nhuan,Bakery,83,2.656,False
2025-05-20,Phan Xich Long,Phu Nhuan,Coffee,201,7.839,False
2025-05-20,Phan Xich Long,Phu Nhuan,Tea,122,5.49,False
2025-05-20,Phan Xich Long,Phu Nhuan,Smoothie,77,4.235,False
2025-05-20,Phan Xich Long,Phu Nhuan,Bakery,87,2.784,False
2025-05-21,Phan Xich Long,Phu Nhuan,Coffee,209,8.151,False
2025-05-21,Phan Xich Long,Phu Nhuan,Tea,142,6.39,False
2025-05-21,Phan Xich Long,Phu Nhuan,Smoothie,82,4.51,False
2025-05-21,Phan Xich Long,Phu Nhuan,Bakery,83,2.656,False
2025-05-22,Phan Xich Long,Phu Nhuan,Coffee,242,9.438,False
2025-05-22,Phan Xich Long,Phu Nhuan,Tea,87,3.915,False
2025-05-22,Phan Xich Long,Phu Nhuan,Smoothie,91,5.005,False
2025-05-22,Phan Xich Long,Phu Nhuan,Bakery,107,3.424,False
2025-05-23,Phan Xich Long,Phu Nhuan,Coffee,235,9.165,False
2025-05-23,Phan Xich Long,Phu Nhuan,Tea,140,6.3,False
2025-05-23,Phan Xich Long,Phu Nhuan,Smoothie,68,3.74,False
2025-05-23,Phan Xich Long,Phu Nhuan,Bakery,87,2.784,False
2025-05-24,Phan Xich Long,Phu Nhuan,Coffee,262,10.218,False
2025-05-24,Phan Xich Long,Phu Nhuan,Tea,143,6.435,False
2025-05-24,Phan Xich Long,Phu Nhuan,Smoothie,104,5.72,False
2025-05-24,Phan Xich Long,Phu Nhuan,Bakery,85,2.72,False
2025-05-25,Phan Xich Long,Phu Nhuan,Coffee,267,10.413,False
2025-05-25,Phan Xich Long,Phu Nhuan,Tea,154,6.93,False
2025-05-25,Phan Xich Long,Phu Nhuan,Smoothie,112,6.16,False
2025-05-25,Phan Xich Long,Phu Nhuan,Bakery,86,2.752,False
2025-05-26,Phan Xich Long,Phu Nhuan,Coffee,234,9.126,False
2025-05-26,Phan Xich Long,Phu Nhuan,Tea,126,5.67,False
2025-05-26,Phan Xich Long,Phu Nhuan,Smoothie,74,4.07,False
2025-05-26,Phan Xich Long,Phu Nhuan,Bakery,80,2.56,False
2025-05-27,Phan Xich Long,Phu Nhuan,Coffee,207,8.073,False
2025-05-27,Phan Xich Long,Phu Nhuan,Tea,118,5.31,False
2025-05-27,Phan Xich Long,Phu Nhuan,Smoothie,82,4.51,False
2025-05-27,Phan Xich Long,Phu Nhuan,Bakery,94,3.008,False
2025-05-28,Phan Xich Long,Phu Nhuan,Coffee,223,8.697,False
2025-05-28,Phan Xich Long,Phu Nhuan,Tea,140,6.3,False
2025-05-28,Phan Xich Long,Phu Nhuan,Smoothie,98,5.39,False
2025-05-28,Phan Xich Long,Phu Nhuan,Bakery,86,2.752,False
2025-05-29,Phan Xich Long,Phu Nhuan,Coffee,226,8.814,False
2025-05-29,Phan Xich Long,Phu Nhuan,Tea,124,5.58,False
2025-05-29,Phan Xich Long,Phu Nhuan,Smoothie,84,4.62,False
2025-05-29,Phan Xich Long,Phu Nhuan,Bakery,101,3.232,False
2025-05-30,Phan Xich Long,Phu Nhuan,Coffee,243,9.477,False
2025-05-30,Phan Xich Long,Phu Nhuan,Tea,141,6.345,False
2025-05-30,Phan Xich Long,Phu Nhuan,Smoothie,73,4.015,False
2025-05-30,Phan Xich Long,Phu Nhuan,Bakery,87,2.784,False
2025-05-31,Phan Xich Long,Phu Nhuan,Coffee,262,10.218,False
2025-05-31,Phan Xich Long,Phu Nhuan,Tea,150,6.75,False
2025-05-31,Phan Xich Long,Phu Nhuan,Smoothie,97,5.335,False
2025-05-31,Phan Xich Long,Phu Nhuan,Bakery,100,3.2,False
2025-06-01,Phan Xich Long,Phu Nhuan,Coffee,300,9.945,True
2025-06-01,Phan Xich Long,Phu Nhuan,Tea,182,6.962,True
2025-06-01,Phan Xich Long,Phu Nhuan,Smoothie,72,3.366,True
2025-06-01,Phan Xich Long,Phu Nhuan,Bakery,119,3.237,True
2025-06-02,Phan Xich Long,Phu Nhuan,Coffee,287,9.514,True
2025-06-02,Phan Xich Long,Phu Nhuan,Tea,153,5.852,True
2025-06-02,Phan Xich Long,Phu Nhuan,Smoothie,54,2.525,True
2025-06-02,Phan Xich Long,Phu Nhuan,Bakery,105,2.856,True
2025-06-03,Phan Xich Long,Phu Nhuan,Coffee,251,8.321,True
2025-06-03,Phan Xich Long,Phu Nhuan,Tea,161,6.158,True
2025-06-03,Phan Xich Long,Phu Nhuan,Smoothie,62,2.898,True
2025-06-03,Phan Xich Long,Phu Nhuan,Bakery,98,2.666,True
2025-06-04,Phan Xich Long,Phu Nhuan,Coffee,213,8.307,False
2025-06-04,Phan Xich Long,Phu Nhuan,Tea,133,5.985,False
2025-06-04,Phan Xich Long,Phu Nhuan,Smoothie,47,2.585,False
2025-06-04,Phan Xich Long,Phu Nhuan,Bakery,79,2.528,False
2025-06-05,Phan Xich Long,Phu Nhuan,Coffee,215,8.385,False
2025-06-05,Phan Xich Long,Phu Nhuan,Tea,119,5.355,False
2025-06-05,Phan Xich Long,Phu Nhuan,Smoothie,67,3.685,False
2025-06-05,Phan Xich Long,Phu Nhuan,Bakery,80,2.56,False
2025-06-06,Phan Xich Long,Phu Nhuan,Coffee,213,8.307,False
2025-06-06,Phan Xich Long,Phu Nhuan,Tea,160,7.2,False
2025-06-06,Phan Xich Long,Phu Nhuan,Smoothie,66,3.63,False
2025-06-06,Phan Xich Long,Phu Nhuan,Bakery,76,2.432,False
2025-06-07,Phan Xich Long,Phu Nhuan,Coffee,261,10.179,False
2025-06-07,Phan Xich Long,Phu Nhuan,Tea,170,7.65,False
2025-06-07,Phan Xich Long,Phu Nhuan,Smoothie,68,3.74,False
2025-06-07,Phan Xich Long,Phu Nhuan,Bakery,103,3.296,False
2025-06-08,Phan Xich Long,Phu Nhuan,Coffee,250,9.75,False
2025-06-08,Phan Xich Long,Phu Nhuan,Tea,165,7.425,False
2025-06-08,Phan Xich Long,Phu Nhuan,Smoothie,55,3.025,False
2025-06-08,Phan Xich Long,Phu Nhuan,Bakery,89,2.848,False
2025-06-09,Phan Xich Long,Phu Nhuan,Coffee,224,8.736,False
2025-06-09,Phan Xich Long,Phu Nhuan,Tea,139,6.255,False
2025-06-09,Phan Xich Long,Phu Nhuan,Smoothie,48,2.64,False
2025-06-09,Phan Xich Long,Phu Nhuan,Bakery,73,2.336,False
2025-06-10,Phan Xich Long,Phu Nhuan,Coffee,208,8.112,False
2025-06-10,Phan Xich Long,Phu Nhuan,Tea,123,5.535,False
2025-06-10,Phan Xich Long,Phu Nhuan,Smoothie,71,3.905,False
2025-06-10,Phan Xich Long,Phu Nhuan,Bakery,81,2.592,False
2025-06-11,Phan Xich Long,Phu Nhuan,Coffee,196,7.644,False
2025-06-11,Phan Xich Long,Phu Nhuan,Tea,124,5.58,False
2025-06-11,Phan Xich Long,Phu Nhuan,Smoothie,60,3.3,False
2025-06-11,Phan Xich Long,Phu Nhuan,Bakery,76,2.432,False
2025-06-12,Phan Xich Long,Phu Nhuan,Coffee,238,9.282,False
2025-06-12,Phan Xich Long,Phu Nhuan,Tea,108,4.86,False
2025-06-12,Phan Xich Long,Phu Nhuan,Smoothie,62,3.41,False
2025-06-12,Phan Xich Long,Phu Nhuan,Bakery,78,2.496,False
2025-06-13,Phan Xich Long,Phu Nhuan,Coffee,208,8.112,False
2025-06-13,Phan Xich Long,Phu Nhuan,Tea,124,5.58,False
2025-06-13,Phan Xich Long,Phu Nhuan,Smoothie,49,2.695,False
2025-06-13,Phan Xich Long,Phu Nhuan,Bakery,94,3.008,False
2025-06-14,Phan Xich Long,Phu Nhuan,Coffee,267,10.413,False
2025-06-14,Phan Xich Long,Phu Nhuan,Tea,165,7.425,False
2025-06-14,Phan Xich Long,Phu Nhuan,Smoothie,61,3.355,False
2025-06-14,Phan Xich Long,Phu Nhuan,Bakery,100,3.2,False
2025-06-15,Phan Xich Long,Phu Nhuan,Coffee,263,10.257,False
2025-06-15,Phan Xich Long,Phu Nhuan,Tea,152,6.84,False
2025-06-15,Phan Xich Long,Phu Nhuan,Smoothie,64,3.52,False
2025-06-15,Phan Xich Long,Phu Nhuan,Bakery,96,3.072,False
2025-06-16,Phan Xich Long,Phu Nhuan,Coffee,192,7.488,False
2025-06-16,Phan Xich Long,Phu Nhuan,Tea,125,5.625,False
2025-06-16,Phan Xich Long,Phu Nhuan,Smoothie,40,2.2,False
2025-06-16,Phan Xich Long,Phu Nhuan,Bakery,68,2.176,False
2025-06-17,Phan Xich Long,Phu Nhuan,Coffee,193,7.527,False
2025-06-17,Phan Xich Long,Phu Nhuan,Tea,137,6.165,False
2025-06-17,Phan Xich Long,Phu Nhuan,Smoothie,55,3.025,False
2025-06-17,Phan Xich Long,Phu Nhuan,Bakery,79,2.528,False
2025-06-18,Phan Xich Long,Phu Nhuan,Coffee,190,7.41,False
2025-06-18,Phan Xich Long,Phu Nhuan,Tea,142,6.39,False
2025-06-18,Phan Xich Long,Phu Nhuan,Smoothie,55,3.025,False
2025-06-18,Phan Xich Long,Phu Nhuan,Bakery,75,2.4,False
2025-06-19,Phan Xich Long,Phu Nhuan,Coffee,209,8.151,False
2025-06-19,Phan Xich Long,Phu Nhuan,Tea,117,5.265,False
2025-06-19,Phan Xich Long,Phu Nhuan,Smoothie,58,3.19,False
2025-06-19,Phan Xich Long,Phu Nhuan,Bakery,81,2.592,False
2025-06-20,Phan Xich Long,Phu Nhuan,Coffee,201,7.839,False
2025-06-20,Phan Xich Long,Phu Nhuan,Tea,141,6.345,False
2025-06-20,Phan Xich Long,Phu Nhuan,Smoothie,44,2.42,False
2025-06-20,Phan Xich Long,Phu Nhuan,Bakery,79,2.528,False
2025-06-21,Phan Xich Long,Phu Nhuan,Coffee,271,10.569,False
2025-06-21,Phan Xich Long,Phu Nhuan,Tea,164,7.38,False
2025-06-21,Phan Xich Long,Phu Nhuan,Smoothie,69,3.795,False
2025-06-21,Phan Xich Long,Phu Nhuan,Bakery,94,3.008,False
2025-06-22,Phan Xich Long,Phu Nhuan,Coffee,286,11.154,False
2025-06-22,Phan Xich Long,Phu Nhuan,Tea,168,7.56,False
2025-06-22,Phan Xich Long,Phu Nhuan,Smoothie,64,3.52,False
2025-06-22,Phan Xich Long,Phu Nhuan,Bakery,88,2.816,False
2025-06-23,Phan Xich Long,Phu Nhuan,Coffee,196,7.644,False
2025-06-23,Phan Xich Long,Phu Nhuan,Tea,132,5.94,False
2025-06-23,Phan Xich Long,Phu Nhuan,Smoothie,52,2.86,False
2025-06-23,Phan Xich Long,Phu Nhuan,Bakery,82,2.624,False
2025-06-24,Phan Xich Long,Phu Nhuan,Coffee,219,8.541,False
2025-06-24,Phan Xich Long,Phu Nhuan,Tea,131,5.895,False
2025-06-24,Phan Xich Long,Phu Nhuan,Smoothie,43,2.365,False
2025-06-24,Phan Xich Long,Phu Nhuan,Bakery,73,2.336,False
2025-06-25,Phan Xich Long,Phu Nhuan,Coffee,205,7.995,False
2025-06-25,Phan Xich Long,Phu Nhuan,Tea,124,5.58,False
2025-06-25,Phan Xich Long,Phu Nhuan,Smoothie,53,2.915,False
2025-06-25,Phan Xich Long,Phu Nhuan,Bakery,90,2.88,False
2025-06-26,Phan Xich Long,Phu Nhuan,Coffee,217,8.463,False
2025-06-26,Phan Xich Long,Phu Nhuan,Tea,123,5.535,False
2025-06-26,Phan Xich Long,Phu Nhuan,Smoothie,54,2.97,False
2025-06-26,Phan Xich Long,Phu Nhuan,Bakery,77,2.464,False
2025-06-27,Phan Xich Long,Phu Nhuan,Coffee,224,8.736,False
2025-06-27,Phan Xich Long,Phu Nhuan,Tea,126,5.67,False
2025-06-27,Phan Xich Long,Phu Nhuan,Smoothie,44,2.42,False
2025-06-27,Phan Xich Long,Phu Nhuan,Bakery,88,2.816,False
2025-06-28,Phan Xich Long,Phu Nhuan,Coffee,265,10.335,False
2025-06-28,Phan Xich Long,Phu Nhuan,Tea,171,7.695,False
2025-06-28,Phan Xich Long,Phu Nhuan,Smoothie,67,3.685,False
2025-06-28,Phan Xich Long,Phu Nhuan,Bakery,98,3.136,False
2025-06-29,Phan Xich Long,Phu Nhuan,Coffee,264,10.296,False
2025-06-29,Phan Xich Long,Phu Nhuan,Tea,155,6.975,False
2025-06-29,Phan Xich Long,Phu Nhuan,Smoothie,51,2.805,False
2025-06-29,Phan Xich Long,Phu Nhuan,Bakery,90,2.88,False
2025-06-30,Phan Xich Long,Phu Nhuan,Coffee,233,9.087,False
2025-06-30,Phan Xich Long,Phu Nhuan,Tea,140,6.3,False
2025-06-30,Phan Xich Long,Phu Nhuan,Smoothie,51,2.805,False
2025-06-30,Phan Xich Long,Phu Nhuan,Bakery,86,2.752,False
2025-07-01,Phan Xich Long,Phu Nhuan,Coffee,234,7.757,True
2025-07-01,Phan Xich Long,Phu Nhuan,Tea,145,5.546,True
2025-07-01,Phan Xich Long,Phu Nhuan,Smoothie,52,2.431,True
2025-07-01,Phan Xich Long,Phu Nhuan,Bakery,93,2.53,True
2025-07-02,Phan Xich Long,Phu Nhuan,Coffee,239,7.923,True
2025-07-02,Phan Xich Long,Phu Nhuan,Tea,168,6.426,True
2025-07-02,Phan Xich Long,Phu Nhuan,Smoothie,72,3.366,True
2025-07-02,Phan Xich Long,Phu Nhuan,Bakery,97,2.638,True
2025-07-03,Phan Xich Long,Phu Nhuan,Coffee,241,7.989,True
2025-07-03,Phan Xich Long,Phu Nhuan,Tea,161,6.158,True
2025-07-03,Phan Xich Long,Phu Nhuan,Smoothie,69,3.226,True
2025-07-03,Phan Xich Long,Phu Nhuan,Bakery,96,2.611,True
2025-07-04,Phan Xich Long,Phu Nhuan,Coffee,210,8.19,False
2025-07-04,Phan Xich Long,Phu Nhuan,Tea,120,5.4,False
2025-07-04,Phan Xich Long,Phu Nhuan,Smoothie,33,1.815,False
2025-07-04,Phan Xich Long,Phu Nhuan,Bakery,76,2.432,False
2025-07-05,Phan Xich Long,Phu Nhuan,Coffee,262,10.218,False
2025-07-05,Phan Xich Long,Phu Nhuan,Tea,160,7.2,False
2025-07-05,Phan Xich Long,Phu Nhuan,Smoothie,70,3.85,False
2025-07-05,Phan Xich Long,Phu Nhuan,Bakery,89,2.848,False
2025-07-06,Phan Xich Long,Phu Nhuan,Coffee,267,10.413,False
2025-07-06,Phan Xich Long,Phu Nhuan,Tea,167,7.515,False
2025-07-06,Phan Xich Long,Phu Nhuan,Smoothie,66,3.63,False
2025-07-06,Phan Xich Long,Phu Nhuan,Bakery,103,3.296,False
2025-07-07,Phan Xich Long,Phu Nhuan,Coffee,236,9.204,False
2025-07-07,Phan Xich Long,Phu Nhuan,Tea,134,6.03,False
2025-07-07,Phan Xich Long,Phu Nhuan,Smoothie,62,3.41,False
2025-07-07,Phan Xich Long,Phu Nhuan,Bakery,92,2.944,False
2025-07-08,Phan Xich Long,Phu Nhuan,Coffee,190,7.41,False
2025-07-08,Phan Xich Long,Phu Nhuan,Tea,122,5.49,False
2025-07-08,Phan Xich Long,Phu Nhuan,Smoothie,53,2.915,False
2025-07-08,Phan Xich Long,Phu Nhuan,Bakery,87,2.784,False
2025-07-09,Phan Xich Long,Phu Nhuan,Coffee,223,8.697,False
2025-07-09,Phan Xich Long,Phu Nhuan,Tea,135,6.075,False
2025-07-09,Phan Xich Long,Phu Nhuan,Smoothie,58,3.19,False
2025-07-09,Phan Xich Long,Phu Nhuan,Bakery,89,2.848,False
2025-07-10,Phan Xich Long,Phu Nhuan,Coffee,235,9.165,False
2025-07-10,Phan Xich Long,Phu Nhuan,Tea,126,5.67,False
2025-07-10,Phan Xich Long,Phu Nhuan,Smoothie,49,2.695,False
2025-07-10,Phan Xich Long,Phu Nhuan,Bakery,87,2.784,False
2025-07-11,Phan Xich Long,Phu Nhuan,Coffee,194,7.566,False
2025-07-11,Phan Xich Long,Phu Nhuan,Tea,124,5.58,False
2025-07-11,Phan Xich Long,Phu Nhuan,Smoothie,44,2.42,False
2025-07-11,Phan Xich Long,Phu Nhuan,Bakery,73,2.336,False
2025-07-12,Phan Xich Long,Phu Nhuan,Coffee,311,12.129,False
2025-07-12,Phan Xich Long,Phu Nhuan,Tea,176,7.92,False
2025-07-12,Phan Xich Long,Phu Nhuan,Smoothie,61,3.355,False
2025-07-12,Phan Xich Long,Phu Nhuan,Bakery,120,3.84,False
2025-07-13,Phan Xich Long,Phu Nhuan,Coffee,261,10.179,False
2025-07-13,Phan Xich Long,Phu Nhuan,Tea,158,7.11,False
2025-07-13,Phan Xich Long,Phu Nhuan,Smoothie,63,3.465,False
2025-07-13,Phan Xich Long,Phu Nhuan,Bakery,97,3.104,False
2025-07-14,Phan Xich Long,Phu Nhuan,Coffee,208,8.112,False
2025-07-14,Phan Xich Long,Phu Nhuan,Tea,140,6.3,False
2025-07-14,Phan Xich Long,Phu Nhuan,Smoothie,54,2.97,False
2025-07-14,Phan Xich Long,Phu Nhuan,Bakery,90,2.88,False
2025-07-15,Phan Xich Long,Phu Nhuan,Coffee,202,7.878,False
2025-07-15,Phan Xich Long,Phu Nhuan,Tea,137,6.165,False
2025-07-15,Phan Xich Long,Phu Nhuan,Smoothie,78,4.29,False
2025-07-15,Phan Xich Long,Phu Nhuan,Bakery,74,2.368,False
2025-07-16,Phan Xich Long,Phu Nhuan,Coffee,207,8.073,False
2025-07-16,Phan Xich Long,Phu Nhuan,Tea,110,4.95,False
2025-07-16,Phan Xich Long,Phu Nhuan,Smoothie,53,2.915,False
2025-07-16,Phan Xich Long,Phu Nhuan,Bakery,73,2.336,False
2025-07-17,Phan Xich Long,Phu Nhuan,Coffee,217,8.463,False
2025-07-17,Phan Xich Long,Phu Nhuan,Tea,133,5.985,False
2025-07-17,Phan Xich Long,Phu Nhuan,Smoothie,56,3.08,False
2025-07-17,Phan Xich Long,Phu Nhuan,Bakery,71,2.272,False
2025-07-18,Phan Xich Long,Phu Nhuan,Coffee,182,7.098,False
2025-07-18,Phan Xich Long,Phu Nhuan,Tea,137,6.165,False
2025-07-18,Phan Xich Long,Phu Nhuan,Smoothie,53,2.915,False
2025-07-18,Phan Xich Long,Phu Nhuan,Bakery,82,2.624,False
2025-07-19,Phan Xich Long,Phu Nhuan,Coffee,263,10.257,False
2025-07-19,Phan Xich Long,Phu Nhuan,Tea,158,7.11,False
2025-07-19,Phan Xich Long,Phu Nhuan,Smoothie,63,3.465,False
2025-07-19,Phan Xich Long,Phu Nhuan,Bakery,89,2.848,False
2025-07-20,Phan Xich Long,Phu Nhuan,Coffee,247,9.633,False
2025-07-20,Phan Xich Long,Phu Nhuan,Tea,171,7.695,False
2025-07-20,Phan Xich Long,Phu Nhuan,Smoothie,62,3.41,False
2025-07-20,Phan Xich Long,Phu Nhuan,Bakery,114,3.648,False
2025-07-21,Phan Xich Long,Phu Nhuan,Coffee,200,7.8,False
2025-07-21,Phan Xich Long,Phu Nhuan,Tea,133,5.985,False
2025-07-21,Phan Xich Long,Phu Nhuan,Smoothie,60,3.3,False
2025-07-21,Phan Xich Long,Phu Nhuan,Bakery,71,2.272,False
2025-07-22,Phan Xich Long,Phu Nhuan,Coffee,216,8.424,False
2025-07-22,Phan Xich Long,Phu Nhuan,Tea,126,5.67,False
2025-07-22,Phan Xich Long,Phu Nhuan,Smoothie,61,3.355,False
2025-07-22,Phan Xich Long,Phu Nhuan,Bakery,64,2.048,False
2025-07-23,Phan Xich Long,Phu Nhuan,Coffee,185,7.215,False
2025-07-23,Phan Xich Long,Phu Nhuan,Tea,127,5.715,False
2025-07-23,Phan Xich Long,Phu Nhuan,Smoothie,46,2.53,False
2025-07-23,Phan Xich Long,Phu Nhuan,Bakery,89,2.848,False
2025-07-24,Phan Xich Long,Phu Nhuan,Coffee,195,7.605,False
2025-07-24,Phan Xich Long,Phu Nhuan,Tea,121,5.445,False
2025-07-24,Phan Xich Long,Phu Nhuan,Smoothie,64,3.52,False
2025-07-24,Phan Xich Long,Phu Nhuan,Bakery,92,2.944,False
2025-07-25,Phan Xich Long,Phu Nhuan,Coffee,224,8.736,False
2025-07-25,Phan Xich Long,Phu Nhuan,Tea,111,4.995,False
2025-07-25,Phan Xich Long,Phu Nhuan,Smoothie,48,2.64,False
2025-07-25,Phan Xich Long,Phu Nhuan,Bakery,89,2.848,False
2025-07-26,Phan Xich Long,Phu Nhuan,Coffee,257,10.023,False
2025-07-26,Phan Xich Long,Phu Nhuan,Tea,157,7.065,False
2025-07-26,Phan Xich Long,Phu Nhuan,Smoothie,60,3.3,False
2025-07-26,Phan Xich Long,Phu Nhuan,Bakery,95,3.04,False
2025-07-27,Phan Xich Long,Phu Nhuan,Coffee,252,9.828,False
2025-07-27,Phan Xich Long,Phu Nhuan,Tea,173,7.785,False
2025-07-27,Phan Xich Long,Phu Nhuan,Smoothie,70,3.85,False
2025-07-27,Phan Xich Long,Phu Nhuan,Bakery,92,2.944,False
2025-07-28,Phan Xich Long,Phu Nhuan,Coffee,180,7.02,False
2025-07-28,Phan Xich Long,Phu Nhuan,Tea,134,6.03,False
2025-07-28,Phan Xich Long,Phu Nhuan,Smoothie,47,2.585,False
2025-07-28,Phan Xich Long,Phu Nhuan,Bakery,77,2.464,False
2025-07-29,Phan Xich Long,Phu Nhuan,Coffee,211,8.229,False
2025-07-29,Phan Xich Long,Phu Nhuan,Tea,121,5.445,False
2025-07-29,Phan Xich Long,Phu Nhuan,Smoothie,46,2.53,False
2025-07-29,Phan Xich Long,Phu Nhuan,Bakery,74,2.368,False
2025-07-30,Phan Xich Long,Phu Nhuan,Coffee,181,7.059,False
2025-07-30,Phan Xich Long,Phu Nhuan,Tea,156,7.02,False
2025-07-30,Phan Xich Long,Phu Nhuan,Smoothie,67,3.685,False
2025-07-30,Phan Xich Long,Phu Nhuan,Bakery,87,2.784,False
2025-07-31,Phan Xich Long,Phu Nhuan,Coffee,202,7.878,False
2025-07-31,Phan Xich Long,Phu Nhuan,Tea,128,5.76,False
2025-07-31,Phan Xich Long,Phu Nhuan,Smoothie,64,3.52,False
2025-07-31,Phan Xich Long,Phu Nhuan,Bakery,95,3.04,False
2025-08-01,Phan Xich Long,Phu Nhuan,Coffee,246,8.155,True
2025-08-01,Phan Xich Long,Phu Nhuan,Tea,154,5.891,True
2025-08-01,Phan Xich Long,Phu Nhuan,Smoothie,56,2.618,True
2025-08-01,Phan Xich Long,Phu Nhuan,Bakery,96,2.611,True
2025-08-02,Phan Xich Long,Phu Nhuan,Coffee,297,9.846,True
2025-08-02,Phan Xich Long,Phu Nhuan,Tea,196,7.497,True
2025-08-02,Phan Xich Long,Phu Nhuan,Smoothie,76,3.553,True
2025-08-02,Phan Xich Long,Phu Nhuan,Bakery,128,3.482,True
2025-08-03,Phan Xich Long,Phu Nhuan,Coffee,317,10.509,True
2025-08-03,Phan Xich Long,Phu Nhuan,Tea,186,7.114,True
2025-08-03,Phan Xich Long,Phu Nhuan,Smoothie,65,3.039,True
2025-08-03,Phan Xich Long,Phu Nhuan,Bakery,118,3.21,True
2025-08-04,Phan Xich Long,Phu Nhuan,Coffee,202,7.878,False
2025-08-04,Phan Xich Long,Phu Nhuan,Tea,134,6.03,False
2025-08-04,Phan Xich Long,Phu Nhuan,Smoothie,58,3.19,False
2025-08-04,Phan Xich Long,Phu Nhuan,Bakery,90,2.88,False
2025-08-05,Phan Xich Long,Phu Nhuan,Coffee,199,7.761,False
2025-08-05,Phan Xich Long,Phu Nhuan,Tea,130,5.85,False
2025-08-05,Phan Xich Long,Phu Nhuan,Smoothie,54,2.97,False
2025-08-05,Phan Xich Long,Phu Nhuan,Bakery,81,2.592,False
2025-08-06,Phan Xich Long,Phu Nhuan,Coffee,211,8.229,False
2025-08-06,Phan Xich Long,Phu Nhuan,Tea,132,5.94,False
2025-08-06,Phan Xich Long,Phu Nhuan,Smoothie,54,2.97,False
2025-08-06,Phan Xich Long,Phu Nhuan,Bakery,75,2.4,False
2025-08-07,Phan Xich Long,Phu Nhuan,Coffee,196,7.644,False
2025-08-07,Phan Xich Long,Phu Nhuan,Tea,140,6.3,False
2025-08-07,Phan Xich Long,Phu Nhuan,Smoothie,57,3.135,False
2025-08-07,Phan Xich Long,Phu Nhuan,Bakery,77,2.464,False
2025-08-08,Phan Xich Long,Phu Nhuan,Coffee,206,8.034,False
2025-08-08,Phan Xich Long,Phu Nhuan,Tea,165,7.425,False
2025-08-08,Phan Xich Long,Phu Nhuan,Smoothie,45,2.475,False
2025-08-08,Phan Xich Long,Phu Nhuan,Bakery,80,2.56,False
2025-08-09,Phan Xich Long,Phu Nhuan,Coffee,247,9.633,False
2025-08-09,Phan Xich Long,Phu Nhuan,Tea,176,7.92,False
2025-08-09,Phan Xich Long,Phu Nhuan,Smoothie,59,3.245,False
2025-08-09,Phan Xich Long,Phu Nhuan,Bakery,94,3.008,False
2025-08-10,Phan Xich Long,Phu Nhuan,Coffee,285,11.115,False
2025-08-10,Phan Xich Long,Phu Nhuan,Tea,166,7.47,False
2025-08-10,Phan Xich Long,Phu Nhuan,Smoothie,60,3.3,False
2025-08-10,Phan Xich Long,Phu Nhuan,Bakery,102,3.264,False
2025-08-11,Phan Xich Long,Phu Nhuan,Coffee,215,8.385,False
2025-08-11,Phan Xich Long,Phu Nhuan,Tea,120,5.4,False
2025-08-11,Phan Xich Long,Phu Nhuan,Smoothie,57,3.135,False
2025-08-11,Phan Xich Long,Phu Nhuan,Bakery,76,2.432,False
2025-08-12,Phan Xich Long,Phu Nhuan,Coffee,186,7.254,False
2025-08-12,Phan Xich Long,Phu Nhuan,Tea,148,6.66,False
2025-08-12,Phan Xich Long,Phu Nhuan,Smoothie,52,2.86,False
2025-08-12,Phan Xich Long,Phu Nhuan,Bakery,84,2.688,False
2025-08-13,Phan Xich Long,Phu Nhuan,Coffee,223,8.697,False
2025-08-13,Phan Xich Long,Phu Nhuan,Tea,139,6.255,False
2025-08-13,Phan Xich Long,Phu Nhuan,Smoothie,48,2.64,False
2025-08-13,Phan Xich Long,Phu Nhuan,Bakery,85,2.72,False
2025-08-14,Phan Xich Long,Phu Nhuan,Coffee,202,7.878,False
2025-08-14,Phan Xich Long,Phu Nhuan,Tea,118,5.31,False
2025-08-14,Phan Xich Long,Phu Nhuan,Smoothie,53,2.915,False
2025-08-14,Phan Xich Long,Phu Nhuan,Bakery,94,3.008,False
2025-08-15,Phan Xich Long,Phu Nhuan,Coffee,217,8.463,False
2025-08-15,Phan Xich Long,Phu Nhuan,Tea,116,5.22,False
2025-08-15,Phan Xich Long,Phu Nhuan,Smoothie,63,3.465,False
2025-08-15,Phan Xich Long,Phu Nhuan,Bakery,96,3.072,False
2025-08-16,Phan Xich Long,Phu Nhuan,Coffee,243,9.477,False
2025-08-16,Phan Xich Long,Phu Nhuan,Tea,169,7.605,False
2025-08-16,Phan Xich Long,Phu Nhuan,Smoothie,58,3.19,False
2025-08-16,Phan Xich Long,Phu Nhuan,Bakery,109,3.488,False
2025-08-17,Phan Xich Long,Phu Nhuan,Coffee,267,10.413,False
2025-08-17,Phan Xich Long,Phu Nhuan,Tea,193,8.685,False
2025-08-17,Phan Xich Long,Phu Nhuan,Smoothie,80,4.4,False
2025-08-17,Phan Xich Long,Phu Nhuan,Bakery,104,3.328,False
2025-08-18,Phan Xich Long,Phu Nhuan,Coffee,223,8.697,False
2025-08-18,Phan Xich Long,Phu Nhuan,Tea,130,5.85,False
2025-08-18,Phan Xich Long,Phu Nhuan,Smoothie,45,2.475,False
2025-08-18,Phan Xich Long,Phu Nhuan,Bakery,66,2.112,False
2025-08-19,Phan Xich Long,Phu Nhuan,Coffee,205,7.995,False
2025-08-19,Phan Xich Long,Phu Nhuan,Tea,145,6.525,False
2025-08-19,Phan Xich Long,Phu Nhuan,Smoothie,44,2.42,False
2025-08-19,Phan Xich Long,Phu Nhuan,Bakery,68,2.176,False
2025-08-20,Phan Xich Long,Phu Nhuan,Coffee,210,8.19,False
2025-08-20,Phan Xich Long,Phu Nhuan,Tea,134,6.03,False
2025-08-20,Phan Xich Long,Phu Nhuan,Smoothie,58,3.19,False
2025-08-20,Phan Xich Long,Phu Nhuan,Bakery,76,2.432,False
2025-08-21,Phan Xich Long,Phu Nhuan,Coffee,170,6.63,False
2025-08-21,Phan Xich Long,Phu Nhuan,Tea,124,5.58,False
2025-08-21,Phan Xich Long,Phu Nhuan,Smoothie,53,2.915,False
2025-08-21,Phan Xich Long,Phu Nhuan,Bakery,73,2.336,False
2025-08-22,Phan Xich Long,Phu Nhuan,Coffee,221,8.619,False
2025-08-22,Phan Xich Long,Phu Nhuan,Tea,170,7.65,False
2025-08-22,Phan Xich Long,Phu Nhuan,Smoothie,45,2.475,False
2025-08-22,Phan Xich Long,Phu Nhuan,Bakery,75,2.4,False
2025-08-23,Phan Xich Long,Phu Nhuan,Coffee,253,9.867,False
2025-08-23,Phan Xich Long,Phu Nhuan,Tea,179,8.055,False
2025-08-23,Phan Xich Long,Phu Nhuan,Smoothie,71,3.905,False
2025-08-23,Phan Xich Long,Phu Nhuan,Bakery,108,3.456,False
2025-08-24,Phan Xich Long,Phu Nhuan,Coffee,277,10.803,False
2025-08-24,Phan Xich Long,Phu Nhuan,Tea,197,8.865,False
2025-08-24,Phan Xich Long,Phu Nhuan,Smoothie,70,3.85,False
2025-08-24,Phan Xich Long,Phu Nhuan,Bakery,97,3.104,False
2025-08-25,Phan Xich Long,Phu Nhuan,Coffee,201,7.839,False
2025-08-25,Phan Xich Long,Phu Nhuan,Tea,120,5.4,False
2025-08-25,Phan Xich Long,Phu Nhuan,Smoothie,67,3.685,False
2025-08-25,Phan Xich Long,Phu Nhuan,Bakery,80,2.56,False
2025-08-26,Phan Xich Long,Phu Nhuan,Coffee,206,8.034,False
2025-08-26,Phan Xich Long,Phu Nhuan,Tea,132,5.94,False
2025-08-26,Phan Xich Long,Phu Nhuan,Smoothie,59,3.245,False
2025-08-26,Phan Xich Long,Phu Nhuan,Bakery,77,2.464,False
2025-08-27,Phan Xich Long,Phu Nhuan,Coffee,194,7.566,False
2025-08-27,Phan Xich Long,Phu Nhuan,Tea,140,6.3,False
2025-08-27,Phan Xich Long,Phu Nhuan,Smoothie,67,3.685,False
2025-08-27,Phan Xich Long,Phu Nhuan,Bakery,74,2.368,False
2025-08-28,Phan Xich Long,Phu Nhuan,Coffee,220,8.58,False
2025-08-28,Phan Xich Long,Phu Nhuan,Tea,144,6.48,False
2025-08-28,Phan Xich Long,Phu Nhuan,Smoothie,62,3.41,False
2025-08-28,Phan Xich Long,Phu Nhuan,Bakery,84,2.688,False
2025-08-29,Phan Xich Long,Phu Nhuan,Coffee,208,8.112,False
2025-08-29,Phan Xich Long,Phu Nhuan,Tea,114,5.13,False
2025-08-29,Phan Xich Long,Phu Nhuan,Smoothie,53,2.915,False
2025-08-29,Phan Xich Long,Phu Nhuan,Bakery,69,2.208,False
2025-08-30,Phan Xich Long,Phu Nhuan,Coffee,262,10.218,False
2025-08-30,Phan Xich Long,Phu Nhuan,Tea,171,7.695,False
2025-08-30,Phan Xich Long,Phu Nhuan,Smoothie,69,3.795,False
2025-08-30,Phan Xich Long,Phu Nhuan,Bakery,110,3.52,False
2025-08-31,Phan Xich Long,Phu Nhuan,Coffee,291,11.349,False
2025-08-31,Phan Xich Long,Phu Nhuan,Tea,156,7.02,False
2025-08-31,Phan Xich Long,Phu Nhuan,Smoothie,64,3.52,False
2025-08-31,Phan Xich Long,Phu Nhuan,Bakery,112,3.584,False
2025-09-01,Phan Xich Long,Phu Nhuan,Coffee,295,9.779,True
2025-09-01,Phan Xich Long,Phu Nhuan,Tea,160,6.12,True
2025-09-01,Phan Xich Long,Phu Nhuan,Smoothie,63,2.945,True
2025-09-01,Phan Xich Long,Phu Nhuan,Bakery,100,2.72,True
2025-09-02,Phan Xich Long,Phu Nhuan,Coffee,235,7.79,True
2025-09-02,Phan Xich Long,Phu Nhuan,Tea,153,5.852,True
2025-09-02,Phan Xich Long,Phu Nhuan,Smoothie,68,3.179,True
2025-09-02,Phan Xich Long,Phu Nhuan,Bakery,91,2.475,True
2025-09-03,Phan Xich Long,Phu Nhuan,Coffee,262,8.685,True
2025-09-03,Phan Xich Long,Phu Nhuan,Tea,170,6.503,True
2025-09-03,Phan Xich Long,Phu Nhuan,Smoothie,69,3.226,True
2025-09-03,Phan Xich Long,Phu Nhuan,Bakery,108,2.938,True
2025-09-04,Phan Xich Long,Phu Nhuan,Coffee,226,8.814,False
2025-09-04,Phan Xich Long,Phu Nhuan,Tea,142,6.39,False
2025-09-04,Phan Xich Long,Phu Nhuan,Smoothie,44,2.42,False
2025-09-04,Phan Xich Long,Phu Nhuan,Bakery,87,2.784,False
2025-09-05,Phan Xich Long,Phu Nhuan,Coffee,199,7.761,False
2025-09-05,Phan Xich Long,Phu Nhuan,Tea,129,5.805,False
2025-09-05,Phan Xich Long,Phu Nhuan,Smoothie,55,3.025,False
2025-09-05,Phan Xich Long,Phu Nhuan,Bakery,80,2.56,False
2025-09-06,Phan Xich Long,Phu Nhuan,Coffee,268,10.452,False
2025-09-06,Phan Xich Long,Phu Nhuan,Tea,165,7.425,False
2025-09-06,Phan Xich Long,Phu Nhuan,Smoothie,63,3.465,False
2025-09-06,Phan Xich Long,Phu Nhuan,Bakery,93,2.976,False
2025-09-07,Phan Xich Long,Phu Nhuan,Coffee,260,10.14,False
2025-09-07,Phan Xich Long,Phu Nhuan,Tea,168,7.56,False
2025-09-07,Phan Xich Long,Phu Nhuan,Smoothie,57,3.135,False
2025-09-07,Phan Xich Long,Phu Nhuan,Bakery,76,2.432,False
2025-09-08,Phan Xich Long,Phu Nhuan,Coffee,238,9.282,False
2025-09-08,Phan Xich Long,Phu Nhuan,Tea,117,5.265,False
2025-09-08,Phan Xich Long,Phu Nhuan,Smoothie,55,3.025,False
2025-09-08,Phan Xich Long,Phu Nhuan,Bakery,83,2.656,False
2025-09-09,Phan Xich Long,Phu Nhuan,Coffee,217,8.463,False
2025-09-09,Phan Xich Long,Phu Nhuan,Tea,136,6.12,False
2025-09-09,Phan Xich Long,Phu Nhuan,Smoothie,47,2.585,False
2025-09-09,Phan Xich Long,Phu Nhuan,Bakery,84,2.688,False
2025-09-10,Phan Xich Long,Phu Nhuan,Coffee,244,9.516,False
2025-09-10,Phan Xich Long,Phu Nhuan,Tea,123,5.535,False
2025-09-10,Phan Xich Long,Phu Nhuan,Smoothie,51,2.805,False
2025-09-10,Phan Xich Long,Phu Nhuan,Bakery,75,2.4,False
2025-09-11,Phan Xich Long,Phu Nhuan,Coffee,217,8.463,False
2025-09-11,Phan Xich Long,Phu Nhuan,Tea,140,6.3,False
2025-09-11,Phan Xich Long,Phu Nhuan,Smoothie,49,2.695,False
2025-09-11,Phan Xich Long,Phu Nhuan,Bakery,80,2.56,False
2025-09-12,Phan Xich Long,Phu Nhuan,Coffee,213,8.307,False
2025-09-12,Phan Xich Long,Phu Nhuan,Tea,143,6.435,False
2025-09-12,Phan Xich Long,Phu Nhuan,Smoothie,58,3.19,False
2025-09-12,Phan Xich Long,Phu Nhuan,Bakery,80,2.56,False
2025-09-13,Phan Xich Long,Phu Nhuan,Coffee,254,9.906,False
2025-09-13,Phan Xich Long,Phu Nhuan,Tea,168,7.56,False
2025-09-13,Phan Xich Long,Phu Nhuan,Smoothie,56,3.08,False
2025-09-13,Phan Xich Long,Phu Nhuan,Bakery,109,3.488,False
2025-09-14,Phan Xich Long,Phu Nhuan,Coffee,260,10.14,False
2025-09-14,Phan Xich Long,Phu Nhuan,Tea,152,6.84,False
2025-09-14,Phan Xich Long,Phu Nhuan,Smoothie,52,2.86,False
2025-09-14,Phan Xich Long,Phu Nhuan,Bakery,103,3.296,False
2025-09-15,Phan Xich Long,Phu Nhuan,Coffee,197,7.683,False
2025-09-15,Phan Xich Long,Phu Nhuan,Tea,129,5.805,False
2025-09-15,Phan Xich Long,Phu Nhuan,Smoothie,48,2.64,False
2025-09-15,Phan Xich Long,Phu Nhuan,Bakery,67,2.144,False
2025-09-16,Phan Xich Long,Phu Nhuan,Coffee,214,8.346,False
2025-09-16,Phan Xich Long,Phu Nhuan,Tea,136,6.12,False
2025-09-16,Phan Xich Long,Phu Nhuan,Smoothie,59,3.245,False
2025-09-16,Phan Xich Long,Phu Nhuan,Bakery,81,2.592,False
2025-09-17,Phan Xich Long,Phu Nhuan,Coffee,207,8.073,False
2025-09-17,Phan Xich Long,Phu Nhuan,Tea,128,5.76,False
2025-09-17,Phan Xich Long,Phu Nhuan,Smoothie,64,3.52,False
2025-09-17,Phan Xich Long,Phu Nhuan,Bakery,75,2.4,False
2025-09-18,Phan Xich Long,Phu Nhuan,Coffee,200,7.8,False
2025-09-18,Phan Xich Long,Phu Nhuan,Tea,127,5.715,False
2025-09-18,Phan Xich Long,Phu Nhuan,Smoothie,47,2.585,False
2025-09-18,Phan Xich Long,Phu Nhuan,Bakery,67,2.144,False
2025-09-19,Phan Xich Long,Phu Nhuan,Coffee,229,8.931,False
2025-09-19,Phan Xich Long,Phu Nhuan,Tea,148,6.66,False
2025-09-19,Phan Xich Long,Phu Nhuan,Smoothie,50,2.75,False
2025-09-19,Phan Xich Long,Phu Nhuan,Bakery,76,2.432,False
2025-09-20,Phan Xich Long,Phu Nhuan,Coffee,263,10.257,False
2025-09-20,Phan Xich Long,Phu Nhuan,Tea,175,7.875,False
2025-09-20,Phan Xich Long,Phu Nhuan,Smoothie,66,3.63,False
2025-09-20,Phan Xich Long,Phu Nhuan,Bakery,101,3.232,False
2025-09-21,Phan Xich Long,Phu Nhuan,Coffee,276,10.764,False
2025-09-21,Phan Xich Long,Phu Nhuan,Tea,156,7.02,False
2025-09-21,Phan Xich Long,Phu Nhuan,Smoothie,52,2.86,False
2025-09-21,Phan Xich Long,Phu Nhuan,Bakery,103,3.296,False
2025-09-22,Phan Xich Long,Phu Nhuan,Coffee,208,8.112,False
2025-09-22,Phan Xich Long,Phu Nhuan,Tea,131,5.895,False
2025-09-22,Phan Xich Long,Phu Nhuan,Smoothie,61,3.355,False
2025-09-22,Phan Xich Long,Phu Nhuan,Bakery,93,2.976,False
2025-09-23,Phan Xich Long,Phu Nhuan,Coffee,222,8.658,False
2025-09-23,Phan Xich Long,Phu Nhuan,Tea,114,5.13,False
2025-09-23,Phan Xich Long,Phu Nhuan,Smoothie,57,3.135,False
2025-09-23,Phan Xich Long,Phu Nhuan,Bakery,74,2.368,False
2025-09-24,Phan Xich Long,Phu Nhuan,Coffee,199,7.761,False
2025-09-24,Phan Xich Long,Phu Nhuan,Tea,150,6.75,False
2025-09-24,Phan Xich Long,Phu Nhuan,Smoothie,49,2.695,False
2025-09-24,Phan Xich Long,Phu Nhuan,Bakery,81,2.592,False
2025-09-25,Phan Xich Long,Phu Nhuan,Coffee,207,8.073,False
2025-09-25,Phan Xich Long,Phu Nhuan,Tea,139,6.255,False
2025-09-25,Phan Xich Long,Phu Nhuan,Smoothie,62,3.41,False
2025-09-25,Phan Xich Long,Phu Nhuan,Bakery,82,2.624,False
2025-09-26,Phan Xich Long,Phu Nhuan,Coffee,221,8.619,False
2025-09-26,Phan Xich Long,Phu Nhuan,Tea,124,5.58,False
2025-09-26,Phan Xich Long,Phu Nhuan,Smoothie,52,2.86,False
2025-09-26,Phan Xich Long,Phu Nhuan,Bakery,83,2.656,False
2025-09-27,Phan Xich Long,Phu Nhuan,Coffee,283,11.037,False
2025-09-27,Phan Xich Long,Phu Nhuan,Tea,148,6.66,False
2025-09-27,Phan Xich Long,Phu Nhuan,Smoothie,63,3.465,False
2025-09-27,Phan Xich Long,Phu Nhuan,Bakery,107,3.424,False
2025-09-28,Phan Xich Long,Phu Nhuan,Coffee,265,10.335,False
2025-09-28,Phan Xich Long,Phu Nhuan,Tea,167,7.515,False
2025-09-28,Phan Xich Long,Phu Nhuan,Smoothie,76,4.18,False
2025-09-28,Phan Xich Long,Phu Nhuan,Bakery,91,2.912,False
2025-09-29,Phan Xich Long,Phu Nhuan,Coffee,211,8.229,False
2025-09-29,Phan Xich Long,Phu Nhuan,Tea,124,5.58,False
2025-09-29,Phan Xich Long,Phu Nhuan,Smoothie,60,3.3,False
2025-09-29,Phan Xich Long,Phu Nhuan,Bakery,66,2.112,False
2025-09-30,Phan Xich Long,Phu Nhuan,Coffee,231,9.009,False
2025-09-30,Phan Xich Long,Phu Nhuan,Tea,126,5.67,False
2025-09-30,Phan Xich Long,Phu Nhuan,Smoothie,51,2.805,False
2025-09-30,Phan Xich Long,Phu Nhuan,Bakery,81,2.592,False
2025-10-01,Phan Xich Long,Phu Nhuan,Coffee,282,9.348,True
2025-10-01,Phan Xich Long,Phu Nhuan,Tea,130,4.973,True
2025-10-01,Phan Xich Long,Phu Nhuan,Smoothie,73,3.413,True
2025-10-01,Phan Xich Long,Phu Nhuan,Bakery,98,2.666,True
2025-10-02,Phan Xich Long,Phu Nhuan,Coffee,254,8.42,True
2025-10-02,Phan Xich Long,Phu Nhuan,Tea,157,6.005,True
2025-10-02,Phan Xich Long,Phu Nhuan,Smoothie,67,3.132,True
2025-10-02,Phan Xich Long,Phu Nhuan,Bakery,91,2.475,True
2025-10-03,Phan Xich Long,Phu Nhuan,Coffee,243,8.055,True
2025-10-03,Phan Xich Long,Phu Nhuan,Tea,168,6.426,True
2025-10-03,Phan Xich Long,Phu Nhuan,Smoothie,57,2.665,True
2025-10-03,Phan Xich Long,Phu Nhuan,Bakery,86,2.339,True
2025-10-04,Phan Xich Long,Phu Nhuan,Coffee,255,9.945,False
2025-10-04,Phan Xich Long,Phu Nhuan,Tea,174,7.83,False
2025-10-04,Phan Xich Long,Phu Nhuan,Smoothie,70,3.85,False
2025-10-04,Phan Xich Long,Phu Nhuan,Bakery,93,2.976,False
2025-10-05,Phan Xich Long,Phu Nhuan,Coffee,290,11.31,False
2025-10-05,Phan Xich Long,Phu Nhuan,Tea,193,8.685,False
2025-10-05,Phan Xich Long,Phu Nhuan,Smoothie,76,4.18,False
2025-10-05,Phan Xich Long,Phu Nhuan,Bakery,100,3.2,False
2025-10-06,Phan Xich Long,Phu Nhuan,Coffee,221,8.619,False
2025-10-06,Phan Xich Long,Phu Nhuan,Tea,142,6.39,False
2025-10-06,Phan Xich Long,Phu Nhuan,Smoothie,68,3.74,False
2025-10-06,Phan Xich Long,Phu Nhuan,Bakery,72,2.304,False
2025-10-07,Phan Xich Long,Phu Nhuan,Coffee,203,7.917,False
2025-10-07,Phan Xich Long,Phu Nhuan,Tea,145,6.525,False
2025-10-07,Phan Xich Long,Phu Nhuan,Smoothie,43,2.365,False
2025-10-07,Phan Xich Long,Phu Nhuan,Bakery,82,2.624,False
2025-10-08,Phan Xich Long,Phu Nhuan,Coffee,211,8.229,False
2025-10-08,Phan Xich Long,Phu Nhuan,Tea,134,6.03,False
2025-10-08,Phan Xich Long,Phu Nhuan,Smoothie,61,3.355,False
2025-10-08,Phan Xich Long,Phu Nhuan,Bakery,89,2.848,False
2025-10-09,Phan Xich Long,Phu Nhuan,Coffee,237,9.243,False
2025-10-09,Phan Xich Long,Phu Nhuan,Tea,146,6.57,False
2025-10-09,Phan Xich Long,Phu Nhuan,Smoothie,43,2.365,False
2025-10-09,Phan Xich Long,Phu Nhuan,Bakery,96,3.072,False
2025-10-10,Phan Xich Long,Phu Nhuan,Coffee,222,8.658,False
2025-10-10,Phan Xich Long,Phu Nhuan,Tea,136,6.12,False
2025-10-10,Phan Xich Long,Phu Nhuan,Smoothie,58,3.19,False
2025-10-10,Phan Xich Long,Phu Nhuan,Bakery,90,2.88,False
2025-10-11,Phan Xich Long,Phu Nhuan,Coffee,259,10.101,False
2025-10-11,Phan Xich Long,Phu Nhuan,Tea,160,7.2,False
2025-10-11,Phan Xich Long,Phu Nhuan,Smoothie,61,3.355,False
2025-10-11,Phan Xich Long,Phu Nhuan,Bakery,92,2.944,False
2025-10-12,Phan Xich Long,Phu Nhuan,Coffee,277,10.803,False
2025-10-12,Phan Xich Long,Phu Nhuan,Tea,145,6.525,False
2025-10-12,Phan Xich Long,Phu Nhuan,Smoothie,81,4.455,False
2025-10-12,Phan Xich Long,Phu Nhuan,Bakery,97,3.104,False
2025-10-13,Phan Xich Long,Phu Nhuan,Coffee,225,8.775,False
2025-10-13,Phan Xich Long,Phu Nhuan,Tea,149,6.705,False
2025-10-13,Phan Xich Long,Phu Nhuan,Smoothie,59,3.245,False
2025-10-13,Phan Xich Long,Phu Nhuan,Bakery,73,2.336,False
2025-10-14,Phan Xich Long,Phu Nhuan,Coffee,197,7.683,False
2025-10-14,Phan Xich Long,Phu Nhuan,Tea,140,6.3,False
2025-10-14,Phan Xich Long,Phu Nhuan,Smoothie,50,2.75,False
2025-10-14,Phan Xich Long,Phu Nhuan,Bakery,82,2.624,False
2025-10-15,Phan Xich Long,Phu Nhuan,Coffee,203,7.917,False
2025-10-15,Phan Xich Long,Phu Nhuan,Tea,120,5.4,False
2025-10-15,Phan Xich Long,Phu Nhuan,Smoothie,49,2.695,False
2025-10-15,Phan Xich Long,Phu Nhuan,Bakery,74,2.368,False
2025-10-16,Phan Xich Long,Phu Nhuan,Coffee,214,8.346,False
2025-10-16,Phan Xich Long,Phu Nhuan,Tea,131,5.895,False
2025-10-16,Phan Xich Long,Phu Nhuan,Smoothie,50,2.75,False
2025-10-16,Phan Xich Long,Phu Nhuan,Bakery,85,2.72,False
2025-10-17,Phan Xich Long,Phu Nhuan,Coffee,206,8.034,False
2025-10-17,Phan Xich Long,Phu Nhuan,Tea,136,6.12,False
2025-10-17,Phan Xich Long,Phu Nhuan,Smoothie,64,3.52,False
2025-10-17,Phan Xich Long,Phu Nhuan,Bakery,96,3.072,False
2025-10-18,Phan Xich Long,Phu Nhuan,Coffee,275,10.725,False
2025-10-18,Phan Xich Long,Phu Nhuan,Tea,176,7.92,False
2025-10-18,Phan Xich Long,Phu Nhuan,Smoothie,77,4.235,False
2025-10-18,Phan Xich Long,Phu Nhuan,Bakery,94,3.008,False
2025-10-19,Phan Xich Long,Phu Nhuan,Coffee,259,10.101,False
2025-10-19,Phan Xich Long,Phu Nhuan,Tea,141,6.345,False
2025-10-19,Phan Xich Long,Phu Nhuan,Smoothie,85,4.675,False
2025-10-19,Phan Xich Long,Phu Nhuan,Bakery,94,3.008,False
2025-10-20,Phan Xich Long,Phu Nhuan,Coffee,208,8.112,False
2025-10-20,Phan Xich Long,Phu Nhuan,Tea,135,6.075,False
2025-10-20,Phan Xich Long,Phu Nhuan,Smoothie,46,2.53,False
2025-10-20,Phan Xich Long,Phu Nhuan,Bakery,84,2.688,False
2025-10-21,Phan Xich Long,Phu Nhuan,Coffee,198,7.722,False
2025-10-21,Phan Xich Long,Phu Nhuan,Tea,139,6.255,False
2025-10-21,Phan Xich Long,Phu Nhuan,Smoothie,59,3.245,False
2025-10-21,Phan Xich Long,Phu Nhuan,Bakery,90,2.88,False
2025-10-22,Phan Xich Long,Phu Nhuan,Coffee,212,8.268,False
2025-10-22,Phan Xich Long,Phu Nhuan,Tea,152,6.84,False
2025-10-22,Phan Xich Long,Phu Nhuan,Smoothie,52,2.86,False
2025-10-22,Phan Xich Long,Phu Nhuan,Bakery,83,2.656,False
2025-10-23,Phan Xich Long,Phu Nhuan,Coffee,218,8.502,False
2025-10-23,Phan Xich Long,Phu Nhuan,Tea,128,5.76,False
2025-10-23,Phan Xich Long,Phu Nhuan,Smoothie,57,3.135,False
2025-10-23,Phan Xich Long,Phu Nhuan,Bakery,85,2.72,False
2025-10-24,Phan Xich Long,Phu Nhuan,Coffee,194,7.566,False
2025-10-24,Phan Xich Long,Phu Nhuan,Tea,130,5.85,False
2025-10-24,Phan Xich Long,Phu Nhuan,Smoothie,46,2.53,False
2025-10-24,Phan Xich Long,Phu Nhuan,Bakery,78,2.496,False
2025-10-25,Phan Xich Long,Phu Nhuan,Coffee,247,9.633,False
2025-10-25,Phan Xich Long,Phu Nhuan,Tea,181,8.145,False
2025-10-25,Phan Xich Long,Phu Nhuan,Smoothie,69,3.795,False
2025-10-25,Phan Xich Long,Phu Nhuan,Bakery,106,3.392,False
2025-10-26,Phan Xich Long,Phu Nhuan,Coffee,251,9.789,False
2025-10-26,Phan Xich Long,Phu Nhuan,Tea,184,8.28,False
2025-10-26,Phan Xich Long,Phu Nhuan,Smoothie,53,2.915,False
2025-10-26,Phan Xich Long,Phu Nhuan,Bakery,107,3.424,False
2025-10-27,Phan Xich Long,Phu Nhuan,Coffee,199,7.761,False
2025-10-27,Phan Xich Long,Phu Nhuan,Tea,155,6.975,False
2025-10-27,Phan Xich Long,Phu Nhuan,Smoothie,62,3.41,False
2025-10-27,Phan Xich Long,Phu Nhuan,Bakery,86,2.752,False
2025-10-28,Phan Xich Long,Phu Nhuan,Coffee,229,8.931,False
2025-10-28,Phan Xich Long,Phu Nhuan,Tea,126,5.67,False
2025-10-28,Phan Xich Long,Phu Nhuan,Smoothie,62,3.41,False
2025-10-28,Phan Xich Long,Phu Nhuan,Bakery,86,2.752,False
2025-10-29,Phan Xich Long,Phu Nhuan,Coffee,187,7.293,False
2025-10-29,Phan Xich Long,Phu Nhuan,Tea,133,5.985,False
2025-10-29,Phan Xich Long,Phu Nhuan,Smoothie,48,2.64,False
2025-10-29,Phan Xich Long,Phu Nhuan,Bakery,69,2.208,False
2025-10-30,Phan Xich Long,Phu Nhuan,Coffee,219,8.541,False
2025-10-30,Phan Xich Long,Phu Nhuan,Tea,117,5.265,False
2025-10-30,Phan Xich Long,Phu Nhuan,Smoothie,65,3.575,False
2025-10-30,Phan Xich Long,Phu Nhuan,Bakery,81,2.592,False
2025-10-31,Phan Xich Long,Phu Nhuan,Coffee,203,7.917,False
2025-10-31,Phan Xich Long,Phu Nhuan,Tea,105,4.725,False
2025-10-31,Phan Xich Long,Phu Nhuan,Smoothie,38,2.09,False
2025-10-31,Phan Xich Long,Phu Nhuan,Bakery,87,2.784,False
2025-11-01,Phan Xich Long,Phu Nhuan,Coffee,332,11.006,True
2025-11-01,Phan Xich Long,Phu Nhuan,Tea,222,8.492,True
2025-11-01,Phan Xich Long,Phu Nhuan,Smoothie,80,3.74,True
2025-11-01,Phan Xich Long,Phu Nhuan,Bakery,114,3.101,True
2025-11-02,Phan Xich Long,Phu Nhuan,Coffee,329,10.906,True
2025-11-02,Phan Xich Long,Phu Nhuan,Tea,187,7.153,True
2025-11-02,Phan Xich Long,Phu Nhuan,Smoothie,99,4.628,True
2025-11-02,Phan Xich Long,Phu Nhuan,Bakery,122,3.318,True
2025-11-03,Phan Xich Long,Phu Nhuan,Coffee,275,9.116,True
2025-11-03,Phan Xich Long,Phu Nhuan,Tea,160,6.12,True
2025-11-03,Phan Xich Long,Phu Nhuan,Smoothie,62,2.898,True
2025-11-03,Phan Xich Long,Phu Nhuan,Bakery,103,2.802,True
2025-11-04,Phan Xich Long,Phu Nhuan,Coffee,226,8.814,False
2025-11-04,Phan Xich Long,Phu Nhuan,Tea,140,6.3,False
2025-11-04,Phan Xich Long,Phu Nhuan,Smoothie,61,3.355,False
2025-11-04,Phan Xich Long,Phu Nhuan,Bakery,82,2.624,False
2025-11-05,Phan Xich Long,Phu Nhuan,Coffee,229,8.931,False
2025-11-05,Phan Xich Long,Phu Nhuan,Tea,115,5.175,False
2025-11-05,Phan Xich Long,Phu Nhuan,Smoothie,56,3.08,False
2025-11-05,Phan Xich Long,Phu Nhuan,Bakery,85,2.72,False
2025-11-06,Phan Xich Long,Phu Nhuan,Coffee,241,9.399,False
2025-11-06,Phan Xich Long,Phu Nhuan,Tea,132,5.94,False
2025-11-06,Phan Xich Long,Phu Nhuan,Smoothie,52,2.86,False
2025-11-06,Phan Xich Long,Phu Nhuan,Bakery,83,2.656,False
2025-11-07,Phan Xich Long,Phu Nhuan,Coffee,218,8.502,False
2025-11-07,Phan Xich Long,Phu Nhuan,Tea,117,5.265,False
2025-11-07,Phan Xich Long,Phu Nhuan,Smoothie,67,3.685,False
2025-11-07,Phan Xich Long,Phu Nhuan,Bakery,73,2.336,False
2025-11-08,Phan Xich Long,Phu Nhuan,Coffee,287,11.193,False
2025-11-08,Phan Xich Long,Phu Nhuan,Tea,156,7.02,False
2025-11-08,Phan Xich Long,Phu Nhuan,Smoothie,85,4.675,False
2025-11-08,Phan Xich Long,Phu Nhuan,Bakery,117,3.744,False
2025-11-09,Phan Xich Long,Phu Nhuan,Coffee,302,11.778,False
2025-11-09,Phan Xich Long,Phu Nhuan,Tea,160,7.2,False
2025-11-09,Phan Xich Long,Phu Nhuan,Smoothie,82,4.51,False
2025-11-09,Phan Xich Long,Phu Nhuan,Bakery,112,3.584,False
2025-11-10,Phan Xich Long,Phu Nhuan,Coffee,215,8.385,False
2025-11-10,Phan Xich Long,Phu Nhuan,Tea,123,5.535,False
2025-11-10,Phan Xich Long,Phu Nhuan,Smoothie,58,3.19,False
2025-11-10,Phan Xich Long,Phu Nhuan,Bakery,92,2.944,False
2025-11-11,Phan Xich Long,Phu Nhuan,Coffee,217,8.463,False
2025-11-11,Phan Xich Long,Phu Nhuan,Tea,149,6.705,False
2025-11-11,Phan Xich Long,Phu Nhuan,Smoothie,69,3.795,False
2025-11-11,Phan Xich Long,Phu Nhuan,Bakery,101,3.232,False
2025-11-12,Phan Xich Long,Phu Nhuan,Coffee,242,9.438,False
2025-11-12,Phan Xich Long,Phu Nhuan,Tea,126,5.67,False
2025-11-12,Phan Xich Long,Phu Nhuan,Smoothie,48,2.64,False
2025-11-12,Phan Xich Long,Phu Nhuan,Bakery,88,2.816,False
2025-11-13,Phan Xich Long,Phu Nhuan,Coffee,222,8.658,False
2025-11-13,Phan Xich Long,Phu Nhuan,Tea,131,5.895,False
2025-11-13,Phan Xich Long,Phu Nhuan,Smoothie,51,2.805,False
2025-11-13,Phan Xich Long,Phu Nhuan,Bakery,104,3.328,False
2025-11-14,Phan Xich Long,Phu Nhuan,Coffee,209,8.151,False
2025-11-14,Phan Xich Long,Phu Nhuan,Tea,119,5.355,False
2025-11-14,Phan Xich Long,Phu Nhuan,Smoothie,67,3.685,False
2025-11-14,Phan Xich Long,Phu Nhuan,Bakery,83,2.656,False
2025-11-15,Phan Xich Long,Phu Nhuan,Coffee,270,10.53,False
2025-11-15,Phan Xich Long,Phu Nhuan,Tea,143,6.435,False
2025-11-15,Phan Xich Long,Phu Nhuan,Smoothie,79,4.345,False
2025-11-15,Phan Xich Long,Phu Nhuan,Bakery,116,3.712,False
2025-11-16,Phan Xich Long,Phu Nhuan,Coffee,281,10.959,False
2025-11-16,Phan Xich Long,Phu Nhuan,Tea,185,8.325,False
2025-11-16,Phan Xich Long,Phu Nhuan,Smoothie,71,3.905,False
2025-11-16,Phan Xich Long,Phu Nhuan,Bakery,95,3.04,False
2025-11-17,Phan Xich Long,Phu Nhuan,Coffee,234,9.126,False
2025-11-17,Phan Xich Long,Phu Nhuan,Tea,122,5.49,False
2025-11-17,Phan Xich Long,Phu Nhuan,Smoothie,60,3.3,False
2025-11-17,Phan Xich Long,Phu Nhuan,Bakery,82,2.624,False
2025-11-18,Phan Xich Long,Phu Nhuan,Coffee,223,8.697,False
2025-11-18,Phan Xich Long,Phu Nhuan,Tea,146,6.57,False
2025-11-18,Phan Xich Long,Phu Nhuan,Smoothie,71,3.905,False
2025-11-18,Phan Xich Long,Phu Nhuan,Bakery,89,2.848,False
2025-11-19,Phan Xich Long,Phu Nhuan,Coffee,217,8.463,False
2025-11-19,Phan Xich Long,Phu Nhuan,Tea,139,6.255,False
2025-11-19,Phan Xich Long,Phu Nhuan,Smoothie,60,3.3,False
2025-11-19,Phan Xich Long,Phu Nhuan,Bakery,100,3.2,False
2025-11-20,Phan Xich Long,Phu Nhuan,Coffee,215,8.385,False
2025-11-20,Phan Xich Long,Phu Nhuan,Tea,118,5.31,False
2025-11-20,Phan Xich Long,Phu Nhuan,Smoothie,70,3.85,False
2025-11-20,Phan Xich Long,Phu Nhuan,Bakery,82,2.624,False
2025-11-21,Phan Xich Long,Phu Nhuan,Coffee,184,7.176,False
2025-11-21,Phan Xich Long,Phu Nhuan,Tea,138,6.21,False
2025-11-21,Phan Xich Long,Phu Nhuan,Smoothie,43,2.365,False
2025-11-21,Phan Xich Long,Phu Nhuan,Bakery,85,2.72,False
2025-11-22,Phan Xich Long,Phu Nhuan,Coffee,298,11.622,False
2025-11-22,Phan Xich Long,Phu Nhuan,Tea,175,7.875,False
2025-11-22,Phan Xich Long,Phu Nhuan,Smoothie,64,3.52,False
2025-11-22,Phan Xich Long,Phu Nhuan,Bakery,128,4.096,False
2025-11-23,Phan Xich Long,Phu Nhuan,Coffee,288,11.232,False
2025-11-23,Phan Xich Long,Phu Nhuan,Tea,152,6.84,False
2025-11-23,Phan Xich Long,Phu Nhuan,Smoothie,72,3.96,False
2025-11-23,Phan Xich Long,Phu Nhuan,Bakery,115,3.68,False
2025-11-24,Phan Xich Long,Phu Nhuan,Coffee,234,9.126,False
2025-11-24,Phan Xich Long,Phu Nhuan,Tea,126,5.67,False
2025-11-24,Phan Xich Long,Phu Nhuan,Smoothie,65,3.575,False
2025-11-24,Phan Xich Long,Phu Nhuan,Bakery,77,2.464,False
2025-11-25,Phan Xich Long,Phu Nhuan,Coffee,208,8.112,False
2025-11-25,Phan Xich Long,Phu Nhuan,Tea,136,6.12,False
2025-11-25,Phan Xich Long,Phu Nhuan,Smoothie,64,3.52,False
2025-11-25,Phan Xich Long,Phu Nhuan,Bakery,76,2.432,False
2025-11-26,Phan Xich Long,Phu Nhuan,Coffee,243,9.477,False
2025-11-26,Phan Xich Long,Phu Nhuan,Tea,155,6.975,False
2025-11-26,Phan Xich Long,Phu Nhuan,Smoothie,55,3.025,False
2025-11-26,Phan Xich Long,Phu Nhuan,Bakery,91,2.912,False
2025-11-27,Phan Xich Long,Phu Nhuan,Coffee,212,8.268,False
2025-11-27,Phan Xich Long,Phu Nhuan,Tea,154,6.93,False
2025-11-27,Phan Xich Long,Phu Nhuan,Smoothie,63,3.465,False
2025-11-27,Phan Xich Long,Phu Nhuan,Bakery,99,3.168,False
2025-11-28,Phan Xich Long,Phu Nhuan,Coffee,220,8.58,False
2025-11-28,Phan Xich Long,Phu Nhuan,Tea,117,5.265,False
2025-11-28,Phan Xich Long,Phu Nhuan,Smoothie,71,3.905,False
2025-11-28,Phan Xich Long,Phu Nhuan,Bakery,109,3.488,False
2025-11-29,Phan Xich Long,Phu Nhuan,Coffee,308,12.012,False
2025-11-29,Phan Xich Long,Phu Nhuan,Tea,185,8.325,False
2025-11-29,Phan Xich Long,Phu Nhuan,Smoothie,82,4.51,False
2025-11-29,Phan Xich Long,Phu Nhuan,Bakery,109,3.488,False
2025-11-30,Phan Xich Long,Phu Nhuan,Coffee,287,11.193,False
2025-11-30,Phan Xich Long,Phu Nhuan,Tea,152,6.84,False
2025-11-30,Phan Xich Long,Phu Nhuan,Smoothie,82,4.51,False
2025-11-30,Phan Xich Long,Phu Nhuan,Bakery,104,3.328,False
2025-12-01,Phan Xich Long,Phu Nhuan,Coffee,278,9.216,True
2025-12-01,Phan Xich Long,Phu Nhuan,Tea,163,6.235,True
2025-12-01,Phan Xich Long,Phu Nhuan,Smoothie,61,2.852,True
2025-12-01,Phan Xich Long,Phu Nhuan,Bakery,102,2.774,True
2025-12-02,Phan Xich Long,Phu Nhuan,Coffee,304,10.078,True
2025-12-02,Phan Xich Long,Phu Nhuan,Tea,151,5.776,True
2025-12-02,Phan Xich Long,Phu Nhuan,Smoothie,78,3.647,True
2025-12-02,Phan Xich Long,Phu Nhuan,Bakery,89,2.421,True
2025-12-03,Phan Xich Long,Phu Nhuan,Coffee,244,8.089,True
2025-12-03,Phan Xich Long,Phu Nhuan,Tea,154,5.891,True
2025-12-03,Phan Xich Long,Phu Nhuan,Smoothie,55,2.571,True
2025-12-03,Phan Xich Long,Phu Nhuan,Bakery,109,2.965,True
2025-12-04,Phan Xich Long,Phu Nhuan,Coffee,236,9.204,False
2025-12-04,Phan Xich Long,Phu Nhuan,Tea,138,6.21,False
2025-12-04,Phan Xich Long,Phu Nhuan,Smoothie,65,3.575,False
2025-12-04,Phan Xich Long,Phu Nhuan,Bakery,76,2.432,False
2025-12-05,Phan Xich Long,Phu Nhuan,Coffee,227,8.853,False
2025-12-05,Phan Xich Long,Phu Nhuan,Tea,128,5.76,False
2025-12-05,Phan Xich Long,Phu Nhuan,Smoothie,57,3.135,False
2025-12-05,Phan Xich Long,Phu Nhuan,Bakery,85,2.72,False
2025-12-06,Phan Xich Long,Phu Nhuan,Coffee,282,10.998,False
2025-12-06,Phan Xich Long,Phu Nhuan,Tea,169,7.605,False
2025-12-06,Phan Xich Long,Phu Nhuan,Smoothie,72,3.96,False
2025-12-06,Phan Xich Long,Phu Nhuan,Bakery,124,3.968,False
2025-12-07,Phan Xich Long,Phu Nhuan,Coffee,307,11.973,False
2025-12-07,Phan Xich Long,Phu Nhuan,Tea,165,7.425,False
2025-12-07,Phan Xich Long,Phu Nhuan,Smoothie,72,3.96,False
2025-12-07,Phan Xich Long,Phu Nhuan,Bakery,104,3.328,False
2025-12-08,Phan Xich Long,Phu Nhuan,Coffee,231,9.009,False
2025-12-08,Phan Xich Long,Phu Nhuan,Tea,118,5.31,False
2025-12-08,Phan Xich Long,Phu Nhuan,Smoothie,62,3.41,False
2025-12-08,Phan Xich Long,Phu Nhuan,Bakery,84,2.688,False
2025-12-09,Phan Xich Long,Phu Nhuan,Coffee,221,8.619,False
2025-12-09,Phan Xich Long,Phu Nhuan,Tea,116,5.22,False
2025-12-09,Phan Xich Long,Phu Nhuan,Smoothie,46,2.53,False
2025-12-09,Phan Xich Long,Phu Nhuan,Bakery,90,2.88,False
2025-12-10,Phan Xich Long,Phu Nhuan,Coffee,232,9.048,False
2025-12-10,Phan Xich Long,Phu Nhuan,Tea,145,6.525,False
2025-12-10,Phan Xich Long,Phu Nhuan,Smoothie,54,2.97,False
2025-12-10,Phan Xich Long,Phu Nhuan,Bakery,70,2.24,False
2025-12-11,Phan Xich Long,Phu Nhuan,Coffee,228,8.892,False
2025-12-11,Phan Xich Long,Phu Nhuan,Tea,144,6.48,False
2025-12-11,Phan Xich Long,Phu Nhuan,Smoothie,54,2.97,False
2025-12-11,Phan Xich Long,Phu Nhuan,Bakery,79,2.528,False
2025-12-12,Phan Xich Long,Phu Nhuan,Coffee,253,9.867,False
2025-12-12,Phan Xich Long,Phu Nhuan,Tea,118,5.31,False
2025-12-12,Phan Xich Long,Phu Nhuan,Smoothie,75,4.125,False
2025-12-12,Phan Xich Long,Phu Nhuan,Bakery,82,2.624,False
2025-12-13,Phan Xich Long,Phu Nhuan,Coffee,263,10.257,False
2025-12-13,Phan Xich Long,Phu Nhuan,Tea,161,7.245,False
2025-12-13,Phan Xich Long,Phu Nhuan,Smoothie,64,3.52,False
2025-12-13,Phan Xich Long,Phu Nhuan,Bakery,118,3.776,False
2025-12-14,Phan Xich Long,Phu Nhuan,Coffee,278,10.842,False
2025-12-14,Phan Xich Long,Phu Nhuan,Tea,174,7.83,False
2025-12-14,Phan Xich Long,Phu Nhuan,Smoothie,76,4.18,False
2025-12-14,Phan Xich Long,Phu Nhuan,Bakery,107,3.424,False
2025-12-15,Phan Xich Long,Phu Nhuan,Coffee,228,8.892,False
2025-12-15,Phan Xich Long,Phu Nhuan,Tea,133,5.985,False
2025-12-15,Phan Xich Long,Phu Nhuan,Smoothie,66,3.63,False
2025-12-15,Phan Xich Long,Phu Nhuan,Bakery,99,3.168,False
2025-12-16,Phan Xich Long,Phu Nhuan,Coffee,239,9.321,False
2025-12-16,Phan Xich Long,Phu Nhuan,Tea,120,5.4,False
2025-12-16,Phan Xich Long,Phu Nhuan,Smoothie,54,2.97,False
2025-12-16,Phan Xich Long,Phu Nhuan,Bakery,71,2.272,False
2025-12-17,Phan Xich Long,Phu Nhuan,Coffee,232,9.048,False
2025-12-17,Phan Xich Long,Phu Nhuan,Tea,104,4.68,False
2025-12-17,Phan Xich Long,Phu Nhuan,Smoothie,72,3.96,False
2025-12-17,Phan Xich Long,Phu Nhuan,Bakery,80,2.56,False
2025-12-18,Phan Xich Long,Phu Nhuan,Coffee,219,8.541,False
2025-12-18,Phan Xich Long,Phu Nhuan,Tea,124,5.58,False
2025-12-18,Phan Xich Long,Phu Nhuan,Smoothie,60,3.3,False
2025-12-18,Phan Xich Long,Phu Nhuan,Bakery,87,2.784,False
2025-12-19,Phan Xich Long,Phu Nhuan,Coffee,219,8.541,False
2025-12-19,Phan Xich Long,Phu Nhuan,Tea,124,5.58,False
2025-12-19,Phan Xich Long,Phu Nhuan,Smoothie,45,2.475,False
2025-12-19,Phan Xich Long,Phu Nhuan,Bakery,85,2.72,False
2025-12-20,Phan Xich Long,Phu Nhuan,Coffee,317,10.509,True
2025-12-20,Phan Xich Long,Phu Nhuan,Tea,199,7.612,True
2025-12-20,Phan Xich Long,Phu Nhuan,Smoothie,84,3.927,True
2025-12-20,Phan Xich Long,Phu Nhuan,Bakery,138,3.754,True
2025-12-21,Phan Xich Long,Phu Nhuan,Coffee,319,10.575,True
2025-12-21,Phan Xich Long,Phu Nhuan,Tea,190,7.268,True
2025-12-21,Phan Xich Long,Phu Nhuan,Smoothie,82,3.833,True
2025-12-21,Phan Xich Long,Phu Nhuan,Bakery,126,3.427,True
2025-12-22,Phan Xich Long,Phu Nhuan,Coffee,261,8.652,True
2025-12-22,Phan Xich Long,Phu Nhuan,Tea,167,6.388,True
2025-12-22,Phan Xich Long,Phu Nhuan,Smoothie,60,2.805,True
2025-12-22,Phan Xich Long,Phu Nhuan,Bakery,100,2.72,True
2025-12-23,Phan Xich Long,Phu Nhuan,Coffee,285,9.448,True
2025-12-23,Phan Xich Long,Phu Nhuan,Tea,182,6.962,True
2025-12-23,Phan Xich Long,Phu Nhuan,Smoothie,75,3.506,True
2025-12-23,Phan Xich Long,Phu Nhuan,Bakery,103,2.802,True
2025-12-24,Phan Xich Long,Phu Nhuan,Coffee,275,9.116,True
2025-12-24,Phan Xich Long,Phu Nhuan,Tea,157,6.005,True
2025-12-24,Phan Xich Long,Phu Nhuan,Smoothie,80,3.74,True
2025-12-24,Phan Xich Long,Phu Nhuan,Bakery,102,2.774,True
2025-12-25,Phan Xich Long,Phu Nhuan,Coffee,253,8.387,True
2025-12-25,Phan Xich Long,Phu Nhuan,Tea,162,6.197,True
2025-12-25,Phan Xich Long,Phu Nhuan,Smoothie,75,3.506,True
2025-12-25,Phan Xich Long,Phu Nhuan,Bakery,116,3.155,True
2025-12-26,Phan Xich Long,Phu Nhuan,Coffee,287,9.514,True
2025-12-26,Phan Xich Long,Phu Nhuan,Tea,150,5.737,True
2025-12-26,Phan Xich Long,Phu Nhuan,Smoothie,78,3.647,True
2025-12-26,Phan Xich Long,Phu Nhuan,Bakery,117,3.182,True
2025-12-27,Phan Xich Long,Phu Nhuan,Coffee,352,11.669,True
2025-12-27,Phan Xich Long,Phu Nhuan,Tea,183,7.0,True
2025-12-27,Phan Xich Long,Phu Nhuan,Smoothie,89,4.161,True
2025-12-27,Phan Xich Long,Phu Nhuan,Bakery,127,3.454,True
2025-12-28,Phan Xich Long,Phu Nhuan,Coffee,320,10.608,True
2025-12-28,Phan Xich Long,Phu Nhuan,Tea,190,7.268,True
2025-12-28,Phan Xich Long,Phu Nhuan,Smoothie,94,4.394,True
2025-12-28,Phan Xich Long,Phu Nhuan,Bakery,130,3.536,True
2025-12-29,Phan Xich Long,Phu Nhuan,Coffee,274,9.083,True
2025-12-29,Phan Xich Long,Phu Nhuan,Tea,140,5.355,True
2025-12-29,Phan Xich Long,Phu Nhuan,Smoothie,69,3.226,True
2025-12-29,Phan Xich Long,Phu Nhuan,Bakery,109,2.965,True
2025-12-30,Phan Xich Long,Phu Nhuan,Coffee,273,9.05,True
2025-12-30,Phan Xich Long,Phu Nhuan,Tea,166,6.349,True
2025-12-30,Phan Xich Long,Phu Nhuan,Smoothie,65,3.039,True
2025-12-30,Phan Xich Long,Phu Nhuan,Bakery,109,2.965,True
2025-12-31,Phan Xich Long,Phu Nhuan,Coffee,264,8.752,True
2025-12-31,Phan Xich Long,Phu Nhuan,Tea,141,5.393,True
2025-12-31,Phan Xich Long,Phu Nhuan,Smoothie,74,3.459,True
2025-12-31,Phan Xich Long,Phu Nhuan,Bakery,110,2.992,True
2024-01-01,Quang Trung,Go Vap,Coffee,215,7.127,True
2024-01-01,Quang Trung,Go Vap,Tea,105,4.016,True
2024-01-01,Quang Trung,Go Vap,Smoothie,67,3.132,True
2024-01-01,Quang Trung,Go Vap,Bakery,78,2.122,True
2024-01-02,Quang Trung,Go Vap,Coffee,189,6.265,True
2024-01-02,Quang Trung,Go Vap,Tea,116,4.437,True
2024-01-02,Quang Trung,Go Vap,Smoothie,45,2.104,True
2024-01-02,Quang Trung,Go Vap,Bakery,93,2.53,True
2024-01-03,Quang Trung,Go Vap,Coffee,195,6.464,True
2024-01-03,Quang Trung,Go Vap,Tea,112,4.284,True
2024-01-03,Quang Trung,Go Vap,Smoothie,49,2.291,True
2024-01-03,Quang Trung,Go Vap,Bakery,69,1.877,True
2024-01-04,Quang Trung,Go Vap,Coffee,179,6.981,False
2024-01-04,Quang Trung,Go Vap,Tea,101,4.545,False
2024-01-04,Quang Trung,Go Vap,Smoothie,48,2.64,False
2024-01-04,Quang Trung,Go Vap,Bakery,38,1.216,False
2024-01-05,Quang Trung,Go Vap,Coffee,161,6.279,False
2024-01-05,Quang Trung,Go Vap,Tea,93,4.185,False
2024-01-05,Quang Trung,Go Vap,Smoothie,46,2.53,False
2024-01-05,Quang Trung,Go Vap,Bakery,60,1.92,False
2024-01-06,Quang Trung,Go Vap,Coffee,200,7.8,False
2024-01-06,Quang Trung,Go Vap,Tea,126,5.67,False
2024-01-06,Quang Trung,Go Vap,Smoothie,60,3.3,False
2024-01-06,Quang Trung,Go Vap,Bakery,73,2.336,False
2024-01-07,Quang Trung,Go Vap,Coffee,223,8.697,False
2024-01-07,Quang Trung,Go Vap,Tea,116,5.22,False
2024-01-07,Quang Trung,Go Vap,Smoothie,47,2.585,False
2024-01-07,Quang Trung,Go Vap,Bakery,73,2.336,False
2024-01-08,Quang Trung,Go Vap,Coffee,170,6.63,False
2024-01-08,Quang Trung,Go Vap,Tea,103,4.635,False
2024-01-08,Quang Trung,Go Vap,Smoothie,34,1.87,False
2024-01-08,Quang Trung,Go Vap,Bakery,53,1.696,False
2024-01-09,Quang Trung,Go Vap,Coffee,160,6.24,False
2024-01-09,Quang Trung,Go Vap,Tea,86,3.87,False
2024-01-09,Quang Trung,Go Vap,Smoothie,28,1.54,False
2024-01-09,Quang Trung,Go Vap,Bakery,67,2.144,False
2024-01-10,Quang Trung,Go Vap,Coffee,176,6.864,False
2024-01-10,Quang Trung,Go Vap,Tea,100,4.5,False
2024-01-10,Quang Trung,Go Vap,Smoothie,41,2.255,False
2024-01-10,Quang Trung,Go Vap,Bakery,72,2.304,False
2024-01-11,Quang Trung,Go Vap,Coffee,182,7.098,False
2024-01-11,Quang Trung,Go Vap,Tea,102,4.59,False
2024-01-11,Quang Trung,Go Vap,Smoothie,37,2.035,False
2024-01-11,Quang Trung,Go Vap,Bakery,65,2.08,False
2024-01-12,Quang Trung,Go Vap,Coffee,182,7.098,False
2024-01-12,Quang Trung,Go Vap,Tea,105,4.725,False
2024-01-12,Quang Trung,Go Vap,Smoothie,48,2.64,False
2024-01-12,Quang Trung,Go Vap,Bakery,76,2.432,False
2024-01-13,Quang Trung,Go Vap,Coffee,222,8.658,False
2024-01-13,Quang Trung,Go Vap,Tea,133,5.985,False
2024-01-13,Quang Trung,Go Vap,Smoothie,54,2.97,False
2024-01-13,Quang Trung,Go Vap,Bakery,95,3.04,False
2024-01-14,Quang Trung,Go Vap,Coffee,202,7.878,False
2024-01-14,Quang Trung,Go Vap,Tea,135,6.075,False
2024-01-14,Quang Trung,Go Vap,Smoothie,55,3.025,False
2024-01-14,Quang Trung,Go Vap,Bakery,91,2.912,False
2024-01-15,Quang Trung,Go Vap,Coffee,171,6.669,False
2024-01-15,Quang Trung,Go Vap,Tea,100,4.5,False
2024-01-15,Quang Trung,Go Vap,Smoothie,42,2.31,False
2024-01-15,Quang Trung,Go Vap,Bakery,62,1.984,False
2024-01-16,Quang Trung,Go Vap,Coffee,150,5.85,False
2024-01-16,Quang Trung,Go Vap,Tea,102,4.59,False
2024-01-16,Quang Trung,Go Vap,Smoothie,45,2.475,False
2024-01-16,Quang Trung,Go Vap,Bakery,57,1.824,False
2024-01-17,Quang Trung,Go Vap,Coffee,142,5.538,False
2024-01-17,Quang Trung,Go Vap,Tea,111,4.995,False
2024-01-17,Quang Trung,Go Vap,Smoothie,39,2.145,False
2024-01-17,Quang Trung,Go Vap,Bakery,68,2.176,False
2024-01-18,Quang Trung,Go Vap,Coffee,169,6.591,False
2024-01-18,Quang Trung,Go Vap,Tea,94,4.23,False
2024-01-18,Quang Trung,Go Vap,Smoothie,46,2.53,False
2024-01-18,Quang Trung,Go Vap,Bakery,72,2.304,False
2024-01-19,Quang Trung,Go Vap,Coffee,185,7.215,False
2024-01-19,Quang Trung,Go Vap,Tea,91,4.095,False
2024-01-19,Quang Trung,Go Vap,Smoothie,34,1.87,False
2024-01-19,Quang Trung,Go Vap,Bakery,71,2.272,False
2024-01-20,Quang Trung,Go Vap,Coffee,211,8.229,False
2024-01-20,Quang Trung,Go Vap,Tea,120,5.4,False
2024-01-20,Quang Trung,Go Vap,Smoothie,49,2.695,False
2024-01-20,Quang Trung,Go Vap,Bakery,69,2.208,False
2024-01-21,Quang Trung,Go Vap,Coffee,216,8.424,False
2024-01-21,Quang Trung,Go Vap,Tea,116,5.22,False
2024-01-21,Quang Trung,Go Vap,Smoothie,55,3.025,False
2024-01-21,Quang Trung,Go Vap,Bakery,78,2.496,False
2024-01-22,Quang Trung,Go Vap,Coffee,200,7.8,False
2024-01-22,Quang Trung,Go Vap,Tea,94,4.23,False
2024-01-22,Quang Trung,Go Vap,Smoothie,46,2.53,False
2024-01-22,Quang Trung,Go Vap,Bakery,72,2.304,False
2024-01-23,Quang Trung,Go Vap,Coffee,181,7.059,False
2024-01-23,Quang Trung,Go Vap,Tea,92,4.14,False
2024-01-23,Quang Trung,Go Vap,Smoothie,34,1.87,False
2024-01-23,Quang Trung,Go Vap,Bakery,78,2.496,False
2024-01-24,Quang Trung,Go Vap,Coffee,192,7.488,False
2024-01-24,Quang Trung,Go Vap,Tea,91,4.095,False
2024-01-24,Quang Trung,Go Vap,Smoothie,33,1.815,False
2024-01-24,Quang Trung,Go Vap,Bakery,65,2.08,False
2024-01-25,Quang Trung,Go Vap,Coffee,178,6.942,False
2024-01-25,Quang Trung,Go Vap,Tea,95,4.275,False
2024-01-25,Quang Trung,Go Vap,Smoothie,35,1.925,False
2024-01-25,Quang Trung,Go Vap,Bakery,71,2.272,False
2024-01-26,Quang Trung,Go Vap,Coffee,175,6.825,False
2024-01-26,Quang Trung,Go Vap,Tea,89,4.005,False
2024-01-26,Quang Trung,Go Vap,Smoothie,44,2.42,False
2024-01-26,Quang Trung,Go Vap,Bakery,75,2.4,False
2024-01-27,Quang Trung,Go Vap,Coffee,214,8.346,False
2024-01-27,Quang Trung,Go Vap,Tea,118,5.31,False
2024-01-27,Quang Trung,Go Vap,Smoothie,58,3.19,False
2024-01-27,Quang Trung,Go Vap,Bakery,67,2.144,False
2024-01-28,Quang Trung,Go Vap,Coffee,189,7.371,False
2024-01-28,Quang Trung,Go Vap,Tea,119,5.355,False
2024-01-28,Quang Trung,Go Vap,Smoothie,66,3.63,False
2024-01-28,Quang Trung,Go Vap,Bakery,78,2.496,False
2024-01-29,Quang Trung,Go Vap,Coffee,183,7.137,False
2024-01-29,Quang Trung,Go Vap,Tea,100,4.5,False
2024-01-29,Quang Trung,Go Vap,Smoothie,39,2.145,False
2024-01-29,Quang Trung,Go Vap,Bakery,69,2.208,False
2024-01-30,Quang Trung,Go Vap,Coffee,162,6.318,False
2024-01-30,Quang Trung,Go Vap,Tea,85,3.825,False
2024-01-30,Quang Trung,Go Vap,Smoothie,42,2.31,False
2024-01-30,Quang Trung,Go Vap,Bakery,71,2.272,False
2024-01-31,Quang Trung,Go Vap,Coffee,175,6.825,False
2024-01-31,Quang Trung,Go Vap,Tea,76,3.42,False
2024-01-31,Quang Trung,Go Vap,Smoothie,39,2.145,False
2024-01-31,Quang Trung,Go Vap,Bakery,77,2.464,False
2024-02-01,Quang Trung,Go Vap,Coffee,168,5.569,True
2024-02-01,Quang Trung,Go Vap,Tea,104,3.978,True
2024-02-01,Quang Trung,Go Vap,Smoothie,37,1.73,True
2024-02-01,Quang Trung,Go Vap,Bakery,53,1.442,True
2024-02-02,Quang Trung,Go Vap,Coffee,141,4.674,True
2024-02-02,Quang Trung,Go Vap,Tea,111,4.246,True
2024-02-02,Quang Trung,Go Vap,Smoothie,47,2.197,True
2024-02-02,Quang Trung,Go Vap,Bakery,72,1.958,True
2024-02-03,Quang Trung,Go Vap,Coffee,200,6.63,True
2024-02-03,Quang Trung,Go Vap,Tea,111,4.246,True
2024-02-03,Quang Trung,Go Vap,Smoothie,57,2.665,True
2024-02-03,Quang Trung,Go Vap,Bakery,74,2.013,True
2024-02-04,Quang Trung,Go Vap,Coffee,170,6.63,False
2024-02-04,Quang Trung,Go Vap,Tea,102,4.59,False
2024-02-04,Quang Trung,Go Vap,Smoothie,43,2.365,False
2024-02-04,Quang Trung,Go Vap,Bakery,53,1.696,False
2024-02-05,Quang Trung,Go Vap,Coffee,140,5.46,False
2024-02-05,Quang Trung,Go Vap,Tea,94,4.23,False
2024-02-05,Quang Trung,Go Vap,Smoothie,35,1.925,False
2024-02-05,Quang Trung,Go Vap,Bakery,57,1.824,False
2024-02-06,Quang Trung,Go Vap,Coffee,75,2.925,False
2024-02-06,Quang Trung,Go Vap,Tea,41,1.845,False
2024-02-06,Quang Trung,Go Vap,Smoothie,19,1.045,False
2024-02-06,Quang Trung,Go Vap,Bakery,32,1.024,False
2024-02-07,Quang Trung,Go Vap,Coffee,61,2.379,False
2024-02-07,Quang Trung,Go Vap,Tea,44,1.98,False
2024-02-07,Quang Trung,Go Vap,Smoothie,16,0.88,False
2024-02-07,Quang Trung,Go Vap,Bakery,30,0.96,False
2024-02-08,Quang Trung,Go Vap,Coffee,82,3.198,False
2024-02-08,Quang Trung,Go Vap,Tea,41,1.845,False
2024-02-08,Quang Trung,Go Vap,Smoothie,17,0.935,False
2024-02-08,Quang Trung,Go Vap,Bakery,23,0.736,False
2024-02-09,Quang Trung,Go Vap,Coffee,75,2.925,False
2024-02-09,Quang Trung,Go Vap,Tea,45,2.025,False
2024-02-09,Quang Trung,Go Vap,Smoothie,17,0.935,False
2024-02-09,Quang Trung,Go Vap,Bakery,33,1.056,False
2024-02-10,Quang Trung,Go Vap,Coffee,95,3.705,False
2024-02-10,Quang Trung,Go Vap,Tea,61,2.745,False
2024-02-10,Quang Trung,Go Vap,Smoothie,32,1.76,False
2024-02-10,Quang Trung,Go Vap,Bakery,35,1.12,False
2024-02-11,Quang Trung,Go Vap,Coffee,96,3.744,False
2024-02-11,Quang Trung,Go Vap,Tea,51,2.295,False
2024-02-11,Quang Trung,Go Vap,Smoothie,22,1.21,False
2024-02-11,Quang Trung,Go Vap,Bakery,31,0.992,False
2024-02-12,Quang Trung,Go Vap,Coffee,87,3.393,False
2024-02-12,Quang Trung,Go Vap,Tea,51,2.295,False
2024-02-12,Quang Trung,Go Vap,Smoothie,17,0.935,False
2024-02-12,Quang Trung,Go Vap,Bakery,28,0.896,False
2024-02-13,Quang Trung,Go Vap,Coffee,69,2.691,False
2024-02-13,Quang Trung,Go Vap,Tea,43,1.935,False
2024-02-13,Quang Trung,Go Vap,Smoothie,28,1.54,False
2024-02-13,Quang Trung,Go Vap,Bakery,22,0.704,False
2024-02-14,Quang Trung,Go Vap,Coffee,71,2.769,False
2024-02-14,Quang Trung,Go Vap,Tea,53,2.385,False
2024-02-14,Quang Trung,Go Vap,Smoothie,23,1.265,False
2024-02-14,Quang Trung,Go Vap,Bakery,35,1.12,False
2024-02-15,Quang Trung,Go Vap,Coffee,139,5.421,False
2024-02-15,Quang Trung,Go Vap,Tea,72,3.24,False
2024-02-15,Quang Trung,Go Vap,Smoothie,30,1.65,False
2024-02-15,Quang Trung,Go Vap,Bakery,49,1.568,False
2024-02-16,Quang Trung,Go Vap,Coffee,139,5.421,False
2024-02-16,Quang Trung,Go Vap,Tea,71,3.195,False
2024-02-16,Quang Trung,Go Vap,Smoothie,27,1.485,False
2024-02-16,Quang Trung,Go Vap,Bakery,59,1.888,False
2024-02-17,Quang Trung,Go Vap,Coffee,179,6.981,False
2024-02-17,Quang Trung,Go Vap,Tea,111,4.995,False
2024-02-17,Quang Trung,Go Vap,Smoothie,56,3.08,False
2024-02-17,Quang Trung,Go Vap,Bakery,70,2.24,False
2024-02-18,Quang Trung,Go Vap,Coffee,171,6.669,False
2024-02-18,Quang Trung,Go Vap,Tea,107,4.815,False
2024-02-18,Quang Trung,Go Vap,Smoothie,43,2.365,False
2024-02-18,Quang Trung,Go Vap,Bakery,60,1.92,False
2024-02-19,Quang Trung,Go Vap,Coffee,138,5.382,False
2024-02-19,Quang Trung,Go Vap,Tea,69,3.105,False
2024-02-19,Quang Trung,Go Vap,Smoothie,27,1.485,False
2024-02-19,Quang Trung,Go Vap,Bakery,41,1.312,False
2024-02-20,Quang Trung,Go Vap,Coffee,157,6.123,False
2024-02-20,Quang Trung,Go Vap,Tea,91,4.095,False
2024-02-20,Quang Trung,Go Vap,Smoothie,44,2.42,False
2024-02-20,Quang Trung,Go Vap,Bakery,66,2.112,False
2024-02-21,Quang Trung,Go Vap,Coffee,133,5.187,False
2024-02-21,Quang Trung,Go Vap,Tea,94,4.23,False
2024-02-21,Quang Trung,Go Vap,Smoothie,57,3.135,False
2024-02-21,Quang Trung,Go Vap,Bakery,74,2.368,False
2024-02-22,Quang Trung,Go Vap,Coffee,165,6.435,False
2024-02-22,Quang Trung,Go Vap,Tea,103,4.635,False
2024-02-22,Quang Trung,Go Vap,Smoothie,51,2.805,False
2024-02-22,Quang Trung,Go Vap,Bakery,68,2.176,False
2024-02-23,Quang Trung,Go Vap,Coffee,170,6.63,False
2024-02-23,Quang Trung,Go Vap,Tea,103,4.635,False
2024-02-23,Quang Trung,Go Vap,Smoothie,39,2.145,False
2024-02-23,Quang Trung,Go Vap,Bakery,68,2.176,False
2024-02-24,Quang Trung,Go Vap,Coffee,206,8.034,False
2024-02-24,Quang Trung,Go Vap,Tea,120,5.4,False
2024-02-24,Quang Trung,Go Vap,Smoothie,54,2.97,False
2024-02-24,Quang Trung,Go Vap,Bakery,88,2.816,False
2024-02-25,Quang Trung,Go Vap,Coffee,255,9.945,False
2024-02-25,Quang Trung,Go Vap,Tea,133,5.985,False
2024-02-25,Quang Trung,Go Vap,Smoothie,63,3.465,False
2024-02-25,Quang Trung,Go Vap,Bakery,84,2.688,False
2024-02-26,Quang Trung,Go Vap,Coffee,183,7.137,False
2024-02-26,Quang Trung,Go Vap,Tea,95,4.275,False
2024-02-26,Quang Trung,Go Vap,Smoothie,43,2.365,False
2024-02-26,Quang Trung,Go Vap,Bakery,69,2.208,False
2024-02-27,Quang Trung,Go Vap,Coffee,181,7.059,False
2024-02-27,Quang Trung,Go Vap,Tea,100,4.5,False
2024-02-27,Quang Trung,Go Vap,Smoothie,42,2.31,False
2024-02-27,Quang Trung,Go Vap,Bakery,79,2.528,False
2024-02-28,Quang Trung,Go Vap,Coffee,178,6.942,False
2024-02-28,Quang Trung,Go Vap,Tea,96,4.32,False
2024-02-28,Quang Trung,Go Vap,Smoothie,48,2.64,False
2024-02-28,Quang Trung,Go Vap,Bakery,57,1.824,False
2024-02-29,Quang Trung,Go Vap,Coffee,172,6.708,False
2024-02-29,Quang Trung,Go Vap,Tea,90,4.05,False
2024-02-29,Quang Trung,Go Vap,Smoothie,38,2.09,False
2024-02-29,Quang Trung,Go Vap,Bakery,60,1.92,False
2024-03-01,Quang Trung,Go Vap,Coffee,200,6.63,True
2024-03-01,Quang Trung,Go Vap,Tea,120,4.59,True
2024-03-01,Quang Trung,Go Vap,Smoothie,71,3.319,True
2024-03-01,Quang Trung,Go Vap,Bakery,72,1.958,True
2024-03-02,Quang Trung,Go Vap,Coffee,235,7.79,True
2024-03-02,Quang Trung,Go Vap,Tea,139,5.317,True
2024-03-02,Quang Trung,Go Vap,Smoothie,82,3.833,True
2024-03-02,Quang Trung,Go Vap,Bakery,105,2.856,True
2024-03-03,Quang Trung,Go Vap,Coffee,266,8.818,True
2024-03-03,Quang Trung,Go Vap,Tea,143,5.47,True
2024-03-03,Quang Trung,Go Vap,Smoothie,89,4.161,True
2024-03-03,Quang Trung,Go Vap,Bakery,92,2.502,True
2024-03-04,Quang Trung,Go Vap,Coffee,187,7.293,False
2024-03-04,Quang Trung,Go Vap,Tea,108,4.86,False
2024-03-04,Quang Trung,Go Vap,Smoothie,61,3.355,False
2024-03-04,Quang Trung,Go Vap,Bakery,61,1.952,False
2024-03-05,Quang Trung,Go Vap,Coffee,175,6.825,False
2024-03-05,Quang Trung,Go Vap,Tea,105,4.725,False
2024-03-05,Quang Trung,Go Vap,Smoothie,70,3.85,False
2024-03-05,Quang Trung,Go Vap,Bakery,73,2.336,False
2024-03-06,Quang Trung,Go Vap,Coffee,149,5.811,False
2024-03-06,Quang Trung,Go Vap,Tea,96,4.32,False
2024-03-06,Quang Trung,Go Vap,Smoothie,71,3.905,False
2024-03-06,Quang Trung,Go Vap,Bakery,63,2.016,False
2024-03-07,Quang Trung,Go Vap,Coffee,153,5.967,False
2024-03-07,Quang Trung,Go Vap,Tea,110,4.95,False
2024-03-07,Quang Trung,Go Vap,Smoothie,74,4.07,False
2024-03-07,Quang Trung,Go Vap,Bakery,58,1.856,False
2024-03-08,Quang Trung,Go Vap,Coffee,170,6.63,False
2024-03-08,Quang Trung,Go Vap,Tea,86,3.87,False
2024-03-08,Quang Trung,Go Vap,Smoothie,62,3.41,False
2024-03-08,Quang Trung,Go Vap,Bakery,62,1.984,False
2024-03-09,Quang Trung,Go Vap,Coffee,207,8.073,False
2024-03-09,Quang Trung,Go Vap,Tea,115,5.175,False
2024-03-09,Quang Trung,Go Vap,Smoothie,75,4.125,False
2024-03-09,Quang Trung,Go Vap,Bakery,89,2.848,False
2024-03-10,Quang Trung,Go Vap,Coffee,192,7.488,False
2024-03-10,Quang Trung,Go Vap,Tea,119,5.355,False
2024-03-10,Quang Trung,Go Vap,Smoothie,84,4.62,False
2024-03-10,Quang Trung,Go Vap,Bakery,66,2.112,False
2024-03-11,Quang Trung,Go Vap,Coffee,179,6.981,False
2024-03-11,Quang Trung,Go Vap,Tea,98,4.41,False
2024-03-11,Quang Trung,Go Vap,Smoothie,69,3.795,False
2024-03-11,Quang Trung,Go Vap,Bakery,72,2.304,False
2024-03-12,Quang Trung,Go Vap,Coffee,172,6.708,False
2024-03-12,Quang Trung,Go Vap,Tea,92,4.14,False
2024-03-12,Quang Trung,Go Vap,Smoothie,64,3.52,False
2024-03-12,Quang Trung,Go Vap,Bakery,64,2.048,False
2024-03-13,Quang Trung,Go Vap,Coffee,158,6.162,False
2024-03-13,Quang Trung,Go Vap,Tea,82,3.69,False
2024-03-13,Quang Trung,Go Vap,Smoothie,58,3.19,False
2024-03-13,Quang Trung,Go Vap,Bakery,71,2.272,False
2024-03-14,Quang Trung,Go Vap,Coffee,179,6.981,False
2024-03-14,Quang Trung,Go Vap,Tea,93,4.185,False
2024-03-14,Quang Trung,Go Vap,Smoothie,57,3.135,False
2024-03-14,Quang Trung,Go Vap,Bakery,67,2.144,False
2024-03-15,Quang Trung,Go Vap,Coffee,169,6.591,False
2024-03-15,Quang Trung,Go Vap,Tea,99,4.455,False
2024-03-15,Quang Trung,Go Vap,Smoothie,67,3.685,False
2024-03-15,Quang Trung,Go Vap,Bakery,64,2.048,False
2024-03-16,Quang Trung,Go Vap,Coffee,213,8.307,False
2024-03-16,Quang Trung,Go Vap,Tea,117,5.265,False
2024-03-16,Quang Trung,Go Vap,Smoothie,80,4.4,False
2024-03-16,Quang Trung,Go Vap,Bakery,81,2.592,False
2024-03-17,Quang Trung,Go Vap,Coffee,234,9.126,False
2024-03-17,Quang Trung,Go Vap,Tea,144,6.48,False
2024-03-17,Quang Trung,Go Vap,Smoothie,83,4.565,False
2024-03-17,Quang Trung,Go Vap,Bakery,89,2.848,False
2024-03-18,Quang Trung,Go Vap,Coffee,181,7.059,False
2024-03-18,Quang Trung,Go Vap,Tea,102,4.59,False
2024-03-18,Quang Trung,Go Vap,Smoothie,70,3.85,False
2024-03-18,Quang Trung,Go Vap,Bakery,64,2.048,False
2024-03-19,Quang Trung,Go Vap,Coffee,178,6.942,False
2024-03-19,Quang Trung,Go Vap,Tea,92,4.14,False
2024-03-19,Quang Trung,Go Vap,Smoothie,59,3.245,False
2024-03-19,Quang Trung,Go Vap,Bakery,64,2.048,False
2024-03-20,Quang Trung,Go Vap,Coffee,180,7.02,False
2024-03-20,Quang Trung,Go Vap,Tea,84,3.78,False
2024-03-20,Quang Trung,Go Vap,Smoothie,61,3.355,False
2024-03-20,Quang Trung,Go Vap,Bakery,65,2.08,False
2024-03-21,Quang Trung,Go Vap,Coffee,176,6.864,False
2024-03-21,Quang Trung,Go Vap,Tea,94,4.23,False
2024-03-21,Quang Trung,Go Vap,Smoothie,64,3.52,False
2024-03-21,Quang Trung,Go Vap,Bakery,62,1.984,False
2024-03-22,Quang Trung,Go Vap,Coffee,191,7.449,False
2024-03-22,Quang Trung,Go Vap,Tea,88,3.96,False
2024-03-22,Quang Trung,Go Vap,Smoothie,69,3.795,False
2024-03-22,Quang Trung,Go Vap,Bakery,62,1.984,False
2024-03-23,Quang Trung,Go Vap,Coffee,213,8.307,False
2024-03-23,Quang Trung,Go Vap,Tea,123,5.535,False
2024-03-23,Quang Trung,Go Vap,Smoothie,69,3.795,False
2024-03-23,Quang Trung,Go Vap,Bakery,79,2.528,False
2024-03-24,Quang Trung,Go Vap,Coffee,230,8.97,False
2024-03-24,Quang Trung,Go Vap,Tea,115,5.175,False
2024-03-24,Quang Trung,Go Vap,Smoothie,77,4.235,False
2024-03-24,Quang Trung,Go Vap,Bakery,86,2.752,False
2024-03-25,Quang Trung,Go Vap,Coffee,182,7.098,False
2024-03-25,Quang Trung,Go Vap,Tea,90,4.05,False
2024-03-25,Quang Trung,Go Vap,Smoothie,62,3.41,False
2024-03-25,Quang Trung,Go Vap,Bakery,69,2.208,False
2024-03-26,Quang Trung,Go Vap,Coffee,181,7.059,False
2024-03-26,Quang Trung,Go Vap,Tea,97,4.365,False
2024-03-26,Quang Trung,Go Vap,Smoothie,71,3.905,False
2024-03-26,Quang Trung,Go Vap,Bakery,59,1.888,False
2024-03-27,Quang Trung,Go Vap,Coffee,181,7.059,False
2024-03-27,Quang Trung,Go Vap,Tea,91,4.095,False
2024-03-27,Quang Trung,Go Vap,Smoothie,53,2.915,False
2024-03-27,Quang Trung,Go Vap,Bakery,83,2.656,False
2024-03-28,Quang Trung,Go Vap,Coffee,181,7.059,False
2024-03-28,Quang Trung,Go Vap,Tea,108,4.86,False
2024-03-28,Quang Trung,Go Vap,Smoothie,60,3.3,False
2024-03-28,Quang Trung,Go Vap,Bakery,69,2.208,False
2024-03-29,Quang Trung,Go Vap,Coffee,179,6.981,False
2024-03-29,Quang Trung,Go Vap,Tea,101,4.545,False
2024-03-29,Quang Trung,Go Vap,Smoothie,68,3.74,False
2024-03-29,Quang Trung,Go Vap,Bakery,62,1.984,False
2024-03-30,Quang Trung,Go Vap,Coffee,237,9.243,False
2024-03-30,Quang Trung,Go Vap,Tea,136,6.12,False
2024-03-30,Quang Trung,Go Vap,Smoothie,83,4.565,False
2024-03-30,Quang Trung,Go Vap,Bakery,89,2.848,False
2024-03-31,Quang Trung,Go Vap,Coffee,176,6.864,False
2024-03-31,Quang Trung,Go Vap,Tea,113,5.085,False
2024-03-31,Quang Trung,Go Vap,Smoothie,81,4.455,False
2024-03-31,Quang Trung,Go Vap,Bakery,90,2.88,False
2024-04-01,Quang Trung,Go Vap,Coffee,196,6.497,True
2024-04-01,Quang Trung,Go Vap,Tea,124,4.743,True
2024-04-01,Quang Trung,Go Vap,Smoothie,86,4.021,True
2024-04-01,Quang Trung,Go Vap,Bakery,79,2.149,True
2024-04-02,Quang Trung,Go Vap,Coffee,215,7.127,True
2024-04-02,Quang Trung,Go Vap,Tea,116,4.437,True
2024-04-02,Quang Trung,Go Vap,Smoothie,69,3.226,True
2024-04-02,Quang Trung,Go Vap,Bakery,72,1.958,True
2024-04-03,Quang Trung,Go Vap,Coffee,196,6.497,True
2024-04-03,Quang Trung,Go Vap,Tea,114,4.361,True
2024-04-03,Quang Trung,Go Vap,Smoothie,91,4.254,True
2024-04-03,Quang Trung,Go Vap,Bakery,67,1.822,True
2024-04-04,Quang Trung,Go Vap,Coffee,171,6.669,False
2024-04-04,Quang Trung,Go Vap,Tea,110,4.95,False
2024-04-04,Quang Trung,Go Vap,Smoothie,55,3.025,False
2024-04-04,Quang Trung,Go Vap,Bakery,69,2.208,False
2024-04-05,Quang Trung,Go Vap,Coffee,164,6.396,False
2024-04-05,Quang Trung,Go Vap,Tea,94,4.23,False
2024-04-05,Quang Trung,Go Vap,Smoothie,57,3.135,False
2024-04-05,Quang Trung,Go Vap,Bakery,64,2.048,False
2024-04-06,Quang Trung,Go Vap,Coffee,225,8.775,False
2024-04-06,Quang Trung,Go Vap,Tea,141,6.345,False
2024-04-06,Quang Trung,Go Vap,Smoothie,63,3.465,False
2024-04-06,Quang Trung,Go Vap,Bakery,72,2.304,False
2024-04-07,Quang Trung,Go Vap,Coffee,218,8.502,False
2024-04-07,Quang Trung,Go Vap,Tea,123,5.535,False
2024-04-07,Quang Trung,Go Vap,Smoothie,90,4.95,False
2024-04-07,Quang Trung,Go Vap,Bakery,81,2.592,False
2024-04-08,Quang Trung,Go Vap,Coffee,178,6.942,False
2024-04-08,Quang Trung,Go Vap,Tea,102,4.59,False
2024-04-08,Quang Trung,Go Vap,Smoothie,54,2.97,False
2024-04-08,Quang Trung,Go Vap,Bakery,65,2.08,False
2024-04-09,Quang Trung,Go Vap,Coffee,161,6.279,False
2024-04-09,Quang Trung,Go Vap,Tea,87,3.915,False
2024-04-09,Quang Trung,Go Vap,Smoothie,60,3.3,False
2024-04-09,Quang Trung,Go Vap,Bakery,72,2.304,False
2024-04-10,Quang Trung,Go Vap,Coffee,168,6.552,False
2024-04-10,Quang Trung,Go Vap,Tea,112,5.04,False
2024-04-10,Quang Trung,Go Vap,Smoothie,55,3.025,False
2024-04-10,Quang Trung,Go Vap,Bakery,57,1.824,False
2024-04-11,Quang Trung,Go Vap,Coffee,158,6.162,False
2024-04-11,Quang Trung,Go Vap,Tea,89,4.005,False
2024-04-11,Quang Trung,Go Vap,Smoothie,65,3.575,False
2024-04-11,Quang Trung,Go Vap,Bakery,70,2.24,False
2024-04-12,Quang Trung,Go Vap,Coffee,153,5.967,False
2024-04-12,Quang Trung,Go Vap,Tea,110,4.95,False
2024-04-12,Quang Trung,Go Vap,Smoothie,52,2.86,False
2024-04-12,Quang Trung,Go Vap,Bakery,69,2.208,False
2024-04-13,Quang Trung,Go Vap,Coffee,208,8.112,False
2024-04-13,Quang Trung,Go Vap,Tea,135,6.075,False
2024-04-13,Quang Trung,Go Vap,Smoothie,74,4.07,False
2024-04-13,Quang Trung,Go Vap,Bakery,77,2.464,False
2024-04-14,Quang Trung,Go Vap,Coffee,208,8.112,False
2024-04-14,Quang Trung,Go Vap,Tea,104,4.68,False
2024-04-14,Quang Trung,Go Vap,Smoothie,64,3.52,False
2024-04-14,Quang Trung,Go Vap,Bakery,84,2.688,False
2024-04-15,Quang Trung,Go Vap,Coffee,191,7.449,False
2024-04-15,Quang Trung,Go Vap,Tea,107,4.815,False
2024-04-15,Quang Trung,Go Vap,Smoothie,51,2.805,False
2024-04-15,Quang Trung,Go Vap,Bakery,56,1.792,False
2024-04-16,Quang Trung,Go Vap,Coffee,199,7.761,False
2024-04-16,Quang Trung,Go Vap,Tea,106,4.77,False
2024-04-16,Quang Trung,Go Vap,Smoothie,57,3.135,False
2024-04-16,Quang Trung,Go Vap,Bakery,61,1.952,False
2024-04-17,Quang Trung,Go Vap,Coffee,165,6.435,False
2024-04-17,Quang Trung,Go Vap,Tea,102,4.59,False
2024-04-17,Quang Trung,Go Vap,Smoothie,50,2.75,False
2024-04-17,Quang Trung,Go Vap,Bakery,60,1.92,False
2024-04-18,Quang Trung,Go Vap,Coffee,146,5.694,False
2024-04-18,Quang Trung,Go Vap,Tea,107,4.815,False
2024-04-18,Quang Trung,Go Vap,Smoothie,60,3.3,False
2024-04-18,Quang Trung,Go Vap,Bakery,57,1.824,False
2024-04-19,Quang Trung,Go Vap,Coffee,173,6.747,False
2024-04-19,Quang Trung,Go Vap,Tea,101,4.545,False
2024-04-19,Quang Trung,Go Vap,Smoothie,69,3.795,False
2024-04-19,Quang Trung,Go Vap,Bakery,77,2.464,False
2024-04-20,Quang Trung,Go Vap,Coffee,261,10.179,False
2024-04-20,Quang Trung,Go Vap,Tea,121,5.445,False
2024-04-20,Quang Trung,Go Vap,Smoothie,73,4.015,False
2024-04-20,Quang Trung,Go Vap,Bakery,84,2.688,False
2024-04-21,Quang Trung,Go Vap,Coffee,257,10.023,False
2024-04-21,Quang Trung,Go Vap,Tea,120,5.4,False
2024-04-21,Quang Trung,Go Vap,Smoothie,71,3.905,False
2024-04-21,Quang Trung,Go Vap,Bakery,88,2.816,False
2024-04-22,Quang Trung,Go Vap,Coffee,179,6.981,False
2024-04-22,Quang Trung,Go Vap,Tea,98,4.41,False
2024-04-22,Quang Trung,Go Vap,Smoothie,65,3.575,False
2024-04-22,Quang Trung,Go Vap,Bakery,63,2.016,False
2024-04-23,Quang Trung,Go Vap,Coffee,147,5.733,False
2024-04-23,Quang Trung,Go Vap,Tea,109,4.905,False
2024-04-23,Quang Trung,Go Vap,Smoothie,63,3.465,False
2024-04-23,Quang Trung,Go Vap,Bakery,54,1.728,False
2024-04-24,Quang Trung,Go Vap,Coffee,162,6.318,False
2024-04-24,Quang Trung,Go Vap,Tea,107,4.815,False
2024-04-24,Quang Trung,Go Vap,Smoothie,72,3.96,False
2024-04-24,Quang Trung,Go Vap,Bakery,57,1.824,False
2024-04-25,Quang Trung,Go Vap,Coffee,179,6.981,False
2024-04-25,Quang Trung,Go Vap,Tea,91,4.095,False
2024-04-25,Quang Trung,Go Vap,Smoothie,62,3.41,False
2024-04-25,Quang Trung,Go Vap,Bakery,59,1.888,False
2024-04-26,Quang Trung,Go Vap,Coffee,171,6.669,False
2024-04-26,Quang Trung,Go Vap,Tea,99,4.455,False
2024-04-26,Quang Trung,Go Vap,Smoothie,56,3.08,False
2024-04-26,Quang Trung,Go Vap,Bakery,62,1.984,False
2024-04-27,Quang Trung,Go Vap,Coffee,211,8.229,False
2024-04-27,Quang Trung,Go Vap,Tea,122,5.49,False
2024-04-27,Quang Trung,Go Vap,Smoothie,63,3.465,False
2024-04-27,Quang Trung,Go Vap,Bakery,85,2.72,False
2024-04-28,Quang Trung,Go Vap,Coffee,217,8.463,False
2024-04-28,Quang Trung,Go Vap,Tea,112,5.04,False
2024-04-28,Quang Trung,Go Vap,Smoothie,91,5.005,False
2024-04-28,Quang Trung,Go Vap,Bakery,77,2.464,False
2024-04-29,Quang Trung,Go Vap,Coffee,171,6.669,False
2024-04-29,Quang Trung,Go Vap,Tea,94,4.23,False
2024-04-29,Quang Trung,Go Vap,Smoothie,67,3.685,False
2024-04-29,Quang Trung,Go Vap,Bakery,77,2.464,False
2024-04-30,Quang Trung,Go Vap,Coffee,168,6.552,False
2024-04-30,Quang Trung,Go Vap,Tea,90,4.05,False
2024-04-30,Quang Trung,Go Vap,Smoothie,55,3.025,False
2024-04-30,Quang Trung,Go Vap,Bakery,62,1.984,False
2024-05-01,Quang Trung,Go Vap,Coffee,208,6.895,True
2024-05-01,Quang Trung,Go Vap,Tea,101,3.863,True
2024-05-01,Quang Trung,Go Vap,Smoothie,76,3.553,True
2024-05-01,Quang Trung,Go Vap,Bakery,51,1.387,True
2024-05-02,Quang Trung,Go Vap,Coffee,195,6.464,True
2024-05-02,Quang Trung,Go Vap,Tea,112,4.284,True
2024-05-02,Quang Trung,Go Vap,Smoothie,69,3.226,True
2024-05-02,Quang Trung,Go Vap,Bakery,71,1.931,True
2024-05-03,Quang Trung,Go Vap,Coffee,217,7.194,True
2024-05-03,Quang Trung,Go Vap,Tea,114,4.361,True
2024-05-03,Quang Trung,Go Vap,Smoothie,68,3.179,True
2024-05-03,Quang Trung,Go Vap,Bakery,76,2.067,True
2024-05-04,Quang Trung,Go Vap,Coffee,208,8.112,False
2024-05-04,Quang Trung,Go Vap,Tea,103,4.635,False
2024-05-04,Quang Trung,Go Vap,Smoothie,69,3.795,False
2024-05-04,Quang Trung,Go Vap,Bakery,98,3.136,False
2024-05-05,Quang Trung,Go Vap,Coffee,221,8.619,False
2024-05-05,Quang Trung,Go Vap,Tea,124,5.58,False
2024-05-05,Quang Trung,Go Vap,Smoothie,82,4.51,False
2024-05-05,Quang Trung,Go Vap,Bakery,81,2.592,False
2024-05-06,Quang Trung,Go Vap,Coffee,157,6.123,False
2024-05-06,Quang Trung,Go Vap,Tea,99,4.455,False
2024-05-06,Quang Trung,Go Vap,Smoothie,62,3.41,False
2024-05-06,Quang Trung,Go Vap,Bakery,72,2.304,False
2024-05-07,Quang Trung,Go Vap,Coffee,167,6.513,False
2024-05-07,Quang Trung,Go Vap,Tea,85,3.825,False
2024-05-07,Quang Trung,Go Vap,Smoothie,68,3.74,False
2024-05-07,Quang Trung,Go Vap,Bakery,59,1.888,False
2024-05-08,Quang Trung,Go Vap,Coffee,168,6.552,False
2024-05-08,Quang Trung,Go Vap,Tea,98,4.41,False
2024-05-08,Quang Trung,Go Vap,Smoothie,58,3.19,False
2024-05-08,Quang Trung,Go Vap,Bakery,60,1.92,False
2024-05-09,Quang Trung,Go Vap,Coffee,195,7.605,False
2024-05-09,Quang Trung,Go Vap,Tea,107,4.815,False
2024-05-09,Quang Trung,Go Vap,Smoothie,68,3.74,False
2024-05-09,Quang Trung,Go Vap,Bakery,64,2.048,False
2024-05-10,Quang Trung,Go Vap,Coffee,144,5.616,False
2024-05-10,Quang Trung,Go Vap,Tea,78,3.51,False
2024-05-10,Quang Trung,Go Vap,Smoothie,69,3.795,False
2024-05-10,Quang Trung,Go Vap,Bakery,80,2.56,False
2024-05-11,Quang Trung,Go Vap,Coffee,219,8.541,False
2024-05-11,Quang Trung,Go Vap,Tea,139,6.255,False
2024-05-11,Quang Trung,Go Vap,Smoothie,98,5.39,False
2024-05-11,Quang Trung,Go Vap,Bakery,72,2.304,False
2024-05-12,Quang Trung,Go Vap,Coffee,214,8.346,False
2024-05-12,Quang Trung,Go Vap,Tea,117,5.265,False
2024-05-12,Quang Trung,Go Vap,Smoothie,65,3.575,False
2024-05-12,Quang Trung,Go Vap,Bakery,85,2.72,False
2024-05-13,Quang Trung,Go Vap,Coffee,172,6.708,False
2024-05-13,Quang Trung,Go Vap,Tea,111,4.995,False
2024-05-13,Quang Trung,Go Vap,Smoothie,49,2.695,False
2024-05-13,Quang Trung,Go Vap,Bakery,67,2.144,False
2024-05-14,Quang Trung,Go Vap,Coffee,176,6.864,False
2024-05-14,Quang Trung,Go Vap,Tea,87,3.915,False
2024-05-14,Quang Trung,Go Vap,Smoothie,55,3.025,False
2024-05-14,Quang Trung,Go Vap,Bakery,72,2.304,False
2024-05-15,Quang Trung,Go Vap,Coffee,169,6.591,False
2024-05-15,Quang Trung,Go Vap,Tea,93,4.185,False
2024-05-15,Quang Trung,Go Vap,Smoothie,78,4.29,False
2024-05-15,Quang Trung,Go Vap,Bakery,73,2.336,False
2024-05-16,Quang Trung,Go Vap,Coffee,167,6.513,False
2024-05-16,Quang Trung,Go Vap,Tea,107,4.815,False
2024-05-16,Quang Trung,Go Vap,Smoothie,72,3.96,False
2024-05-16,Quang Trung,Go Vap,Bakery,69,2.208,False
2024-05-17,Quang Trung,Go Vap,Coffee,168,6.552,False
2024-05-17,Quang Trung,Go Vap,Tea,103,4.635,False
2024-05-17,Quang Trung,Go Vap,Smoothie,59,3.245,False
2024-05-17,Quang Trung,Go Vap,Bakery,75,2.4,False
2024-05-18,Quang Trung,Go Vap,Coffee,204,7.956,False
2024-05-18,Quang Trung,Go Vap,Tea,136,6.12,False
2024-05-18,Quang Trung,Go Vap,Smoothie,77,4.235,False
2024-05-18,Quang Trung,Go Vap,Bakery,72,2.304,False
2024-05-19,Quang Trung,Go Vap,Coffee,238,9.282,False
2024-05-19,Quang Trung,Go Vap,Tea,103,4.635,False
2024-05-19,Quang Trung,Go Vap,Smoothie,89,4.895,False
2024-05-19,Quang Trung,Go Vap,Bakery,79,2.528,False
2024-05-20,Quang Trung,Go Vap,Coffee,179,6.981,False
2024-05-20,Quang Trung,Go Vap,Tea,89,4.005,False
2024-05-20,Quang Trung,Go Vap,Smoothie,65,3.575,False
2024-05-20,Quang Trung,Go Vap,Bakery,53,1.696,False
2024-05-21,Quang Trung,Go Vap,Coffee,174,6.786,False
2024-05-21,Quang Trung,Go Vap,Tea,96,4.32,False
2024-05-21,Quang Trung,Go Vap,Smoothie,53,2.915,False
2024-05-21,Quang Trung,Go Vap,Bakery,60,1.92,False
2024-05-22,Quang Trung,Go Vap,Coffee,180,7.02,False
2024-05-22,Quang Trung,Go Vap,Tea,102,4.59,False
2024-05-22,Quang Trung,Go Vap,Smoothie,60,3.3,False
2024-05-22,Quang Trung,Go Vap,Bakery,72,2.304,False
2024-05-23,Quang Trung,Go Vap,Coffee,197,7.683,False
2024-05-23,Quang Trung,Go Vap,Tea,111,4.995,False
2024-05-23,Quang Trung,Go Vap,Smoothie,60,3.3,False
2024-05-23,Quang Trung,Go Vap,Bakery,78,2.496,False
2024-05-24,Quang Trung,Go Vap,Coffee,192,7.488,False
2024-05-24,Quang Trung,Go Vap,Tea,107,4.815,False
2024-05-24,Quang Trung,Go Vap,Smoothie,63,3.465,False
2024-05-24,Quang Trung,Go Vap,Bakery,73,2.336,False
2024-05-25,Quang Trung,Go Vap,Coffee,215,8.385,False
2024-05-25,Quang Trung,Go Vap,Tea,131,5.895,False
2024-05-25,Quang Trung,Go Vap,Smoothie,70,3.85,False
2024-05-25,Quang Trung,Go Vap,Bakery,104,3.328,False
2024-05-26,Quang Trung,Go Vap,Coffee,211,8.229,False
2024-05-26,Quang Trung,Go Vap,Tea,130,5.85,False
2024-05-26,Quang Trung,Go Vap,Smoothie,75,4.125,False
2024-05-26,Quang Trung,Go Vap,Bakery,85,2.72,False
2024-05-27,Quang Trung,Go Vap,Coffee,161,6.279,False
2024-05-27,Quang Trung,Go Vap,Tea,95,4.275,False
2024-05-27,Quang Trung,Go Vap,Smoothie,69,3.795,False
2024-05-27,Quang Trung,Go Vap,Bakery,74,2.368,False
2024-05-28,Quang Trung,Go Vap,Coffee,169,6.591,False
2024-05-28,Quang Trung,Go Vap,Tea,113,5.085,False
2024-05-28,Quang Trung,Go Vap,Smoothie,62,3.41,False
2024-05-28,Quang Trung,Go Vap,Bakery,71,2.272,False
2024-05-29,Quang Trung,Go Vap,Coffee,195,7.605,False
2024-05-29,Quang Trung,Go Vap,Tea,107,4.815,False
2024-05-29,Quang Trung,Go Vap,Smoothie,58,3.19,False
2024-05-29,Quang Trung,Go Vap,Bakery,62,1.984,False
2024-05-30,Quang Trung,Go Vap,Coffee,166,6.474,False
2024-05-30,Quang Trung,Go Vap,Tea,114,5.13,False
2024-05-30,Quang Trung,Go Vap,Smoothie,67,3.685,False
2024-05-30,Quang Trung,Go Vap,Bakery,66,2.112,False
2024-05-31,Quang Trung,Go Vap,Coffee,178,6.942,False
2024-05-31,Quang Trung,Go Vap,Tea,118,5.31,False
2024-05-31,Quang Trung,Go Vap,Smoothie,53,2.915,False
2024-05-31,Quang Trung,Go Vap,Bakery,59,1.888,False
2024-06-01,Quang Trung,Go Vap,Coffee,242,8.022,True
2024-06-01,Quang Trung,Go Vap,Tea,164,6.273,True
2024-06-01,Quang Trung,Go Vap,Smoothie,71,3.319,True
2024-06-01,Quang Trung,Go Vap,Bakery,85,2.312,True
2024-06-02,Quang Trung,Go Vap,Coffee,249,8.254,True
2024-06-02,Quang Trung,Go Vap,Tea,140,5.355,True
2024-06-02,Quang Trung,Go Vap,Smoothie,65,3.039,True
2024-06-02,Quang Trung,Go Vap,Bakery,85,2.312,True
2024-06-03,Quang Trung,Go Vap,Coffee,199,6.597,True
2024-06-03,Quang Trung,Go Vap,Tea,112,4.284,True
2024-06-03,Quang Trung,Go Vap,Smoothie,54,2.525,True
2024-06-03,Quang Trung,Go Vap,Bakery,84,2.285,True
2024-06-04,Quang Trung,Go Vap,Coffee,176,6.864,False
2024-06-04,Quang Trung,Go Vap,Tea,109,4.905,False
2024-06-04,Quang Trung,Go Vap,Smoothie,27,1.485,False
2024-06-04,Quang Trung,Go Vap,Bakery,48,1.536,False
2024-06-05,Quang Trung,Go Vap,Coffee,174,6.786,False
2024-06-05,Quang Trung,Go Vap,Tea,110,4.95,False
2024-06-05,Quang Trung,Go Vap,Smoothie,55,3.025,False
2024-06-05,Quang Trung,Go Vap,Bakery,58,1.856,False
2024-06-06,Quang Trung,Go Vap,Coffee,161,6.279,False
2024-06-06,Quang Trung,Go Vap,Tea,101,4.545,False
2024-06-06,Quang Trung,Go Vap,Smoothie,46,2.53,False
2024-06-06,Quang Trung,Go Vap,Bakery,70,2.24,False
2024-06-07,Quang Trung,Go Vap,Coffee,140,5.46,False
2024-06-07,Quang Trung,Go Vap,Tea,82,3.69,False
2024-06-07,Quang Trung,Go Vap,Smoothie,37,2.035,False
2024-06-07,Quang Trung,Go Vap,Bakery,58,1.856,False
2024-06-08,Quang Trung,Go Vap,Coffee,207,8.073,False
2024-06-08,Quang Trung,Go Vap,Tea,135,6.075,False
2024-06-08,Quang Trung,Go Vap,Smoothie,62,3.41,False
2024-06-08,Quang Trung,Go Vap,Bakery,59,1.888,False
2024-06-09,Quang Trung,Go Vap,Coffee,212,8.268,False
2024-06-09,Quang Trung,Go Vap,Tea,134,6.03,False
2024-06-09,Quang Trung,Go Vap,Smoothie,57,3.135,False
2024-06-09,Quang Trung,Go Vap,Bakery,70,2.24,False
2024-06-10,Quang Trung,Go Vap,Coffee,149,5.811,False
2024-06-10,Quang Trung,Go Vap,Tea,108,4.86,False
2024-06-10,Quang Trung,Go Vap,Smoothie,37,2.035,False
2024-06-10,Quang Trung,Go Vap,Bakery,61,1.952,False
2024-06-11,Quang Trung,Go Vap,Coffee,194,7.566,False
2024-06-11,Quang Trung,Go Vap,Tea,105,4.725,False
2024-06-11,Quang Trung,Go Vap,Smoothie,38,2.09,False
2024-06-11,Quang Trung,Go Vap,Bakery,73,2.336,False
2024-06-12,Quang Trung,Go Vap,Coffee,147,5.733,False
2024-06-12,Quang Trung,Go Vap,Tea,111,4.995,False
2024-06-12,Quang Trung,Go Vap,Smoothie,37,2.035,False
2024-06-12,Quang Trung,Go Vap,Bakery,60,1.92,False
2024-06-13,Quang Trung,Go Vap,Coffee,178,6.942,False
2024-06-13,Quang Trung,Go Vap,Tea,108,4.86,False
2024-06-13,Quang Trung,Go Vap,Smoothie,47,2.585,False
2024-06-13,Quang Trung,Go Vap,Bakery,64,2.048,False
2024-06-14,Quang Trung,Go Vap,Coffee,153,5.967,False
2024-06-14,Quang Trung,Go Vap,Tea,92,4.14,False
2024-06-14,Quang Trung,Go Vap,Smoothie,35,1.925,False
2024-06-14,Quang Trung,Go Vap,Bakery,47,1.504,False
2024-06-15,Quang Trung,Go Vap,Coffee,196,7.644,False
2024-06-15,Quang Trung,Go Vap,Tea,126,5.67,False
2024-06-15,Quang Trung,Go Vap,Smoothie,53,2.915,False
2024-06-15,Quang Trung,Go Vap,Bakery,79,2.528,False
2024-06-16,Quang Trung,Go Vap,Coffee,202,7.878,False
2024-06-16,Quang Trung,Go Vap,Tea,120,5.4,False
2024-06-16,Quang Trung,Go Vap,Smoothie,46,2.53,False
2024-06-16,Quang Trung,Go Vap,Bakery,61,1.952,False
2024-06-17,Quang Trung,Go Vap,Coffee,163,6.357,False
2024-06-17,Quang Trung,Go Vap,Tea,94,4.23,False
2024-06-17,Quang Trung,Go Vap,Smoothie,40,2.2,False
2024-06-17,Quang Trung,Go Vap,Bakery,68,2.176,False
2024-06-18,Quang Trung,Go Vap,Coffee,162,6.318,False
2024-06-18,Quang Trung,Go Vap,Tea,105,4.725,False
2024-06-18,Quang Trung,Go Vap,Smoothie,36,1.98,False
2024-06-18,Quang Trung,Go Vap,Bakery,76,2.432,False
2024-06-19,Quang Trung,Go Vap,Coffee,156,6.084,False
2024-06-19,Quang Trung,Go Vap,Tea,102,4.59,False
2024-06-19,Quang Trung,Go Vap,Smoothie,46,2.53,False
2024-06-19,Quang Trung,Go Vap,Bakery,54,1.728,False
2024-06-20,Quang Trung,Go Vap,Coffee,154,6.006,False
2024-06-20,Quang Trung,Go Vap,Tea,92,4.14,False
2024-06-20,Quang Trung,Go Vap,Smoothie,40,2.2,False
2024-06-20,Quang Trung,Go Vap,Bakery,55,1.76,False
2024-06-21,Quang Trung,Go Vap,Coffee,158,6.162,False
2024-06-21,Quang Trung,Go Vap,Tea,112,5.04,False
2024-06-21,Quang Trung,Go Vap,Smoothie,40,2.2,False
2024-06-21,Quang Trung,Go Vap,Bakery,56,1.792,False
2024-06-22,Quang Trung,Go Vap,Coffee,205,7.995,False
2024-06-22,Quang Trung,Go Vap,Tea,133,5.985,False
2024-06-22,Quang Trung,Go Vap,Smoothie,51,2.805,False
2024-06-22,Quang Trung,Go Vap,Bakery,76,2.432,False
2024-06-23,Quang Trung,Go Vap,Coffee,206,8.034,False
2024-06-23,Quang Trung,Go Vap,Tea,108,4.86,False
2024-06-23,Quang Trung,Go Vap,Smoothie,53,2.915,False
2024-06-23,Quang Trung,Go Vap,Bakery,69,2.208,False
2024-06-24,Quang Trung,Go Vap,Coffee,165,6.435,False
2024-06-24,Quang Trung,Go Vap,Tea,102,4.59,False
2024-06-24,Quang Trung,Go Vap,Smoothie,45,2.475,False
2024-06-24,Quang Trung,Go Vap,Bakery,71,2.272,False
2024-06-25,Quang Trung,Go Vap,Coffee,147,5.733,False
2024-06-25,Quang Trung,Go Vap,Tea,106,4.77,False
2024-06-25,Quang Trung,Go Vap,Smoothie,40,2.2,False
2024-06-25,Quang Trung,Go Vap,Bakery,63,2.016,False
2024-06-26,Quang Trung,Go Vap,Coffee,177,6.903,False
2024-06-26,Quang Trung,Go Vap,Tea,104,4.68,False
2024-06-26,Quang Trung,Go Vap,Smoothie,42,2.31,False
2024-06-26,Quang Trung,Go Vap,Bakery,67,2.144,False
2024-06-27,Quang Trung,Go Vap,Coffee,162,6.318,False
2024-06-27,Quang Trung,Go Vap,Tea,120,5.4,False
2024-06-27,Quang Trung,Go Vap,Smoothie,52,2.86,False
2024-06-27,Quang Trung,Go Vap,Bakery,65,2.08,False
2024-06-28,Quang Trung,Go Vap,Coffee,147,5.733,False
2024-06-28,Quang Trung,Go Vap,Tea,109,4.905,False
2024-06-28,Quang Trung,Go Vap,Smoothie,48,2.64,False
2024-06-28,Quang Trung,Go Vap,Bakery,54,1.728,False
2024-06-29,Quang Trung,Go Vap,Coffee,212,8.268,False
2024-06-29,Quang Trung,Go Vap,Tea,149,6.705,False
2024-06-29,Quang Trung,Go Vap,Smoothie,51,2.805,False
2024-06-29,Quang Trung,Go Vap,Bakery,78,2.496,False
2024-06-30,Quang Trung,Go Vap,Coffee,206,8.034,False
2024-06-30,Quang Trung,Go Vap,Tea,126,5.67,False
2024-06-30,Quang Trung,Go Vap,Smoothie,62,3.41,False
2024-06-30,Quang Trung,Go Vap,Bakery,70,2.24,False
2024-07-01,Quang Trung,Go Vap,Coffee,198,6.564,True
2024-07-01,Quang Trung,Go Vap,Tea,133,5.087,True
2024-07-01,Quang Trung,Go Vap,Smoothie,67,3.132,True
2024-07-01,Quang Trung,Go Vap,Bakery,81,2.203,True
2024-07-02,Quang Trung,Go Vap,Coffee,184,6.1,True
2024-07-02,Quang Trung,Go Vap,Tea,134,5.125,True
2024-07-02,Quang Trung,Go Vap,Smoothie,49,2.291,True
2024-07-02,Quang Trung,Go Vap,Bakery,78,2.122,True
2024-07-03,Quang Trung,Go Vap,Coffee,178,5.901,True
2024-07-03,Quang Trung,Go Vap,Tea,116,4.437,True
2024-07-03,Quang Trung,Go Vap,Smoothie,45,2.104,True
2024-07-03,Quang Trung,Go Vap,Bakery,68,1.85,True
2024-07-04,Quang Trung,Go Vap,Coffee,189,7.371,False
2024-07-04,Quang Trung,Go Vap,Tea,101,4.545,False
2024-07-04,Quang Trung,Go Vap,Smoothie,34,1.87,False
2024-07-04,Quang Trung,Go Vap,Bakery,55,1.76,False
2024-07-05,Quang Trung,Go Vap,Coffee,158,6.162,False
2024-07-05,Quang Trung,Go Vap,Tea,96,4.32,False
2024-07-05,Quang Trung,Go Vap,Smoothie,33,1.815,False
2024-07-05,Quang Trung,Go Vap,Bakery,69,2.208,False
2024-07-06,Quang Trung,Go Vap,Coffee,199,7.761,False
2024-07-06,Quang Trung,Go Vap,Tea,126,5.67,False
2024-07-06,Quang Trung,Go Vap,Smoothie,50,2.75,False
2024-07-06,Quang Trung,Go Vap,Bakery,70,2.24,False
2024-07-07,Quang Trung,Go Vap,Coffee,204,7.956,False
2024-07-07,Quang Trung,Go Vap,Tea,131,5.895,False
2024-07-07,Quang Trung,Go Vap,Smoothie,41,2.255,False
2024-07-07,Quang Trung,Go Vap,Bakery,77,2.464,False
2024-07-08,Quang Trung,Go Vap,Coffee,145,5.655,False
2024-07-08,Quang Trung,Go Vap,Tea,110,4.95,False
2024-07-08,Quang Trung,Go Vap,Smoothie,40,2.2,False
2024-07-08,Quang Trung,Go Vap,Bakery,59,1.888,False
2024-07-09,Quang Trung,Go Vap,Coffee,168,6.552,False
2024-07-09,Quang Trung,Go Vap,Tea,106,4.77,False
2024-07-09,Quang Trung,Go Vap,Smoothie,33,1.815,False
2024-07-09,Quang Trung,Go Vap,Bakery,45,1.44,False
2024-07-10,Quang Trung,Go Vap,Coffee,162,6.318,False
2024-07-10,Quang Trung,Go Vap,Tea,90,4.05,False
2024-07-10,Quang Trung,Go Vap,Smoothie,46,2.53,False
2024-07-10,Quang Trung,Go Vap,Bakery,61,1.952,False
2024-07-11,Quang Trung,Go Vap,Coffee,146,5.694,False
2024-07-11,Quang Trung,Go Vap,Tea,88,3.96,False
2024-07-11,Quang Trung,Go Vap,Smoothie,52,2.86,False
2024-07-11,Quang Trung,Go Vap,Bakery,57,1.824,False
2024-07-12,Quang Trung,Go Vap,Coffee,172,6.708,False
2024-07-12,Quang Trung,Go Vap,Tea,112,5.04,False
2024-07-12,Quang Trung,Go Vap,Smoothie,40,2.2,False
2024-07-12,Quang Trung,Go Vap,Bakery,64,2.048,False
2024-07-13,Quang Trung,Go Vap,Coffee,190,7.41,False
2024-07-13,Quang Trung,Go Vap,Tea,134,6.03,False
2024-07-13,Quang Trung,Go Vap,Smoothie,52,2.86,False
2024-07-13,Quang Trung,Go Vap,Bakery,76,2.432,False
2024-07-14,Quang Trung,Go Vap,Coffee,207,8.073,False
2024-07-14,Quang Trung,Go Vap,Tea,135,6.075,False
2024-07-14,Quang Trung,Go Vap,Smoothie,51,2.805,False
2024-07-14,Quang Trung,Go Vap,Bakery,92,2.944,False
2024-07-15,Quang Trung,Go Vap,Coffee,183,7.137,False
2024-07-15,Quang Trung,Go Vap,Tea,101,4.545,False
2024-07-15,Quang Trung,Go Vap,Smoothie,40,2.2,False
2024-07-15,Quang Trung,Go Vap,Bakery,77,2.464,False
2024-07-16,Quang Trung,Go Vap,Coffee,163,6.357,False
2024-07-16,Quang Trung,Go Vap,Tea,103,4.635,False
2024-07-16,Quang Trung,Go Vap,Smoothie,46,2.53,False
2024-07-16,Quang Trung,Go Vap,Bakery,67,2.144,False
2024-07-17,Quang Trung,Go Vap,Coffee,168,6.552,False
2024-07-17,Quang Trung,Go Vap,Tea,93,4.185,False
2024-07-17,Quang Trung,Go Vap,Smoothie,41,2.255,False
2024-07-17,Quang Trung,Go Vap,Bakery,70,2.24,False
2024-07-18,Quang Trung,Go Vap,Coffee,167,6.513,False
2024-07-18,Quang Trung,Go Vap,Tea,101,4.545,False
2024-07-18,Quang Trung,Go Vap,Smoothie,41,2.255,False
2024-07-18,Quang Trung,Go Vap,Bakery,63,2.016,False
2024-07-19,Quang Trung,Go Vap,Coffee,156,6.084,False
2024-07-19,Quang Trung,Go Vap,Tea,94,4.23,False
2024-07-19,Quang Trung,Go Vap,Smoothie,46,2.53,False
2024-07-19,Quang Trung,Go Vap,Bakery,57,1.824,False
2024-07-20,Quang Trung,Go Vap,Coffee,209,8.151,False
2024-07-20,Quang Trung,Go Vap,Tea,125,5.625,False
2024-07-20,Quang Trung,Go Vap,Smoothie,55,3.025,False
2024-07-20,Quang Trung,Go Vap,Bakery,73,2.336,False
2024-07-21,Quang Trung,Go Vap,Coffee,219,8.541,False
2024-07-21,Quang Trung,Go Vap,Tea,122,5.49,False
2024-07-21,Quang Trung,Go Vap,Smoothie,53,2.915,False
2024-07-21,Quang Trung,Go Vap,Bakery,75,2.4,False
2024-07-22,Quang Trung,Go Vap,Coffee,167,6.513,False
2024-07-22,Quang Trung,Go Vap,Tea,102,4.59,False
2024-07-22,Quang Trung,Go Vap,Smoothie,35,1.925,False
2024-07-22,Quang Trung,Go Vap,Bakery,63,2.016,False
2024-07-23,Quang Trung,Go Vap,Coffee,172,6.708,False
2024-07-23,Quang Trung,Go Vap,Tea,125,5.625,False
2024-07-23,Quang Trung,Go Vap,Smoothie,41,2.255,False
2024-07-23,Quang Trung,Go Vap,Bakery,60,1.92,False
2024-07-24,Quang Trung,Go Vap,Coffee,151,5.889,False
2024-07-24,Quang Trung,Go Vap,Tea,105,4.725,False
2024-07-24,Quang Trung,Go Vap,Smoothie,46,2.53,False
2024-07-24,Quang Trung,Go Vap,Bakery,55,1.76,False
2024-07-25,Quang Trung,Go Vap,Coffee,146,5.694,False
2024-07-25,Quang Trung,Go Vap,Tea,98,4.41,False
2024-07-25,Quang Trung,Go Vap,Smoothie,34,1.87,False
2024-07-25,Quang Trung,Go Vap,Bakery,71,2.272,False
2024-07-26,Quang Trung,Go Vap,Coffee,172,6.708,False
2024-07-26,Quang Trung,Go Vap,Tea,77,3.465,False
2024-07-26,Quang Trung,Go Vap,Smoothie,40,2.2,False
2024-07-26,Quang Trung,Go Vap,Bakery,67,2.144,False
2024-07-27,Quang Trung,Go Vap,Coffee,190,7.41,False
2024-07-27,Quang Trung,Go Vap,Tea,116,5.22,False
2024-07-27,Quang Trung,Go Vap,Smoothie,54,2.97,False
2024-07-27,Quang Trung,Go Vap,Bakery,73,2.336,False
2024-07-28,Quang Trung,Go Vap,Coffee,196,7.644,False
2024-07-28,Quang Trung,Go Vap,Tea,118,5.31,False
2024-07-28,Quang Trung,Go Vap,Smoothie,52,2.86,False
2024-07-28,Quang Trung,Go Vap,Bakery,77,2.464,False
2024-07-29,Quang Trung,Go Vap,Coffee,176,6.864,False
2024-07-29,Quang Trung,Go Vap,Tea,106,4.77,False
2024-07-29,Quang Trung,Go Vap,Smoothie,58,3.19,False
2024-07-29,Quang Trung,Go Vap,Bakery,58,1.856,False
2024-07-30,Quang Trung,Go Vap,Coffee,169,6.591,False
2024-07-30,Quang Trung,Go Vap,Tea,108,4.86,False
2024-07-30,Quang Trung,Go Vap,Smoothie,40,2.2,False
2024-07-30,Quang Trung,Go Vap,Bakery,72,2.304,False
2024-07-31,Quang Trung,Go Vap,Coffee,177,6.903,False
2024-07-31,Quang Trung,Go Vap,Tea,98,4.41,False
2024-07-31,Quang Trung,Go Vap,Smoothie,44,2.42,False
2024-07-31,Quang Trung,Go Vap,Bakery,60,1.92,False
2024-08-01,Quang Trung,Go Vap,Coffee,192,6.365,True
2024-08-01,Quang Trung,Go Vap,Tea,109,4.169,True
2024-08-01,Quang Trung,Go Vap,Smoothie,46,2.151,True
2024-08-01,Quang Trung,Go Vap,Bakery,83,2.258,True
2024-08-02,Quang Trung,Go Vap,Coffee,184,6.1,True
2024-08-02,Quang Trung,Go Vap,Tea,132,5.049,True
2024-08-02,Quang Trung,Go Vap,Smoothie,60,2.805,True
2024-08-02,Quang Trung,Go Vap,Bakery,67,1.822,True
2024-08-03,Quang Trung,Go Vap,Coffee,246,8.155,True
2024-08-03,Quang Trung,Go Vap,Tea,139,5.317,True
2024-08-03,Quang Trung,Go Vap,Smoothie,72,3.366,True
2024-08-03,Quang Trung,Go Vap,Bakery,105,2.856,True
2024-08-04,Quang Trung,Go Vap,Coffee,209,8.151,False
2024-08-04,Quang Trung,Go Vap,Tea,122,5.49,False
2024-08-04,Quang Trung,Go Vap,Smoothie,57,3.135,False
2024-08-04,Quang Trung,Go Vap,Bakery,70,2.24,False
2024-08-05,Quang Trung,Go Vap,Coffee,154,6.006,False
2024-08-05,Quang Trung,Go Vap,Tea,123,5.535,False
2024-08-05,Quang Trung,Go Vap,Smoothie,48,2.64,False
2024-08-05,Quang Trung,Go Vap,Bakery,70,2.24,False
2024-08-06,Quang Trung,Go Vap,Coffee,196,7.644,False
2024-08-06,Quang Trung,Go Vap,Tea,114,5.13,False
2024-08-06,Quang Trung,Go Vap,Smoothie,39,2.145,False
2024-08-06,Quang Trung,Go Vap,Bakery,75,2.4,False
2024-08-07,Quang Trung,Go Vap,Coffee,167,6.513,False
2024-08-07,Quang Trung,Go Vap,Tea,119,5.355,False
2024-08-07,Quang Trung,Go Vap,Smoothie,40,2.2,False
2024-08-07,Quang Trung,Go Vap,Bakery,50,1.6,False
2024-08-08,Quang Trung,Go Vap,Coffee,178,6.942,False
2024-08-08,Quang Trung,Go Vap,Tea,97,4.365,False
2024-08-08,Quang Trung,Go Vap,Smoothie,47,2.585,False
2024-08-08,Quang Trung,Go Vap,Bakery,51,1.632,False
2024-08-09,Quang Trung,Go Vap,Coffee,172,6.708,False
2024-08-09,Quang Trung,Go Vap,Tea,98,4.41,False
2024-08-09,Quang Trung,Go Vap,Smoothie,44,2.42,False
2024-08-09,Quang Trung,Go Vap,Bakery,51,1.632,False
2024-08-10,Quang Trung,Go Vap,Coffee,226,8.814,False
2024-08-10,Quang Trung,Go Vap,Tea,136,6.12,False
2024-08-10,Quang Trung,Go Vap,Smoothie,47,2.585,False
2024-08-10,Quang Trung,Go Vap,Bakery,58,1.856,False
2024-08-11,Quang Trung,Go Vap,Coffee,206,8.034,False
2024-08-11,Quang Trung,Go Vap,Tea,119,5.355,False
2024-08-11,Quang Trung,Go Vap,Smoothie,49,2.695,False
2024-08-11,Quang Trung,Go Vap,Bakery,97,3.104,False
2024-08-12,Quang Trung,Go Vap,Coffee,153,5.967,False
2024-08-12,Quang Trung,Go Vap,Tea,92,4.14,False
2024-08-12,Quang Trung,Go Vap,Smoothie,31,1.705,False
2024-08-12,Quang Trung,Go Vap,Bakery,57,1.824,False
2024-08-13,Quang Trung,Go Vap,Coffee,165,6.435,False
2024-08-13,Quang Trung,Go Vap,Tea,100,4.5,False
2024-08-13,Quang Trung,Go Vap,Smoothie,34,1.87,False
2024-08-13,Quang Trung,Go Vap,Bakery,71,2.272,False
2024-08-14,Quang Trung,Go Vap,Coffee,167,6.513,False
2024-08-14,Quang Trung,Go Vap,Tea,95,4.275,False
2024-08-14,Quang Trung,Go Vap,Smoothie,41,2.255,False
2024-08-14,Quang Trung,Go Vap,Bakery,64,2.048,False
2024-08-15,Quang Trung,Go Vap,Coffee,172,6.708,False
2024-08-15,Quang Trung,Go Vap,Tea,110,4.95,False
2024-08-15,Quang Trung,Go Vap,Smoothie,45,2.475,False
2024-08-15,Quang Trung,Go Vap,Bakery,63,2.016,False
2024-08-16,Quang Trung,Go Vap,Coffee,156,6.084,False
2024-08-16,Quang Trung,Go Vap,Tea,103,4.635,False
2024-08-16,Quang Trung,Go Vap,Smoothie,40,2.2,False
2024-08-16,Quang Trung,Go Vap,Bakery,80,2.56,False
2024-08-17,Quang Trung,Go Vap,Coffee,196,7.644,False
2024-08-17,Quang Trung,Go Vap,Tea,108,4.86,False
2024-08-17,Quang Trung,Go Vap,Smoothie,63,3.465,False
2024-08-17,Quang Trung,Go Vap,Bakery,91,2.912,False
2024-08-18,Quang Trung,Go Vap,Coffee,203,7.917,False
2024-08-18,Quang Trung,Go Vap,Tea,124,5.58,False
2024-08-18,Quang Trung,Go Vap,Smoothie,50,2.75,False
2024-08-18,Quang Trung,Go Vap,Bakery,81,2.592,False
2024-08-19,Quang Trung,Go Vap,Coffee,186,7.254,False
2024-08-19,Quang Trung,Go Vap,Tea,97,4.365,False
2024-08-19,Quang Trung,Go Vap,Smoothie,43,2.365,False
2024-08-19,Quang Trung,Go Vap,Bakery,67,2.144,False
2024-08-20,Quang Trung,Go Vap,Coffee,165,6.435,False
2024-08-20,Quang Trung,Go Vap,Tea,83,3.735,False
2024-08-20,Quang Trung,Go Vap,Smoothie,47,2.585,False
2024-08-20,Quang Trung,Go Vap,Bakery,65,2.08,False
2024-08-21,Quang Trung,Go Vap,Coffee,153,5.967,False
2024-08-21,Quang Trung,Go Vap,Tea,100,4.5,False
2024-08-21,Quang Trung,Go Vap,Smoothie,55,3.025,False
2024-08-21,Quang Trung,Go Vap,Bakery,61,1.952,False
2024-08-22,Quang Trung,Go Vap,Coffee,162,6.318,False
2024-08-22,Quang Trung,Go Vap,Tea,97,4.365,False
2024-08-22,Quang Trung,Go Vap,Smoothie,41,2.255,False
2024-08-22,Quang Trung,Go Vap,Bakery,76,2.432,False
2024-08-23,Quang Trung,Go Vap,Coffee,143,5.577,False
2024-08-23,Quang Trung,Go Vap,Tea,110,4.95,False
2024-08-23,Quang Trung,Go Vap,Smoothie,43,2.365,False
2024-08-23,Quang Trung,Go Vap,Bakery,54,1.728,False
2024-08-24,Quang Trung,Go Vap,Coffee,203,7.917,False
2024-08-24,Quang Trung,Go Vap,Tea,129,5.805,False
2024-08-24,Quang Trung,Go Vap,Smoothie,56,3.08,False
2024-08-24,Quang Trung,Go Vap,Bakery,80,2.56,False
2024-08-25,Quang Trung,Go Vap,Coffee,210,8.19,False
2024-08-25,Quang Trung,Go Vap,Tea,136,6.12,False
2024-08-25,Quang Trung,Go Vap,Smoothie,54,2.97,False
2024-08-25,Quang Trung,Go Vap,Bakery,75,2.4,False
2024-08-26,Quang Trung,Go Vap,Coffee,183,7.137,False
2024-08-26,Quang Trung,Go Vap,Tea,100,4.5,False
2024-08-26,Quang Trung,Go Vap,Smoothie,41,2.255,False
2024-08-26,Quang Trung,Go Vap,Bakery,72,2.304,False
2024-08-27,Quang Trung,Go Vap,Coffee,165,6.435,False
2024-08-27,Quang Trung,Go Vap,Tea,115,5.175,False
2024-08-27,Quang Trung,Go Vap,Smoothie,44,2.42,False
2024-08-27,Quang Trung,Go Vap,Bakery,58,1.856,False
2024-08-28,Quang Trung,Go Vap,Coffee,176,6.864,False
2024-08-28,Quang Trung,Go Vap,Tea,103,4.635,False
2024-08-28,Quang Trung,Go Vap,Smoothie,34,1.87,False
2024-08-28,Quang Trung,Go Vap,Bakery,60,1.92,False
2024-08-29,Quang Trung,Go Vap,Coffee,170,6.63,False
2024-08-29,Quang Trung,Go Vap,Tea,93,4.185,False
2024-08-29,Quang Trung,Go Vap,Smoothie,47,2.585,False
2024-08-29,Quang Trung,Go Vap,Bakery,54,1.728,False
2024-08-30,Quang Trung,Go Vap,Coffee,154,6.006,False
2024-08-30,Quang Trung,Go Vap,Tea,114,5.13,False
2024-08-30,Quang Trung,Go Vap,Smoothie,35,1.925,False
2024-08-30,Quang Trung,Go Vap,Bakery,67,2.144,False
2024-08-31,Quang Trung,Go Vap,Coffee,208,8.112,False
2024-08-31,Quang Trung,Go Vap,Tea,126,5.67,False
2024-08-31,Quang Trung,Go Vap,Smoothie,61,3.355,False
2024-08-31,Quang Trung,Go Vap,Bakery,72,2.304,False
2024-09-01,Quang Trung,Go Vap,Coffee,218,7.227,True
2024-09-01,Quang Trung,Go Vap,Tea,134,5.125,True
2024-09-01,Quang Trung,Go Vap,Smoothie,56,2.618,True
2024-09-01,Quang Trung,Go Vap,Bakery,87,2.366,True
2024-09-02,Quang Trung,Go Vap,Coffee,173,5.735,True
2024-09-02,Quang Trung,Go Vap,Tea,112,4.284,True
2024-09-02,Quang Trung,Go Vap,Smoothie,47,2.197,True
2024-09-02,Quang Trung,Go Vap,Bakery,65,1.768,True
2024-09-03,Quang Trung,Go Vap,Coffee,223,7.392,True
2024-09-03,Quang Trung,Go Vap,Tea,129,4.934,True
2024-09-03,Quang Trung,Go Vap,Smoothie,52,2.431,True
2024-09-03,Quang Trung,Go Vap,Bakery,74,2.013,True
2024-09-04,Quang Trung,Go Vap,Coffee,150,5.85,False
2024-09-04,Quang Trung,Go Vap,Tea,108,4.86,False
2024-09-04,Quang Trung,Go Vap,Smoothie,45,2.475,False
2024-09-04,Quang Trung,Go Vap,Bakery,71,2.272,False
2024-09-05,Quang Trung,Go Vap,Coffee,165,6.435,False
2024-09-05,Quang Trung,Go Vap,Tea,114,5.13,False
2024-09-05,Quang Trung,Go Vap,Smoothie,30,1.65,False
2024-09-05,Quang Trung,Go Vap,Bakery,57,1.824,False
2024-09-06,Quang Trung,Go Vap,Coffee,171,6.669,False
2024-09-06,Quang Trung,Go Vap,Tea,109,4.905,False
2024-09-06,Quang Trung,Go Vap,Smoothie,46,2.53,False
2024-09-06,Quang Trung,Go Vap,Bakery,67,2.144,False
2024-09-07,Quang Trung,Go Vap,Coffee,189,7.371,False
2024-09-07,Quang Trung,Go Vap,Tea,136,6.12,False
2024-09-07,Quang Trung,Go Vap,Smoothie,66,3.63,False
2024-09-07,Quang Trung,Go Vap,Bakery,81,2.592,False
2024-09-08,Quang Trung,Go Vap,Coffee,221,8.619,False
2024-09-08,Quang Trung,Go Vap,Tea,119,5.355,False
2024-09-08,Quang Trung,Go Vap,Smoothie,53,2.915,False
2024-09-08,Quang Trung,Go Vap,Bakery,78,2.496,False
2024-09-09,Quang Trung,Go Vap,Coffee,163,6.357,False
2024-09-09,Quang Trung,Go Vap,Tea,106,4.77,False
2024-09-09,Quang Trung,Go Vap,Smoothie,33,1.815,False
2024-09-09,Quang Trung,Go Vap,Bakery,64,2.048,False
2024-09-10,Quang Trung,Go Vap,Coffee,184,7.176,False
2024-09-10,Quang Trung,Go Vap,Tea,108,4.86,False
2024-09-10,Quang Trung,Go Vap,Smoothie,37,2.035,False
2024-09-10,Quang Trung,Go Vap,Bakery,75,2.4,False
2024-09-11,Quang Trung,Go Vap,Coffee,160,6.24,False
2024-09-11,Quang Trung,Go Vap,Tea,100,4.5,False
2024-09-11,Quang Trung,Go Vap,Smoothie,32,1.76,False
2024-09-11,Quang Trung,Go Vap,Bakery,68,2.176,False
2024-09-12,Quang Trung,Go Vap,Coffee,154,6.006,False
2024-09-12,Quang Trung,Go Vap,Tea,109,4.905,False
2024-09-12,Quang Trung,Go Vap,Smoothie,42,2.31,False
2024-09-12,Quang Trung,Go Vap,Bakery,45,1.44,False
2024-09-13,Quang Trung,Go Vap,Coffee,187,7.293,False
2024-09-13,Quang Trung,Go Vap,Tea,98,4.41,False
2024-09-13,Quang Trung,Go Vap,Smoothie,42,2.31,False
2024-09-13,Quang Trung,Go Vap,Bakery,63,2.016,False
2024-09-14,Quang Trung,Go Vap,Coffee,212,8.268,False
2024-09-14,Quang Trung,Go Vap,Tea,119,5.355,False
2024-09-14,Quang Trung,Go Vap,Smoothie,60,3.3,False
2024-09-14,Quang Trung,Go Vap,Bakery,96,3.072,False
2024-09-15,Quang Trung,Go Vap,Coffee,196,7.644,False
2024-09-15,Quang Trung,Go Vap,Tea,129,5.805,False
2024-09-15,Quang Trung,Go Vap,Smoothie,60,3.3,False
2024-09-15,Quang Trung,Go Vap,Bakery,75,2.4,False
2024-09-16,Quang Trung,Go Vap,Coffee,160,6.24,False
2024-09-16,Quang Trung,Go Vap,Tea,105,4.725,False
2024-09-16,Quang Trung,Go Vap,Smoothie,43,2.365,False
2024-09-16,Quang Trung,Go Vap,Bakery,78,2.496,False
2024-09-17,Quang Trung,Go Vap,Coffee,152,5.928,False
2024-09-17,Quang Trung,Go Vap,Tea,102,4.59,False
2024-09-17,Quang Trung,Go Vap,Smoothie,44,2.42,False
2024-09-17,Quang Trung,Go Vap,Bakery,55,1.76,False
2024-09-18,Quang Trung,Go Vap,Coffee,156,6.084,False
2024-09-18,Quang Trung,Go Vap,Tea,84,3.78,False
2024-09-18,Quang Trung,Go Vap,Smoothie,37,2.035,False
2024-09-18,Quang Trung,Go Vap,Bakery,71,2.272,False
2024-09-19,Quang Trung,Go Vap,Coffee,149,5.811,False
2024-09-19,Quang Trung,Go Vap,Tea,85,3.825,False
2024-09-19,Quang Trung,Go Vap,Smoothie,48,2.64,False
2024-09-19,Quang Trung,Go Vap,Bakery,57,1.824,False
2024-09-20,Quang Trung,Go Vap,Coffee,168,6.552,False
2024-09-20,Quang Trung,Go Vap,Tea,112,5.04,False
2024-09-20,Quang Trung,Go Vap,Smoothie,52,2.86,False
2024-09-20,Quang Trung,Go Vap,Bakery,57,1.824,False
2024-09-21,Quang Trung,Go Vap,Coffee,202,7.878,False
2024-09-21,Quang Trung,Go Vap,Tea,115,5.175,False
2024-09-21,Quang Trung,Go Vap,Smoothie,57,3.135,False
2024-09-21,Quang Trung,Go Vap,Bakery,79,2.528,False
2024-09-22,Quang Trung,Go Vap,Coffee,195,7.605,False
2024-09-22,Quang Trung,Go Vap,Tea,131,5.895,False
2024-09-22,Quang Trung,Go Vap,Smoothie,73,4.015,False
2024-09-22,Quang Trung,Go Vap,Bakery,76,2.432,False
2024-09-23,Quang Trung,Go Vap,Coffee,163,6.357,False
2024-09-23,Quang Trung,Go Vap,Tea,88,3.96,False
2024-09-23,Quang Trung,Go Vap,Smoothie,44,2.42,False
2024-09-23,Quang Trung,Go Vap,Bakery,62,1.984,False
2024-09-24,Quang Trung,Go Vap,Coffee,155,6.045,False
2024-09-24,Quang Trung,Go Vap,Tea,100,4.5,False
2024-09-24,Quang Trung,Go Vap,Smoothie,47,2.585,False
2024-09-24,Quang Trung,Go Vap,Bakery,67,2.144,False
2024-09-25,Quang Trung,Go Vap,Coffee,151,5.889,False
2024-09-25,Quang Trung,Go Vap,Tea,109,4.905,False
2024-09-25,Quang Trung,Go Vap,Smoothie,41,2.255,False
2024-09-25,Quang Trung,Go Vap,Bakery,64,2.048,False
2024-09-26,Quang Trung,Go Vap,Coffee,177,6.903,False
2024-09-26,Quang Trung,Go Vap,Tea,114,5.13,False
2024-09-26,Quang Trung,Go Vap,Smoothie,46,2.53,False
2024-09-26,Quang Trung,Go Vap,Bakery,74,2.368,False
2024-09-27,Quang Trung,Go Vap,Coffee,199,7.761,False
2024-09-27,Quang Trung,Go Vap,Tea,104,4.68,False
2024-09-27,Quang Trung,Go Vap,Smoothie,46,2.53,False
2024-09-27,Quang Trung,Go Vap,Bakery,59,1.888,False
2024-09-28,Quang Trung,Go Vap,Coffee,198,7.722,False
2024-09-28,Quang Trung,Go Vap,Tea,128,5.76,False
2024-09-28,Quang Trung,Go Vap,Smoothie,57,3.135,False
2024-09-28,Quang Trung,Go Vap,Bakery,92,2.944,False
2024-09-29,Quang Trung,Go Vap,Coffee,202,7.878,False
2024-09-29,Quang Trung,Go Vap,Tea,133,5.985,False
2024-09-29,Quang Trung,Go Vap,Smoothie,57,3.135,False
2024-09-29,Quang Trung,Go Vap,Bakery,66,2.112,False
2024-09-30,Quang Trung,Go Vap,Coffee,187,7.293,False
2024-09-30,Quang Trung,Go Vap,Tea,101,4.545,False
2024-09-30,Quang Trung,Go Vap,Smoothie,39,2.145,False
2024-09-30,Quang Trung,Go Vap,Bakery,72,2.304,False
2024-10-01,Quang Trung,Go Vap,Coffee,228,7.558,True
2024-10-01,Quang Trung,Go Vap,Tea,110,4.207,True
2024-10-01,Quang Trung,Go Vap,Smoothie,45,2.104,True
2024-10-01,Quang Trung,Go Vap,Bakery,71,1.931,True
2024-10-02,Quang Trung,Go Vap,Coffee,208,6.895,True
2024-10-02,Quang Trung,Go Vap,Tea,140,5.355,True
2024-10-02,Quang Trung,Go Vap,Smoothie,45,2.104,True
2024-10-02,Quang Trung,Go Vap,Bakery,65,1.768,True
2024-10-03,Quang Trung,Go Vap,Coffee,210,6.962,True
2024-10-03,Quang Trung,Go Vap,Tea,114,4.361,True
2024-10-03,Quang Trung,Go Vap,Smoothie,42,1.964,True
2024-10-03,Quang Trung,Go Vap,Bakery,55,1.496,True
2024-10-04,Quang Trung,Go Vap,Coffee,142,5.538,False
2024-10-04,Quang Trung,Go Vap,Tea,108,4.86,False
2024-10-04,Quang Trung,Go Vap,Smoothie,39,2.145,False
2024-10-04,Quang Trung,Go Vap,Bakery,67,2.144,False
2024-10-05,Quang Trung,Go Vap,Coffee,215,8.385,False
2024-10-05,Quang Trung,Go Vap,Tea,130,5.85,False
2024-10-05,Quang Trung,Go Vap,Smoothie,47,2.585,False
2024-10-05,Quang Trung,Go Vap,Bakery,74,2.368,False
2024-10-06,Quang Trung,Go Vap,Coffee,214,8.346,False
2024-10-06,Quang Trung,Go Vap,Tea,104,4.68,False
2024-10-06,Quang Trung,Go Vap,Smoothie,57,3.135,False
2024-10-06,Quang Trung,Go Vap,Bakery,78,2.496,False
2024-10-07,Quang Trung,Go Vap,Coffee,151,5.889,False
2024-10-07,Quang Trung,Go Vap,Tea,123,5.535,False
2024-10-07,Quang Trung,Go Vap,Smoothie,44,2.42,False
2024-10-07,Quang Trung,Go Vap,Bakery,60,1.92,False
2024-10-08,Quang Trung,Go Vap,Coffee,168,6.552,False
2024-10-08,Quang Trung,Go Vap,Tea,127,5.715,False
2024-10-08,Quang Trung,Go Vap,Smoothie,39,2.145,False
2024-10-08,Quang Trung,Go Vap,Bakery,57,1.824,False
2024-10-09,Quang Trung,Go Vap,Coffee,189,7.371,False
2024-10-09,Quang Trung,Go Vap,Tea,106,4.77,False
2024-10-09,Quang Trung,Go Vap,Smoothie,38,2.09,False
2024-10-09,Quang Trung,Go Vap,Bakery,67,2.144,False
2024-10-10,Quang Trung,Go Vap,Coffee,171,6.669,False
2024-10-10,Quang Trung,Go Vap,Tea,96,4.32,False
2024-10-10,Quang Trung,Go Vap,Smoothie,48,2.64,False
2024-10-10,Quang Trung,Go Vap,Bakery,60,1.92,False
2024-10-11,Quang Trung,Go Vap,Coffee,173,6.747,False
2024-10-11,Quang Trung,Go Vap,Tea,103,4.635,False
2024-10-11,Quang Trung,Go Vap,Smoothie,32,1.76,False
2024-10-11,Quang Trung,Go Vap,Bakery,53,1.696,False
2024-10-12,Quang Trung,Go Vap,Coffee,201,7.839,False
2024-10-12,Quang Trung,Go Vap,Tea,129,5.805,False
2024-10-12,Quang Trung,Go Vap,Smoothie,53,2.915,False
2024-10-12,Quang Trung,Go Vap,Bakery,68,2.176,False
2024-10-13,Quang Trung,Go Vap,Coffee,212,8.268,False
2024-10-13,Quang Trung,Go Vap,Tea,124,5.58,False
2024-10-13,Quang Trung,Go Vap,Smoothie,46,2.53,False
2024-10-13,Quang Trung,Go Vap,Bakery,91,2.912,False
2024-10-14,Quang Trung,Go Vap,Coffee,174,6.786,False
2024-10-14,Quang Trung,Go Vap,Tea,107,4.815,False
2024-10-14,Quang Trung,Go Vap,Smoothie,47,2.585,False
2024-10-14,Quang Trung,Go Vap,Bakery,61,1.952,False
2024-10-15,Quang Trung,Go Vap,Coffee,165,6.435,False
2024-10-15,Quang Trung,Go Vap,Tea,110,4.95,False
2024-10-15,Quang Trung,Go Vap,Smoothie,39,2.145,False
2024-10-15,Quang Trung,Go Vap,Bakery,66,2.112,False
2024-10-16,Quang Trung,Go Vap,Coffee,170,6.63,False
2024-10-16,Quang Trung,Go Vap,Tea,98,4.41,False
2024-10-16,Quang Trung,Go Vap,Smoothie,33,1.815,False
2024-10-16,Quang Trung,Go Vap,Bakery,68,2.176,False
2024-10-17,Quang Trung,Go Vap,Coffee,186,7.254,False
2024-10-17,Quang Trung,Go Vap,Tea,110,4.95,False
2024-10-17,Quang Trung,Go Vap,Smoothie,47,2.585,False
2024-10-17,Quang Trung,Go Vap,Bakery,67,2.144,False
2024-10-18,Quang Trung,Go Vap,Coffee,173,6.747,False
2024-10-18,Quang Trung,Go Vap,Tea,113,5.085,False
2024-10-18,Quang Trung,Go Vap,Smoothie,49,2.695,False
2024-10-18,Quang Trung,Go Vap,Bakery,68,2.176,False
2024-10-19,Quang Trung,Go Vap,Coffee,186,7.254,False
2024-10-19,Quang Trung,Go Vap,Tea,133,5.985,False
2024-10-19,Quang Trung,Go Vap,Smoothie,58,3.19,False
2024-10-19,Quang Trung,Go Vap,Bakery,82,2.624,False
2024-10-20,Quang Trung,Go Vap,Coffee,227,8.853,False
2024-10-20,Quang Trung,Go Vap,Tea,118,5.31,False
2024-10-20,Quang Trung,Go Vap,Smoothie,53,2.915,False
2024-10-20,Quang Trung,Go Vap,Bakery,82,2.624,False
2024-10-21,Quang Trung,Go Vap,Coffee,176,6.864,False
2024-10-21,Quang Trung,Go Vap,Tea,96,4.32,False
2024-10-21,Quang Trung,Go Vap,Smoothie,33,1.815,False
2024-10-21,Quang Trung,Go Vap,Bakery,69,2.208,False
2024-10-22,Quang Trung,Go Vap,Coffee,152,5.928,False
2024-10-22,Quang Trung,Go Vap,Tea,106,4.77,False
2024-10-22,Quang Trung,Go Vap,Smoothie,40,2.2,False
2024-10-22,Quang Trung,Go Vap,Bakery,55,1.76,False
2024-10-23,Quang Trung,Go Vap,Coffee,149,5.811,False
2024-10-23,Quang Trung,Go Vap,Tea,115,5.175,False
2024-10-23,Quang Trung,Go Vap,Smoothie,53,2.915,False
2024-10-23,Quang Trung,Go Vap,Bakery,63,2.016,False
2024-10-24,Quang Trung,Go Vap,Coffee,160,6.24,False
2024-10-24,Quang Trung,Go Vap,Tea,102,4.59,False
2024-10-24,Quang Trung,Go Vap,Smoothie,41,2.255,False
2024-10-24,Quang Trung,Go Vap,Bakery,58,1.856,False
2024-10-25,Quang Trung,Go Vap,Coffee,160,6.24,False
2024-10-25,Quang Trung,Go Vap,Tea,126,5.67,False
2024-10-25,Quang Trung,Go Vap,Smoothie,49,2.695,False
2024-10-25,Quang Trung,Go Vap,Bakery,59,1.888,False
2024-10-26,Quang Trung,Go Vap,Coffee,211,8.229,False
2024-10-26,Quang Trung,Go Vap,Tea,123,5.535,False
2024-10-26,Quang Trung,Go Vap,Smoothie,50,2.75,False
2024-10-26,Quang Trung,Go Vap,Bakery,83,2.656,False
2024-10-27,Quang Trung,Go Vap,Coffee,209,8.151,False
2024-10-27,Quang Trung,Go Vap,Tea,109,4.905,False
2024-10-27,Quang Trung,Go Vap,Smoothie,40,2.2,False
2024-10-27,Quang Trung,Go Vap,Bakery,84,2.688,False
2024-10-28,Quang Trung,Go Vap,Coffee,142,5.538,False
2024-10-28,Quang Trung,Go Vap,Tea,92,4.14,False
2024-10-28,Quang Trung,Go Vap,Smoothie,47,2.585,False
2024-10-28,Quang Trung,Go Vap,Bakery,48,1.536,False
2024-10-29,Quang Trung,Go Vap,Coffee,156,6.084,False
2024-10-29,Quang Trung,Go Vap,Tea,107,4.815,False
2024-10-29,Quang Trung,Go Vap,Smoothie,43,2.365,False
2024-10-29,Quang Trung,Go Vap,Bakery,62,1.984,False
2024-10-30,Quang Trung,Go Vap,Coffee,199,7.761,False
2024-10-30,Quang Trung,Go Vap,Tea,97,4.365,False
2024-10-30,Quang Trung,Go Vap,Smoothie,32,1.76,False
2024-10-30,Quang Trung,Go Vap,Bakery,58,1.856,False
2024-10-31,Quang Trung,Go Vap,Coffee,184,7.176,False
2024-10-31,Quang Trung,Go Vap,Tea,99,4.455,False
2024-10-31,Quang Trung,Go Vap,Smoothie,51,2.805,False
2024-10-31,Quang Trung,Go Vap,Bakery,60,1.92,False
2024-11-01,Quang Trung,Go Vap,Coffee,190,6.298,True
2024-11-01,Quang Trung,Go Vap,Tea,121,4.628,True
2024-11-01,Quang Trung,Go Vap,Smoothie,63,2.945,True
2024-11-01,Quang Trung,Go Vap,Bakery,71,1.931,True
2024-11-02,Quang Trung,Go Vap,Coffee,277,9.183,True
2024-11-02,Quang Trung,Go Vap,Tea,138,5.279,True
2024-11-02,Quang Trung,Go Vap,Smoothie,73,3.413,True
2024-11-02,Quang Trung,Go Vap,Bakery,115,3.128,True
2024-11-03,Quang Trung,Go Vap,Coffee,264,8.752,True
2024-11-03,Quang Trung,Go Vap,Tea,156,5.967,True
2024-11-03,Quang Trung,Go Vap,Smoothie,66,3.086,True
2024-11-03,Quang Trung,Go Vap,Bakery,104,2.829,True
2024-11-04,Quang Trung,Go Vap,Coffee,175,6.825,False
2024-11-04,Quang Trung,Go Vap,Tea,98,4.41,False
2024-11-04,Quang Trung,Go Vap,Smoothie,47,2.585,False
2024-11-04,Quang Trung,Go Vap,Bakery,68,2.176,False
2024-11-05,Quang Trung,Go Vap,Coffee,200,7.8,False
2024-11-05,Quang Trung,Go Vap,Tea,92,4.14,False
2024-11-05,Quang Trung,Go Vap,Smoothie,51,2.805,False
2024-11-05,Quang Trung,Go Vap,Bakery,74,2.368,False
2024-11-06,Quang Trung,Go Vap,Coffee,183,7.137,False
2024-11-06,Quang Trung,Go Vap,Tea,103,4.635,False
2024-11-06,Quang Trung,Go Vap,Smoothie,50,2.75,False
2024-11-06,Quang Trung,Go Vap,Bakery,65,2.08,False
2024-11-07,Quang Trung,Go Vap,Coffee,176,6.864,False
2024-11-07,Quang Trung,Go Vap,Tea,102,4.59,False
2024-11-07,Quang Trung,Go Vap,Smoothie,48,2.64,False
2024-11-07,Quang Trung,Go Vap,Bakery,62,1.984,False
2024-11-08,Quang Trung,Go Vap,Coffee,180,7.02,False
2024-11-08,Quang Trung,Go Vap,Tea,102,4.59,False
2024-11-08,Quang Trung,Go Vap,Smoothie,34,1.87,False
2024-11-08,Quang Trung,Go Vap,Bakery,65,2.08,False
2024-11-09,Quang Trung,Go Vap,Coffee,209,8.151,False
2024-11-09,Quang Trung,Go Vap,Tea,143,6.435,False
2024-11-09,Quang Trung,Go Vap,Smoothie,72,3.96,False
2024-11-09,Quang Trung,Go Vap,Bakery,83,2.656,False
2024-11-10,Quang Trung,Go Vap,Coffee,226,8.814,False
2024-11-10,Quang Trung,Go Vap,Tea,126,5.67,False
2024-11-10,Quang Trung,Go Vap,Smoothie,52,2.86,False
2024-11-10,Quang Trung,Go Vap,Bakery,77,2.464,False
2024-11-11,Quang Trung,Go Vap,Coffee,171,6.669,False
2024-11-11,Quang Trung,Go Vap,Tea,120,5.4,False
2024-11-11,Quang Trung,Go Vap,Smoothie,37,2.035,False
2024-11-11,Quang Trung,Go Vap,Bakery,74,2.368,False
2024-11-12,Quang Trung,Go Vap,Coffee,163,6.357,False
2024-11-12,Quang Trung,Go Vap,Tea,103,4.635,False
2024-11-12,Quang Trung,Go Vap,Smoothie,45,2.475,False
2024-11-12,Quang Trung,Go Vap,Bakery,80,2.56,False
2024-11-13,Quang Trung,Go Vap,Coffee,164,6.396,False
2024-11-13,Quang Trung,Go Vap,Tea,111,4.995,False
2024-11-13,Quang Trung,Go Vap,Smoothie,56,3.08,False
2024-11-13,Quang Trung,Go Vap,Bakery,84,2.688,False
2024-11-14,Quang Trung,Go Vap,Coffee,199,7.761,False
2024-11-14,Quang Trung,Go Vap,Tea,105,4.725,False
2024-11-14,Quang Trung,Go Vap,Smoothie,51,2.805,False
2024-11-14,Quang Trung,Go Vap,Bakery,67,2.144,False
2024-11-15,Quang Trung,Go Vap,Coffee,168,6.552,False
2024-11-15,Quang Trung,Go Vap,Tea,89,4.005,False
2024-11-15,Quang Trung,Go Vap,Smoothie,45,2.475,False
2024-11-15,Quang Trung,Go Vap,Bakery,69,2.208,False
2024-11-16,Quang Trung,Go Vap,Coffee,269,10.491,False
2024-11-16,Quang Trung,Go Vap,Tea,132,5.94,False
2024-11-16,Quang Trung,Go Vap,Smoothie,67,3.685,False
2024-11-16,Quang Trung,Go Vap,Bakery,69,2.208,False
2024-11-17,Quang Trung,Go Vap,Coffee,232,9.048,False
2024-11-17,Quang Trung,Go Vap,Tea,124,5.58,False
2024-11-17,Quang Trung,Go Vap,Smoothie,62,3.41,False
2024-11-17,Quang Trung,Go Vap,Bakery,72,2.304,False
2024-11-18,Quang Trung,Go Vap,Coffee,175,6.825,False
2024-11-18,Quang Trung,Go Vap,Tea,88,3.96,False
2024-11-18,Quang Trung,Go Vap,Smoothie,39,2.145,False
2024-11-18,Quang Trung,Go Vap,Bakery,66,2.112,False
2024-11-19,Quang Trung,Go Vap,Coffee,169,6.591,False
2024-11-19,Quang Trung,Go Vap,Tea,113,5.085,False
2024-11-19,Quang Trung,Go Vap,Smoothie,40,2.2,False
2024-11-19,Quang Trung,Go Vap,Bakery,62,1.984,False
2024-11-20,Quang Trung,Go Vap,Coffee,184,7.176,False
2024-11-20,Quang Trung,Go Vap,Tea,112,5.04,False
2024-11-20,Quang Trung,Go Vap,Smoothie,40,2.2,False
2024-11-20,Quang Trung,Go Vap,Bakery,74,2.368,False
2024-11-21,Quang Trung,Go Vap,Coffee,178,6.942,False
2024-11-21,Quang Trung,Go Vap,Tea,102,4.59,False
2024-11-21,Quang Trung,Go Vap,Smoothie,37,2.035,False
2024-11-21,Quang Trung,Go Vap,Bakery,75,2.4,False
2024-11-22,Quang Trung,Go Vap,Coffee,157,6.123,False
2024-11-22,Quang Trung,Go Vap,Tea,85,3.825,False
2024-11-22,Quang Trung,Go Vap,Smoothie,52,2.86,False
2024-11-22,Quang Trung,Go Vap,Bakery,67,2.144,False
2024-11-23,Quang Trung,Go Vap,Coffee,243,9.477,False
2024-11-23,Quang Trung,Go Vap,Tea,130,5.85,False
2024-11-23,Quang Trung,Go Vap,Smoothie,46,2.53,False
2024-11-23,Quang Trung,Go Vap,Bakery,92,2.944,False
2024-11-24,Quang Trung,Go Vap,Coffee,257,10.023,False
2024-11-24,Quang Trung,Go Vap,Tea,141,6.345,False
2024-11-24,Quang Trung,Go Vap,Smoothie,54,2.97,False
2024-11-24,Quang Trung,Go Vap,Bakery,82,2.624,False
2024-11-25,Quang Trung,Go Vap,Coffee,193,7.527,False
2024-11-25,Quang Trung,Go Vap,Tea,114,5.13,False
2024-11-25,Quang Trung,Go Vap,Smoothie,48,2.64,False
2024-11-25,Quang Trung,Go Vap,Bakery,71,2.272,False
2024-11-26,Quang Trung,Go Vap,Coffee,189,7.371,False
2024-11-26,Quang Trung,Go Vap,Tea,94,4.23,False
2024-11-26,Quang Trung,Go Vap,Smoothie,34,1.87,False
2024-11-26,Quang Trung,Go Vap,Bakery,72,2.304,False
2024-11-27,Quang Trung,Go Vap,Coffee,174,6.786,False
2024-11-27,Quang Trung,Go Vap,Tea,118,5.31,False
2024-11-27,Quang Trung,Go Vap,Smoothie,45,2.475,False
2024-11-27,Quang Trung,Go Vap,Bakery,68,2.176,False
2024-11-28,Quang Trung,Go Vap,Coffee,178,6.942,False
2024-11-28,Quang Trung,Go Vap,Tea,108,4.86,False
2024-11-28,Quang Trung,Go Vap,Smoothie,42,2.31,False
2024-11-28,Quang Trung,Go Vap,Bakery,52,1.664,False
2024-11-29,Quang Trung,Go Vap,Coffee,175,6.825,False
2024-11-29,Quang Trung,Go Vap,Tea,113,5.085,False
2024-11-29,Quang Trung,Go Vap,Smoothie,46,2.53,False
2024-11-29,Quang Trung,Go Vap,Bakery,68,2.176,False
2024-11-30,Quang Trung,Go Vap,Coffee,226,8.814,False
2024-11-30,Quang Trung,Go Vap,Tea,127,5.715,False
2024-11-30,Quang Trung,Go Vap,Smoothie,55,3.025,False
2024-11-30,Quang Trung,Go Vap,Bakery,74,2.368,False
2024-12-01,Quang Trung,Go Vap,Coffee,233,7.724,True
2024-12-01,Quang Trung,Go Vap,Tea,144,5.508,True
2024-12-01,Quang Trung,Go Vap,Smoothie,60,2.805,True
2024-12-01,Quang Trung,Go Vap,Bakery,82,2.23,True
2024-12-02,Quang Trung,Go Vap,Coffee,216,7.16,True
2024-12-02,Quang Trung,Go Vap,Tea,114,4.361,True
2024-12-02,Quang Trung,Go Vap,Smoothie,53,2.478,True
2024-12-02,Quang Trung,Go Vap,Bakery,97,2.638,True
2024-12-03,Quang Trung,Go Vap,Coffee,218,7.227,True
2024-12-03,Quang Trung,Go Vap,Tea,121,4.628,True
2024-12-03,Quang Trung,Go Vap,Smoothie,39,1.823,True
2024-12-03,Quang Trung,Go Vap,Bakery,94,2.557,True
2024-12-04,Quang Trung,Go Vap,Coffee,188,7.332,False
2024-12-04,Quang Trung,Go Vap,Tea,92,4.14,False
2024-12-04,Quang Trung,Go Vap,Smoothie,30,1.65,False
2024-12-04,Quang Trung,Go Vap,Bakery,67,2.144,False
2024-12-05,Quang Trung,Go Vap,Coffee,197,7.683,False
2024-12-05,Quang Trung,Go Vap,Tea,100,4.5,False
2024-12-05,Quang Trung,Go Vap,Smoothie,44,2.42,False
2024-12-05,Quang Trung,Go Vap,Bakery,73,2.336,False
2024-12-06,Quang Trung,Go Vap,Coffee,170,6.63,False
2024-12-06,Quang Trung,Go Vap,Tea,100,4.5,False
2024-12-06,Quang Trung,Go Vap,Smoothie,56,3.08,False
2024-12-06,Quang Trung,Go Vap,Bakery,92,2.944,False
2024-12-07,Quang Trung,Go Vap,Coffee,201,7.839,False
2024-12-07,Quang Trung,Go Vap,Tea,142,6.39,False
2024-12-07,Quang Trung,Go Vap,Smoothie,68,3.74,False
2024-12-07,Quang Trung,Go Vap,Bakery,88,2.816,False
2024-12-08,Quang Trung,Go Vap,Coffee,243,9.477,False
2024-12-08,Quang Trung,Go Vap,Tea,124,5.58,False
2024-12-08,Quang Trung,Go Vap,Smoothie,54,2.97,False
2024-12-08,Quang Trung,Go Vap,Bakery,80,2.56,False
2024-12-09,Quang Trung,Go Vap,Coffee,177,6.903,False
2024-12-09,Quang Trung,Go Vap,Tea,107,4.815,False
2024-12-09,Quang Trung,Go Vap,Smoothie,49,2.695,False
2024-12-09,Quang Trung,Go Vap,Bakery,48,1.536,False
2024-12-10,Quang Trung,Go Vap,Coffee,189,7.371,False
2024-12-10,Quang Trung,Go Vap,Tea,102,4.59,False
2024-12-10,Quang Trung,Go Vap,Smoothie,42,2.31,False
2024-12-10,Quang Trung,Go Vap,Bakery,81,2.592,False
2024-12-11,Quang Trung,Go Vap,Coffee,182,7.098,False
2024-12-11,Quang Trung,Go Vap,Tea,109,4.905,False
2024-12-11,Quang Trung,Go Vap,Smoothie,40,2.2,False
2024-12-11,Quang Trung,Go Vap,Bakery,62,1.984,False
2024-12-12,Quang Trung,Go Vap,Coffee,157,6.123,False
2024-12-12,Quang Trung,Go Vap,Tea,96,4.32,False
2024-12-12,Quang Trung,Go Vap,Smoothie,35,1.925,False
2024-12-12,Quang Trung,Go Vap,Bakery,47,1.504,False
2024-12-13,Quang Trung,Go Vap,Coffee,195,7.605,False
2024-12-13,Quang Trung,Go Vap,Tea,84,3.78,False
2024-12-13,Quang Trung,Go Vap,Smoothie,45,2.475,False
2024-12-13,Quang Trung,Go Vap,Bakery,66,2.112,False
2024-12-14,Quang Trung,Go Vap,Coffee,226,8.814,False
2024-12-14,Quang Trung,Go Vap,Tea,128,5.76,False
2024-12-14,Quang Trung,Go Vap,Smoothie,63,3.465,False
2024-12-14,Quang Trung,Go Vap,Bakery,101,3.232,False
2024-12-15,Quang Trung,Go Vap,Coffee,199,7.761,False
2024-12-15,Quang Trung,Go Vap,Tea,116,5.22,False
2024-12-15,Quang Trung,Go Vap,Smoothie,56,3.08,False
2024-12-15,Quang Trung,Go Vap,Bakery,66,2.112,False
2024-12-16,Quang Trung,Go Vap,Coffee,185,7.215,False
2024-12-16,Quang Trung,Go Vap,Tea,88,3.96,False
2024-12-16,Quang Trung,Go Vap,Smoothie,53,2.915,False
2024-12-16,Quang Trung,Go Vap,Bakery,73,2.336,False
2024-12-17,Quang Trung,Go Vap,Coffee,179,6.981,False
2024-12-17,Quang Trung,Go Vap,Tea,90,4.05,False
2024-12-17,Quang Trung,Go Vap,Smoothie,55,3.025,False
2024-12-17,Quang Trung,Go Vap,Bakery,63,2.016,False
2024-12-18,Quang Trung,Go Vap,Coffee,188,7.332,False
2024-12-18,Quang Trung,Go Vap,Tea,109,4.905,False
2024-12-18,Quang Trung,Go Vap,Smoothie,41,2.255,False
2024-12-18,Quang Trung,Go Vap,Bakery,81,2.592,False
2024-12-19,Quang Trung,Go Vap,Coffee,187,7.293,False
2024-12-19,Quang Trung,Go Vap,Tea,96,4.32,False
2024-12-19,Quang Trung,Go Vap,Smoothie,55,3.025,False
2024-12-19,Quang Trung,Go Vap,Bakery,65,2.08,False
2024-12-20,Quang Trung,Go Vap,Coffee,210,6.962,True
2024-12-20,Quang Trung,Go Vap,Tea,122,4.667,True
2024-12-20,Quang Trung,Go Vap,Smoothie,57,2.665,True
2024-12-20,Quang Trung,Go Vap,Bakery,86,2.339,True
2024-12-21,Quang Trung,Go Vap,Coffee,266,8.818,True
2024-12-21,Quang Trung,Go Vap,Tea,151,5.776,True
2024-12-21,Quang Trung,Go Vap,Smoothie,57,2.665,True
2024-12-21,Quang Trung,Go Vap,Bakery,87,2.366,True
2024-12-22,Quang Trung,Go Vap,Coffee,270,8.95,True
2024-12-22,Quang Trung,Go Vap,Tea,161,6.158,True
2024-12-22,Quang Trung,Go Vap,Smoothie,65,3.039,True
2024-12-22,Quang Trung,Go Vap,Bakery,116,3.155,True
2024-12-23,Quang Trung,Go Vap,Coffee,218,7.227,True
2024-12-23,Quang Trung,Go Vap,Tea,133,5.087,True
2024-12-23,Quang Trung,Go Vap,Smoothie,57,2.665,True
2024-12-23,Quang Trung,Go Vap,Bakery,71,1.931,True
2024-12-24,Quang Trung,Go Vap,Coffee,221,7.326,True
2024-12-24,Quang Trung,Go Vap,Tea,127,4.858,True
2024-12-24,Quang Trung,Go Vap,Smoothie,43,2.01,True
2024-12-24,Quang Trung,Go Vap,Bakery,94,2.557,True
2024-12-25,Quang Trung,Go Vap,Coffee,209,6.928,True
2024-12-25,Quang Trung,Go Vap,Tea,118,4.513,True
2024-12-25,Quang Trung,Go Vap,Smoothie,61,2.852,True
2024-12-25,Quang Trung,Go Vap,Bakery,84,2.285,True
2024-12-26,Quang Trung,Go Vap,Coffee,233,7.724,True
2024-12-26,Quang Trung,Go Vap,Tea,107,4.093,True
2024-12-26,Quang Trung,Go Vap,Smoothie,57,2.665,True
2024-12-26,Quang Trung,Go Vap,Bakery,76,2.067,True
2024-12-27,Quang Trung,Go Vap,Coffee,211,6.995,True
2024-12-27,Quang Trung,Go Vap,Tea,133,5.087,True
2024-12-27,Quang Trung,Go Vap,Smoothie,49,2.291,True
2024-12-27,Quang Trung,Go Vap,Bakery,92,2.502,True
2024-12-28,Quang Trung,Go Vap,Coffee,291,9.647,True
2024-12-28,Quang Trung,Go Vap,Tea,122,4.667,True
2024-12-28,Quang Trung,Go Vap,Smoothie,80,3.74,True
2024-12-28,Quang Trung,Go Vap,Bakery,83,2.258,True
2024-12-29,Quang Trung,Go Vap,Coffee,263,8.718,True
2024-12-29,Quang Trung,Go Vap,Tea,143,5.47,True
2024-12-29,Quang Trung,Go Vap,Smoothie,90,4.207,True
2024-12-29,Quang Trung,Go Vap,Bakery,121,3.291,True
2024-12-30,Quang Trung,Go Vap,Coffee,235,7.79,True
2024-12-30,Quang Trung,Go Vap,Tea,135,5.164,True
2024-12-30,Quang Trung,Go Vap,Smoothie,49,2.291,True
2024-12-30,Quang Trung,Go Vap,Bakery,85,2.312,True
2024-12-31,Quang Trung,Go Vap,Coffee,196,6.497,True
2024-12-31,Quang Trung,Go Vap,Tea,129,4.934,True
2024-12-31,Quang Trung,Go Vap,Smoothie,56,2.618,True
2024-12-31,Quang Trung,Go Vap,Bakery,97,2.638,True
2025-01-01,Quang Trung,Go Vap,Coffee,198,6.564,True
2025-01-01,Quang Trung,Go Vap,Tea,131,5.011,True
2025-01-01,Quang Trung,Go Vap,Smoothie,41,1.917,True
2025-01-01,Quang Trung,Go Vap,Bakery,108,2.938,True
2025-01-02,Quang Trung,Go Vap,Coffee,224,7.426,True
2025-01-02,Quang Trung,Go Vap,Tea,126,4.819,True
2025-01-02,Quang Trung,Go Vap,Smoothie,67,3.132,True
2025-01-02,Quang Trung,Go Vap,Bakery,69,1.877,True
2025-01-03,Quang Trung,Go Vap,Coffee,233,7.724,True
2025-01-03,Quang Trung,Go Vap,Tea,127,4.858,True
2025-01-03,Quang Trung,Go Vap,Smoothie,65,3.039,True
2025-01-03,Quang Trung,Go Vap,Bakery,79,2.149,True
2025-01-04,Quang Trung,Go Vap,Coffee,227,8.853,False
2025-01-04,Quang Trung,Go Vap,Tea,145,6.525,False
2025-01-04,Quang Trung,Go Vap,Smoothie,59,3.245,False
2025-01-04,Quang Trung,Go Vap,Bakery,85,2.72,False
2025-01-05,Quang Trung,Go Vap,Coffee,233,9.087,False
2025-01-05,Quang Trung,Go Vap,Tea,125,5.625,False
2025-01-05,Quang Trung,Go Vap,Smoothie,54,2.97,False
2025-01-05,Quang Trung,Go Vap,Bakery,92,2.944,False
2025-01-06,Quang Trung,Go Vap,Coffee,187,7.293,False
2025-01-06,Quang Trung,Go Vap,Tea,101,4.545,False
2025-01-06,Quang Trung,Go Vap,Smoothie,44,2.42,False
2025-01-06,Quang Trung,Go Vap,Bakery,88,2.816,False
2025-01-07,Quang Trung,Go Vap,Coffee,162,6.318,False
2025-01-07,Quang Trung,Go Vap,Tea,104,4.68,False
2025-01-07,Quang Trung,Go Vap,Smoothie,57,3.135,False
2025-01-07,Quang Trung,Go Vap,Bakery,67,2.144,False
2025-01-08,Quang Trung,Go Vap,Coffee,190,7.41,False
2025-01-08,Quang Trung,Go Vap,Tea,86,3.87,False
2025-01-08,Quang Trung,Go Vap,Smoothie,41,2.255,False
2025-01-08,Quang Trung,Go Vap,Bakery,71,2.272,False
2025-01-09,Quang Trung,Go Vap,Coffee,181,7.059,False
2025-01-09,Quang Trung,Go Vap,Tea,119,5.355,False
2025-01-09,Quang Trung,Go Vap,Smoothie,40,2.2,False
2025-01-09,Quang Trung,Go Vap,Bakery,77,2.464,False
2025-01-10,Quang Trung,Go Vap,Coffee,186,7.254,False
2025-01-10,Quang Trung,Go Vap,Tea,102,4.59,False
2025-01-10,Quang Trung,Go Vap,Smoothie,42,2.31,False
2025-01-10,Quang Trung,Go Vap,Bakery,64,2.048,False
2025-01-11,Quang Trung,Go Vap,Coffee,235,9.165,False
2025-01-11,Quang Trung,Go Vap,Tea,144,6.48,False
2025-01-11,Quang Trung,Go Vap,Smoothie,58,3.19,False
2025-01-11,Quang Trung,Go Vap,Bakery,89,2.848,False
2025-01-12,Quang Trung,Go Vap,Coffee,233,9.087,False
2025-01-12,Quang Trung,Go Vap,Tea,141,6.345,False
2025-01-12,Quang Trung,Go Vap,Smoothie,73,4.015,False
2025-01-12,Quang Trung,Go Vap,Bakery,92,2.944,False
2025-01-13,Quang Trung,Go Vap,Coffee,161,6.279,False
2025-01-13,Quang Trung,Go Vap,Tea,98,4.41,False
2025-01-13,Quang Trung,Go Vap,Smoothie,36,1.98,False
2025-01-13,Quang Trung,Go Vap,Bakery,80,2.56,False
2025-01-14,Quang Trung,Go Vap,Coffee,184,7.176,False
2025-01-14,Quang Trung,Go Vap,Tea,99,4.455,False
2025-01-14,Quang Trung,Go Vap,Smoothie,55,3.025,False
2025-01-14,Quang Trung,Go Vap,Bakery,72,2.304,False
2025-01-15,Quang Trung,Go Vap,Coffee,189,7.371,False
2025-01-15,Quang Trung,Go Vap,Tea,90,4.05,False
2025-01-15,Quang Trung,Go Vap,Smoothie,45,2.475,False
2025-01-15,Quang Trung,Go Vap,Bakery,56,1.792,False
2025-01-16,Quang Trung,Go Vap,Coffee,196,7.644,False
2025-01-16,Quang Trung,Go Vap,Tea,114,5.13,False
2025-01-16,Quang Trung,Go Vap,Smoothie,53,2.915,False
2025-01-16,Quang Trung,Go Vap,Bakery,65,2.08,False
2025-01-17,Quang Trung,Go Vap,Coffee,187,7.293,False
2025-01-17,Quang Trung,Go Vap,Tea,96,4.32,False
2025-01-17,Quang Trung,Go Vap,Smoothie,39,2.145,False
2025-01-17,Quang Trung,Go Vap,Bakery,85,2.72,False
2025-01-18,Quang Trung,Go Vap,Coffee,202,7.878,False
2025-01-18,Quang Trung,Go Vap,Tea,146,6.57,False
2025-01-18,Quang Trung,Go Vap,Smoothie,58,3.19,False
2025-01-18,Quang Trung,Go Vap,Bakery,69,2.208,False
2025-01-19,Quang Trung,Go Vap,Coffee,216,8.424,False
2025-01-19,Quang Trung,Go Vap,Tea,126,5.67,False
2025-01-19,Quang Trung,Go Vap,Smoothie,57,3.135,False
2025-01-19,Quang Trung,Go Vap,Bakery,75,2.4,False
2025-01-20,Quang Trung,Go Vap,Coffee,140,5.46,False
2025-01-20,Quang Trung,Go Vap,Tea,85,3.825,False
2025-01-20,Quang Trung,Go Vap,Smoothie,43,2.365,False
2025-01-20,Quang Trung,Go Vap,Bakery,49,1.568,False
2025-01-21,Quang Trung,Go Vap,Coffee,145,5.655,False
2025-01-21,Quang Trung,Go Vap,Tea,97,4.365,False
2025-01-21,Quang Trung,Go Vap,Smoothie,59,3.245,False
2025-01-21,Quang Trung,Go Vap,Bakery,61,1.952,False
2025-01-22,Quang Trung,Go Vap,Coffee,165,6.435,False
2025-01-22,Quang Trung,Go Vap,Tea,51,2.295,False
2025-01-22,Quang Trung,Go Vap,Smoothie,39,2.145,False
2025-01-22,Quang Trung,Go Vap,Bakery,58,1.856,False
2025-01-23,Quang Trung,Go Vap,Coffee,145,5.655,False
2025-01-23,Quang Trung,Go Vap,Tea,92,4.14,False
2025-01-23,Quang Trung,Go Vap,Smoothie,35,1.925,False
2025-01-23,Quang Trung,Go Vap,Bakery,61,1.952,False
2025-01-24,Quang Trung,Go Vap,Coffee,158,6.162,False
2025-01-24,Quang Trung,Go Vap,Tea,75,3.375,False
2025-01-24,Quang Trung,Go Vap,Smoothie,54,2.97,False
2025-01-24,Quang Trung,Go Vap,Bakery,51,1.632,False
2025-01-25,Quang Trung,Go Vap,Coffee,99,3.861,False
2025-01-25,Quang Trung,Go Vap,Tea,58,2.61,False
2025-01-25,Quang Trung,Go Vap,Smoothie,27,1.485,False
2025-01-25,Quang Trung,Go Vap,Bakery,30,0.96,False
2025-01-26,Quang Trung,Go Vap,Coffee,97,3.783,False
2025-01-26,Quang Trung,Go Vap,Tea,56,2.52,False
2025-01-26,Quang Trung,Go Vap,Smoothie,29,1.595,False
2025-01-26,Quang Trung,Go Vap,Bakery,39,1.248,False
2025-01-27,Quang Trung,Go Vap,Coffee,77,3.003,False
2025-01-27,Quang Trung,Go Vap,Tea,44,1.98,False
2025-01-27,Quang Trung,Go Vap,Smoothie,17,0.935,False
2025-01-27,Quang Trung,Go Vap,Bakery,40,1.28,False
2025-01-28,Quang Trung,Go Vap,Coffee,88,3.432,False
2025-01-28,Quang Trung,Go Vap,Tea,50,2.25,False
2025-01-28,Quang Trung,Go Vap,Smoothie,24,1.32,False
2025-01-28,Quang Trung,Go Vap,Bakery,33,1.056,False
2025-01-29,Quang Trung,Go Vap,Coffee,83,3.237,False
2025-01-29,Quang Trung,Go Vap,Tea,49,2.205,False
2025-01-29,Quang Trung,Go Vap,Smoothie,22,1.21,False
2025-01-29,Quang Trung,Go Vap,Bakery,27,0.864,False
2025-01-30,Quang Trung,Go Vap,Coffee,82,3.198,False
2025-01-30,Quang Trung,Go Vap,Tea,59,2.655,False
2025-01-30,Quang Trung,Go Vap,Smoothie,22,1.21,False
2025-01-30,Quang Trung,Go Vap,Bakery,35,1.12,False
2025-01-31,Quang Trung,Go Vap,Coffee,80,3.12,False
2025-01-31,Quang Trung,Go Vap,Tea,46,2.07,False
2025-01-31,Quang Trung,Go Vap,Smoothie,21,1.155,False
2025-01-31,Quang Trung,Go Vap,Bakery,39,1.248,False
2025-02-01,Quang Trung,Go Vap,Coffee,138,4.575,True
2025-02-01,Quang Trung,Go Vap,Tea,60,2.295,True
2025-02-01,Quang Trung,Go Vap,Smoothie,37,1.73,True
2025-02-01,Quang Trung,Go Vap,Bakery,45,1.224,True
2025-02-02,Quang Trung,Go Vap,Coffee,126,4.177,True
2025-02-02,Quang Trung,Go Vap,Tea,73,2.792,True
2025-02-02,Quang Trung,Go Vap,Smoothie,36,1.683,True
2025-02-02,Quang Trung,Go Vap,Bakery,41,1.115,True
2025-02-03,Quang Trung,Go Vap,Coffee,159,5.271,True
2025-02-03,Quang Trung,Go Vap,Tea,98,3.748,True
2025-02-03,Quang Trung,Go Vap,Smoothie,55,2.571,True
2025-02-03,Quang Trung,Go Vap,Bakery,85,2.312,True
2025-02-04,Quang Trung,Go Vap,Coffee,133,5.187,False
2025-02-04,Quang Trung,Go Vap,Tea,97,4.365,False
2025-02-04,Quang Trung,Go Vap,Smoothie,37,2.035,False
2025-02-04,Quang Trung,Go Vap,Bakery,50,1.6,False
2025-02-05,Quang Trung,Go Vap,Coffee,150,5.85,False
2025-02-05,Quang Trung,Go Vap,Tea,73,3.285,False
2025-02-05,Quang Trung,Go Vap,Smoothie,38,2.09,False
2025-02-05,Quang Trung,Go Vap,Bakery,56,1.792,False
2025-02-06,Quang Trung,Go Vap,Coffee,151,5.889,False
2025-02-06,Quang Trung,Go Vap,Tea,82,3.69,False
2025-02-06,Quang Trung,Go Vap,Smoothie,38,2.09,False
2025-02-06,Quang Trung,Go Vap,Bakery,52,1.664,False
2025-02-07,Quang Trung,Go Vap,Coffee,157,6.123,False
2025-02-07,Quang Trung,Go Vap,Tea,85,3.825,False
2025-02-07,Quang Trung,Go Vap,Smoothie,40,2.2,False
2025-02-07,Quang Trung,Go Vap,Bakery,63,2.016,False
2025-02-08,Quang Trung,Go Vap,Coffee,271,10.569,False
2025-02-08,Quang Trung,Go Vap,Tea,115,5.175,False
2025-02-08,Quang Trung,Go Vap,Smoothie,58,3.19,False
2025-02-08,Quang Trung,Go Vap,Bakery,82,2.624,False
2025-02-09,Quang Trung,Go Vap,Coffee,214,8.346,False
2025-02-09,Quang Trung,Go Vap,Tea,141,6.345,False
2025-02-09,Quang Trung,Go Vap,Smoothie,69,3.795,False
2025-02-09,Quang Trung,Go Vap,Bakery,86,2.752,False
2025-02-10,Quang Trung,Go Vap,Coffee,180,7.02,False
2025-02-10,Quang Trung,Go Vap,Tea,107,4.815,False
2025-02-10,Quang Trung,Go Vap,Smoothie,51,2.805,False
2025-02-10,Quang Trung,Go Vap,Bakery,59,1.888,False
2025-02-11,Quang Trung,Go Vap,Coffee,167,6.513,False
2025-02-11,Quang Trung,Go Vap,Tea,114,5.13,False
2025-02-11,Quang Trung,Go Vap,Smoothie,49,2.695,False
2025-02-11,Quang Trung,Go Vap,Bakery,61,1.952,False
2025-02-12,Quang Trung,Go Vap,Coffee,180,7.02,False
2025-02-12,Quang Trung,Go Vap,Tea,109,4.905,False
2025-02-12,Quang Trung,Go Vap,Smoothie,39,2.145,False
2025-02-12,Quang Trung,Go Vap,Bakery,64,2.048,False
2025-02-13,Quang Trung,Go Vap,Coffee,181,7.059,False
2025-02-13,Quang Trung,Go Vap,Tea,106,4.77,False
2025-02-13,Quang Trung,Go Vap,Smoothie,57,3.135,False
2025-02-13,Quang Trung,Go Vap,Bakery,71,2.272,False
2025-02-14,Quang Trung,Go Vap,Coffee,199,7.761,False
2025-02-14,Quang Trung,Go Vap,Tea,128,5.76,False
2025-02-14,Quang Trung,Go Vap,Smoothie,56,3.08,False
2025-02-14,Quang Trung,Go Vap,Bakery,69,2.208,False
2025-02-15,Quang Trung,Go Vap,Coffee,254,9.906,False
2025-02-15,Quang Trung,Go Vap,Tea,138,6.21,False
2025-02-15,Quang Trung,Go Vap,Smoothie,51,2.805,False
2025-02-15,Quang Trung,Go Vap,Bakery,95,3.04,False
2025-02-16,Quang Trung,Go Vap,Coffee,244,9.516,False
2025-02-16,Quang Trung,Go Vap,Tea,135,6.075,False
2025-02-16,Quang Trung,Go Vap,Smoothie,48,2.64,False
2025-02-16,Quang Trung,Go Vap,Bakery,98,3.136,False
2025-02-17,Quang Trung,Go Vap,Coffee,165,6.435,False
2025-02-17,Quang Trung,Go Vap,Tea,117,5.265,False
2025-02-17,Quang Trung,Go Vap,Smoothie,56,3.08,False
2025-02-17,Quang Trung,Go Vap,Bakery,69,2.208,False
2025-02-18,Quang Trung,Go Vap,Coffee,180,7.02,False
2025-02-18,Quang Trung,Go Vap,Tea,125,5.625,False
2025-02-18,Quang Trung,Go Vap,Smoothie,48,2.64,False
2025-02-18,Quang Trung,Go Vap,Bakery,81,2.592,False
2025-02-19,Quang Trung,Go Vap,Coffee,182,7.098,False
2025-02-19,Quang Trung,Go Vap,Tea,93,4.185,False
2025-02-19,Quang Trung,Go Vap,Smoothie,40,2.2,False
2025-02-19,Quang Trung,Go Vap,Bakery,81,2.592,False
2025-02-20,Quang Trung,Go Vap,Coffee,183,7.137,False
2025-02-20,Quang Trung,Go Vap,Tea,106,4.77,False
2025-02-20,Quang Trung,Go Vap,Smoothie,54,2.97,False
2025-02-20,Quang Trung,Go Vap,Bakery,75,2.4,False
2025-02-21,Quang Trung,Go Vap,Coffee,175,6.825,False
2025-02-21,Quang Trung,Go Vap,Tea,93,4.185,False
2025-02-21,Quang Trung,Go Vap,Smoothie,46,2.53,False
2025-02-21,Quang Trung,Go Vap,Bakery,60,1.92,False
2025-02-22,Quang Trung,Go Vap,Coffee,222,8.658,False
2025-02-22,Quang Trung,Go Vap,Tea,123,5.535,False
2025-02-22,Quang Trung,Go Vap,Smoothie,65,3.575,False
2025-02-22,Quang Trung,Go Vap,Bakery,80,2.56,False
2025-02-23,Quang Trung,Go Vap,Coffee,222,8.658,False
2025-02-23,Quang Trung,Go Vap,Tea,143,6.435,False
2025-02-23,Quang Trung,Go Vap,Smoothie,50,2.75,False
2025-02-23,Quang Trung,Go Vap,Bakery,98,3.136,False
2025-02-24,Quang Trung,Go Vap,Coffee,171,6.669,False
2025-02-24,Quang Trung,Go Vap,Tea,114,5.13,False
2025-02-24,Quang Trung,Go Vap,Smoothie,44,2.42,False
2025-02-24,Quang Trung,Go Vap,Bakery,77,2.464,False
2025-02-25,Quang Trung,Go Vap,Coffee,182,7.098,False
2025-02-25,Quang Trung,Go Vap,Tea,97,4.365,False
2025-02-25,Quang Trung,Go Vap,Smoothie,50,2.75,False
2025-02-25,Quang Trung,Go Vap,Bakery,69,2.208,False
2025-02-26,Quang Trung,Go Vap,Coffee,180,7.02,False
2025-02-26,Quang Trung,Go Vap,Tea,100,4.5,False
2025-02-26,Quang Trung,Go Vap,Smoothie,43,2.365,False
2025-02-26,Quang Trung,Go Vap,Bakery,67,2.144,False
2025-02-27,Quang Trung,Go Vap,Coffee,188,7.332,False
2025-02-27,Quang Trung,Go Vap,Tea,89,4.005,False
2025-02-27,Quang Trung,Go Vap,Smoothie,47,2.585,False
2025-02-27,Quang Trung,Go Vap,Bakery,96,3.072,False
2025-02-28,Quang Trung,Go Vap,Coffee,208,8.112,False
2025-02-28,Quang Trung,Go Vap,Tea,112,5.04,False
2025-02-28,Quang Trung,Go Vap,Smoothie,44,2.42,False
2025-02-28,Quang Trung,Go Vap,Bakery,55,1.76,False
2025-03-01,Quang Trung,Go Vap,Coffee,282,9.348,True
2025-03-01,Quang Trung,Go Vap,Tea,173,6.617,True
2025-03-01,Quang Trung,Go Vap,Smoothie,98,4.582,True
2025-03-01,Quang Trung,Go Vap,Bakery,116,3.155,True
2025-03-02,Quang Trung,Go Vap,Coffee,285,9.448,True
2025-03-02,Quang Trung,Go Vap,Tea,156,5.967,True
2025-03-02,Quang Trung,Go Vap,Smoothie,103,4.815,True
2025-03-02,Quang Trung,Go Vap,Bakery,93,2.53,True
2025-03-03,Quang Trung,Go Vap,Coffee,216,7.16,True
2025-03-03,Quang Trung,Go Vap,Tea,121,4.628,True
2025-03-03,Quang Trung,Go Vap,Smoothie,67,3.132,True
2025-03-03,Quang Trung,Go Vap,Bakery,84,2.285,True
2025-03-04,Quang Trung,Go Vap,Coffee,162,6.318,False
2025-03-04,Quang Trung,Go Vap,Tea,105,4.725,False
2025-03-04,Quang Trung,Go Vap,Smoothie,75,4.125,False
2025-03-04,Quang Trung,Go Vap,Bakery,66,2.112,False
2025-03-05,Quang Trung,Go Vap,Coffee,191,7.449,False
2025-03-05,Quang Trung,Go Vap,Tea,124,5.58,False
2025-03-05,Quang Trung,Go Vap,Smoothie,63,3.465,False
2025-03-05,Quang Trung,Go Vap,Bakery,78,2.496,False
2025-03-06,Quang Trung,Go Vap,Coffee,189,7.371,False
2025-03-06,Quang Trung,Go Vap,Tea,91,4.095,False
2025-03-06,Quang Trung,Go Vap,Smoothie,60,3.3,False
2025-03-06,Quang Trung,Go Vap,Bakery,55,1.76,False
2025-03-07,Quang Trung,Go Vap,Coffee,180,7.02,False
2025-03-07,Quang Trung,Go Vap,Tea,91,4.095,False
2025-03-07,Quang Trung,Go Vap,Smoothie,69,3.795,False
2025-03-07,Quang Trung,Go Vap,Bakery,74,2.368,False
2025-03-08,Quang Trung,Go Vap,Coffee,224,8.736,False
2025-03-08,Quang Trung,Go Vap,Tea,154,6.93,False
2025-03-08,Quang Trung,Go Vap,Smoothie,79,4.345,False
2025-03-08,Quang Trung,Go Vap,Bakery,92,2.944,False
2025-03-09,Quang Trung,Go Vap,Coffee,235,9.165,False
2025-03-09,Quang Trung,Go Vap,Tea,128,5.76,False
2025-03-09,Quang Trung,Go Vap,Smoothie,107,5.885,False
2025-03-09,Quang Trung,Go Vap,Bakery,109,3.488,False
2025-03-10,Quang Trung,Go Vap,Coffee,187,7.293,False
2025-03-10,Quang Trung,Go Vap,Tea,99,4.455,False
2025-03-10,Quang Trung,Go Vap,Smoothie,60,3.3,False
2025-03-10,Quang Trung,Go Vap,Bakery,54,1.728,False
2025-03-11,Quang Trung,Go Vap,Coffee,187,7.293,False
2025-03-11,Quang Trung,Go Vap,Tea,109,4.905,False
2025-03-11,Quang Trung,Go Vap,Smoothie,64,3.52,False
2025-03-11,Quang Trung,Go Vap,Bakery,58,1.856,False
2025-03-12,Quang Trung,Go Vap,Coffee,197,7.683,False
2025-03-12,Quang Trung,Go Vap,Tea,98,4.41,False
2025-03-12,Quang Trung,Go Vap,Smoothie,59,3.245,False
2025-03-12,Quang Trung,Go Vap,Bakery,80,2.56,False
2025-03-13,Quang Trung,Go Vap,Coffee,182,7.098,False
2025-03-13,Quang Trung,Go Vap,Tea,112,5.04,False
2025-03-13,Quang Trung,Go Vap,Smoothie,76,4.18,False
2025-03-13,Quang Trung,Go Vap,Bakery,77,2.464,False
2025-03-14,Quang Trung,Go Vap,Coffee,173,6.747,False
2025-03-14,Quang Trung,Go Vap,Tea,102,4.59,False
2025-03-14,Quang Trung,Go Vap,Smoothie,65,3.575,False
2025-03-14,Quang Trung,Go Vap,Bakery,70,2.24,False
2025-03-15,Quang Trung,Go Vap,Coffee,240,9.36,False
2025-03-15,Quang Trung,Go Vap,Tea,128,5.76,False
2025-03-15,Quang Trung,Go Vap,Smoothie,80,4.4,False
2025-03-15,Quang Trung,Go Vap,Bakery,88,2.816,False
2025-03-16,Quang Trung,Go Vap,Coffee,224,8.736,False
2025-03-16,Quang Trung,Go Vap,Tea,121,5.445,False
2025-03-16,Quang Trung,Go Vap,Smoothie,75,4.125,False
2025-03-16,Quang Trung,Go Vap,Bakery,91,2.912,False
2025-03-17,Quang Trung,Go Vap,Coffee,167,6.513,False
2025-03-17,Quang Trung,Go Vap,Tea,113,5.085,False
2025-03-17,Quang Trung,Go Vap,Smoothie,59,3.245,False
2025-03-17,Quang Trung,Go Vap,Bakery,59,1.888,False
2025-03-18,Quang Trung,Go Vap,Coffee,198,7.722,False
2025-03-18,Quang Trung,Go Vap,Tea,109,4.905,False
2025-03-18,Quang Trung,Go Vap,Smoothie,62,3.41,False
2025-03-18,Quang Trung,Go Vap,Bakery,76,2.432,False
2025-03-19,Quang Trung,Go Vap,Coffee,173,6.747,False
2025-03-19,Quang Trung,Go Vap,Tea,117,5.265,False
2025-03-19,Quang Trung,Go Vap,Smoothie,69,3.795,False
2025-03-19,Quang Trung,Go Vap,Bakery,81,2.592,False
2025-03-20,Quang Trung,Go Vap,Coffee,163,6.357,False
2025-03-20,Quang Trung,Go Vap,Tea,102,4.59,False
2025-03-20,Quang Trung,Go Vap,Smoothie,63,3.465,False
2025-03-20,Quang Trung,Go Vap,Bakery,61,1.952,False
2025-03-21,Quang Trung,Go Vap,Coffee,176,6.864,False
2025-03-21,Quang Trung,Go Vap,Tea,96,4.32,False
2025-03-21,Quang Trung,Go Vap,Smoothie,76,4.18,False
2025-03-21,Quang Trung,Go Vap,Bakery,76,2.432,False
2025-03-22,Quang Trung,Go Vap,Coffee,235,9.165,False
2025-03-22,Quang Trung,Go Vap,Tea,149,6.705,False
2025-03-22,Quang Trung,Go Vap,Smoothie,80,4.4,False
2025-03-22,Quang Trung,Go Vap,Bakery,91,2.912,False
2025-03-23,Quang Trung,Go Vap,Coffee,231,9.009,False
2025-03-23,Quang Trung,Go Vap,Tea,150,6.75,False
2025-03-23,Quang Trung,Go Vap,Smoothie,84,4.62,False
2025-03-23,Quang Trung,Go Vap,Bakery,88,2.816,False
2025-03-24,Quang Trung,Go Vap,Coffee,191,7.449,False
2025-03-24,Quang Trung,Go Vap,Tea,96,4.32,False
2025-03-24,Quang Trung,Go Vap,Smoothie,62,3.41,False
2025-03-24,Quang Trung,Go Vap,Bakery,56,1.792,False
2025-03-25,Quang Trung,Go Vap,Coffee,195,7.605,False
2025-03-25,Quang Trung,Go Vap,Tea,111,4.995,False
2025-03-25,Quang Trung,Go Vap,Smoothie,64,3.52,False
2025-03-25,Quang Trung,Go Vap,Bakery,69,2.208,False
2025-03-26,Quang Trung,Go Vap,Coffee,191,7.449,False
2025-03-26,Quang Trung,Go Vap,Tea,109,4.905,False
2025-03-26,Quang Trung,Go Vap,Smoothie,56,3.08,False
2025-03-26,Quang Trung,Go Vap,Bakery,72,2.304,False
2025-03-27,Quang Trung,Go Vap,Coffee,207,8.073,False
2025-03-27,Quang Trung,Go Vap,Tea,89,4.005,False
2025-03-27,Quang Trung,Go Vap,Smoothie,58,3.19,False
2025-03-27,Quang Trung,Go Vap,Bakery,64,2.048,False
2025-03-28,Quang Trung,Go Vap,Coffee,194,7.566,False
2025-03-28,Quang Trung,Go Vap,Tea,108,4.86,False
2025-03-28,Quang Trung,Go Vap,Smoothie,67,3.685,False
2025-03-28,Quang Trung,Go Vap,Bakery,72,2.304,False
2025-03-29,Quang Trung,Go Vap,Coffee,246,9.594,False
2025-03-29,Quang Trung,Go Vap,Tea,133,5.985,False
2025-03-29,Quang Trung,Go Vap,Smoothie,84,4.62,False
2025-03-29,Quang Trung,Go Vap,Bakery,98,3.136,False
2025-03-30,Quang Trung,Go Vap,Coffee,208,8.112,False
2025-03-30,Quang Trung,Go Vap,Tea,133,5.985,False
2025-03-30,Quang Trung,Go Vap,Smoothie,95,5.225,False
2025-03-30,Quang Trung,Go Vap,Bakery,104,3.328,False
2025-03-31,Quang Trung,Go Vap,Coffee,192,7.488,False
2025-03-31,Quang Trung,Go Vap,Tea,116,5.22,False
2025-03-31,Quang Trung,Go Vap,Smoothie,67,3.685,False
2025-03-31,Quang Trung,Go Vap,Bakery,83,2.656,False
2025-04-01,Quang Trung,Go Vap,Coffee,212,7.028,True
2025-04-01,Quang Trung,Go Vap,Tea,116,4.437,True
2025-04-01,Quang Trung,Go Vap,Smoothie,73,3.413,True
2025-04-01,Quang Trung,Go Vap,Bakery,80,2.176,True
2025-04-02,Quang Trung,Go Vap,Coffee,218,7.227,True
2025-04-02,Quang Trung,Go Vap,Tea,114,4.361,True
2025-04-02,Quang Trung,Go Vap,Smoothie,78,3.647,True
2025-04-02,Quang Trung,Go Vap,Bakery,74,2.013,True
2025-04-03,Quang Trung,Go Vap,Coffee,194,6.431,True
2025-04-03,Quang Trung,Go Vap,Tea,116,4.437,True
2025-04-03,Quang Trung,Go Vap,Smoothie,62,2.898,True
2025-04-03,Quang Trung,Go Vap,Bakery,82,2.23,True
2025-04-04,Quang Trung,Go Vap,Coffee,169,6.591,False
2025-04-04,Quang Trung,Go Vap,Tea,110,4.95,False
2025-04-04,Quang Trung,Go Vap,Smoothie,59,3.245,False
2025-04-04,Quang Trung,Go Vap,Bakery,69,2.208,False
2025-04-05,Quang Trung,Go Vap,Coffee,263,10.257,False
2025-04-05,Quang Trung,Go Vap,Tea,134,6.03,False
2025-04-05,Quang Trung,Go Vap,Smoothie,112,6.16,False
2025-04-05,Quang Trung,Go Vap,Bakery,84,2.688,False
2025-04-06,Quang Trung,Go Vap,Coffee,209,8.151,False
2025-04-06,Quang Trung,Go Vap,Tea,119,5.355,False
2025-04-06,Quang Trung,Go Vap,Smoothie,79,4.345,False
2025-04-06,Quang Trung,Go Vap,Bakery,95,3.04,False
2025-04-07,Quang Trung,Go Vap,Coffee,201,7.839,False
2025-04-07,Quang Trung,Go Vap,Tea,108,4.86,False
2025-04-07,Quang Trung,Go Vap,Smoothie,60,3.3,False
2025-04-07,Quang Trung,Go Vap,Bakery,71,2.272,False
2025-04-08,Quang Trung,Go Vap,Coffee,191,7.449,False
2025-04-08,Quang Trung,Go Vap,Tea,113,5.085,False
2025-04-08,Quang Trung,Go Vap,Smoothie,62,3.41,False
2025-04-08,Quang Trung,Go Vap,Bakery,84,2.688,False
2025-04-09,Quang Trung,Go Vap,Coffee,194,7.566,False
2025-04-09,Quang Trung,Go Vap,Tea,102,4.59,False
2025-04-09,Quang Trung,Go Vap,Smoothie,72,3.96,False
2025-04-09,Quang Trung,Go Vap,Bakery,55,1.76,False
2025-04-10,Quang Trung,Go Vap,Coffee,164,6.396,False
2025-04-10,Quang Trung,Go Vap,Tea,91,4.095,False
2025-04-10,Quang Trung,Go Vap,Smoothie,68,3.74,False
2025-04-10,Quang Trung,Go Vap,Bakery,74,2.368,False
2025-04-11,Quang Trung,Go Vap,Coffee,195,7.605,False
2025-04-11,Quang Trung,Go Vap,Tea,126,5.67,False
2025-04-11,Quang Trung,Go Vap,Smoothie,58,3.19,False
2025-04-11,Quang Trung,Go Vap,Bakery,71,2.272,False
2025-04-12,Quang Trung,Go Vap,Coffee,246,9.594,False
2025-04-12,Quang Trung,Go Vap,Tea,139,6.255,False
2025-04-12,Quang Trung,Go Vap,Smoothie,78,4.29,False
2025-04-12,Quang Trung,Go Vap,Bakery,77,2.464,False
2025-04-13,Quang Trung,Go Vap,Coffee,213,8.307,False
2025-04-13,Quang Trung,Go Vap,Tea,132,5.94,False
2025-04-13,Quang Trung,Go Vap,Smoothie,87,4.785,False
2025-04-13,Quang Trung,Go Vap,Bakery,82,2.624,False
2025-04-14,Quang Trung,Go Vap,Coffee,198,7.722,False
2025-04-14,Quang Trung,Go Vap,Tea,100,4.5,False
2025-04-14,Quang Trung,Go Vap,Smoothie,57,3.135,False
2025-04-14,Quang Trung,Go Vap,Bakery,57,1.824,False
2025-04-15,Quang Trung,Go Vap,Coffee,190,7.41,False
2025-04-15,Quang Trung,Go Vap,Tea,92,4.14,False
2025-04-15,Quang Trung,Go Vap,Smoothie,65,3.575,False
2025-04-15,Quang Trung,Go Vap,Bakery,70,2.24,False
2025-04-16,Quang Trung,Go Vap,Coffee,167,6.513,False
2025-04-16,Quang Trung,Go Vap,Tea,109,4.905,False
2025-04-16,Quang Trung,Go Vap,Smoothie,70,3.85,False
2025-04-16,Quang Trung,Go Vap,Bakery,82,2.624,False
2025-04-17,Quang Trung,Go Vap,Coffee,185,7.215,False
2025-04-17,Quang Trung,Go Vap,Tea,92,4.14,False
2025-04-17,Quang Trung,Go Vap,Smoothie,66,3.63,False
2025-04-17,Quang Trung,Go Vap,Bakery,62,1.984,False
2025-04-18,Quang Trung,Go Vap,Coffee,211,8.229,False
2025-04-18,Quang Trung,Go Vap,Tea,98,4.41,False
2025-04-18,Quang Trung,Go Vap,Smoothie,66,3.63,False
2025-04-18,Quang Trung,Go Vap,Bakery,72,2.304,False
2025-04-19,Quang Trung,Go Vap,Coffee,222,8.658,False
2025-04-19,Quang Trung,Go Vap,Tea,133,5.985,False
2025-04-19,Quang Trung,Go Vap,Smoothie,86,4.73,False
2025-04-19,Quang Trung,Go Vap,Bakery,88,2.816,False
2025-04-20,Quang Trung,Go Vap,Coffee,230,8.97,False
2025-04-20,Quang Trung,Go Vap,Tea,132,5.94,False
2025-04-20,Quang Trung,Go Vap,Smoothie,90,4.95,False
2025-04-20,Quang Trung,Go Vap,Bakery,89,2.848,False
2025-04-21,Quang Trung,Go Vap,Coffee,172,6.708,False
2025-04-21,Quang Trung,Go Vap,Tea,92,4.14,False
2025-04-21,Quang Trung,Go Vap,Smoothie,56,3.08,False
2025-04-21,Quang Trung,Go Vap,Bakery,71,2.272,False
2025-04-22,Quang Trung,Go Vap,Coffee,180,7.02,False
2025-04-22,Quang Trung,Go Vap,Tea,93,4.185,False
2025-04-22,Quang Trung,Go Vap,Smoothie,71,3.905,False
2025-04-22,Quang Trung,Go Vap,Bakery,63,2.016,False
2025-04-23,Quang Trung,Go Vap,Coffee,193,7.527,False
2025-04-23,Quang Trung,Go Vap,Tea,103,4.635,False
2025-04-23,Quang Trung,Go Vap,Smoothie,75,4.125,False
2025-04-23,Quang Trung,Go Vap,Bakery,60,1.92,False
2025-04-24,Quang Trung,Go Vap,Coffee,177,6.903,False
2025-04-24,Quang Trung,Go Vap,Tea,98,4.41,False
2025-04-24,Quang Trung,Go Vap,Smoothie,72,3.96,False
2025-04-24,Quang Trung,Go Vap,Bakery,83,2.656,False
2025-04-25,Quang Trung,Go Vap,Coffee,194,7.566,False
2025-04-25,Quang Trung,Go Vap,Tea,105,4.725,False
2025-04-25,Quang Trung,Go Vap,Smoothie,74,4.07,False
2025-04-25,Quang Trung,Go Vap,Bakery,95,3.04,False
2025-04-26,Quang Trung,Go Vap,Coffee,226,8.814,False
2025-04-26,Quang Trung,Go Vap,Tea,135,6.075,False
2025-04-26,Quang Trung,Go Vap,Smoothie,88,4.84,False
2025-04-26,Quang Trung,Go Vap,Bakery,90,2.88,False
2025-04-27,Quang Trung,Go Vap,Coffee,237,9.243,False
2025-04-27,Quang Trung,Go Vap,Tea,144,6.48,False
2025-04-27,Quang Trung,Go Vap,Smoothie,83,4.565,False
2025-04-27,Quang Trung,Go Vap,Bakery,78,2.496,False
2025-04-28,Quang Trung,Go Vap,Coffee,190,7.41,False
2025-04-28,Quang Trung,Go Vap,Tea,113,5.085,False
2025-04-28,Quang Trung,Go Vap,Smoothie,65,3.575,False
2025-04-28,Quang Trung,Go Vap,Bakery,68,2.176,False
2025-04-29,Quang Trung,Go Vap,Coffee,208,8.112,False
2025-04-29,Quang Trung,Go Vap,Tea,90,4.05,False
2025-04-29,Quang Trung,Go Vap,Smoothie,85,4.675,False
2025-04-29,Quang Trung,Go Vap,Bakery,72,2.304,False
2025-04-30,Quang Trung,Go Vap,Coffee,181,7.059,False
2025-04-30,Quang Trung,Go Vap,Tea,127,5.715,False
2025-04-30,Quang Trung,Go Vap,Smoothie,66,3.63,False
2025-04-30,Quang Trung,Go Vap,Bakery,68,2.176,False
2025-05-01,Quang Trung,Go Vap,Coffee,246,8.155,True
2025-05-01,Quang Trung,Go Vap,Tea,111,4.246,True
2025-05-01,Quang Trung,Go Vap,Smoothie,96,4.488,True
2025-05-01,Quang Trung,Go Vap,Bakery,85,2.312,True
2025-05-02,Quang Trung,Go Vap,Coffee,218,7.227,True
2025-05-02,Quang Trung,Go Vap,Tea,160,6.12,True
2025-05-02,Quang Trung,Go Vap,Smoothie,79,3.693,True
2025-05-02,Quang Trung,Go Vap,Bakery,78,2.122,True
2025-05-03,Quang Trung,Go Vap,Coffee,285,9.448,True
2025-05-03,Quang Trung,Go Vap,Tea,139,5.317,True
2025-05-03,Quang Trung,Go Vap,Smoothie,92,4.301,True
2025-05-03,Quang Trung,Go Vap,Bakery,96,2.611,True
2025-05-04,Quang Trung,Go Vap,Coffee,235,9.165,False
2025-05-04,Quang Trung,Go Vap,Tea,133,5.985,False
2025-05-04,Quang Trung,Go Vap,Smoothie,88,4.84,False
2025-05-04,Quang Trung,Go Vap,Bakery,101,3.232,False
2025-05-05,Quang Trung,Go Vap,Coffee,167,6.513,False
2025-05-05,Quang Trung,Go Vap,Tea,96,4.32,False
2025-05-05,Quang Trung,Go Vap,Smoothie,61,3.355,False
2025-05-05,Quang Trung,Go Vap,Bakery,76,2.432,False
2025-05-06,Quang Trung,Go Vap,Coffee,223,8.697,False
2025-05-06,Quang Trung,Go Vap,Tea,107,4.815,False
2025-05-06,Quang Trung,Go Vap,Smoothie,75,4.125,False
2025-05-06,Quang Trung,Go Vap,Bakery,72,2.304,False
2025-05-07,Quang Trung,Go Vap,Coffee,181,7.059,False
2025-05-07,Quang Trung,Go Vap,Tea,123,5.535,False
2025-05-07,Quang Trung,Go Vap,Smoothie,56,3.08,False
2025-05-07,Quang Trung,Go Vap,Bakery,66,2.112,False
2025-05-08,Quang Trung,Go Vap,Coffee,186,7.254,False
2025-05-08,Quang Trung,Go Vap,Tea,95,4.275,False
2025-05-08,Quang Trung,Go Vap,Smoothie,84,4.62,False
2025-05-08,Quang Trung,Go Vap,Bakery,71,2.272,False
2025-05-09,Quang Trung,Go Vap,Coffee,159,6.201,False
2025-05-09,Quang Trung,Go Vap,Tea,94,4.23,False
2025-05-09,Quang Trung,Go Vap,Smoothie,72,3.96,False
2025-05-09,Quang Trung,Go Vap,Bakery,69,2.208,False
2025-05-10,Quang Trung,Go Vap,Coffee,224,8.736,False
2025-05-10,Quang Trung,Go Vap,Tea,129,5.805,False
2025-05-10,Quang Trung,Go Vap,Smoothie,82,4.51,False
2025-05-10,Quang Trung,Go Vap,Bakery,100,3.2,False
2025-05-11,Quang Trung,Go Vap,Coffee,246,9.594,False
2025-05-11,Quang Trung,Go Vap,Tea,151,6.795,False
2025-05-11,Quang Trung,Go Vap,Smoothie,80,4.4,False
2025-05-11,Quang Trung,Go Vap,Bakery,98,3.136,False
2025-05-12,Quang Trung,Go Vap,Coffee,182,7.098,False
2025-05-12,Quang Trung,Go Vap,Tea,95,4.275,False
2025-05-12,Quang Trung,Go Vap,Smoothie,70,3.85,False
2025-05-12,Quang Trung,Go Vap,Bakery,71,2.272,False
2025-05-13,Quang Trung,Go Vap,Coffee,177,6.903,False
2025-05-13,Quang Trung,Go Vap,Tea,97,4.365,False
2025-05-13,Quang Trung,Go Vap,Smoothie,61,3.355,False
2025-05-13,Quang Trung,Go Vap,Bakery,69,2.208,False
2025-05-14,Quang Trung,Go Vap,Coffee,197,7.683,False
2025-05-14,Quang Trung,Go Vap,Tea,109,4.905,False
2025-05-14,Quang Trung,Go Vap,Smoothie,78,4.29,False
2025-05-14,Quang Trung,Go Vap,Bakery,76,2.432,False
2025-05-15,Quang Trung,Go Vap,Coffee,183,7.137,False
2025-05-15,Quang Trung,Go Vap,Tea,95,4.275,False
2025-05-15,Quang Trung,Go Vap,Smoothie,71,3.905,False
2025-05-15,Quang Trung,Go Vap,Bakery,83,2.656,False
2025-05-16,Quang Trung,Go Vap,Coffee,211,8.229,False
2025-05-16,Quang Trung,Go Vap,Tea,105,4.725,False
2025-05-16,Quang Trung,Go Vap,Smoothie,59,3.245,False
2025-05-16,Quang Trung,Go Vap,Bakery,64,2.048,False
2025-05-17,Quang Trung,Go Vap,Coffee,220,8.58,False
2025-05-17,Quang Trung,Go Vap,Tea,120,5.4,False
2025-05-17,Quang Trung,Go Vap,Smoothie,77,4.235,False
2025-05-17,Quang Trung,Go Vap,Bakery,86,2.752,False
2025-05-18,Quang Trung,Go Vap,Coffee,243,9.477,False
2025-05-18,Quang Trung,Go Vap,Tea,140,6.3,False
2025-05-18,Quang Trung,Go Vap,Smoothie,88,4.84,False
2025-05-18,Quang Trung,Go Vap,Bakery,69,2.208,False
2025-05-19,Quang Trung,Go Vap,Coffee,197,7.683,False
2025-05-19,Quang Trung,Go Vap,Tea,108,4.86,False
2025-05-19,Quang Trung,Go Vap,Smoothie,54,2.97,False
2025-05-19,Quang Trung,Go Vap,Bakery,70,2.24,False
2025-05-20,Quang Trung,Go Vap,Coffee,198,7.722,False
2025-05-20,Quang Trung,Go Vap,Tea,88,3.96,False
2025-05-20,Quang Trung,Go Vap,Smoothie,76,4.18,False
2025-05-20,Quang Trung,Go Vap,Bakery,79,2.528,False
2025-05-21,Quang Trung,Go Vap,Coffee,190,7.41,False
2025-05-21,Quang Trung,Go Vap,Tea,110,4.95,False
2025-05-21,Quang Trung,Go Vap,Smoothie,60,3.3,False
2025-05-21,Quang Trung,Go Vap,Bakery,73,2.336,False
2025-05-22,Quang Trung,Go Vap,Coffee,168,6.552,False
2025-05-22,Quang Trung,Go Vap,Tea,123,5.535,False
2025-05-22,Quang Trung,Go Vap,Smoothie,59,3.245,False
2025-05-22,Quang Trung,Go Vap,Bakery,68,2.176,False
2025-05-23,Quang Trung,Go Vap,Coffee,175,6.825,False
2025-05-23,Quang Trung,Go Vap,Tea,110,4.95,False
2025-05-23,Quang Trung,Go Vap,Smoothie,89,4.895,False
2025-05-23,Quang Trung,Go Vap,Bakery,83,2.656,False
2025-05-24,Quang Trung,Go Vap,Coffee,214,8.346,False
2025-05-24,Quang Trung,Go Vap,Tea,142,6.39,False
2025-05-24,Quang Trung,Go Vap,Smoothie,60,3.3,False
2025-05-24,Quang Trung,Go Vap,Bakery,89,2.848,False
2025-05-25,Quang Trung,Go Vap,Coffee,240,9.36,False
2025-05-25,Quang Trung,Go Vap,Tea,125,5.625,False
2025-05-25,Quang Trung,Go Vap,Smoothie,85,4.675,False
2025-05-25,Quang Trung,Go Vap,Bakery,97,3.104,False
2025-05-26,Quang Trung,Go Vap,Coffee,181,7.059,False
2025-05-26,Quang Trung,Go Vap,Tea,116,5.22,False
2025-05-26,Quang Trung,Go Vap,Smoothie,61,3.355,False
2025-05-26,Quang Trung,Go Vap,Bakery,65,2.08,False
2025-05-27,Quang Trung,Go Vap,Coffee,178,6.942,False
2025-05-27,Quang Trung,Go Vap,Tea,103,4.635,False
2025-05-27,Quang Trung,Go Vap,Smoothie,66,3.63,False
2025-05-27,Quang Trung,Go Vap,Bakery,70,2.24,False
2025-05-28,Quang Trung,Go Vap,Coffee,186,7.254,False
2025-05-28,Quang Trung,Go Vap,Tea,101,4.545,False
2025-05-28,Quang Trung,Go Vap,Smoothie,70,3.85,False
2025-05-28,Quang Trung,Go Vap,Bakery,72,2.304,False
2025-05-29,Quang Trung,Go Vap,Coffee,195,7.605,False
2025-05-29,Quang Trung,Go Vap,Tea,102,4.59,False
2025-05-29,Quang Trung,Go Vap,Smoothie,59,3.245,False
2025-05-29,Quang Trung,Go Vap,Bakery,77,2.464,False
2025-05-30,Quang Trung,Go Vap,Coffee,188,7.332,False
2025-05-30,Quang Trung,Go Vap,Tea,110,4.95,False
2025-05-30,Quang Trung,Go Vap,Smoothie,74,4.07,False
2025-05-30,Quang Trung,Go Vap,Bakery,64,2.048,False
2025-05-31,Quang Trung,Go Vap,Coffee,216,8.424,False
2025-05-31,Quang Trung,Go Vap,Tea,119,5.355,False
2025-05-31,Quang Trung,Go Vap,Smoothie,95,5.225,False
2025-05-31,Quang Trung,Go Vap,Bakery,99,3.168,False
2025-06-01,Quang Trung,Go Vap,Coffee,245,8.122,True
2025-06-01,Quang Trung,Go Vap,Tea,161,6.158,True
2025-06-01,Quang Trung,Go Vap,Smoothie,70,3.272,True
2025-06-01,Quang Trung,Go Vap,Bakery,107,2.91,True
2025-06-02,Quang Trung,Go Vap,Coffee,203,6.729,True
2025-06-02,Quang Trung,Go Vap,Tea,129,4.934,True
2025-06-02,Quang Trung,Go Vap,Smoothie,60,2.805,True
2025-06-02,Quang Trung,Go Vap,Bakery,76,2.067,True
2025-06-03,Quang Trung,Go Vap,Coffee,228,7.558,True
2025-06-03,Quang Trung,Go Vap,Tea,142,5.431,True
2025-06-03,Quang Trung,Go Vap,Smoothie,46,2.151,True
2025-06-03,Quang Trung,Go Vap,Bakery,71,1.931,True
2025-06-04,Quang Trung,Go Vap,Coffee,179,6.981,False
2025-06-04,Quang Trung,Go Vap,Tea,109,4.905,False
2025-06-04,Quang Trung,Go Vap,Smoothie,50,2.75,False
2025-06-04,Quang Trung,Go Vap,Bakery,80,2.56,False
2025-06-05,Quang Trung,Go Vap,Coffee,156,6.084,False
2025-06-05,Quang Trung,Go Vap,Tea,104,4.68,False
2025-06-05,Quang Trung,Go Vap,Smoothie,45,2.475,False
2025-06-05,Quang Trung,Go Vap,Bakery,59,1.888,False
2025-06-06,Quang Trung,Go Vap,Coffee,181,7.059,False
2025-06-06,Quang Trung,Go Vap,Tea,102,4.59,False
2025-06-06,Quang Trung,Go Vap,Smoothie,45,2.475,False
2025-06-06,Quang Trung,Go Vap,Bakery,59,1.888,False
2025-06-07,Quang Trung,Go Vap,Coffee,254,9.906,False
2025-06-07,Quang Trung,Go Vap,Tea,131,5.895,False
2025-06-07,Quang Trung,Go Vap,Smoothie,59,3.245,False
2025-06-07,Quang Trung,Go Vap,Bakery,83,2.656,False
2025-06-08,Quang Trung,Go Vap,Coffee,225,8.775,False
2025-06-08,Quang Trung,Go Vap,Tea,118,5.31,False
2025-06-08,Quang Trung,Go Vap,Smoothie,64,3.52,False
2025-06-08,Quang Trung,Go Vap,Bakery,99,3.168,False
2025-06-09,Quang Trung,Go Vap,Coffee,175,6.825,False
2025-06-09,Quang Trung,Go Vap,Tea,103,4.635,False
2025-06-09,Quang Trung,Go Vap,Smoothie,44,2.42,False
2025-06-09,Quang Trung,Go Vap,Bakery,80,2.56,False
2025-06-10,Quang Trung,Go Vap,Coffee,165,6.435,False
2025-06-10,Quang Trung,Go Vap,Tea,130,5.85,False
2025-06-10,Quang Trung,Go Vap,Smoothie,56,3.08,False
2025-06-10,Quang Trung,Go Vap,Bakery,66,2.112,False
2025-06-11,Quang Trung,Go Vap,Coffee,195,7.605,False
2025-06-11,Quang Trung,Go Vap,Tea,95,4.275,False
2025-06-11,Quang Trung,Go Vap,Smoothie,43,2.365,False
2025-06-11,Quang Trung,Go Vap,Bakery,68,2.176,False
2025-06-12,Quang Trung,Go Vap,Coffee,172,6.708,False
2025-06-12,Quang Trung,Go Vap,Tea,108,4.86,False
2025-06-12,Quang Trung,Go Vap,Smoothie,57,3.135,False
2025-06-12,Quang Trung,Go Vap,Bakery,87,2.784,False
2025-06-13,Quang Trung,Go Vap,Coffee,186,7.254,False
2025-06-13,Quang Trung,Go Vap,Tea,112,5.04,False
2025-06-13,Quang Trung,Go Vap,Smoothie,46,2.53,False
2025-06-13,Quang Trung,Go Vap,Bakery,70,2.24,False
2025-06-14,Quang Trung,Go Vap,Coffee,234,9.126,False
2025-06-14,Quang Trung,Go Vap,Tea,135,6.075,False
2025-06-14,Quang Trung,Go Vap,Smoothie,59,3.245,False
2025-06-14,Quang Trung,Go Vap,Bakery,100,3.2,False
2025-06-15,Quang Trung,Go Vap,Coffee,214,8.346,False
2025-06-15,Quang Trung,Go Vap,Tea,126,5.67,False
2025-06-15,Quang Trung,Go Vap,Smoothie,44,2.42,False
2025-06-15,Quang Trung,Go Vap,Bakery,96,3.072,False
2025-06-16,Quang Trung,Go Vap,Coffee,185,7.215,False
2025-06-16,Quang Trung,Go Vap,Tea,105,4.725,False
2025-06-16,Quang Trung,Go Vap,Smoothie,47,2.585,False
2025-06-16,Quang Trung,Go Vap,Bakery,50,1.6,False
2025-06-17,Quang Trung,Go Vap,Coffee,198,7.722,False
2025-06-17,Quang Trung,Go Vap,Tea,105,4.725,False
2025-06-17,Quang Trung,Go Vap,Smoothie,35,1.925,False
2025-06-17,Quang Trung,Go Vap,Bakery,64,2.048,False
2025-06-18,Quang Trung,Go Vap,Coffee,173,6.747,False
2025-06-18,Quang Trung,Go Vap,Tea,96,4.32,False
2025-06-18,Quang Trung,Go Vap,Smoothie,40,2.2,False
2025-06-18,Quang Trung,Go Vap,Bakery,63,2.016,False
2025-06-19,Quang Trung,Go Vap,Coffee,176,6.864,False
2025-06-19,Quang Trung,Go Vap,Tea,94,4.23,False
2025-06-19,Quang Trung,Go Vap,Smoothie,34,1.87,False
2025-06-19,Quang Trung,Go Vap,Bakery,64,2.048,False
2025-06-20,Quang Trung,Go Vap,Coffee,197,7.683,False
2025-06-20,Quang Trung,Go Vap,Tea,93,4.185,False
2025-06-20,Quang Trung,Go Vap,Smoothie,48,2.64,False
2025-06-20,Quang Trung,Go Vap,Bakery,52,1.664,False
2025-06-21,Quang Trung,Go Vap,Coffee,227,8.853,False
2025-06-21,Quang Trung,Go Vap,Tea,120,5.4,False
2025-06-21,Quang Trung,Go Vap,Smoothie,53,2.915,False
2025-06-21,Quang Trung,Go Vap,Bakery,79,2.528,False
2025-06-22,Quang Trung,Go Vap,Coffee,225,8.775,False
2025-06-22,Quang Trung,Go Vap,Tea,129,5.805,False
2025-06-22,Quang Trung,Go Vap,Smoothie,53,2.915,False
2025-06-22,Quang Trung,Go Vap,Bakery,83,2.656,False
2025-06-23,Quang Trung,Go Vap,Coffee,155,6.045,False
2025-06-23,Quang Trung,Go Vap,Tea,96,4.32,False
2025-06-23,Quang Trung,Go Vap,Smoothie,43,2.365,False
2025-06-23,Quang Trung,Go Vap,Bakery,53,1.696,False
2025-06-24,Quang Trung,Go Vap,Coffee,161,6.279,False
2025-06-24,Quang Trung,Go Vap,Tea,119,5.355,False
2025-06-24,Quang Trung,Go Vap,Smoothie,38,2.09,False
2025-06-24,Quang Trung,Go Vap,Bakery,59,1.888,False
2025-06-25,Quang Trung,Go Vap,Coffee,175,6.825,False
2025-06-25,Quang Trung,Go Vap,Tea,97,4.365,False
2025-06-25,Quang Trung,Go Vap,Smoothie,46,2.53,False
2025-06-25,Quang Trung,Go Vap,Bakery,59,1.888,False
2025-06-26,Quang Trung,Go Vap,Coffee,163,6.357,False
2025-06-26,Quang Trung,Go Vap,Tea,114,5.13,False
2025-06-26,Quang Trung,Go Vap,Smoothie,56,3.08,False
2025-06-26,Quang Trung,Go Vap,Bakery,54,1.728,False
2025-06-27,Quang Trung,Go Vap,Coffee,163,6.357,False
2025-06-27,Quang Trung,Go Vap,Tea,92,4.14,False
2025-06-27,Quang Trung,Go Vap,Smoothie,41,2.255,False
2025-06-27,Quang Trung,Go Vap,Bakery,58,1.856,False
2025-06-28,Quang Trung,Go Vap,Coffee,226,8.814,False
2025-06-28,Quang Trung,Go Vap,Tea,128,5.76,False
2025-06-28,Quang Trung,Go Vap,Smoothie,57,3.135,False
2025-06-28,Quang Trung,Go Vap,Bakery,80,2.56,False
2025-06-29,Quang Trung,Go Vap,Coffee,204,7.956,False
2025-06-29,Quang Trung,Go Vap,Tea,156,7.02,False
2025-06-29,Quang Trung,Go Vap,Smoothie,61,3.355,False
2025-06-29,Quang Trung,Go Vap,Bakery,77,2.464,False
2025-06-30,Quang Trung,Go Vap,Coffee,178,6.942,False
2025-06-30,Quang Trung,Go Vap,Tea,120,5.4,False
2025-06-30,Quang Trung,Go Vap,Smoothie,35,1.925,False
2025-06-30,Quang Trung,Go Vap,Bakery,66,2.112,False
2025-07-01,Quang Trung,Go Vap,Coffee,210,6.962,True
2025-07-01,Quang Trung,Go Vap,Tea,158,6.043,True
2025-07-01,Quang Trung,Go Vap,Smoothie,60,2.805,True
2025-07-01,Quang Trung,Go Vap,Bakery,82,2.23,True
2025-07-02,Quang Trung,Go Vap,Coffee,218,7.227,True
2025-07-02,Quang Trung,Go Vap,Tea,129,4.934,True
2025-07-02,Quang Trung,Go Vap,Smoothie,58,2.712,True
2025-07-02,Quang Trung,Go Vap,Bakery,65,1.768,True
2025-07-03,Quang Trung,Go Vap,Coffee,200,6.63,True
2025-07-03,Quang Trung,Go Vap,Tea,129,4.934,True
2025-07-03,Quang Trung,Go Vap,Smoothie,55,2.571,True
2025-07-03,Quang Trung,Go Vap,Bakery,86,2.339,True
2025-07-04,Quang Trung,Go Vap,Coffee,177,6.903,False
2025-07-04,Quang Trung,Go Vap,Tea,119,5.355,False
2025-07-04,Quang Trung,Go Vap,Smoothie,50,2.75,False
2025-07-04,Quang Trung,Go Vap,Bakery,88,2.816,False
2025-07-05,Quang Trung,Go Vap,Coffee,195,7.605,False
2025-07-05,Quang Trung,Go Vap,Tea,147,6.615,False
2025-07-05,Quang Trung,Go Vap,Smoothie,61,3.355,False
2025-07-05,Quang Trung,Go Vap,Bakery,96,3.072,False
2025-07-06,Quang Trung,Go Vap,Coffee,200,7.8,False
2025-07-06,Quang Trung,Go Vap,Tea,139,6.255,False
2025-07-06,Quang Trung,Go Vap,Smoothie,54,2.97,False
2025-07-06,Quang Trung,Go Vap,Bakery,81,2.592,False
2025-07-07,Quang Trung,Go Vap,Coffee,166,6.474,False
2025-07-07,Quang Trung,Go Vap,Tea,104,4.68,False
2025-07-07,Quang Trung,Go Vap,Smoothie,39,2.145,False
2025-07-07,Quang Trung,Go Vap,Bakery,63,2.016,False
2025-07-08,Quang Trung,Go Vap,Coffee,177,6.903,False
2025-07-08,Quang Trung,Go Vap,Tea,116,5.22,False
2025-07-08,Quang Trung,Go Vap,Smoothie,50,2.75,False
2025-07-08,Quang Trung,Go Vap,Bakery,63,2.016,False
2025-07-09,Quang Trung,Go Vap,Coffee,173,6.747,False
2025-07-09,Quang Trung,Go Vap,Tea,96,4.32,False
2025-07-09,Quang Trung,Go Vap,Smoothie,48,2.64,False
2025-07-09,Quang Trung,Go Vap,Bakery,80,2.56,False
2025-07-10,Quang Trung,Go Vap,Coffee,193,7.527,False
2025-07-10,Quang Trung,Go Vap,Tea,119,5.355,False
2025-07-10,Quang Trung,Go Vap,Smoothie,41,2.255,False
2025-07-10,Quang Trung,Go Vap,Bakery,74,2.368,False
2025-07-11,Quang Trung,Go Vap,Coffee,164,6.396,False
2025-07-11,Quang Trung,Go Vap,Tea,124,5.58,False
2025-07-11,Quang Trung,Go Vap,Smoothie,44,2.42,False
2025-07-11,Quang Trung,Go Vap,Bakery,79,2.528,False
2025-07-12,Quang Trung,Go Vap,Coffee,221,8.619,False
2025-07-12,Quang Trung,Go Vap,Tea,124,5.58,False
2025-07-12,Quang Trung,Go Vap,Smoothie,54,2.97,False
2025-07-12,Quang Trung,Go Vap,Bakery,84,2.688,False
2025-07-13,Quang Trung,Go Vap,Coffee,229,8.931,False
2025-07-13,Quang Trung,Go Vap,Tea,132,5.94,False
2025-07-13,Quang Trung,Go Vap,Smoothie,54,2.97,False
2025-07-13,Quang Trung,Go Vap,Bakery,89,2.848,False
2025-07-14,Quang Trung,Go Vap,Coffee,189,7.371,False
2025-07-14,Quang Trung,Go Vap,Tea,109,4.905,False
2025-07-14,Quang Trung,Go Vap,Smoothie,42,2.31,False
2025-07-14,Quang Trung,Go Vap,Bakery,70,2.24,False
2025-07-15,Quang Trung,Go Vap,Coffee,168,6.552,False
2025-07-15,Quang Trung,Go Vap,Tea,111,4.995,False
2025-07-15,Quang Trung,Go Vap,Smoothie,47,2.585,False
2025-07-15,Quang Trung,Go Vap,Bakery,63,2.016,False
2025-07-16,Quang Trung,Go Vap,Coffee,175,6.825,False
2025-07-16,Quang Trung,Go Vap,Tea,114,5.13,False
2025-07-16,Quang Trung,Go Vap,Smoothie,56,3.08,False
2025-07-16,Quang Trung,Go Vap,Bakery,74,2.368,False
2025-07-17,Quang Trung,Go Vap,Coffee,193,7.527,False
2025-07-17,Quang Trung,Go Vap,Tea,101,4.545,False
2025-07-17,Quang Trung,Go Vap,Smoothie,49,2.695,False
2025-07-17,Quang Trung,Go Vap,Bakery,69,2.208,False
2025-07-18,Quang Trung,Go Vap,Coffee,157,6.123,False
2025-07-18,Quang Trung,Go Vap,Tea,115,5.175,False
2025-07-18,Quang Trung,Go Vap,Smoothie,52,2.86,False
2025-07-18,Quang Trung,Go Vap,Bakery,59,1.888,False
2025-07-19,Quang Trung,Go Vap,Coffee,215,8.385,False
2025-07-19,Quang Trung,Go Vap,Tea,148,6.66,False
2025-07-19,Quang Trung,Go Vap,Smoothie,66,3.63,False
2025-07-19,Quang Trung,Go Vap,Bakery,78,2.496,False
2025-07-20,Quang Trung,Go Vap,Coffee,206,8.034,False
2025-07-20,Quang Trung,Go Vap,Tea,138,6.21,False
2025-07-20,Quang Trung,Go Vap,Smoothie,60,3.3,False
2025-07-20,Quang Trung,Go Vap,Bakery,89,2.848,False
2025-07-21,Quang Trung,Go Vap,Coffee,176,6.864,False
2025-07-21,Quang Trung,Go Vap,Tea,110,4.95,False
2025-07-21,Quang Trung,Go Vap,Smoothie,43,2.365,False
2025-07-21,Quang Trung,Go Vap,Bakery,67,2.144,False
2025-07-22,Quang Trung,Go Vap,Coffee,160,6.24,False
2025-07-22,Quang Trung,Go Vap,Tea,100,4.5,False
2025-07-22,Quang Trung,Go Vap,Smoothie,47,2.585,False
2025-07-22,Quang Trung,Go Vap,Bakery,77,2.464,False
2025-07-23,Quang Trung,Go Vap,Coffee,195,7.605,False
2025-07-23,Quang Trung,Go Vap,Tea,117,5.265,False
2025-07-23,Quang Trung,Go Vap,Smoothie,52,2.86,False
2025-07-23,Quang Trung,Go Vap,Bakery,80,2.56,False
2025-07-24,Quang Trung,Go Vap,Coffee,207,8.073,False
2025-07-24,Quang Trung,Go Vap,Tea,91,4.095,False
2025-07-24,Quang Trung,Go Vap,Smoothie,46,2.53,False
2025-07-24,Quang Trung,Go Vap,Bakery,57,1.824,False
2025-07-25,Quang Trung,Go Vap,Coffee,181,7.059,False
2025-07-25,Quang Trung,Go Vap,Tea,113,5.085,False
2025-07-25,Quang Trung,Go Vap,Smoothie,51,2.805,False
2025-07-25,Quang Trung,Go Vap,Bakery,79,2.528,False
2025-07-26,Quang Trung,Go Vap,Coffee,239,9.321,False
2025-07-26,Quang Trung,Go Vap,Tea,146,6.57,False
2025-07-26,Quang Trung,Go Vap,Smoothie,36,1.98,False
2025-07-26,Quang Trung,Go Vap,Bakery,75,2.4,False
2025-07-27,Quang Trung,Go Vap,Coffee,218,8.502,False
2025-07-27,Quang Trung,Go Vap,Tea,159,7.155,False
2025-07-27,Quang Trung,Go Vap,Smoothie,66,3.63,False
2025-07-27,Quang Trung,Go Vap,Bakery,93,2.976,False
2025-07-28,Quang Trung,Go Vap,Coffee,182,7.098,False
2025-07-28,Quang Trung,Go Vap,Tea,101,4.545,False
2025-07-28,Quang Trung,Go Vap,Smoothie,39,2.145,False
2025-07-28,Quang Trung,Go Vap,Bakery,72,2.304,False
2025-07-29,Quang Trung,Go Vap,Coffee,184,7.176,False
2025-07-29,Quang Trung,Go Vap,Tea,102,4.59,False
2025-07-29,Quang Trung,Go Vap,Smoothie,40,2.2,False
2025-07-29,Quang Trung,Go Vap,Bakery,52,1.664,False
2025-07-30,Quang Trung,Go Vap,Coffee,173,6.747,False
2025-07-30,Quang Trung,Go Vap,Tea,111,4.995,False
2025-07-30,Quang Trung,Go Vap,Smoothie,49,2.695,False
2025-07-30,Quang Trung,Go Vap,Bakery,73,2.336,False
2025-07-31,Quang Trung,Go Vap,Coffee,187,7.293,False
2025-07-31,Quang Trung,Go Vap,Tea,108,4.86,False
2025-07-31,Quang Trung,Go Vap,Smoothie,42,2.31,False
2025-07-31,Quang Trung,Go Vap,Bakery,68,2.176,False
2025-08-01,Quang Trung,Go Vap,Coffee,209,6.928,True
2025-08-01,Quang Trung,Go Vap,Tea,136,5.202,True
2025-08-01,Quang Trung,Go Vap,Smoothie,62,2.898,True
2025-08-01,Quang Trung,Go Vap,Bakery,70,1.904,True
2025-08-02,Quang Trung,Go Vap,Coffee,252,8.354,True
2025-08-02,Quang Trung,Go Vap,Tea,154,5.891,True
2025-08-02,Quang Trung,Go Vap,Smoothie,74,3.459,True
2025-08-02,Quang Trung,Go Vap,Bakery,88,2.394,True
2025-08-03,Quang Trung,Go Vap,Coffee,276,9.149,True
2025-08-03,Quang Trung,Go Vap,Tea,186,7.114,True
2025-08-03,Quang Trung,Go Vap,Smoothie,80,3.74,True
2025-08-03,Quang Trung,Go Vap,Bakery,100,2.72,True
2025-08-04,Quang Trung,Go Vap,Coffee,175,6.825,False
2025-08-04,Quang Trung,Go Vap,Tea,114,5.13,False
2025-08-04,Quang Trung,Go Vap,Smoothie,38,2.09,False
2025-08-04,Quang Trung,Go Vap,Bakery,56,1.792,False
2025-08-05,Quang Trung,Go Vap,Coffee,176,6.864,False
2025-08-05,Quang Trung,Go Vap,Tea,112,5.04,False
2025-08-05,Quang Trung,Go Vap,Smoothie,39,2.145,False
2025-08-05,Quang Trung,Go Vap,Bakery,58,1.856,False
2025-08-06,Quang Trung,Go Vap,Coffee,177,6.903,False
2025-08-06,Quang Trung,Go Vap,Tea,121,5.445,False
2025-08-06,Quang Trung,Go Vap,Smoothie,44,2.42,False
2025-08-06,Quang Trung,Go Vap,Bakery,60,1.92,False
2025-08-07,Quang Trung,Go Vap,Coffee,172,6.708,False
2025-08-07,Quang Trung,Go Vap,Tea,107,4.815,False
2025-08-07,Quang Trung,Go Vap,Smoothie,44,2.42,False
2025-08-07,Quang Trung,Go Vap,Bakery,67,2.144,False
2025-08-08,Quang Trung,Go Vap,Coffee,167,6.513,False
2025-08-08,Quang Trung,Go Vap,Tea,125,5.625,False
2025-08-08,Quang Trung,Go Vap,Smoothie,48,2.64,False
2025-08-08,Quang Trung,Go Vap,Bakery,61,1.952,False
2025-08-09,Quang Trung,Go Vap,Coffee,232,9.048,False
2025-08-09,Quang Trung,Go Vap,Tea,141,6.345,False
2025-08-09,Quang Trung,Go Vap,Smoothie,58,3.19,False
2025-08-09,Quang Trung,Go Vap,Bakery,90,2.88,False
2025-08-10,Quang Trung,Go Vap,Coffee,188,7.332,False
2025-08-10,Quang Trung,Go Vap,Tea,142,6.39,False
2025-08-10,Quang Trung,Go Vap,Smoothie,58,3.19,False
2025-08-10,Quang Trung,Go Vap,Bakery,84,2.688,False
2025-08-11,Quang Trung,Go Vap,Coffee,170,6.63,False
2025-08-11,Quang Trung,Go Vap,Tea,114,5.13,False
2025-08-11,Quang Trung,Go Vap,Smoothie,44,2.42,False
2025-08-11,Quang Trung,Go Vap,Bakery,75,2.4,False
2025-08-12,Quang Trung,Go Vap,Coffee,198,7.722,False
2025-08-12,Quang Trung,Go Vap,Tea,106,4.77,False
2025-08-12,Quang Trung,Go Vap,Smoothie,35,1.925,False
2025-08-12,Quang Trung,Go Vap,Bakery,55,1.76,False
2025-08-13,Quang Trung,Go Vap,Coffee,190,7.41,False
2025-08-13,Quang Trung,Go Vap,Tea,115,5.175,False
2025-08-13,Quang Trung,Go Vap,Smoothie,40,2.2,False
2025-08-13,Quang Trung,Go Vap,Bakery,66,2.112,False
2025-08-14,Quang Trung,Go Vap,Coffee,177,6.903,False
2025-08-14,Quang Trung,Go Vap,Tea,103,4.635,False
2025-08-14,Quang Trung,Go Vap,Smoothie,40,2.2,False
2025-08-14,Quang Trung,Go Vap,Bakery,55,1.76,False
2025-08-15,Quang Trung,Go Vap,Coffee,195,7.605,False
2025-08-15,Quang Trung,Go Vap,Tea,113,5.085,False
2025-08-15,Quang Trung,Go Vap,Smoothie,45,2.475,False
2025-08-15,Quang Trung,Go Vap,Bakery,67,2.144,False
2025-08-16,Quang Trung,Go Vap,Coffee,226,8.814,False
2025-08-16,Quang Trung,Go Vap,Tea,118,5.31,False
2025-08-16,Quang Trung,Go Vap,Smoothie,58,3.19,False
2025-08-16,Quang Trung,Go Vap,Bakery,88,2.816,False
2025-08-17,Quang Trung,Go Vap,Coffee,207,8.073,False
2025-08-17,Quang Trung,Go Vap,Tea,131,5.895,False
2025-08-17,Quang Trung,Go Vap,Smoothie,65,3.575,False
2025-08-17,Quang Trung,Go Vap,Bakery,87,2.784,False
2025-08-18,Quang Trung,Go Vap,Coffee,171,6.669,False
2025-08-18,Quang Trung,Go Vap,Tea,107,4.815,False
2025-08-18,Quang Trung,Go Vap,Smoothie,44,2.42,False
2025-08-18,Quang Trung,Go Vap,Bakery,67,2.144,False
2025-08-19,Quang Trung,Go Vap,Coffee,172,6.708,False
2025-08-19,Quang Trung,Go Vap,Tea,102,4.59,False
2025-08-19,Quang Trung,Go Vap,Smoothie,47,2.585,False
2025-08-19,Quang Trung,Go Vap,Bakery,85,2.72,False
2025-08-20,Quang Trung,Go Vap,Coffee,172,6.708,False
2025-08-20,Quang Trung,Go Vap,Tea,114,5.13,False
2025-08-20,Quang Trung,Go Vap,Smoothie,52,2.86,False
2025-08-20,Quang Trung,Go Vap,Bakery,74,2.368,False
2025-08-21,Quang Trung,Go Vap,Coffee,180,7.02,False
2025-08-21,Quang Trung,Go Vap,Tea,128,5.76,False
2025-08-21,Quang Trung,Go Vap,Smoothie,40,2.2,False
2025-08-21,Quang Trung,Go Vap,Bakery,67,2.144,False
2025-08-22,Quang Trung,Go Vap,Coffee,172,6.708,False
2025-08-22,Quang Trung,Go Vap,Tea,117,5.265,False
2025-08-22,Quang Trung,Go Vap,Smoothie,37,2.035,False
2025-08-22,Quang Trung,Go Vap,Bakery,61,1.952,False
2025-08-23,Quang Trung,Go Vap,Coffee,197,7.683,False
2025-08-23,Quang Trung,Go Vap,Tea,130,5.85,False
2025-08-23,Quang Trung,Go Vap,Smoothie,72,3.96,False
2025-08-23,Quang Trung,Go Vap,Bakery,89,2.848,False
2025-08-24,Quang Trung,Go Vap,Coffee,227,8.853,False
2025-08-24,Quang Trung,Go Vap,Tea,134,6.03,False
2025-08-24,Quang Trung,Go Vap,Smoothie,57,3.135,False
2025-08-24,Quang Trung,Go Vap,Bakery,94,3.008,False
2025-08-25,Quang Trung,Go Vap,Coffee,176,6.864,False
2025-08-25,Quang Trung,Go Vap,Tea,115,5.175,False
2025-08-25,Quang Trung,Go Vap,Smoothie,44,2.42,False
2025-08-25,Quang Trung,Go Vap,Bakery,61,1.952,False
2025-08-26,Quang Trung,Go Vap,Coffee,187,7.293,False
2025-08-26,Quang Trung,Go Vap,Tea,108,4.86,False
2025-08-26,Quang Trung,Go Vap,Smoothie,53,2.915,False
2025-08-26,Quang Trung,Go Vap,Bakery,72,2.304,False
2025-08-27,Quang Trung,Go Vap,Coffee,165,6.435,False
2025-08-27,Quang Trung,Go Vap,Tea,116,5.22,False
2025-08-27,Quang Trung,Go Vap,Smoothie,49,2.695,False
2025-08-27,Quang Trung,Go Vap,Bakery,63,2.016,False
2025-08-28,Quang Trung,Go Vap,Coffee,151,5.889,False
2025-08-28,Quang Trung,Go Vap,Tea,115,5.175,False
2025-08-28,Quang Trung,Go Vap,Smoothie,56,3.08,False
2025-08-28,Quang Trung,Go Vap,Bakery,76,2.432,False
2025-08-29,Quang Trung,Go Vap,Coffee,169,6.591,False
2025-08-29,Quang Trung,Go Vap,Tea,115,5.175,False
2025-08-29,Quang Trung,Go Vap,Smoothie,39,2.145,False
2025-08-29,Quang Trung,Go Vap,Bakery,57,1.824,False
2025-08-30,Quang Trung,Go Vap,Coffee,241,9.399,False
2025-08-30,Quang Trung,Go Vap,Tea,132,5.94,False
2025-08-30,Quang Trung,Go Vap,Smoothie,56,3.08,False
2025-08-30,Quang Trung,Go Vap,Bakery,81,2.592,False
2025-08-31,Quang Trung,Go Vap,Coffee,228,8.892,False
2025-08-31,Quang Trung,Go Vap,Tea,129,5.805,False
2025-08-31,Quang Trung,Go Vap,Smoothie,73,4.015,False
2025-08-31,Quang Trung,Go Vap,Bakery,86,2.752,False
2025-09-01,Quang Trung,Go Vap,Coffee,190,6.298,True
2025-09-01,Quang Trung,Go Vap,Tea,121,4.628,True
2025-09-01,Quang Trung,Go Vap,Smoothie,47,2.197,True
2025-09-01,Quang Trung,Go Vap,Bakery,87,2.366,True
2025-09-02,Quang Trung,Go Vap,Coffee,206,6.829,True
2025-09-02,Quang Trung,Go Vap,Tea,135,5.164,True
2025-09-02,Quang Trung,Go Vap,Smoothie,54,2.525,True
2025-09-02,Quang Trung,Go Vap,Bakery,85,2.312,True
2025-09-03,Quang Trung,Go Vap,Coffee,215,7.127,True
2025-09-03,Quang Trung,Go Vap,Tea,139,5.317,True
2025-09-03,Quang Trung,Go Vap,Smoothie,62,2.898,True
2025-09-03,Quang Trung,Go Vap,Bakery,79,2.149,True
2025-09-04,Quang Trung,Go Vap,Coffee,194,7.566,False
2025-09-04,Quang Trung,Go Vap,Tea,111,4.995,False
2025-09-04,Quang Trung,Go Vap,Smoothie,52,2.86,False
2025-09-04,Quang Trung,Go Vap,Bakery,70,2.24,False
2025-09-05,Quang Trung,Go Vap,Coffee,171,6.669,False
2025-09-05,Quang Trung,Go Vap,Tea,113,5.085,False
2025-09-05,Quang Trung,Go Vap,Smoothie,48,2.64,False
2025-09-05,Quang Trung,Go Vap,Bakery,61,1.952,False
2025-09-06,Quang Trung,Go Vap,Coffee,233,9.087,False
2025-09-06,Quang Trung,Go Vap,Tea,148,6.66,False
2025-09-06,Quang Trung,Go Vap,Smoothie,71,3.905,False
2025-09-06,Quang Trung,Go Vap,Bakery,96,3.072,False
2025-09-07,Quang Trung,Go Vap,Coffee,212,8.268,False
2025-09-07,Quang Trung,Go Vap,Tea,173,7.785,False
2025-09-07,Quang Trung,Go Vap,Smoothie,55,3.025,False
2025-09-07,Quang Trung,Go Vap,Bakery,80,2.56,False
2025-09-08,Quang Trung,Go Vap,Coffee,187,7.293,False
2025-09-08,Quang Trung,Go Vap,Tea,113,5.085,False
2025-09-08,Quang Trung,Go Vap,Smoothie,35,1.925,False
2025-09-08,Quang Trung,Go Vap,Bakery,54,1.728,False
2025-09-09,Quang Trung,Go Vap,Coffee,182,7.098,False
2025-09-09,Quang Trung,Go Vap,Tea,110,4.95,False
2025-09-09,Quang Trung,Go Vap,Smoothie,48,2.64,False
2025-09-09,Quang Trung,Go Vap,Bakery,55,1.76,False
2025-09-10,Quang Trung,Go Vap,Coffee,173,6.747,False
2025-09-10,Quang Trung,Go Vap,Tea,113,5.085,False
2025-09-10,Quang Trung,Go Vap,Smoothie,47,2.585,False
2025-09-10,Quang Trung,Go Vap,Bakery,65,2.08,False
2025-09-11,Quang Trung,Go Vap,Coffee,188,7.332,False
2025-09-11,Quang Trung,Go Vap,Tea,106,4.77,False
2025-09-11,Quang Trung,Go Vap,Smoothie,56,3.08,False
2025-09-11,Quang Trung,Go Vap,Bakery,73,2.336,False
2025-09-12,Quang Trung,Go Vap,Coffee,199,7.761,False
2025-09-12,Quang Trung,Go Vap,Tea,107,4.815,False
2025-09-12,Quang Trung,Go Vap,Smoothie,49,2.695,False
2025-09-12,Quang Trung,Go Vap,Bakery,91,2.912,False
2025-09-13,Quang Trung,Go Vap,Coffee,223,8.697,False
2025-09-13,Quang Trung,Go Vap,Tea,129,5.805,False
2025-09-13,Quang Trung,Go Vap,Smoothie,51,2.805,False
2025-09-13,Quang Trung,Go Vap,Bakery,85,2.72,False
2025-09-14,Quang Trung,Go Vap,Coffee,222,8.658,False
2025-09-14,Quang Trung,Go Vap,Tea,127,5.715,False
2025-09-14,Quang Trung,Go Vap,Smoothie,55,3.025,False
2025-09-14,Quang Trung,Go Vap,Bakery,95,3.04,False
2025-09-15,Quang Trung,Go Vap,Coffee,168,6.552,False
2025-09-15,Quang Trung,Go Vap,Tea,114,5.13,False
2025-09-15,Quang Trung,Go Vap,Smoothie,42,2.31,False
2025-09-15,Quang Trung,Go Vap,Bakery,66,2.112,False
2025-09-16,Quang Trung,Go Vap,Coffee,179,6.981,False
2025-09-16,Quang Trung,Go Vap,Tea,114,5.13,False
2025-09-16,Quang Trung,Go Vap,Smoothie,56,3.08,False
2025-09-16,Quang Trung,Go Vap,Bakery,77,2.464,False
2025-09-17,Quang Trung,Go Vap,Coffee,173,6.747,False
2025-09-17,Quang Trung,Go Vap,Tea,114,5.13,False
2025-09-17,Quang Trung,Go Vap,Smoothie,44,2.42,False
2025-09-17,Quang Trung,Go Vap,Bakery,52,1.664,False
2025-09-18,Quang Trung,Go Vap,Coffee,201,7.839,False
2025-09-18,Quang Trung,Go Vap,Tea,99,4.455,False
2025-09-18,Quang Trung,Go Vap,Smoothie,48,2.64,False
2025-09-18,Quang Trung,Go Vap,Bakery,51,1.632,False
2025-09-19,Quang Trung,Go Vap,Coffee,167,6.513,False
2025-09-19,Quang Trung,Go Vap,Tea,97,4.365,False
2025-09-19,Quang Trung,Go Vap,Smoothie,53,2.915,False
2025-09-19,Quang Trung,Go Vap,Bakery,81,2.592,False
2025-09-20,Quang Trung,Go Vap,Coffee,223,8.697,False
2025-09-20,Quang Trung,Go Vap,Tea,147,6.615,False
2025-09-20,Quang Trung,Go Vap,Smoothie,58,3.19,False
2025-09-20,Quang Trung,Go Vap,Bakery,84,2.688,False
2025-09-21,Quang Trung,Go Vap,Coffee,226,8.814,False
2025-09-21,Quang Trung,Go Vap,Tea,117,5.265,False
2025-09-21,Quang Trung,Go Vap,Smoothie,58,3.19,False
2025-09-21,Quang Trung,Go Vap,Bakery,88,2.816,False
2025-09-22,Quang Trung,Go Vap,Coffee,151,5.889,False
2025-09-22,Quang Trung,Go Vap,Tea,118,5.31,False
2025-09-22,Quang Trung,Go Vap,Smoothie,63,3.465,False
2025-09-22,Quang Trung,Go Vap,Bakery,57,1.824,False
2025-09-23,Quang Trung,Go Vap,Coffee,170,6.63,False
2025-09-23,Quang Trung,Go Vap,Tea,109,4.905,False
2025-09-23,Quang Trung,Go Vap,Smoothie,53,2.915,False
2025-09-23,Quang Trung,Go Vap,Bakery,57,1.824,False
2025-09-24,Quang Trung,Go Vap,Coffee,164,6.396,False
2025-09-24,Quang Trung,Go Vap,Tea,114,5.13,False
2025-09-24,Quang Trung,Go Vap,Smoothie,42,2.31,False
2025-09-24,Quang Trung,Go Vap,Bakery,75,2.4,False
2025-09-25,Quang Trung,Go Vap,Coffee,172,6.708,False
2025-09-25,Quang Trung,Go Vap,Tea,92,4.14,False
2025-09-25,Quang Trung,Go Vap,Smoothie,45,2.475,False
2025-09-25,Quang Trung,Go Vap,Bakery,69,2.208,False
2025-09-26,Quang Trung,Go Vap,Coffee,172,6.708,False
2025-09-26,Quang Trung,Go Vap,Tea,104,4.68,False
2025-09-26,Quang Trung,Go Vap,Smoothie,31,1.705,False
2025-09-26,Quang Trung,Go Vap,Bakery,59,1.888,False
2025-09-27,Quang Trung,Go Vap,Coffee,185,7.215,False
2025-09-27,Quang Trung,Go Vap,Tea,132,5.94,False
2025-09-27,Quang Trung,Go Vap,Smoothie,62,3.41,False
2025-09-27,Quang Trung,Go Vap,Bakery,91,2.912,False
2025-09-28,Quang Trung,Go Vap,Coffee,197,7.683,False
2025-09-28,Quang Trung,Go Vap,Tea,134,6.03,False
2025-09-28,Quang Trung,Go Vap,Smoothie,57,3.135,False
2025-09-28,Quang Trung,Go Vap,Bakery,72,2.304,False
2025-09-29,Quang Trung,Go Vap,Coffee,195,7.605,False
2025-09-29,Quang Trung,Go Vap,Tea,113,5.085,False
2025-09-29,Quang Trung,Go Vap,Smoothie,45,2.475,False
2025-09-29,Quang Trung,Go Vap,Bakery,72,2.304,False
2025-09-30,Quang Trung,Go Vap,Coffee,166,6.474,False
2025-09-30,Quang Trung,Go Vap,Tea,115,5.175,False
2025-09-30,Quang Trung,Go Vap,Smoothie,54,2.97,False
2025-09-30,Quang Trung,Go Vap,Bakery,48,1.536,False
2025-10-01,Quang Trung,Go Vap,Coffee,197,6.531,True
2025-10-01,Quang Trung,Go Vap,Tea,125,4.781,True
2025-10-01,Quang Trung,Go Vap,Smoothie,59,2.758,True
2025-10-01,Quang Trung,Go Vap,Bakery,71,1.931,True
2025-10-02,Quang Trung,Go Vap,Coffee,204,6.763,True
2025-10-02,Quang Trung,Go Vap,Tea,125,4.781,True
2025-10-02,Quang Trung,Go Vap,Smoothie,44,2.057,True
2025-10-02,Quang Trung,Go Vap,Bakery,76,2.067,True
2025-10-03,Quang Trung,Go Vap,Coffee,220,7.293,True
2025-10-03,Quang Trung,Go Vap,Tea,125,4.781,True
2025-10-03,Quang Trung,Go Vap,Smoothie,55,2.571,True
2025-10-03,Quang Trung,Go Vap,Bakery,100,2.72,True
2025-10-04,Quang Trung,Go Vap,Coffee,205,7.995,False
2025-10-04,Quang Trung,Go Vap,Tea,130,5.85,False
2025-10-04,Quang Trung,Go Vap,Smoothie,52,2.86,False
2025-10-04,Quang Trung,Go Vap,Bakery,79,2.528,False
2025-10-05,Quang Trung,Go Vap,Coffee,218,8.502,False
2025-10-05,Quang Trung,Go Vap,Tea,140,6.3,False
2025-10-05,Quang Trung,Go Vap,Smoothie,44,2.42,False
2025-10-05,Quang Trung,Go Vap,Bakery,79,2.528,False
2025-10-06,Quang Trung,Go Vap,Coffee,192,7.488,False
2025-10-06,Quang Trung,Go Vap,Tea,100,4.5,False
2025-10-06,Quang Trung,Go Vap,Smoothie,48,2.64,False
2025-10-06,Quang Trung,Go Vap,Bakery,72,2.304,False
2025-10-07,Quang Trung,Go Vap,Coffee,146,5.694,False
2025-10-07,Quang Trung,Go Vap,Tea,143,6.435,False
2025-10-07,Quang Trung,Go Vap,Smoothie,46,2.53,False
2025-10-07,Quang Trung,Go Vap,Bakery,62,1.984,False
2025-10-08,Quang Trung,Go Vap,Coffee,182,7.098,False
2025-10-08,Quang Trung,Go Vap,Tea,109,4.905,False
2025-10-08,Quang Trung,Go Vap,Smoothie,41,2.255,False
2025-10-08,Quang Trung,Go Vap,Bakery,72,2.304,False
2025-10-09,Quang Trung,Go Vap,Coffee,174,6.786,False
2025-10-09,Quang Trung,Go Vap,Tea,116,5.22,False
2025-10-09,Quang Trung,Go Vap,Smoothie,57,3.135,False
2025-10-09,Quang Trung,Go Vap,Bakery,61,1.952,False
2025-10-10,Quang Trung,Go Vap,Coffee,165,6.435,False
2025-10-10,Quang Trung,Go Vap,Tea,107,4.815,False
2025-10-10,Quang Trung,Go Vap,Smoothie,50,2.75,False
2025-10-10,Quang Trung,Go Vap,Bakery,64,2.048,False
2025-10-11,Quang Trung,Go Vap,Coffee,247,9.633,False
2025-10-11,Quang Trung,Go Vap,Tea,143,6.435,False
2025-10-11,Quang Trung,Go Vap,Smoothie,57,3.135,False
2025-10-11,Quang Trung,Go Vap,Bakery,65,2.08,False
2025-10-12,Quang Trung,Go Vap,Coffee,228,8.892,False
2025-10-12,Quang Trung,Go Vap,Tea,131,5.895,False
2025-10-12,Quang Trung,Go Vap,Smoothie,50,2.75,False
2025-10-12,Quang Trung,Go Vap,Bakery,93,2.976,False
2025-10-13,Quang Trung,Go Vap,Coffee,194,7.566,False
2025-10-13,Quang Trung,Go Vap,Tea,111,4.995,False
2025-10-13,Quang Trung,Go Vap,Smoothie,54,2.97,False
2025-10-13,Quang Trung,Go Vap,Bakery,72,2.304,False
2025-10-14,Quang Trung,Go Vap,Coffee,181,7.059,False
2025-10-14,Quang Trung,Go Vap,Tea,117,5.265,False
2025-10-14,Quang Trung,Go Vap,Smoothie,40,2.2,False
2025-10-14,Quang Trung,Go Vap,Bakery,73,2.336,False
2025-10-15,Quang Trung,Go Vap,Coffee,171,6.669,False
2025-10-15,Quang Trung,Go Vap,Tea,126,5.67,False
2025-10-15,Quang Trung,Go Vap,Smoothie,46,2.53,False
2025-10-15,Quang Trung,Go Vap,Bakery,61,1.952,False
2025-10-16,Quang Trung,Go Vap,Coffee,190,7.41,False
2025-10-16,Quang Trung,Go Vap,Tea,118,5.31,False
2025-10-16,Quang Trung,Go Vap,Smoothie,35,1.925,False
2025-10-16,Quang Trung,Go Vap,Bakery,78,2.496,False
2025-10-17,Quang Trung,Go Vap,Coffee,180,7.02,False
2025-10-17,Quang Trung,Go Vap,Tea,112,5.04,False
2025-10-17,Quang Trung,Go Vap,Smoothie,47,2.585,False
2025-10-17,Quang Trung,Go Vap,Bakery,53,1.696,False
2025-10-18,Quang Trung,Go Vap,Coffee,257,10.023,False
2025-10-18,Quang Trung,Go Vap,Tea,145,6.525,False
2025-10-18,Quang Trung,Go Vap,Smoothie,58,3.19,False
2025-10-18,Quang Trung,Go Vap,Bakery,86,2.752,False
2025-10-19,Quang Trung,Go Vap,Coffee,215,8.385,False
2025-10-19,Quang Trung,Go Vap,Tea,138,6.21,False
2025-10-19,Quang Trung,Go Vap,Smoothie,66,3.63,False
2025-10-19,Quang Trung,Go Vap,Bakery,89,2.848,False
2025-10-20,Quang Trung,Go Vap,Coffee,171,6.669,False
2025-10-20,Quang Trung,Go Vap,Tea,111,4.995,False
2025-10-20,Quang Trung,Go Vap,Smoothie,36,1.98,False
2025-10-20,Quang Trung,Go Vap,Bakery,71,2.272,False
2025-10-21,Quang Trung,Go Vap,Coffee,158,6.162,False
2025-10-21,Quang Trung,Go Vap,Tea,95,4.275,False
2025-10-21,Quang Trung,Go Vap,Smoothie,43,2.365,False
2025-10-21,Quang Trung,Go Vap,Bakery,52,1.664,False
2025-10-22,Quang Trung,Go Vap,Coffee,169,6.591,False
2025-10-22,Quang Trung,Go Vap,Tea,117,5.265,False
2025-10-22,Quang Trung,Go Vap,Smoothie,46,2.53,False
2025-10-22,Quang Trung,Go Vap,Bakery,61,1.952,False
2025-10-23,Quang Trung,Go Vap,Coffee,163,6.357,False
2025-10-23,Quang Trung,Go Vap,Tea,121,5.445,False
2025-10-23,Quang Trung,Go Vap,Smoothie,49,2.695,False
2025-10-23,Quang Trung,Go Vap,Bakery,72,2.304,False
2025-10-24,Quang Trung,Go Vap,Coffee,168,6.552,False
2025-10-24,Quang Trung,Go Vap,Tea,109,4.905,False
2025-10-24,Quang Trung,Go Vap,Smoothie,42,2.31,False
2025-10-24,Quang Trung,Go Vap,Bakery,61,1.952,False
2025-10-25,Quang Trung,Go Vap,Coffee,220,8.58,False
2025-10-25,Quang Trung,Go Vap,Tea,151,6.795,False
2025-10-25,Quang Trung,Go Vap,Smoothie,53,2.915,False
2025-10-25,Quang Trung,Go Vap,Bakery,94,3.008,False
2025-10-26,Quang Trung,Go Vap,Coffee,226,8.814,False
2025-10-26,Quang Trung,Go Vap,Tea,132,5.94,False
2025-10-26,Quang Trung,Go Vap,Smoothie,47,2.585,False
2025-10-26,Quang Trung,Go Vap,Bakery,92,2.944,False
2025-10-27,Quang Trung,Go Vap,Coffee,195,7.605,False
2025-10-27,Quang Trung,Go Vap,Tea,107,4.815,False
2025-10-27,Quang Trung,Go Vap,Smoothie,45,2.475,False
2025-10-27,Quang Trung,Go Vap,Bakery,71,2.272,False
2025-10-28,Quang Trung,Go Vap,Coffee,212,8.268,False
2025-10-28,Quang Trung,Go Vap,Tea,117,5.265,False
2025-10-28,Quang Trung,Go Vap,Smoothie,47,2.585,False
2025-10-28,Quang Trung,Go Vap,Bakery,58,1.856,False
2025-10-29,Quang Trung,Go Vap,Coffee,178,6.942,False
2025-10-29,Quang Trung,Go Vap,Tea,119,5.355,False
2025-10-29,Quang Trung,Go Vap,Smoothie,42,2.31,False
2025-10-29,Quang Trung,Go Vap,Bakery,54,1.728,False
2025-10-30,Quang Trung,Go Vap,Coffee,177,6.903,False
2025-10-30,Quang Trung,Go Vap,Tea,113,5.085,False
2025-10-30,Quang Trung,Go Vap,Smoothie,39,2.145,False
2025-10-30,Quang Trung,Go Vap,Bakery,53,1.696,False
2025-10-31,Quang Trung,Go Vap,Coffee,167,6.513,False
2025-10-31,Quang Trung,Go Vap,Tea,106,4.77,False
2025-10-31,Quang Trung,Go Vap,Smoothie,44,2.42,False
2025-10-31,Quang Trung,Go Vap,Bakery,79,2.528,False
2025-11-01,Quang Trung,Go Vap,Coffee,295,9.779,True
2025-11-01,Quang Trung,Go Vap,Tea,171,6.541,True
2025-11-01,Quang Trung,Go Vap,Smoothie,79,3.693,True
2025-11-01,Quang Trung,Go Vap,Bakery,114,3.101,True
2025-11-02,Quang Trung,Go Vap,Coffee,265,8.785,True
2025-11-02,Quang Trung,Go Vap,Tea,161,6.158,True
2025-11-02,Quang Trung,Go Vap,Smoothie,80,3.74,True
2025-11-02,Quang Trung,Go Vap,Bakery,109,2.965,True
2025-11-03,Quang Trung,Go Vap,Coffee,219,7.26,True
2025-11-03,Quang Trung,Go Vap,Tea,115,4.399,True
2025-11-03,Quang Trung,Go Vap,Smoothie,62,2.898,True
2025-11-03,Quang Trung,Go Vap,Bakery,100,2.72,True
2025-11-04,Quang Trung,Go Vap,Coffee,200,7.8,False
2025-11-04,Quang Trung,Go Vap,Tea,100,4.5,False
2025-11-04,Quang Trung,Go Vap,Smoothie,45,2.475,False
2025-11-04,Quang Trung,Go Vap,Bakery,63,2.016,False
2025-11-05,Quang Trung,Go Vap,Coffee,185,7.215,False
2025-11-05,Quang Trung,Go Vap,Tea,114,5.13,False
2025-11-05,Quang Trung,Go Vap,Smoothie,40,2.2,False
2025-11-05,Quang Trung,Go Vap,Bakery,75,2.4,False
2025-11-06,Quang Trung,Go Vap,Coffee,179,6.981,False
2025-11-06,Quang Trung,Go Vap,Tea,99,4.455,False
2025-11-06,Quang Trung,Go Vap,Smoothie,45,2.475,False
2025-11-06,Quang Trung,Go Vap,Bakery,81,2.592,False
2025-11-07,Quang Trung,Go Vap,Coffee,222,8.658,False
2025-11-07,Quang Trung,Go Vap,Tea,109,4.905,False
2025-11-07,Quang Trung,Go Vap,Smoothie,43,2.365,False
2025-11-07,Quang Trung,Go Vap,Bakery,67,2.144,False
2025-11-08,Quang Trung,Go Vap,Coffee,209,8.151,False
2025-11-08,Quang Trung,Go Vap,Tea,133,5.985,False
2025-11-08,Quang Trung,Go Vap,Smoothie,65,3.575,False
2025-11-08,Quang Trung,Go Vap,Bakery,91,2.912,False
2025-11-09,Quang Trung,Go Vap,Coffee,249,9.711,False
2025-11-09,Quang Trung,Go Vap,Tea,118,5.31,False
2025-11-09,Quang Trung,Go Vap,Smoothie,71,3.905,False
2025-11-09,Quang Trung,Go Vap,Bakery,74,2.368,False
2025-11-10,Quang Trung,Go Vap,Coffee,179,6.981,False
2025-11-10,Quang Trung,Go Vap,Tea,135,6.075,False
2025-11-10,Quang Trung,Go Vap,Smoothie,45,2.475,False
2025-11-10,Quang Trung,Go Vap,Bakery,73,2.336,False
2025-11-11,Quang Trung,Go Vap,Coffee,196,7.644,False
2025-11-11,Quang Trung,Go Vap,Tea,116,5.22,False
2025-11-11,Quang Trung,Go Vap,Smoothie,49,2.695,False
2025-11-11,Quang Trung,Go Vap,Bakery,82,2.624,False
2025-11-12,Quang Trung,Go Vap,Coffee,180,7.02,False
2025-11-12,Quang Trung,Go Vap,Tea,108,4.86,False
2025-11-12,Quang Trung,Go Vap,Smoothie,49,2.695,False
2025-11-12,Quang Trung,Go Vap,Bakery,80,2.56,False
2025-11-13,Quang Trung,Go Vap,Coffee,195,7.605,False
2025-11-13,Quang Trung,Go Vap,Tea,107,4.815,False
2025-11-13,Quang Trung,Go Vap,Smoothie,56,3.08,False
2025-11-13,Quang Trung,Go Vap,Bakery,62,1.984,False
2025-11-14,Quang Trung,Go Vap,Coffee,200,7.8,False
2025-11-14,Quang Trung,Go Vap,Tea,130,5.85,False
2025-11-14,Quang Trung,Go Vap,Smoothie,66,3.63,False
2025-11-14,Quang Trung,Go Vap,Bakery,72,2.304,False
2025-11-15,Quang Trung,Go Vap,Coffee,231,9.009,False
2025-11-15,Quang Trung,Go Vap,Tea,122,5.49,False
2025-11-15,Quang Trung,Go Vap,Smoothie,53,2.915,False
2025-11-15,Quang Trung,Go Vap,Bakery,93,2.976,False
2025-11-16,Quang Trung,Go Vap,Coffee,255,9.945,False
2025-11-16,Quang Trung,Go Vap,Tea,127,5.715,False
2025-11-16,Quang Trung,Go Vap,Smoothie,65,3.575,False
2025-11-16,Quang Trung,Go Vap,Bakery,77,2.464,False
2025-11-17,Quang Trung,Go Vap,Coffee,182,7.098,False
2025-11-17,Quang Trung,Go Vap,Tea,110,4.95,False
2025-11-17,Quang Trung,Go Vap,Smoothie,57,3.135,False
2025-11-17,Quang Trung,Go Vap,Bakery,64,2.048,False
2025-11-18,Quang Trung,Go Vap,Coffee,199,7.761,False
2025-11-18,Quang Trung,Go Vap,Tea,111,4.995,False
2025-11-18,Quang Trung,Go Vap,Smoothie,41,2.255,False
2025-11-18,Quang Trung,Go Vap,Bakery,60,1.92,False
2025-11-19,Quang Trung,Go Vap,Coffee,185,7.215,False
2025-11-19,Quang Trung,Go Vap,Tea,114,5.13,False
2025-11-19,Quang Trung,Go Vap,Smoothie,55,3.025,False
2025-11-19,Quang Trung,Go Vap,Bakery,72,2.304,False
2025-11-20,Quang Trung,Go Vap,Coffee,167,6.513,False
2025-11-20,Quang Trung,Go Vap,Tea,119,5.355,False
2025-11-20,Quang Trung,Go Vap,Smoothie,58,3.19,False
2025-11-20,Quang Trung,Go Vap,Bakery,74,2.368,False
2025-11-21,Quang Trung,Go Vap,Coffee,203,7.917,False
2025-11-21,Quang Trung,Go Vap,Tea,114,5.13,False
2025-11-21,Quang Trung,Go Vap,Smoothie,54,2.97,False
2025-11-21,Quang Trung,Go Vap,Bakery,59,1.888,False
2025-11-22,Quang Trung,Go Vap,Coffee,291,11.349,False
2025-11-22,Quang Trung,Go Vap,Tea,156,7.02,False
2025-11-22,Quang Trung,Go Vap,Smoothie,60,3.3,False
2025-11-22,Quang Trung,Go Vap,Bakery,96,3.072,False
2025-11-23,Quang Trung,Go Vap,Coffee,235,9.165,False
2025-11-23,Quang Trung,Go Vap,Tea,145,6.525,False
2025-11-23,Quang Trung,Go Vap,Smoothie,63,3.465,False
2025-11-23,Quang Trung,Go Vap,Bakery,87,2.784,False
2025-11-24,Quang Trung,Go Vap,Coffee,181,7.059,False
2025-11-24,Quang Trung,Go Vap,Tea,106,4.77,False
2025-11-24,Quang Trung,Go Vap,Smoothie,53,2.915,False
2025-11-24,Quang Trung,Go Vap,Bakery,73,2.336,False
2025-11-25,Quang Trung,Go Vap,Coffee,196,7.644,False
2025-11-25,Quang Trung,Go Vap,Tea,101,4.545,False
2025-11-25,Quang Trung,Go Vap,Smoothie,57,3.135,False
2025-11-25,Quang Trung,Go Vap,Bakery,83,2.656,False
2025-11-26,Quang Trung,Go Vap,Coffee,197,7.683,False
2025-11-26,Quang Trung,Go Vap,Tea,108,4.86,False
2025-11-26,Quang Trung,Go Vap,Smoothie,43,2.365,False
2025-11-26,Quang Trung,Go Vap,Bakery,77,2.464,False
2025-11-27,Quang Trung,Go Vap,Coffee,180,7.02,False
2025-11-27,Quang Trung,Go Vap,Tea,100,4.5,False
2025-11-27,Quang Trung,Go Vap,Smoothie,51,2.805,False
2025-11-27,Quang Trung,Go Vap,Bakery,78,2.496,False
2025-11-28,Quang Trung,Go Vap,Coffee,206,8.034,False
2025-11-28,Quang Trung,Go Vap,Tea,116,5.22,False
2025-11-28,Quang Trung,Go Vap,Smoothie,47,2.585,False
2025-11-28,Quang Trung,Go Vap,Bakery,64,2.048,False
2025-11-29,Quang Trung,Go Vap,Coffee,255,9.945,False
2025-11-29,Quang Trung,Go Vap,Tea,121,5.445,False
2025-11-29,Quang Trung,Go Vap,Smoothie,52,2.86,False
2025-11-29,Quang Trung,Go Vap,Bakery,91,2.912,False
2025-11-30,Quang Trung,Go Vap,Coffee,243,9.477,False
2025-11-30,Quang Trung,Go Vap,Tea,118,5.31,False
2025-11-30,Quang Trung,Go Vap,Smoothie,52,2.86,False
2025-11-30,Quang Trung,Go Vap,Bakery,93,2.976,False
2025-12-01,Quang Trung,Go Vap,Coffee,217,7.194,True
2025-12-01,Quang Trung,Go Vap,Tea,140,5.355,True
2025-12-01,Quang Trung,Go Vap,Smoothie,53,2.478,True
2025-12-01,Quang Trung,Go Vap,Bakery,94,2.557,True
2025-12-02,Quang Trung,Go Vap,Coffee,218,7.227,True
2025-12-02,Quang Trung,Go Vap,Tea,133,5.087,True
2025-12-02,Quang Trung,Go Vap,Smoothie,59,2.758,True
2025-12-02,Quang Trung,Go Vap,Bakery,94,2.557,True
2025-12-03,Quang Trung,Go Vap,Coffee,214,7.094,True
2025-12-03,Quang Trung,Go Vap,Tea,133,5.087,True
2025-12-03,Quang Trung,Go Vap,Smoothie,40,1.87,True
2025-12-03,Quang Trung,Go Vap,Bakery,103,2.802,True
2025-12-04,Quang Trung,Go Vap,Coffee,202,7.878,False
2025-12-04,Quang Trung,Go Vap,Tea,110,4.95,False
2025-12-04,Quang Trung,Go Vap,Smoothie,50,2.75,False
2025-12-04,Quang Trung,Go Vap,Bakery,73,2.336,False
2025-12-05,Quang Trung,Go Vap,Coffee,185,7.215,False
2025-12-05,Quang Trung,Go Vap,Tea,101,4.545,False
2025-12-05,Quang Trung,Go Vap,Smoothie,38,2.09,False
2025-12-05,Quang Trung,Go Vap,Bakery,73,2.336,False
2025-12-06,Quang Trung,Go Vap,Coffee,219,8.541,False
2025-12-06,Quang Trung,Go Vap,Tea,139,6.255,False
2025-12-06,Quang Trung,Go Vap,Smoothie,64,3.52,False
2025-12-06,Quang Trung,Go Vap,Bakery,79,2.528,False
2025-12-07,Quang Trung,Go Vap,Coffee,240,9.36,False
2025-12-07,Quang Trung,Go Vap,Tea,154,6.93,False
2025-12-07,Quang Trung,Go Vap,Smoothie,73,4.015,False
2025-12-07,Quang Trung,Go Vap,Bakery,99,3.168,False
2025-12-08,Quang Trung,Go Vap,Coffee,175,6.825,False
2025-12-08,Quang Trung,Go Vap,Tea,110,4.95,False
2025-12-08,Quang Trung,Go Vap,Smoothie,44,2.42,False
2025-12-08,Quang Trung,Go Vap,Bakery,67,2.144,False
2025-12-09,Quang Trung,Go Vap,Coffee,198,7.722,False
2025-12-09,Quang Trung,Go Vap,Tea,116,5.22,False
2025-12-09,Quang Trung,Go Vap,Smoothie,42,2.31,False
2025-12-09,Quang Trung,Go Vap,Bakery,79,2.528,False
2025-12-10,Quang Trung,Go Vap,Coffee,206,8.034,False
2025-12-10,Quang Trung,Go Vap,Tea,115,5.175,False
2025-12-10,Quang Trung,Go Vap,Smoothie,57,3.135,False
2025-12-10,Quang Trung,Go Vap,Bakery,74,2.368,False
2025-12-11,Quang Trung,Go Vap,Coffee,178,6.942,False
2025-12-11,Quang Trung,Go Vap,Tea,123,5.535,False
2025-12-11,Quang Trung,Go Vap,Smoothie,58,3.19,False
2025-12-11,Quang Trung,Go Vap,Bakery,88,2.816,False
2025-12-12,Quang Trung,Go Vap,Coffee,180,7.02,False
2025-12-12,Quang Trung,Go Vap,Tea,101,4.545,False
2025-12-12,Quang Trung,Go Vap,Smoothie,51,2.805,False
2025-12-12,Quang Trung,Go Vap,Bakery,70,2.24,False
2025-12-13,Quang Trung,Go Vap,Coffee,260,10.14,False
2025-12-13,Quang Trung,Go Vap,Tea,150,6.75,False
2025-12-13,Quang Trung,Go Vap,Smoothie,57,3.135,False
2025-12-13,Quang Trung,Go Vap,Bakery,87,2.784,False
2025-12-14,Quang Trung,Go Vap,Coffee,220,8.58,False
2025-12-14,Quang Trung,Go Vap,Tea,149,6.705,False
2025-12-14,Quang Trung,Go Vap,Smoothie,53,2.915,False
2025-12-14,Quang Trung,Go Vap,Bakery,86,2.752,False
2025-12-15,Quang Trung,Go Vap,Coffee,193,7.527,False
2025-12-15,Quang Trung,Go Vap,Tea,109,4.905,False
2025-12-15,Quang Trung,Go Vap,Smoothie,46,2.53,False
2025-12-15,Quang Trung,Go Vap,Bakery,71,2.272,False
2025-12-16,Quang Trung,Go Vap,Coffee,210,8.19,False
2025-12-16,Quang Trung,Go Vap,Tea,126,5.67,False
2025-12-16,Quang Trung,Go Vap,Smoothie,55,3.025,False
2025-12-16,Quang Trung,Go Vap,Bakery,87,2.784,False
2025-12-17,Quang Trung,Go Vap,Coffee,187,7.293,False
2025-12-17,Quang Trung,Go Vap,Tea,138,6.21,False
2025-12-17,Quang Trung,Go Vap,Smoothie,57,3.135,False
2025-12-17,Quang Trung,Go Vap,Bakery,72,2.304,False
2025-12-18,Quang Trung,Go Vap,Coffee,226,8.814,False
2025-12-18,Quang Trung,Go Vap,Tea,119,5.355,False
2025-12-18,Quang Trung,Go Vap,Smoothie,45,2.475,False
2025-12-18,Quang Trung,Go Vap,Bakery,69,2.208,False
2025-12-19,Quang Trung,Go Vap,Coffee,205,7.995,False
2025-12-19,Quang Trung,Go Vap,Tea,94,4.23,False
2025-12-19,Quang Trung,Go Vap,Smoothie,54,2.97,False
2025-12-19,Quang Trung,Go Vap,Bakery,77,2.464,False
2025-12-20,Quang Trung,Go Vap,Coffee,300,9.945,True
2025-12-20,Quang Trung,Go Vap,Tea,137,5.24,True
2025-12-20,Quang Trung,Go Vap,Smoothie,87,4.067,True
2025-12-20,Quang Trung,Go Vap,Bakery,97,2.638,True
2025-12-21,Quang Trung,Go Vap,Coffee,244,8.089,True
2025-12-21,Quang Trung,Go Vap,Tea,138,5.279,True
2025-12-21,Quang Trung,Go Vap,Smoothie,75,3.506,True
2025-12-21,Quang Trung,Go Vap,Bakery,107,2.91,True
2025-12-22,Quang Trung,Go Vap,Coffee,242,8.022,True
2025-12-22,Quang Trung,Go Vap,Tea,130,4.973,True
2025-12-22,Quang Trung,Go Vap,Smoothie,60,2.805,True
2025-12-22,Quang Trung,Go Vap,Bakery,96,2.611,True
2025-12-23,Quang Trung,Go Vap,Coffee,224,7.426,True
2025-12-23,Quang Trung,Go Vap,Tea,142,5.431,True
2025-12-23,Quang Trung,Go Vap,Smoothie,63,2.945,True
2025-12-23,Quang Trung,Go Vap,Bakery,73,1.986,True
2025-12-24,Quang Trung,Go Vap,Coffee,245,8.122,True
2025-12-24,Quang Trung,Go Vap,Tea,141,5.393,True
2025-12-24,Quang Trung,Go Vap,Smoothie,53,2.478,True
2025-12-24,Quang Trung,Go Vap,Bakery,74,2.013,True
2025-12-25,Quang Trung,Go Vap,Coffee,244,8.089,True
2025-12-25,Quang Trung,Go Vap,Tea,131,5.011,True
2025-12-25,Quang Trung,Go Vap,Smoothie,52,2.431,True
2025-12-25,Quang Trung,Go Vap,Bakery,99,2.693,True
2025-12-26,Quang Trung,Go Vap,Coffee,243,8.055,True
2025-12-26,Quang Trung,Go Vap,Tea,130,4.973,True
2025-12-26,Quang Trung,Go Vap,Smoothie,65,3.039,True
2025-12-26,Quang Trung,Go Vap,Bakery,97,2.638,True
2025-12-27,Quang Trung,Go Vap,Coffee,309,10.243,True
2025-12-27,Quang Trung,Go Vap,Tea,167,6.388,True
2025-12-27,Quang Trung,Go Vap,Smoothie,67,3.132,True
2025-12-27,Quang Trung,Go Vap,Bakery,102,2.774,True
2025-12-28,Quang Trung,Go Vap,Coffee,314,10.409,True
2025-12-28,Quang Trung,Go Vap,Tea,167,6.388,True
2025-12-28,Quang Trung,Go Vap,Smoothie,85,3.974,True
2025-12-28,Quang Trung,Go Vap,Bakery,91,2.475,True
2025-12-29,Quang Trung,Go Vap,Coffee,198,6.564,True
2025-12-29,Quang Trung,Go Vap,Tea,134,5.125,True
2025-12-29,Quang Trung,Go Vap,Smoothie,55,2.571,True
2025-12-29,Quang Trung,Go Vap,Bakery,73,1.986,True
2025-12-30,Quang Trung,Go Vap,Coffee,252,8.354,True
2025-12-30,Quang Trung,Go Vap,Tea,139,5.317,True
2025-12-30,Quang Trung,Go Vap,Smoothie,52,2.431,True
2025-12-30,Quang Trung,Go Vap,Bakery,91,2.475,True
2025-12-31,Quang Trung,Go Vap,Coffee,231,7.658,True
2025-12-31,Quang Trung,Go Vap,Tea,132,5.049,True
2025-12-31,Quang Trung,Go Vap,Smoothie,56,2.618,True
2025-12-31,Quang Trung,Go Vap,Bakery,81,2.203,True
2024-01-01,Phu My Hung,District 7,Coffee,267,8.851,True
2024-01-01,Phu My Hung,District 7,Tea,151,5.776,True
2024-01-01,Phu My Hung,District 7,Smoothie,62,2.898,True
2024-01-01,Phu My Hung,District 7,Bakery,117,3.182,True
2024-01-02,Phu My Hung,District 7,Coffee,305,10.111,True
2024-01-02,Phu My Hung,District 7,Tea,161,6.158,True
2024-01-02,Phu My Hung,District 7,Smoothie,60,2.805,True
2024-01-02,Phu My Hung,District 7,Bakery,100,2.72,True
2024-01-03,Phu My Hung,District 7,Coffee,255,8.453,True
2024-01-03,Phu My Hung,District 7,Tea,141,5.393,True
2024-01-03,Phu My Hung,District 7,Smoothie,60,2.805,True
2024-01-03,Phu My Hung,District 7,Bakery,111,3.019,True
2024-01-04,Phu My Hung,District 7,Coffee,214,8.346,False
2024-01-04,Phu My Hung,District 7,Tea,135,6.075,False
2024-01-04,Phu My Hung,District 7,Smoothie,57,3.135,False
2024-01-04,Phu My Hung,District 7,Bakery,92,2.944,False
2024-01-05,Phu My Hung,District 7,Coffee,225,8.775,False
2024-01-05,Phu My Hung,District 7,Tea,133,5.985,False
2024-01-05,Phu My Hung,District 7,Smoothie,65,3.575,False
2024-01-05,Phu My Hung,District 7,Bakery,83,2.656,False
2024-01-06,Phu My Hung,District 7,Coffee,287,11.193,False
2024-01-06,Phu My Hung,District 7,Tea,169,7.605,False
2024-01-06,Phu My Hung,District 7,Smoothie,61,3.355,False
2024-01-06,Phu My Hung,District 7,Bakery,104,3.328,False
2024-01-07,Phu My Hung,District 7,Coffee,283,11.037,False
2024-01-07,Phu My Hung,District 7,Tea,174,7.83,False
2024-01-07,Phu My Hung,District 7,Smoothie,73,4.015,False
2024-01-07,Phu My Hung,District 7,Bakery,108,3.456,False
2024-01-08,Phu My Hung,District 7,Coffee,266,10.374,False
2024-01-08,Phu My Hung,District 7,Tea,146,6.57,False
2024-01-08,Phu My Hung,District 7,Smoothie,67,3.685,False
2024-01-08,Phu My Hung,District 7,Bakery,81,2.592,False
2024-01-09,Phu My Hung,District 7,Coffee,250,9.75,False
2024-01-09,Phu My Hung,District 7,Tea,124,5.58,False
2024-01-09,Phu My Hung,District 7,Smoothie,66,3.63,False
2024-01-09,Phu My Hung,District 7,Bakery,86,2.752,False
2024-01-10,Phu My Hung,District 7,Coffee,238,9.282,False
2024-01-10,Phu My Hung,District 7,Tea,129,5.805,False
2024-01-10,Phu My Hung,District 7,Smoothie,56,3.08,False
2024-01-10,Phu My Hung,District 7,Bakery,98,3.136,False
2024-01-11,Phu My Hung,District 7,Coffee,240,9.36,False
2024-01-11,Phu My Hung,District 7,Tea,136,6.12,False
2024-01-11,Phu My Hung,District 7,Smoothie,74,4.07,False
2024-01-11,Phu My Hung,District 7,Bakery,104,3.328,False
2024-01-12,Phu My Hung,District 7,Coffee,242,9.438,False
2024-01-12,Phu My Hung,District 7,Tea,138,6.21,False
2024-01-12,Phu My Hung,District 7,Smoothie,48,2.64,False
2024-01-12,Phu My Hung,District 7,Bakery,77,2.464,False
2024-01-13,Phu My Hung,District 7,Coffee,290,11.31,False
2024-01-13,Phu My Hung,District 7,Tea,147,6.615,False
2024-01-13,Phu My Hung,District 7,Smoothie,77,4.235,False
2024-01-13,Phu My Hung,District 7,Bakery,102,3.264,False
2024-01-14,Phu My Hung,District 7,Coffee,272,10.608,False
2024-01-14,Phu My Hung,District 7,Tea,149,6.705,False
2024-01-14,Phu My Hung,District 7,Smoothie,81,4.455,False
2024-01-14,Phu My Hung,District 7,Bakery,98,3.136,False
2024-01-15,Phu My Hung,District 7,Coffee,245,9.555,False
2024-01-15,Phu My Hung,District 7,Tea,144,6.48,False
2024-01-15,Phu My Hung,District 7,Smoothie,66,3.63,False
2024-01-15,Phu My Hung,District 7,Bakery,85,2.72,False
2024-01-16,Phu My Hung,District 7,Coffee,235,9.165,False
2024-01-16,Phu My Hung,District 7,Tea,134,6.03,False
2024-01-16,Phu My Hung,District 7,Smoothie,50,2.75,False
2024-01-16,Phu My Hung,District 7,Bakery,104,3.328,False
2024-01-17,Phu My Hung,District 7,Coffee,213,8.307,False
2024-01-17,Phu My Hung,District 7,Tea,121,5.445,False
2024-01-17,Phu My Hung,District 7,Smoothie,65,3.575,False
2024-01-17,Phu My Hung,District 7,Bakery,88,2.816,False
2024-01-18,Phu My Hung,District 7,Coffee,222,8.658,False
2024-01-18,Phu My Hung,District 7,Tea,138,6.21,False
2024-01-18,Phu My Hung,District 7,Smoothie,54,2.97,False
2024-01-18,Phu My Hung,District 7,Bakery,80,2.56,False
2024-01-19,Phu My Hung,District 7,Coffee,226,8.814,False
2024-01-19,Phu My Hung,District 7,Tea,145,6.525,False
2024-01-19,Phu My Hung,District 7,Smoothie,59,3.245,False
2024-01-19,Phu My Hung,District 7,Bakery,87,2.784,False
2024-01-20,Phu My Hung,District 7,Coffee,305,11.895,False
2024-01-20,Phu My Hung,District 7,Tea,188,8.46,False
2024-01-20,Phu My Hung,District 7,Smoothie,60,3.3,False
2024-01-20,Phu My Hung,District 7,Bakery,114,3.648,False
2024-01-21,Phu My Hung,District 7,Coffee,287,11.193,False
2024-01-21,Phu My Hung,District 7,Tea,181,8.145,False
2024-01-21,Phu My Hung,District 7,Smoothie,72,3.96,False
2024-01-21,Phu My Hung,District 7,Bakery,110,3.52,False
2024-01-22,Phu My Hung,District 7,Coffee,220,8.58,False
2024-01-22,Phu My Hung,District 7,Tea,137,6.165,False
2024-01-22,Phu My Hung,District 7,Smoothie,63,3.465,False
2024-01-22,Phu My Hung,District 7,Bakery,79,2.528,False
2024-01-23,Phu My Hung,District 7,Coffee,227,8.853,False
2024-01-23,Phu My Hung,District 7,Tea,127,5.715,False
2024-01-23,Phu My Hung,District 7,Smoothie,54,2.97,False
2024-01-23,Phu My Hung,District 7,Bakery,111,3.552,False
2024-01-24,Phu My Hung,District 7,Coffee,228,8.892,False
2024-01-24,Phu My Hung,District 7,Tea,139,6.255,False
2024-01-24,Phu My Hung,District 7,Smoothie,62,3.41,False
2024-01-24,Phu My Hung,District 7,Bakery,97,3.104,False
2024-01-25,Phu My Hung,District 7,Coffee,253,9.867,False
2024-01-25,Phu My Hung,District 7,Tea,137,6.165,False
2024-01-25,Phu My Hung,District 7,Smoothie,61,3.355,False
2024-01-25,Phu My Hung,District 7,Bakery,84,2.688,False
2024-01-26,Phu My Hung,District 7,Coffee,211,8.229,False
2024-01-26,Phu My Hung,District 7,Tea,128,5.76,False
2024-01-26,Phu My Hung,District 7,Smoothie,66,3.63,False
2024-01-26,Phu My Hung,District 7,Bakery,96,3.072,False
2024-01-27,Phu My Hung,District 7,Coffee,300,11.7,False
2024-01-27,Phu My Hung,District 7,Tea,178,8.01,False
2024-01-27,Phu My Hung,District 7,Smoothie,71,3.905,False
2024-01-27,Phu My Hung,District 7,Bakery,109,3.488,False
2024-01-28,Phu My Hung,District 7,Coffee,319,12.441,False
2024-01-28,Phu My Hung,District 7,Tea,153,6.885,False
2024-01-28,Phu My Hung,District 7,Smoothie,68,3.74,False
2024-01-28,Phu My Hung,District 7,Bakery,101,3.232,False
2024-01-29,Phu My Hung,District 7,Coffee,228,8.892,False
2024-01-29,Phu My Hung,District 7,Tea,126,5.67,False
2024-01-29,Phu My Hung,District 7,Smoothie,54,2.97,False
2024-01-29,Phu My Hung,District 7,Bakery,91,2.912,False
2024-01-30,Phu My Hung,District 7,Coffee,234,9.126,False
2024-01-30,Phu My Hung,District 7,Tea,125,5.625,False
2024-01-30,Phu My Hung,District 7,Smoothie,64,3.52,False
2024-01-30,Phu My Hung,District 7,Bakery,87,2.784,False
2024-01-31,Phu My Hung,District 7,Coffee,236,9.204,False
2024-01-31,Phu My Hung,District 7,Tea,131,5.895,False
2024-01-31,Phu My Hung,District 7,Smoothie,58,3.19,False
2024-01-31,Phu My Hung,District 7,Bakery,82,2.624,False
2024-02-01,Phu My Hung,District 7,Coffee,219,7.26,True
2024-02-01,Phu My Hung,District 7,Tea,133,5.087,True
2024-02-01,Phu My Hung,District 7,Smoothie,62,2.898,True
2024-02-01,Phu My Hung,District 7,Bakery,73,1.986,True
2024-02-02,Phu My Hung,District 7,Coffee,212,7.028,True
2024-02-02,Phu My Hung,District 7,Tea,111,4.246,True
2024-02-02,Phu My Hung,District 7,Smoothie,55,2.571,True
2024-02-02,Phu My Hung,District 7,Bakery,87,2.366,True
2024-02-03,Phu My Hung,District 7,Coffee,264,8.752,True
2024-02-03,Phu My Hung,District 7,Tea,167,6.388,True
2024-02-03,Phu My Hung,District 7,Smoothie,81,3.787,True
2024-02-03,Phu My Hung,District 7,Bakery,110,2.992,True
2024-02-04,Phu My Hung,District 7,Coffee,240,9.36,False
2024-02-04,Phu My Hung,District 7,Tea,132,5.94,False
2024-02-04,Phu My Hung,District 7,Smoothie,58,3.19,False
2024-02-04,Phu My Hung,District 7,Bakery,94,3.008,False
2024-02-05,Phu My Hung,District 7,Coffee,170,6.63,False
2024-02-05,Phu My Hung,District 7,Tea,116,5.22,False
2024-02-05,Phu My Hung,District 7,Smoothie,47,2.585,False
2024-02-05,Phu My Hung,District 7,Bakery,73,2.336,False
2024-02-06,Phu My Hung,District 7,Coffee,105,4.095,False
2024-02-06,Phu My Hung,District 7,Tea,57,2.565,False
2024-02-06,Phu My Hung,District 7,Smoothie,28,1.54,False
2024-02-06,Phu My Hung,District 7,Bakery,34,1.088,False
2024-02-07,Phu My Hung,District 7,Coffee,114,4.446,False
2024-02-07,Phu My Hung,District 7,Tea,54,2.43,False
2024-02-07,Phu My Hung,District 7,Smoothie,29,1.595,False
2024-02-07,Phu My Hung,District 7,Bakery,27,0.864,False
2024-02-08,Phu My Hung,District 7,Coffee,96,3.744,False
2024-02-08,Phu My Hung,District 7,Tea,62,2.79,False
2024-02-08,Phu My Hung,District 7,Smoothie,32,1.76,False
2024-02-08,Phu My Hung,District 7,Bakery,48,1.536,False
2024-02-09,Phu My Hung,District 7,Coffee,113,4.407,False
2024-02-09,Phu My Hung,District 7,Tea,61,2.745,False
2024-02-09,Phu My Hung,District 7,Smoothie,30,1.65,False
2024-02-09,Phu My Hung,District 7,Bakery,50,1.6,False
2024-02-10,Phu My Hung,District 7,Coffee,122,4.758,False
2024-02-10,Phu My Hung,District 7,Tea,75,3.375,False
2024-02-10,Phu My Hung,District 7,Smoothie,37,2.035,False
2024-02-10,Phu My Hung,District 7,Bakery,43,1.376,False
2024-02-11,Phu My Hung,District 7,Coffee,136,5.304,False
2024-02-11,Phu My Hung,District 7,Tea,89,4.005,False
2024-02-11,Phu My Hung,District 7,Smoothie,29,1.595,False
2024-02-11,Phu My Hung,District 7,Bakery,55,1.76,False
2024-02-12,Phu My Hung,District 7,Coffee,94,3.666,False
2024-02-12,Phu My Hung,District 7,Tea,63,2.835,False
2024-02-12,Phu My Hung,District 7,Smoothie,31,1.705,False
2024-02-12,Phu My Hung,District 7,Bakery,43,1.376,False
2024-02-13,Phu My Hung,District 7,Coffee,93,3.627,False
2024-02-13,Phu My Hung,District 7,Tea,58,2.61,False
2024-02-13,Phu My Hung,District 7,Smoothie,21,1.155,False
2024-02-13,Phu My Hung,District 7,Bakery,38,1.216,False
2024-02-14,Phu My Hung,District 7,Coffee,93,3.627,False
2024-02-14,Phu My Hung,District 7,Tea,69,3.105,False
2024-02-14,Phu My Hung,District 7,Smoothie,22,1.21,False
2024-02-14,Phu My Hung,District 7,Bakery,45,1.44,False
2024-02-15,Phu My Hung,District 7,Coffee,154,6.006,False
2024-02-15,Phu My Hung,District 7,Tea,104,4.68,False
2024-02-15,Phu My Hung,District 7,Smoothie,61,3.355,False
2024-02-15,Phu My Hung,District 7,Bakery,80,2.56,False
2024-02-16,Phu My Hung,District 7,Coffee,165,6.435,False
2024-02-16,Phu My Hung,District 7,Tea,115,5.175,False
2024-02-16,Phu My Hung,District 7,Smoothie,47,2.585,False
2024-02-16,Phu My Hung,District 7,Bakery,70,2.24,False
2024-02-17,Phu My Hung,District 7,Coffee,195,7.605,False
2024-02-17,Phu My Hung,District 7,Tea,140,6.3,False
2024-02-17,Phu My Hung,District 7,Smoothie,70,3.85,False
2024-02-17,Phu My Hung,District 7,Bakery,80,2.56,False
2024-02-18,Phu My Hung,District 7,Coffee,253,9.867,False
2024-02-18,Phu My Hung,District 7,Tea,126,5.67,False
2024-02-18,Phu My Hung,District 7,Smoothie,48,2.64,False
2024-02-18,Phu My Hung,District 7,Bakery,105,3.36,False
2024-02-19,Phu My Hung,District 7,Coffee,185,7.215,False
2024-02-19,Phu My Hung,District 7,Tea,108,4.86,False
2024-02-19,Phu My Hung,District 7,Smoothie,46,2.53,False
2024-02-19,Phu My Hung,District 7,Bakery,81,2.592,False
2024-02-20,Phu My Hung,District 7,Coffee,249,9.711,False
2024-02-20,Phu My Hung,District 7,Tea,143,6.435,False
2024-02-20,Phu My Hung,District 7,Smoothie,47,2.585,False
2024-02-20,Phu My Hung,District 7,Bakery,103,3.296,False
2024-02-21,Phu My Hung,District 7,Coffee,227,8.853,False
2024-02-21,Phu My Hung,District 7,Tea,130,5.85,False
2024-02-21,Phu My Hung,District 7,Smoothie,57,3.135,False
2024-02-21,Phu My Hung,District 7,Bakery,79,2.528,False
2024-02-22,Phu My Hung,District 7,Coffee,224,8.736,False
2024-02-22,Phu My Hung,District 7,Tea,141,6.345,False
2024-02-22,Phu My Hung,District 7,Smoothie,76,4.18,False
2024-02-22,Phu My Hung,District 7,Bakery,77,2.464,False
2024-02-23,Phu My Hung,District 7,Coffee,226,8.814,False
2024-02-23,Phu My Hung,District 7,Tea,146,6.57,False
2024-02-23,Phu My Hung,District 7,Smoothie,64,3.52,False
2024-02-23,Phu My Hung,District 7,Bakery,95,3.04,False
2024-02-24,Phu My Hung,District 7,Coffee,310,12.09,False
2024-02-24,Phu My Hung,District 7,Tea,168,7.56,False
2024-02-24,Phu My Hung,District 7,Smoothie,79,4.345,False
2024-02-24,Phu My Hung,District 7,Bakery,123,3.936,False
2024-02-25,Phu My Hung,District 7,Coffee,280,10.92,False
2024-02-25,Phu My Hung,District 7,Tea,196,8.82,False
2024-02-25,Phu My Hung,District 7,Smoothie,81,4.455,False
2024-02-25,Phu My Hung,District 7,Bakery,109,3.488,False
2024-02-26,Phu My Hung,District 7,Coffee,227,8.853,False
2024-02-26,Phu My Hung,District 7,Tea,141,6.345,False
2024-02-26,Phu My Hung,District 7,Smoothie,53,2.915,False
2024-02-26,Phu My Hung,District 7,Bakery,80,2.56,False
2024-02-27,Phu My Hung,District 7,Coffee,217,8.463,False
2024-02-27,Phu My Hung,District 7,Tea,135,6.075,False
2024-02-27,Phu My Hung,District 7,Smoothie,63,3.465,False
2024-02-27,Phu My Hung,District 7,Bakery,78,2.496,False
2024-02-28,Phu My Hung,District 7,Coffee,222,8.658,False
2024-02-28,Phu My Hung,District 7,Tea,120,5.4,False
2024-02-28,Phu My Hung,District 7,Smoothie,56,3.08,False
2024-02-28,Phu My Hung,District 7,Bakery,78,2.496,False
2024-02-29,Phu My Hung,District 7,Coffee,232,9.048,False
2024-02-29,Phu My Hung,District 7,Tea,114,5.13,False
2024-02-29,Phu My Hung,District 7,Smoothie,56,3.08,False
2024-02-29,Phu My Hung,District 7,Bakery,80,2.56,False
2024-03-01,Phu My Hung,District 7,Coffee,284,9.415,True
2024-03-01,Phu My Hung,District 7,Tea,154,5.891,True
2024-03-01,Phu My Hung,District 7,Smoothie,99,4.628,True
2024-03-01,Phu My Hung,District 7,Bakery,108,2.938,True
2024-03-02,Phu My Hung,District 7,Coffee,346,11.47,True
2024-03-02,Phu My Hung,District 7,Tea,215,8.224,True
2024-03-02,Phu My Hung,District 7,Smoothie,121,5.657,True
2024-03-02,Phu My Hung,District 7,Bakery,117,3.182,True
2024-03-03,Phu My Hung,District 7,Coffee,340,11.271,True
2024-03-03,Phu My Hung,District 7,Tea,185,7.076,True
2024-03-03,Phu My Hung,District 7,Smoothie,104,4.862,True
2024-03-03,Phu My Hung,District 7,Bakery,126,3.427,True
2024-03-04,Phu My Hung,District 7,Coffee,218,8.502,False
2024-03-04,Phu My Hung,District 7,Tea,136,6.12,False
2024-03-04,Phu My Hung,District 7,Smoothie,81,4.455,False
2024-03-04,Phu My Hung,District 7,Bakery,86,2.752,False
2024-03-05,Phu My Hung,District 7,Coffee,224,8.736,False
2024-03-05,Phu My Hung,District 7,Tea,135,6.075,False
2024-03-05,Phu My Hung,District 7,Smoothie,94,5.17,False
2024-03-05,Phu My Hung,District 7,Bakery,81,2.592,False
2024-03-06,Phu My Hung,District 7,Coffee,226,8.814,False
2024-03-06,Phu My Hung,District 7,Tea,140,6.3,False
2024-03-06,Phu My Hung,District 7,Smoothie,70,3.85,False
2024-03-06,Phu My Hung,District 7,Bakery,78,2.496,False
2024-03-07,Phu My Hung,District 7,Coffee,230,8.97,False
2024-03-07,Phu My Hung,District 7,Tea,120,5.4,False
2024-03-07,Phu My Hung,District 7,Smoothie,86,4.73,False
2024-03-07,Phu My Hung,District 7,Bakery,80,2.56,False
2024-03-08,Phu My Hung,District 7,Coffee,236,9.204,False
2024-03-08,Phu My Hung,District 7,Tea,137,6.165,False
2024-03-08,Phu My Hung,District 7,Smoothie,83,4.565,False
2024-03-08,Phu My Hung,District 7,Bakery,86,2.752,False
2024-03-09,Phu My Hung,District 7,Coffee,268,10.452,False
2024-03-09,Phu My Hung,District 7,Tea,163,7.335,False
2024-03-09,Phu My Hung,District 7,Smoothie,82,4.51,False
2024-03-09,Phu My Hung,District 7,Bakery,121,3.872,False
2024-03-10,Phu My Hung,District 7,Coffee,292,11.388,False
2024-03-10,Phu My Hung,District 7,Tea,157,7.065,False
2024-03-10,Phu My Hung,District 7,Smoothie,109,5.995,False
2024-03-10,Phu My Hung,District 7,Bakery,98,3.136,False
2024-03-11,Phu My Hung,District 7,Coffee,242,9.438,False
2024-03-11,Phu My Hung,District 7,Tea,154,6.93,False
2024-03-11,Phu My Hung,District 7,Smoothie,92,5.06,False
2024-03-11,Phu My Hung,District 7,Bakery,83,2.656,False
2024-03-12,Phu My Hung,District 7,Coffee,207,8.073,False
2024-03-12,Phu My Hung,District 7,Tea,143,6.435,False
2024-03-12,Phu My Hung,District 7,Smoothie,78,4.29,False
2024-03-12,Phu My Hung,District 7,Bakery,91,2.912,False
2024-03-13,Phu My Hung,District 7,Coffee,236,9.204,False
2024-03-13,Phu My Hung,District 7,Tea,136,6.12,False
2024-03-13,Phu My Hung,District 7,Smoothie,68,3.74,False
2024-03-13,Phu My Hung,District 7,Bakery,88,2.816,False
2024-03-14,Phu My Hung,District 7,Coffee,247,9.633,False
2024-03-14,Phu My Hung,District 7,Tea,128,5.76,False
2024-03-14,Phu My Hung,District 7,Smoothie,95,5.225,False
2024-03-14,Phu My Hung,District 7,Bakery,81,2.592,False
2024-03-15,Phu My Hung,District 7,Coffee,215,8.385,False
2024-03-15,Phu My Hung,District 7,Tea,115,5.175,False
2024-03-15,Phu My Hung,District 7,Smoothie,93,5.115,False
2024-03-15,Phu My Hung,District 7,Bakery,83,2.656,False
2024-03-16,Phu My Hung,District 7,Coffee,295,11.505,False
2024-03-16,Phu My Hung,District 7,Tea,167,7.515,False
2024-03-16,Phu My Hung,District 7,Smoothie,113,6.215,False
2024-03-16,Phu My Hung,District 7,Bakery,112,3.584,False
2024-03-17,Phu My Hung,District 7,Coffee,313,12.207,False
2024-03-17,Phu My Hung,District 7,Tea,155,6.975,False
2024-03-17,Phu My Hung,District 7,Smoothie,108,5.94,False
2024-03-17,Phu My Hung,District 7,Bakery,113,3.616,False
2024-03-18,Phu My Hung,District 7,Coffee,233,9.087,False
2024-03-18,Phu My Hung,District 7,Tea,141,6.345,False
2024-03-18,Phu My Hung,District 7,Smoothie,88,4.84,False
2024-03-18,Phu My Hung,District 7,Bakery,115,3.68,False
2024-03-19,Phu My Hung,District 7,Coffee,228,8.892,False
2024-03-19,Phu My Hung,District 7,Tea,117,5.265,False
2024-03-19,Phu My Hung,District 7,Smoothie,81,4.455,False
2024-03-19,Phu My Hung,District 7,Bakery,100,3.2,False
2024-03-20,Phu My Hung,District 7,Coffee,251,9.789,False
2024-03-20,Phu My Hung,District 7,Tea,135,6.075,False
2024-03-20,Phu My Hung,District 7,Smoothie,104,5.72,False
2024-03-20,Phu My Hung,District 7,Bakery,89,2.848,False
2024-03-21,Phu My Hung,District 7,Coffee,230,8.97,False
2024-03-21,Phu My Hung,District 7,Tea,146,6.57,False
2024-03-21,Phu My Hung,District 7,Smoothie,84,4.62,False
2024-03-21,Phu My Hung,District 7,Bakery,90,2.88,False
2024-03-22,Phu My Hung,District 7,Coffee,254,9.906,False
2024-03-22,Phu My Hung,District 7,Tea,132,5.94,False
2024-03-22,Phu My Hung,District 7,Smoothie,97,5.335,False
2024-03-22,Phu My Hung,District 7,Bakery,98,3.136,False
2024-03-23,Phu My Hung,District 7,Coffee,294,11.466,False
2024-03-23,Phu My Hung,District 7,Tea,166,7.47,False
2024-03-23,Phu My Hung,District 7,Smoothie,96,5.28,False
2024-03-23,Phu My Hung,District 7,Bakery,93,2.976,False
2024-03-24,Phu My Hung,District 7,Coffee,301,11.739,False
2024-03-24,Phu My Hung,District 7,Tea,169,7.605,False
2024-03-24,Phu My Hung,District 7,Smoothie,98,5.39,False
2024-03-24,Phu My Hung,District 7,Bakery,84,2.688,False
2024-03-25,Phu My Hung,District 7,Coffee,227,8.853,False
2024-03-25,Phu My Hung,District 7,Tea,137,6.165,False
2024-03-25,Phu My Hung,District 7,Smoothie,81,4.455,False
2024-03-25,Phu My Hung,District 7,Bakery,91,2.912,False
2024-03-26,Phu My Hung,District 7,Coffee,259,10.101,False
2024-03-26,Phu My Hung,District 7,Tea,128,5.76,False
2024-03-26,Phu My Hung,District 7,Smoothie,84,4.62,False
2024-03-26,Phu My Hung,District 7,Bakery,78,2.496,False
2024-03-27,Phu My Hung,District 7,Coffee,223,8.697,False
2024-03-27,Phu My Hung,District 7,Tea,137,6.165,False
2024-03-27,Phu My Hung,District 7,Smoothie,79,4.345,False
2024-03-27,Phu My Hung,District 7,Bakery,93,2.976,False
2024-03-28,Phu My Hung,District 7,Coffee,226,8.814,False
2024-03-28,Phu My Hung,District 7,Tea,132,5.94,False
2024-03-28,Phu My Hung,District 7,Smoothie,63,3.465,False
2024-03-28,Phu My Hung,District 7,Bakery,102,3.264,False
2024-03-29,Phu My Hung,District 7,Coffee,213,8.307,False
2024-03-29,Phu My Hung,District 7,Tea,117,5.265,False
2024-03-29,Phu My Hung,District 7,Smoothie,77,4.235,False
2024-03-29,Phu My Hung,District 7,Bakery,103,3.296,False
2024-03-30,Phu My Hung,District 7,Coffee,316,12.324,False
2024-03-30,Phu My Hung,District 7,Tea,169,7.605,False
2024-03-30,Phu My Hung,District 7,Smoothie,107,5.885,False
2024-03-30,Phu My Hung,District 7,Bakery,132,4.224,False
2024-03-31,Phu My Hung,District 7,Coffee,311,12.129,False
2024-03-31,Phu My Hung,District 7,Tea,160,7.2,False
2024-03-31,Phu My Hung,District 7,Smoothie,119,6.545,False
2024-03-31,Phu My Hung,District 7,Bakery,107,3.424,False
2024-04-01,Phu My Hung,District 7,Coffee,270,8.95,True
2024-04-01,Phu My Hung,District 7,Tea,146,5.585,True
2024-04-01,Phu My Hung,District 7,Smoothie,103,4.815,True
2024-04-01,Phu My Hung,District 7,Bakery,86,2.339,True
2024-04-02,Phu My Hung,District 7,Coffee,286,9.481,True
2024-04-02,Phu My Hung,District 7,Tea,150,5.737,True
2024-04-02,Phu My Hung,District 7,Smoothie,122,5.704,True
2024-04-02,Phu My Hung,District 7,Bakery,110,2.992,True
2024-04-03,Phu My Hung,District 7,Coffee,280,9.282,True
2024-04-03,Phu My Hung,District 7,Tea,162,6.197,True
2024-04-03,Phu My Hung,District 7,Smoothie,109,5.096,True
2024-04-03,Phu My Hung,District 7,Bakery,108,2.938,True
2024-04-04,Phu My Hung,District 7,Coffee,215,8.385,False
2024-04-04,Phu My Hung,District 7,Tea,144,6.48,False
2024-04-04,Phu My Hung,District 7,Smoothie,82,4.51,False
2024-04-04,Phu My Hung,District 7,Bakery,80,2.56,False
2024-04-05,Phu My Hung,District 7,Coffee,257,10.023,False
2024-04-05,Phu My Hung,District 7,Tea,112,5.04,False
2024-04-05,Phu My Hung,District 7,Smoothie,86,4.73,False
2024-04-05,Phu My Hung,District 7,Bakery,101,3.232,False
2024-04-06,Phu My Hung,District 7,Coffee,290,11.31,False
2024-04-06,Phu My Hung,District 7,Tea,166,7.47,False
2024-04-06,Phu My Hung,District 7,Smoothie,93,5.115,False
2024-04-06,Phu My Hung,District 7,Bakery,104,3.328,False
2024-04-07,Phu My Hung,District 7,Coffee,291,11.349,False
2024-04-07,Phu My Hung,District 7,Tea,165,7.425,False
2024-04-07,Phu My Hung,District 7,Smoothie,95,5.225,False
2024-04-07,Phu My Hung,District 7,Bakery,100,3.2,False
2024-04-08,Phu My Hung,District 7,Coffee,218,8.502,False
2024-04-08,Phu My Hung,District 7,Tea,124,5.58,False
2024-04-08,Phu My Hung,District 7,Smoothie,78,4.29,False
2024-04-08,Phu My Hung,District 7,Bakery,88,2.816,False
2024-04-09,Phu My Hung,District 7,Coffee,206,8.034,False
2024-04-09,Phu My Hung,District 7,Tea,142,6.39,False
2024-04-09,Phu My Hung,District 7,Smoothie,85,4.675,False
2024-04-09,Phu My Hung,District 7,Bakery,89,2.848,False
2024-04-10,Phu My Hung,District 7,Coffee,249,9.711,False
2024-04-10,Phu My Hung,District 7,Tea,141,6.345,False
2024-04-10,Phu My Hung,District 7,Smoothie,91,5.005,False
2024-04-10,Phu My Hung,District 7,Bakery,97,3.104,False
2024-04-11,Phu My Hung,District 7,Coffee,228,8.892,False
2024-04-11,Phu My Hung,District 7,Tea,133,5.985,False
2024-04-11,Phu My Hung,District 7,Smoothie,89,4.895,False
2024-04-11,Phu My Hung,District 7,Bakery,92,2.944,False
2024-04-12,Phu My Hung,District 7,Coffee,226,8.814,False
2024-04-12,Phu My Hung,District 7,Tea,124,5.58,False
2024-04-12,Phu My Hung,District 7,Smoothie,70,3.85,False
2024-04-12,Phu My Hung,District 7,Bakery,84,2.688,False
2024-04-13,Phu My Hung,District 7,Coffee,326,12.714,False
2024-04-13,Phu My Hung,District 7,Tea,149,6.705,False
2024-04-13,Phu My Hung,District 7,Smoothie,102,5.61,False
2024-04-13,Phu My Hung,District 7,Bakery,112,3.584,False
2024-04-14,Phu My Hung,District 7,Coffee,331,12.909,False
2024-04-14,Phu My Hung,District 7,Tea,198,8.91,False
2024-04-14,Phu My Hung,District 7,Smoothie,93,5.115,False
2024-04-14,Phu My Hung,District 7,Bakery,113,3.616,False
2024-04-15,Phu My Hung,District 7,Coffee,238,9.282,False
2024-04-15,Phu My Hung,District 7,Tea,141,6.345,False
2024-04-15,Phu My Hung,District 7,Smoothie,93,5.115,False
2024-04-15,Phu My Hung,District 7,Bakery,102,3.264,False
2024-04-16,Phu My Hung,District 7,Coffee,251,9.789,False
2024-04-16,Phu My Hung,District 7,Tea,133,5.985,False
2024-04-16,Phu My Hung,District 7,Smoothie,91,5.005,False
2024-04-16,Phu My Hung,District 7,Bakery,96,3.072,False
2024-04-17,Phu My Hung,District 7,Coffee,254,9.906,False
2024-04-17,Phu My Hung,District 7,Tea,122,5.49,False
2024-04-17,Phu My Hung,District 7,Smoothie,75,4.125,False
2024-04-17,Phu My Hung,District 7,Bakery,102,3.264,False
2024-04-18,Phu My Hung,District 7,Coffee,252,9.828,False
2024-04-18,Phu My Hung,District 7,Tea,135,6.075,False
2024-04-18,Phu My Hung,District 7,Smoothie,69,3.795,False
2024-04-18,Phu My Hung,District 7,Bakery,84,2.688,False
2024-04-19,Phu My Hung,District 7,Coffee,241,9.399,False
2024-04-19,Phu My Hung,District 7,Tea,134,6.03,False
2024-04-19,Phu My Hung,District 7,Smoothie,81,4.455,False
2024-04-19,Phu My Hung,District 7,Bakery,104,3.328,False
2024-04-20,Phu My Hung,District 7,Coffee,312,12.168,False
2024-04-20,Phu My Hung,District 7,Tea,139,6.255,False
2024-04-20,Phu My Hung,District 7,Smoothie,107,5.885,False
2024-04-20,Phu My Hung,District 7,Bakery,129,4.128,False
2024-04-21,Phu My Hung,District 7,Coffee,304,11.856,False
2024-04-21,Phu My Hung,District 7,Tea,170,7.65,False
2024-04-21,Phu My Hung,District 7,Smoothie,115,6.325,False
2024-04-21,Phu My Hung,District 7,Bakery,127,4.064,False
2024-04-22,Phu My Hung,District 7,Coffee,267,10.413,False
2024-04-22,Phu My Hung,District 7,Tea,144,6.48,False
2024-04-22,Phu My Hung,District 7,Smoothie,89,4.895,False
2024-04-22,Phu My Hung,District 7,Bakery,79,2.528,False
2024-04-23,Phu My Hung,District 7,Coffee,240,9.36,False
2024-04-23,Phu My Hung,District 7,Tea,119,5.355,False
2024-04-23,Phu My Hung,District 7,Smoothie,90,4.95,False
2024-04-23,Phu My Hung,District 7,Bakery,68,2.176,False
2024-04-24,Phu My Hung,District 7,Coffee,243,9.477,False
2024-04-24,Phu My Hung,District 7,Tea,133,5.985,False
2024-04-24,Phu My Hung,District 7,Smoothie,95,5.225,False
2024-04-24,Phu My Hung,District 7,Bakery,94,3.008,False
2024-04-25,Phu My Hung,District 7,Coffee,262,10.218,False
2024-04-25,Phu My Hung,District 7,Tea,123,5.535,False
2024-04-25,Phu My Hung,District 7,Smoothie,82,4.51,False
2024-04-25,Phu My Hung,District 7,Bakery,99,3.168,False
2024-04-26,Phu My Hung,District 7,Coffee,234,9.126,False
2024-04-26,Phu My Hung,District 7,Tea,133,5.985,False
2024-04-26,Phu My Hung,District 7,Smoothie,93,5.115,False
2024-04-26,Phu My Hung,District 7,Bakery,90,2.88,False
2024-04-27,Phu My Hung,District 7,Coffee,249,9.711,False
2024-04-27,Phu My Hung,District 7,Tea,166,7.47,False
2024-04-27,Phu My Hung,District 7,Smoothie,96,5.28,False
2024-04-27,Phu My Hung,District 7,Bakery,119,3.808,False
2024-04-28,Phu My Hung,District 7,Coffee,315,12.285,False
2024-04-28,Phu My Hung,District 7,Tea,174,7.83,False
2024-04-28,Phu My Hung,District 7,Smoothie,93,5.115,False
2024-04-28,Phu My Hung,District 7,Bakery,119,3.808,False
2024-04-29,Phu My Hung,District 7,Coffee,241,9.399,False
2024-04-29,Phu My Hung,District 7,Tea,115,5.175,False
2024-04-29,Phu My Hung,District 7,Smoothie,67,3.685,False
2024-04-29,Phu My Hung,District 7,Bakery,107,3.424,False
2024-04-30,Phu My Hung,District 7,Coffee,254,9.906,False
2024-04-30,Phu My Hung,District 7,Tea,150,6.75,False
2024-04-30,Phu My Hung,District 7,Smoothie,86,4.73,False
2024-04-30,Phu My Hung,District 7,Bakery,98,3.136,False
2024-05-01,Phu My Hung,District 7,Coffee,291,9.647,True
2024-05-01,Phu My Hung,District 7,Tea,159,6.082,True
2024-05-01,Phu My Hung,District 7,Smoothie,108,5.049,True
2024-05-01,Phu My Hung,District 7,Bakery,97,2.638,True
2024-05-02,Phu My Hung,District 7,Coffee,263,8.718,True
2024-05-02,Phu My Hung,District 7,Tea,150,5.737,True
2024-05-02,Phu My Hung,District 7,Smoothie,98,4.582,True
2024-05-02,Phu My Hung,District 7,Bakery,112,3.046,True
2024-05-03,Phu My Hung,District 7,Coffee,275,9.116,True
2024-05-03,Phu My Hung,District 7,Tea,143,5.47,True
2024-05-03,Phu My Hung,District 7,Smoothie,86,4.021,True
2024-05-03,Phu My Hung,District 7,Bakery,102,2.774,True
2024-05-04,Phu My Hung,District 7,Coffee,302,11.778,False
2024-05-04,Phu My Hung,District 7,Tea,187,8.415,False
2024-05-04,Phu My Hung,District 7,Smoothie,106,5.83,False
2024-05-04,Phu My Hung,District 7,Bakery,132,4.224,False
2024-05-05,Phu My Hung,District 7,Coffee,299,11.661,False
2024-05-05,Phu My Hung,District 7,Tea,185,8.325,False
2024-05-05,Phu My Hung,District 7,Smoothie,95,5.225,False
2024-05-05,Phu My Hung,District 7,Bakery,108,3.456,False
2024-05-06,Phu My Hung,District 7,Coffee,227,8.853,False
2024-05-06,Phu My Hung,District 7,Tea,130,5.85,False
2024-05-06,Phu My Hung,District 7,Smoothie,93,5.115,False
2024-05-06,Phu My Hung,District 7,Bakery,87,2.784,False
2024-05-07,Phu My Hung,District 7,Coffee,267,10.413,False
2024-05-07,Phu My Hung,District 7,Tea,138,6.21,False
2024-05-07,Phu My Hung,District 7,Smoothie,88,4.84,False
2024-05-07,Phu My Hung,District 7,Bakery,98,3.136,False
2024-05-08,Phu My Hung,District 7,Coffee,250,9.75,False
2024-05-08,Phu My Hung,District 7,Tea,127,5.715,False
2024-05-08,Phu My Hung,District 7,Smoothie,73,4.015,False
2024-05-08,Phu My Hung,District 7,Bakery,86,2.752,False
2024-05-09,Phu My Hung,District 7,Coffee,253,9.867,False
2024-05-09,Phu My Hung,District 7,Tea,122,5.49,False
2024-05-09,Phu My Hung,District 7,Smoothie,76,4.18,False
2024-05-09,Phu My Hung,District 7,Bakery,99,3.168,False
2024-05-10,Phu My Hung,District 7,Coffee,224,8.736,False
2024-05-10,Phu My Hung,District 7,Tea,146,6.57,False
2024-05-10,Phu My Hung,District 7,Smoothie,71,3.905,False
2024-05-10,Phu My Hung,District 7,Bakery,85,2.72,False
2024-05-11,Phu My Hung,District 7,Coffee,301,11.739,False
2024-05-11,Phu My Hung,District 7,Tea,164,7.38,False
2024-05-11,Phu My Hung,District 7,Smoothie,99,5.445,False
2024-05-11,Phu My Hung,District 7,Bakery,106,3.392,False
2024-05-12,Phu My Hung,District 7,Coffee,296,11.544,False
2024-05-12,Phu My Hung,District 7,Tea,170,7.65,False
2024-05-12,Phu My Hung,District 7,Smoothie,95,5.225,False
2024-05-12,Phu My Hung,District 7,Bakery,106,3.392,False
2024-05-13,Phu My Hung,District 7,Coffee,212,8.268,False
2024-05-13,Phu My Hung,District 7,Tea,130,5.85,False
2024-05-13,Phu My Hung,District 7,Smoothie,120,6.6,False
2024-05-13,Phu My Hung,District 7,Bakery,105,3.36,False
2024-05-14,Phu My Hung,District 7,Coffee,236,9.204,False
2024-05-14,Phu My Hung,District 7,Tea,138,6.21,False
2024-05-14,Phu My Hung,District 7,Smoothie,98,5.39,False
2024-05-14,Phu My Hung,District 7,Bakery,93,2.976,False
2024-05-15,Phu My Hung,District 7,Coffee,246,9.594,False
2024-05-15,Phu My Hung,District 7,Tea,141,6.345,False
2024-05-15,Phu My Hung,District 7,Smoothie,110,6.05,False
2024-05-15,Phu My Hung,District 7,Bakery,83,2.656,False
2024-05-16,Phu My Hung,District 7,Coffee,209,8.151,False
2024-05-16,Phu My Hung,District 7,Tea,107,4.815,False
2024-05-16,Phu My Hung,District 7,Smoothie,67,3.685,False
2024-05-16,Phu My Hung,District 7,Bakery,93,2.976,False
2024-05-17,Phu My Hung,District 7,Coffee,230,8.97,False
2024-05-17,Phu My Hung,District 7,Tea,122,5.49,False
2024-05-17,Phu My Hung,District 7,Smoothie,74,4.07,False
2024-05-17,Phu My Hung,District 7,Bakery,97,3.104,False
2024-05-18,Phu My Hung,District 7,Coffee,290,11.31,False
2024-05-18,Phu My Hung,District 7,Tea,159,7.155,False
2024-05-18,Phu My Hung,District 7,Smoothie,91,5.005,False
2024-05-18,Phu My Hung,District 7,Bakery,117,3.744,False
2024-05-19,Phu My Hung,District 7,Coffee,280,10.92,False
2024-05-19,Phu My Hung,District 7,Tea,179,8.055,False
2024-05-19,Phu My Hung,District 7,Smoothie,94,5.17,False
2024-05-19,Phu My Hung,District 7,Bakery,106,3.392,False
2024-05-20,Phu My Hung,District 7,Coffee,231,9.009,False
2024-05-20,Phu My Hung,District 7,Tea,131,5.895,False
2024-05-20,Phu My Hung,District 7,Smoothie,72,3.96,False
2024-05-20,Phu My Hung,District 7,Bakery,91,2.912,False
2024-05-21,Phu My Hung,District 7,Coffee,241,9.399,False
2024-05-21,Phu My Hung,District 7,Tea,135,6.075,False
2024-05-21,Phu My Hung,District 7,Smoothie,97,5.335,False
2024-05-21,Phu My Hung,District 7,Bakery,95,3.04,False
2024-05-22,Phu My Hung,District 7,Coffee,247,9.633,False
2024-05-22,Phu My Hung,District 7,Tea,117,5.265,False
2024-05-22,Phu My Hung,District 7,Smoothie,74,4.07,False
2024-05-22,Phu My Hung,District 7,Bakery,92,2.944,False
2024-05-23,Phu My Hung,District 7,Coffee,249,9.711,False
2024-05-23,Phu My Hung,District 7,Tea,137,6.165,False
2024-05-23,Phu My Hung,District 7,Smoothie,74,4.07,False
2024-05-23,Phu My Hung,District 7,Bakery,95,3.04,False
2024-05-24,Phu My Hung,District 7,Coffee,235,9.165,False
2024-05-24,Phu My Hung,District 7,Tea,136,6.12,False
2024-05-24,Phu My Hung,District 7,Smoothie,94,5.17,False
2024-05-24,Phu My Hung,District 7,Bakery,94,3.008,False
2024-05-25,Phu My Hung,District 7,Coffee,298,11.622,False
2024-05-25,Phu My Hung,District 7,Tea,170,7.65,False
2024-05-25,Phu My Hung,District 7,Smoothie,103,5.665,False
2024-05-25,Phu My Hung,District 7,Bakery,122,3.904,False
2024-05-26,Phu My Hung,District 7,Coffee,308,12.012,False
2024-05-26,Phu My Hung,District 7,Tea,170,7.65,False
2024-05-26,Phu My Hung,District 7,Smoothie,114,6.27,False
2024-05-26,Phu My Hung,District 7,Bakery,112,3.584,False
2024-05-27,Phu My Hung,District 7,Coffee,230,8.97,False
2024-05-27,Phu My Hung,District 7,Tea,145,6.525,False
2024-05-27,Phu My Hung,District 7,Smoothie,91,5.005,False
2024-05-27,Phu My Hung,District 7,Bakery,82,2.624,False
2024-05-28,Phu My Hung,District 7,Coffee,203,7.917,False
2024-05-28,Phu My Hung,District 7,Tea,155,6.975,False
2024-05-28,Phu My Hung,District 7,Smoothie,72,3.96,False
2024-05-28,Phu My Hung,District 7,Bakery,87,2.784,False
2024-05-29,Phu My Hung,District 7,Coffee,242,9.438,False
2024-05-29,Phu My Hung,District 7,Tea,133,5.985,False
2024-05-29,Phu My Hung,District 7,Smoothie,86,4.73,False
2024-05-29,Phu My Hung,District 7,Bakery,94,3.008,False
2024-05-30,Phu My Hung,District 7,Coffee,239,9.321,False
2024-05-30,Phu My Hung,District 7,Tea,115,5.175,False
2024-05-30,Phu My Hung,District 7,Smoothie,100,5.5,False
2024-05-30,Phu My Hung,District 7,Bakery,97,3.104,False
2024-05-31,Phu My Hung,District 7,Coffee,252,9.828,False
2024-05-31,Phu My Hung,District 7,Tea,151,6.795,False
2024-05-31,Phu My Hung,District 7,Smoothie,91,5.005,False
2024-05-31,Phu My Hung,District 7,Bakery,100,3.2,False
2024-06-01,Phu My Hung,District 7,Coffee,312,10.343,True
2024-06-01,Phu My Hung,District 7,Tea,209,7.994,True
2024-06-01,Phu My Hung,District 7,Smoothie,87,4.067,True
2024-06-01,Phu My Hung,District 7,Bakery,113,3.074,True
2024-06-02,Phu My Hung,District 7,Coffee,338,11.205,True
2024-06-02,Phu My Hung,District 7,Tea,226,8.645,True
2024-06-02,Phu My Hung,District 7,Smoothie,86,4.021,True
2024-06-02,Phu My Hung,District 7,Bakery,116,3.155,True
2024-06-03,Phu My Hung,District 7,Coffee,259,8.586,True
2024-06-03,Phu My Hung,District 7,Tea,157,6.005,True
2024-06-03,Phu My Hung,District 7,Smoothie,56,2.618,True
2024-06-03,Phu My Hung,District 7,Bakery,101,2.747,True
2024-06-04,Phu My Hung,District 7,Coffee,213,8.307,False
2024-06-04,Phu My Hung,District 7,Tea,178,8.01,False
2024-06-04,Phu My Hung,District 7,Smoothie,60,3.3,False
2024-06-04,Phu My Hung,District 7,Bakery,79,2.528,False
2024-06-05,Phu My Hung,District 7,Coffee,229,8.931,False
2024-06-05,Phu My Hung,District 7,Tea,121,5.445,False
2024-06-05,Phu My Hung,District 7,Smoothie,52,2.86,False
2024-06-05,Phu My Hung,District 7,Bakery,101,3.232,False
2024-06-06,Phu My Hung,District 7,Coffee,215,8.385,False
2024-06-06,Phu My Hung,District 7,Tea,136,6.12,False
2024-06-06,Phu My Hung,District 7,Smoothie,54,2.97,False
2024-06-06,Phu My Hung,District 7,Bakery,86,2.752,False
2024-06-07,Phu My Hung,District 7,Coffee,213,8.307,False
2024-06-07,Phu My Hung,District 7,Tea,142,6.39,False
2024-06-07,Phu My Hung,District 7,Smoothie,62,3.41,False
2024-06-07,Phu My Hung,District 7,Bakery,74,2.368,False
2024-06-08,Phu My Hung,District 7,Coffee,309,12.051,False
2024-06-08,Phu My Hung,District 7,Tea,156,7.02,False
2024-06-08,Phu My Hung,District 7,Smoothie,69,3.795,False
2024-06-08,Phu My Hung,District 7,Bakery,111,3.552,False
2024-06-09,Phu My Hung,District 7,Coffee,304,11.856,False
2024-06-09,Phu My Hung,District 7,Tea,202,9.09,False
2024-06-09,Phu My Hung,District 7,Smoothie,62,3.41,False
2024-06-09,Phu My Hung,District 7,Bakery,103,3.296,False
2024-06-10,Phu My Hung,District 7,Coffee,228,8.892,False
2024-06-10,Phu My Hung,District 7,Tea,141,6.345,False
2024-06-10,Phu My Hung,District 7,Smoothie,53,2.915,False
2024-06-10,Phu My Hung,District 7,Bakery,99,3.168,False
2024-06-11,Phu My Hung,District 7,Coffee,216,8.424,False
2024-06-11,Phu My Hung,District 7,Tea,130,5.85,False
2024-06-11,Phu My Hung,District 7,Smoothie,46,2.53,False
2024-06-11,Phu My Hung,District 7,Bakery,73,2.336,False
2024-06-12,Phu My Hung,District 7,Coffee,194,7.566,False
2024-06-12,Phu My Hung,District 7,Tea,138,6.21,False
2024-06-12,Phu My Hung,District 7,Smoothie,62,3.41,False
2024-06-12,Phu My Hung,District 7,Bakery,90,2.88,False
2024-06-13,Phu My Hung,District 7,Coffee,225,8.775,False
2024-06-13,Phu My Hung,District 7,Tea,131,5.895,False
2024-06-13,Phu My Hung,District 7,Smoothie,38,2.09,False
2024-06-13,Phu My Hung,District 7,Bakery,77,2.464,False
2024-06-14,Phu My Hung,District 7,Coffee,249,9.711,False
2024-06-14,Phu My Hung,District 7,Tea,139,6.255,False
2024-06-14,Phu My Hung,District 7,Smoothie,54,2.97,False
2024-06-14,Phu My Hung,District 7,Bakery,75,2.4,False
2024-06-15,Phu My Hung,District 7,Coffee,260,10.14,False
2024-06-15,Phu My Hung,District 7,Tea,197,8.865,False
2024-06-15,Phu My Hung,District 7,Smoothie,64,3.52,False
2024-06-15,Phu My Hung,District 7,Bakery,106,3.392,False
2024-06-16,Phu My Hung,District 7,Coffee,270,10.53,False
2024-06-16,Phu My Hung,District 7,Tea,182,8.19,False
2024-06-16,Phu My Hung,District 7,Smoothie,78,4.29,False
2024-06-16,Phu My Hung,District 7,Bakery,102,3.264,False
2024-06-17,Phu My Hung,District 7,Coffee,217,8.463,False
2024-06-17,Phu My Hung,District 7,Tea,141,6.345,False
2024-06-17,Phu My Hung,District 7,Smoothie,62,3.41,False
2024-06-17,Phu My Hung,District 7,Bakery,84,2.688,False
2024-06-18,Phu My Hung,District 7,Coffee,210,8.19,False
2024-06-18,Phu My Hung,District 7,Tea,143,6.435,False
2024-06-18,Phu My Hung,District 7,Smoothie,66,3.63,False
2024-06-18,Phu My Hung,District 7,Bakery,73,2.336,False
2024-06-19,Phu My Hung,District 7,Coffee,215,8.385,False
2024-06-19,Phu My Hung,District 7,Tea,172,7.74,False
2024-06-19,Phu My Hung,District 7,Smoothie,70,3.85,False
2024-06-19,Phu My Hung,District 7,Bakery,97,3.104,False
2024-06-20,Phu My Hung,District 7,Coffee,226,8.814,False
2024-06-20,Phu My Hung,District 7,Tea,137,6.165,False
2024-06-20,Phu My Hung,District 7,Smoothie,55,3.025,False
2024-06-20,Phu My Hung,District 7,Bakery,95,3.04,False
2024-06-21,Phu My Hung,District 7,Coffee,222,8.658,False
2024-06-21,Phu My Hung,District 7,Tea,155,6.975,False
2024-06-21,Phu My Hung,District 7,Smoothie,57,3.135,False
2024-06-21,Phu My Hung,District 7,Bakery,101,3.232,False
2024-06-22,Phu My Hung,District 7,Coffee,279,10.881,False
2024-06-22,Phu My Hung,District 7,Tea,176,7.92,False
2024-06-22,Phu My Hung,District 7,Smoothie,70,3.85,False
2024-06-22,Phu My Hung,District 7,Bakery,112,3.584,False
2024-06-23,Phu My Hung,District 7,Coffee,281,10.959,False
2024-06-23,Phu My Hung,District 7,Tea,173,7.785,False
2024-06-23,Phu My Hung,District 7,Smoothie,64,3.52,False
2024-06-23,Phu My Hung,District 7,Bakery,109,3.488,False
2024-06-24,Phu My Hung,District 7,Coffee,207,8.073,False
2024-06-24,Phu My Hung,District 7,Tea,133,5.985,False
2024-06-24,Phu My Hung,District 7,Smoothie,48,2.64,False
2024-06-24,Phu My Hung,District 7,Bakery,82,2.624,False
2024-06-25,Phu My Hung,District 7,Coffee,219,8.541,False
2024-06-25,Phu My Hung,District 7,Tea,134,6.03,False
2024-06-25,Phu My Hung,District 7,Smoothie,60,3.3,False
2024-06-25,Phu My Hung,District 7,Bakery,81,2.592,False
2024-06-26,Phu My Hung,District 7,Coffee,245,9.555,False
2024-06-26,Phu My Hung,District 7,Tea,161,7.245,False
2024-06-26,Phu My Hung,District 7,Smoothie,58,3.19,False
2024-06-26,Phu My Hung,District 7,Bakery,103,3.296,False
2024-06-27,Phu My Hung,District 7,Coffee,234,9.126,False
2024-06-27,Phu My Hung,District 7,Tea,142,6.39,False
2024-06-27,Phu My Hung,District 7,Smoothie,57,3.135,False
2024-06-27,Phu My Hung,District 7,Bakery,93,2.976,False
2024-06-28,Phu My Hung,District 7,Coffee,210,8.19,False
2024-06-28,Phu My Hung,District 7,Tea,149,6.705,False
2024-06-28,Phu My Hung,District 7,Smoothie,60,3.3,False
2024-06-28,Phu My Hung,District 7,Bakery,102,3.264,False
2024-06-29,Phu My Hung,District 7,Coffee,278,10.842,False
2024-06-29,Phu My Hung,District 7,Tea,188,8.46,False
2024-06-29,Phu My Hung,District 7,Smoothie,67,3.685,False
2024-06-29,Phu My Hung,District 7,Bakery,101,3.232,False
2024-06-30,Phu My Hung,District 7,Coffee,272,10.608,False
2024-06-30,Phu My Hung,District 7,Tea,157,7.065,False
2024-06-30,Phu My Hung,District 7,Smoothie,56,3.08,False
2024-06-30,Phu My Hung,District 7,Bakery,94,3.008,False
2024-07-01,Phu My Hung,District 7,Coffee,282,9.348,True
2024-07-01,Phu My Hung,District 7,Tea,169,6.464,True
2024-07-01,Phu My Hung,District 7,Smoothie,58,2.712,True
2024-07-01,Phu My Hung,District 7,Bakery,102,2.774,True
2024-07-02,Phu My Hung,District 7,Coffee,240,7.956,True
2024-07-02,Phu My Hung,District 7,Tea,163,6.235,True
2024-07-02,Phu My Hung,District 7,Smoothie,63,2.945,True
2024-07-02,Phu My Hung,District 7,Bakery,105,2.856,True
2024-07-03,Phu My Hung,District 7,Coffee,259,8.586,True
2024-07-03,Phu My Hung,District 7,Tea,186,7.114,True
2024-07-03,Phu My Hung,District 7,Smoothie,57,2.665,True
2024-07-03,Phu My Hung,District 7,Bakery,103,2.802,True
2024-07-04,Phu My Hung,District 7,Coffee,235,9.165,False
2024-07-04,Phu My Hung,District 7,Tea,145,6.525,False
2024-07-04,Phu My Hung,District 7,Smoothie,54,2.97,False
2024-07-04,Phu My Hung,District 7,Bakery,89,2.848,False
2024-07-05,Phu My Hung,District 7,Coffee,253,9.867,False
2024-07-05,Phu My Hung,District 7,Tea,136,6.12,False
2024-07-05,Phu My Hung,District 7,Smoothie,44,2.42,False
2024-07-05,Phu My Hung,District 7,Bakery,92,2.944,False
2024-07-06,Phu My Hung,District 7,Coffee,254,9.906,False
2024-07-06,Phu My Hung,District 7,Tea,195,8.775,False
2024-07-06,Phu My Hung,District 7,Smoothie,72,3.96,False
2024-07-06,Phu My Hung,District 7,Bakery,108,3.456,False
2024-07-07,Phu My Hung,District 7,Coffee,265,10.335,False
2024-07-07,Phu My Hung,District 7,Tea,172,7.74,False
2024-07-07,Phu My Hung,District 7,Smoothie,67,3.685,False
2024-07-07,Phu My Hung,District 7,Bakery,101,3.232,False
2024-07-08,Phu My Hung,District 7,Coffee,225,8.775,False
2024-07-08,Phu My Hung,District 7,Tea,153,6.885,False
2024-07-08,Phu My Hung,District 7,Smoothie,63,3.465,False
2024-07-08,Phu My Hung,District 7,Bakery,92,2.944,False
2024-07-09,Phu My Hung,District 7,Coffee,214,8.346,False
2024-07-09,Phu My Hung,District 7,Tea,160,7.2,False
2024-07-09,Phu My Hung,District 7,Smoothie,59,3.245,False
2024-07-09,Phu My Hung,District 7,Bakery,78,2.496,False
2024-07-10,Phu My Hung,District 7,Coffee,215,8.385,False
2024-07-10,Phu My Hung,District 7,Tea,120,5.4,False
2024-07-10,Phu My Hung,District 7,Smoothie,59,3.245,False
2024-07-10,Phu My Hung,District 7,Bakery,71,2.272,False
2024-07-11,Phu My Hung,District 7,Coffee,233,9.087,False
2024-07-11,Phu My Hung,District 7,Tea,139,6.255,False
2024-07-11,Phu My Hung,District 7,Smoothie,79,4.345,False
2024-07-11,Phu My Hung,District 7,Bakery,95,3.04,False
2024-07-12,Phu My Hung,District 7,Coffee,242,9.438,False
2024-07-12,Phu My Hung,District 7,Tea,154,6.93,False
2024-07-12,Phu My Hung,District 7,Smoothie,57,3.135,False
2024-07-12,Phu My Hung,District 7,Bakery,95,3.04,False
2024-07-13,Phu My Hung,District 7,Coffee,290,11.31,False
2024-07-13,Phu My Hung,District 7,Tea,177,7.965,False
2024-07-13,Phu My Hung,District 7,Smoothie,70,3.85,False
2024-07-13,Phu My Hung,District 7,Bakery,110,3.52,False
2024-07-14,Phu My Hung,District 7,Coffee,251,9.789,False
2024-07-14,Phu My Hung,District 7,Tea,160,7.2,False
2024-07-14,Phu My Hung,District 7,Smoothie,73,4.015,False
2024-07-14,Phu My Hung,District 7,Bakery,83,2.656,False
2024-07-15,Phu My Hung,District 7,Coffee,234,9.126,False
2024-07-15,Phu My Hung,District 7,Tea,144,6.48,False
2024-07-15,Phu My Hung,District 7,Smoothie,67,3.685,False
2024-07-15,Phu My Hung,District 7,Bakery,92,2.944,False
2024-07-16,Phu My Hung,District 7,Coffee,234,9.126,False
2024-07-16,Phu My Hung,District 7,Tea,123,5.535,False
2024-07-16,Phu My Hung,District 7,Smoothie,65,3.575,False
2024-07-16,Phu My Hung,District 7,Bakery,93,2.976,False
2024-07-17,Phu My Hung,District 7,Coffee,242,9.438,False
2024-07-17,Phu My Hung,District 7,Tea,132,5.94,False
2024-07-17,Phu My Hung,District 7,Smoothie,65,3.575,False
2024-07-17,Phu My Hung,District 7,Bakery,78,2.496,False
2024-07-18,Phu My Hung,District 7,Coffee,222,8.658,False
2024-07-18,Phu My Hung,District 7,Tea,141,6.345,False
2024-07-18,Phu My Hung,District 7,Smoothie,57,3.135,False
2024-07-18,Phu My Hung,District 7,Bakery,78,2.496,False
2024-07-19,Phu My Hung,District 7,Coffee,214,8.346,False
2024-07-19,Phu My Hung,District 7,Tea,148,6.66,False
2024-07-19,Phu My Hung,District 7,Smoothie,63,3.465,False
2024-07-19,Phu My Hung,District 7,Bakery,80,2.56,False
2024-07-20,Phu My Hung,District 7,Coffee,295,11.505,False
2024-07-20,Phu My Hung,District 7,Tea,154,6.93,False
2024-07-20,Phu My Hung,District 7,Smoothie,68,3.74,False
2024-07-20,Phu My Hung,District 7,Bakery,111,3.552,False
2024-07-21,Phu My Hung,District 7,Coffee,260,10.14,False
2024-07-21,Phu My Hung,District 7,Tea,181,8.145,False
2024-07-21,Phu My Hung,District 7,Smoothie,82,4.51,False
2024-07-21,Phu My Hung,District 7,Bakery,109,3.488,False
2024-07-22,Phu My Hung,District 7,Coffee,215,8.385,False
2024-07-22,Phu My Hung,District 7,Tea,127,5.715,False
2024-07-22,Phu My Hung,District 7,Smoothie,55,3.025,False
2024-07-22,Phu My Hung,District 7,Bakery,75,2.4,False
2024-07-23,Phu My Hung,District 7,Coffee,231,9.009,False
2024-07-23,Phu My Hung,District 7,Tea,148,6.66,False
2024-07-23,Phu My Hung,District 7,Smoothie,77,4.235,False
2024-07-23,Phu My Hung,District 7,Bakery,87,2.784,False
2024-07-24,Phu My Hung,District 7,Coffee,206,8.034,False
2024-07-24,Phu My Hung,District 7,Tea,129,5.805,False
2024-07-24,Phu My Hung,District 7,Smoothie,65,3.575,False
2024-07-24,Phu My Hung,District 7,Bakery,97,3.104,False
2024-07-25,Phu My Hung,District 7,Coffee,222,8.658,False
2024-07-25,Phu My Hung,District 7,Tea,133,5.985,False
2024-07-25,Phu My Hung,District 7,Smoothie,55,3.025,False
2024-07-25,Phu My Hung,District 7,Bakery,82,2.624,False
2024-07-26,Phu My Hung,District 7,Coffee,213,8.307,False
2024-07-26,Phu My Hung,District 7,Tea,148,6.66,False
2024-07-26,Phu My Hung,District 7,Smoothie,67,3.685,False
2024-07-26,Phu My Hung,District 7,Bakery,72,2.304,False
2024-07-27,Phu My Hung,District 7,Coffee,244,9.516,False
2024-07-27,Phu My Hung,District 7,Tea,182,8.19,False
2024-07-27,Phu My Hung,District 7,Smoothie,61,3.355,False
2024-07-27,Phu My Hung,District 7,Bakery,120,3.84,False
2024-07-28,Phu My Hung,District 7,Coffee,277,10.803,False
2024-07-28,Phu My Hung,District 7,Tea,156,7.02,False
2024-07-28,Phu My Hung,District 7,Smoothie,67,3.685,False
2024-07-28,Phu My Hung,District 7,Bakery,104,3.328,False
2024-07-29,Phu My Hung,District 7,Coffee,236,9.204,False
2024-07-29,Phu My Hung,District 7,Tea,151,6.795,False
2024-07-29,Phu My Hung,District 7,Smoothie,68,3.74,False
2024-07-29,Phu My Hung,District 7,Bakery,88,2.816,False
2024-07-30,Phu My Hung,District 7,Coffee,205,7.995,False
2024-07-30,Phu My Hung,District 7,Tea,145,6.525,False
2024-07-30,Phu My Hung,District 7,Smoothie,73,4.015,False
2024-07-30,Phu My Hung,District 7,Bakery,81,2.592,False
2024-07-31,Phu My Hung,District 7,Coffee,242,9.438,False
2024-07-31,Phu My Hung,District 7,Tea,165,7.425,False
2024-07-31,Phu My Hung,District 7,Smoothie,60,3.3,False
2024-07-31,Phu My Hung,District 7,Bakery,84,2.688,False
2024-08-01,Phu My Hung,District 7,Coffee,290,9.614,True
2024-08-01,Phu My Hung,District 7,Tea,179,6.847,True
2024-08-01,Phu My Hung,District 7,Smoothie,74,3.459,True
2024-08-01,Phu My Hung,District 7,Bakery,95,2.584,True
2024-08-02,Phu My Hung,District 7,Coffee,289,9.58,True
2024-08-02,Phu My Hung,District 7,Tea,157,6.005,True
2024-08-02,Phu My Hung,District 7,Smoothie,69,3.226,True
2024-08-02,Phu My Hung,District 7,Bakery,103,2.802,True
2024-08-03,Phu My Hung,District 7,Coffee,323,10.707,True
2024-08-03,Phu My Hung,District 7,Tea,199,7.612,True
2024-08-03,Phu My Hung,District 7,Smoothie,79,3.693,True
2024-08-03,Phu My Hung,District 7,Bakery,119,3.237,True
2024-08-04,Phu My Hung,District 7,Coffee,272,10.608,False
2024-08-04,Phu My Hung,District 7,Tea,185,8.325,False
2024-08-04,Phu My Hung,District 7,Smoothie,69,3.795,False
2024-08-04,Phu My Hung,District 7,Bakery,107,3.424,False
2024-08-05,Phu My Hung,District 7,Coffee,229,8.931,False
2024-08-05,Phu My Hung,District 7,Tea,134,6.03,False
2024-08-05,Phu My Hung,District 7,Smoothie,63,3.465,False
2024-08-05,Phu My Hung,District 7,Bakery,73,2.336,False
2024-08-06,Phu My Hung,District 7,Coffee,208,8.112,False
2024-08-06,Phu My Hung,District 7,Tea,126,5.67,False
2024-08-06,Phu My Hung,District 7,Smoothie,55,3.025,False
2024-08-06,Phu My Hung,District 7,Bakery,71,2.272,False
2024-08-07,Phu My Hung,District 7,Coffee,239,9.321,False
2024-08-07,Phu My Hung,District 7,Tea,150,6.75,False
2024-08-07,Phu My Hung,District 7,Smoothie,45,2.475,False
2024-08-07,Phu My Hung,District 7,Bakery,80,2.56,False
2024-08-08,Phu My Hung,District 7,Coffee,227,8.853,False
2024-08-08,Phu My Hung,District 7,Tea,135,6.075,False
2024-08-08,Phu My Hung,District 7,Smoothie,55,3.025,False
2024-08-08,Phu My Hung,District 7,Bakery,97,3.104,False
2024-08-09,Phu My Hung,District 7,Coffee,215,8.385,False
2024-08-09,Phu My Hung,District 7,Tea,150,6.75,False
2024-08-09,Phu My Hung,District 7,Smoothie,70,3.85,False
2024-08-09,Phu My Hung,District 7,Bakery,79,2.528,False
2024-08-10,Phu My Hung,District 7,Coffee,265,10.335,False
2024-08-10,Phu My Hung,District 7,Tea,177,7.965,False
2024-08-10,Phu My Hung,District 7,Smoothie,57,3.135,False
2024-08-10,Phu My Hung,District 7,Bakery,105,3.36,False
2024-08-11,Phu My Hung,District 7,Coffee,306,11.934,False
2024-08-11,Phu My Hung,District 7,Tea,203,9.135,False
2024-08-11,Phu My Hung,District 7,Smoothie,61,3.355,False
2024-08-11,Phu My Hung,District 7,Bakery,108,3.456,False
2024-08-12,Phu My Hung,District 7,Coffee,220,8.58,False
2024-08-12,Phu My Hung,District 7,Tea,123,5.535,False
2024-08-12,Phu My Hung,District 7,Smoothie,56,3.08,False
2024-08-12,Phu My Hung,District 7,Bakery,86,2.752,False
2024-08-13,Phu My Hung,District 7,Coffee,221,8.619,False
2024-08-13,Phu My Hung,District 7,Tea,126,5.67,False
2024-08-13,Phu My Hung,District 7,Smoothie,47,2.585,False
2024-08-13,Phu My Hung,District 7,Bakery,84,2.688,False
2024-08-14,Phu My Hung,District 7,Coffee,222,8.658,False
2024-08-14,Phu My Hung,District 7,Tea,117,5.265,False
2024-08-14,Phu My Hung,District 7,Smoothie,77,4.235,False
2024-08-14,Phu My Hung,District 7,Bakery,75,2.4,False
2024-08-15,Phu My Hung,District 7,Coffee,245,9.555,False
2024-08-15,Phu My Hung,District 7,Tea,142,6.39,False
2024-08-15,Phu My Hung,District 7,Smoothie,52,2.86,False
2024-08-15,Phu My Hung,District 7,Bakery,80,2.56,False
2024-08-16,Phu My Hung,District 7,Coffee,223,8.697,False
2024-08-16,Phu My Hung,District 7,Tea,150,6.75,False
2024-08-16,Phu My Hung,District 7,Smoothie,68,3.74,False
2024-08-16,Phu My Hung,District 7,Bakery,94,3.008,False
2024-08-17,Phu My Hung,District 7,Coffee,286,11.154,False
2024-08-17,Phu My Hung,District 7,Tea,176,7.92,False
2024-08-17,Phu My Hung,District 7,Smoothie,60,3.3,False
2024-08-17,Phu My Hung,District 7,Bakery,125,4.0,False
2024-08-18,Phu My Hung,District 7,Coffee,290,11.31,False
2024-08-18,Phu My Hung,District 7,Tea,163,7.335,False
2024-08-18,Phu My Hung,District 7,Smoothie,68,3.74,False
2024-08-18,Phu My Hung,District 7,Bakery,120,3.84,False
2024-08-19,Phu My Hung,District 7,Coffee,221,8.619,False
2024-08-19,Phu My Hung,District 7,Tea,130,5.85,False
2024-08-19,Phu My Hung,District 7,Smoothie,57,3.135,False
2024-08-19,Phu My Hung,District 7,Bakery,99,3.168,False
2024-08-20,Phu My Hung,District 7,Coffee,232,9.048,False
2024-08-20,Phu My Hung,District 7,Tea,142,6.39,False
2024-08-20,Phu My Hung,District 7,Smoothie,70,3.85,False
2024-08-20,Phu My Hung,District 7,Bakery,88,2.816,False
2024-08-21,Phu My Hung,District 7,Coffee,242,9.438,False
2024-08-21,Phu My Hung,District 7,Tea,140,6.3,False
2024-08-21,Phu My Hung,District 7,Smoothie,65,3.575,False
2024-08-21,Phu My Hung,District 7,Bakery,104,3.328,False
2024-08-22,Phu My Hung,District 7,Coffee,207,8.073,False
2024-08-22,Phu My Hung,District 7,Tea,161,7.245,False
2024-08-22,Phu My Hung,District 7,Smoothie,54,2.97,False
2024-08-22,Phu My Hung,District 7,Bakery,66,2.112,False
2024-08-23,Phu My Hung,District 7,Coffee,238,9.282,False
2024-08-23,Phu My Hung,District 7,Tea,136,6.12,False
2024-08-23,Phu My Hung,District 7,Smoothie,56,3.08,False
2024-08-23,Phu My Hung,District 7,Bakery,96,3.072,False
2024-08-24,Phu My Hung,District 7,Coffee,283,11.037,False
2024-08-24,Phu My Hung,District 7,Tea,175,7.875,False
2024-08-24,Phu My Hung,District 7,Smoothie,75,4.125,False
2024-08-24,Phu My Hung,District 7,Bakery,104,3.328,False
2024-08-25,Phu My Hung,District 7,Coffee,303,11.817,False
2024-08-25,Phu My Hung,District 7,Tea,174,7.83,False
2024-08-25,Phu My Hung,District 7,Smoothie,76,4.18,False
2024-08-25,Phu My Hung,District 7,Bakery,95,3.04,False
2024-08-26,Phu My Hung,District 7,Coffee,217,8.463,False
2024-08-26,Phu My Hung,District 7,Tea,167,7.515,False
2024-08-26,Phu My Hung,District 7,Smoothie,52,2.86,False
2024-08-26,Phu My Hung,District 7,Bakery,88,2.816,False
2024-08-27,Phu My Hung,District 7,Coffee,208,8.112,False
2024-08-27,Phu My Hung,District 7,Tea,157,7.065,False
2024-08-27,Phu My Hung,District 7,Smoothie,63,3.465,False
2024-08-27,Phu My Hung,District 7,Bakery,94,3.008,False
2024-08-28,Phu My Hung,District 7,Coffee,225,8.775,False
2024-08-28,Phu My Hung,District 7,Tea,134,6.03,False
2024-08-28,Phu My Hung,District 7,Smoothie,66,3.63,False
2024-08-28,Phu My Hung,District 7,Bakery,80,2.56,False
2024-08-29,Phu My Hung,District 7,Coffee,201,7.839,False
2024-08-29,Phu My Hung,District 7,Tea,147,6.615,False
2024-08-29,Phu My Hung,District 7,Smoothie,51,2.805,False
2024-08-29,Phu My Hung,District 7,Bakery,81,2.592,False
2024-08-30,Phu My Hung,District 7,Coffee,202,7.878,False
2024-08-30,Phu My Hung,District 7,Tea,130,5.85,False
2024-08-30,Phu My Hung,District 7,Smoothie,48,2.64,False
2024-08-30,Phu My Hung,District 7,Bakery,99,3.168,False
2024-08-31,Phu My Hung,District 7,Coffee,289,11.271,False
2024-08-31,Phu My Hung,District 7,Tea,184,8.28,False
2024-08-31,Phu My Hung,District 7,Smoothie,79,4.345,False
2024-08-31,Phu My Hung,District 7,Bakery,122,3.904,False
2024-09-01,Phu My Hung,District 7,Coffee,317,10.509,True
2024-09-01,Phu My Hung,District 7,Tea,188,7.191,True
2024-09-01,Phu My Hung,District 7,Smoothie,89,4.161,True
2024-09-01,Phu My Hung,District 7,Bakery,107,2.91,True
2024-09-02,Phu My Hung,District 7,Coffee,266,8.818,True
2024-09-02,Phu My Hung,District 7,Tea,147,5.623,True
2024-09-02,Phu My Hung,District 7,Smoothie,49,2.291,True
2024-09-02,Phu My Hung,District 7,Bakery,99,2.693,True
2024-09-03,Phu My Hung,District 7,Coffee,283,9.381,True
2024-09-03,Phu My Hung,District 7,Tea,164,6.273,True
2024-09-03,Phu My Hung,District 7,Smoothie,81,3.787,True
2024-09-03,Phu My Hung,District 7,Bakery,102,2.774,True
2024-09-04,Phu My Hung,District 7,Coffee,228,8.892,False
2024-09-04,Phu My Hung,District 7,Tea,141,6.345,False
2024-09-04,Phu My Hung,District 7,Smoothie,56,3.08,False
2024-09-04,Phu My Hung,District 7,Bakery,93,2.976,False
2024-09-05,Phu My Hung,District 7,Coffee,229,8.931,False
2024-09-05,Phu My Hung,District 7,Tea,150,6.75,False
2024-09-05,Phu My Hung,District 7,Smoothie,74,4.07,False
2024-09-05,Phu My Hung,District 7,Bakery,73,2.336,False
2024-09-06,Phu My Hung,District 7,Coffee,220,8.58,False
2024-09-06,Phu My Hung,District 7,Tea,145,6.525,False
2024-09-06,Phu My Hung,District 7,Smoothie,56,3.08,False
2024-09-06,Phu My Hung,District 7,Bakery,85,2.72,False
2024-09-07,Phu My Hung,District 7,Coffee,257,10.023,False
2024-09-07,Phu My Hung,District 7,Tea,152,6.84,False
2024-09-07,Phu My Hung,District 7,Smoothie,73,4.015,False
2024-09-07,Phu My Hung,District 7,Bakery,106,3.392,False
2024-09-08,Phu My Hung,District 7,Coffee,273,10.647,False
2024-09-08,Phu My Hung,District 7,Tea,176,7.92,False
2024-09-08,Phu My Hung,District 7,Smoothie,61,3.355,False
2024-09-08,Phu My Hung,District 7,Bakery,91,2.912,False
2024-09-09,Phu My Hung,District 7,Coffee,230,8.97,False
2024-09-09,Phu My Hung,District 7,Tea,120,5.4,False
2024-09-09,Phu My Hung,District 7,Smoothie,56,3.08,False
2024-09-09,Phu My Hung,District 7,Bakery,91,2.912,False
2024-09-10,Phu My Hung,District 7,Coffee,245,9.555,False
2024-09-10,Phu My Hung,District 7,Tea,139,6.255,False
2024-09-10,Phu My Hung,District 7,Smoothie,56,3.08,False
2024-09-10,Phu My Hung,District 7,Bakery,81,2.592,False
2024-09-11,Phu My Hung,District 7,Coffee,224,8.736,False
2024-09-11,Phu My Hung,District 7,Tea,144,6.48,False
2024-09-11,Phu My Hung,District 7,Smoothie,60,3.3,False
2024-09-11,Phu My Hung,District 7,Bakery,106,3.392,False
2024-09-12,Phu My Hung,District 7,Coffee,231,9.009,False
2024-09-12,Phu My Hung,District 7,Tea,124,5.58,False
2024-09-12,Phu My Hung,District 7,Smoothie,61,3.355,False
2024-09-12,Phu My Hung,District 7,Bakery,85,2.72,False
2024-09-13,Phu My Hung,District 7,Coffee,214,8.346,False
2024-09-13,Phu My Hung,District 7,Tea,136,6.12,False
2024-09-13,Phu My Hung,District 7,Smoothie,47,2.585,False
2024-09-13,Phu My Hung,District 7,Bakery,82,2.624,False
2024-09-14,Phu My Hung,District 7,Coffee,304,11.856,False
2024-09-14,Phu My Hung,District 7,Tea,189,8.505,False
2024-09-14,Phu My Hung,District 7,Smoothie,88,4.84,False
2024-09-14,Phu My Hung,District 7,Bakery,98,3.136,False
2024-09-15,Phu My Hung,District 7,Coffee,283,11.037,False
2024-09-15,Phu My Hung,District 7,Tea,180,8.1,False
2024-09-15,Phu My Hung,District 7,Smoothie,72,3.96,False
2024-09-15,Phu My Hung,District 7,Bakery,103,3.296,False
2024-09-16,Phu My Hung,District 7,Coffee,220,8.58,False
2024-09-16,Phu My Hung,District 7,Tea,169,7.605,False
2024-09-16,Phu My Hung,District 7,Smoothie,69,3.795,False
2024-09-16,Phu My Hung,District 7,Bakery,89,2.848,False
2024-09-17,Phu My Hung,District 7,Coffee,234,9.126,False
2024-09-17,Phu My Hung,District 7,Tea,110,4.95,False
2024-09-17,Phu My Hung,District 7,Smoothie,58,3.19,False
2024-09-17,Phu My Hung,District 7,Bakery,98,3.136,False
2024-09-18,Phu My Hung,District 7,Coffee,217,8.463,False
2024-09-18,Phu My Hung,District 7,Tea,128,5.76,False
2024-09-18,Phu My Hung,District 7,Smoothie,54,2.97,False
2024-09-18,Phu My Hung,District 7,Bakery,84,2.688,False
2024-09-19,Phu My Hung,District 7,Coffee,261,10.179,False
2024-09-19,Phu My Hung,District 7,Tea,150,6.75,False
2024-09-19,Phu My Hung,District 7,Smoothie,44,2.42,False
2024-09-19,Phu My Hung,District 7,Bakery,72,2.304,False
2024-09-20,Phu My Hung,District 7,Coffee,237,9.243,False
2024-09-20,Phu My Hung,District 7,Tea,145,6.525,False
2024-09-20,Phu My Hung,District 7,Smoothie,63,3.465,False
2024-09-20,Phu My Hung,District 7,Bakery,87,2.784,False
2024-09-21,Phu My Hung,District 7,Coffee,259,10.101,False
2024-09-21,Phu My Hung,District 7,Tea,200,9.0,False
2024-09-21,Phu My Hung,District 7,Smoothie,66,3.63,False
2024-09-21,Phu My Hung,District 7,Bakery,93,2.976,False
2024-09-22,Phu My Hung,District 7,Coffee,291,11.349,False
2024-09-22,Phu My Hung,District 7,Tea,199,8.955,False
2024-09-22,Phu My Hung,District 7,Smoothie,70,3.85,False
2024-09-22,Phu My Hung,District 7,Bakery,100,3.2,False
2024-09-23,Phu My Hung,District 7,Coffee,225,8.775,False
2024-09-23,Phu My Hung,District 7,Tea,142,6.39,False
2024-09-23,Phu My Hung,District 7,Smoothie,55,3.025,False
2024-09-23,Phu My Hung,District 7,Bakery,104,3.328,False
2024-09-24,Phu My Hung,District 7,Coffee,202,7.878,False
2024-09-24,Phu My Hung,District 7,Tea,121,5.445,False
2024-09-24,Phu My Hung,District 7,Smoothie,48,2.64,False
2024-09-24,Phu My Hung,District 7,Bakery,94,3.008,False
2024-09-25,Phu My Hung,District 7,Coffee,226,8.814,False
2024-09-25,Phu My Hung,District 7,Tea,150,6.75,False
2024-09-25,Phu My Hung,District 7,Smoothie,65,3.575,False
2024-09-25,Phu My Hung,District 7,Bakery,93,2.976,False
2024-09-26,Phu My Hung,District 7,Coffee,218,8.502,False
2024-09-26,Phu My Hung,District 7,Tea,147,6.615,False
2024-09-26,Phu My Hung,District 7,Smoothie,64,3.52,False
2024-09-26,Phu My Hung,District 7,Bakery,79,2.528,False
2024-09-27,Phu My Hung,District 7,Coffee,208,8.112,False
2024-09-27,Phu My Hung,District 7,Tea,153,6.885,False
2024-09-27,Phu My Hung,District 7,Smoothie,61,3.355,False
2024-09-27,Phu My Hung,District 7,Bakery,75,2.4,False
2024-09-28,Phu My Hung,District 7,Coffee,289,11.271,False
2024-09-28,Phu My Hung,District 7,Tea,186,8.37,False
2024-09-28,Phu My Hung,District 7,Smoothie,63,3.465,False
2024-09-28,Phu My Hung,District 7,Bakery,104,3.328,False
2024-09-29,Phu My Hung,District 7,Coffee,288,11.232,False
2024-09-29,Phu My Hung,District 7,Tea,180,8.1,False
2024-09-29,Phu My Hung,District 7,Smoothie,67,3.685,False
2024-09-29,Phu My Hung,District 7,Bakery,120,3.84,False
2024-09-30,Phu My Hung,District 7,Coffee,231,9.009,False
2024-09-30,Phu My Hung,District 7,Tea,127,5.715,False
2024-09-30,Phu My Hung,District 7,Smoothie,61,3.355,False
2024-09-30,Phu My Hung,District 7,Bakery,95,3.04,False
2024-10-01,Phu My Hung,District 7,Coffee,272,9.017,True
2024-10-01,Phu My Hung,District 7,Tea,146,5.585,True
2024-10-01,Phu My Hung,District 7,Smoothie,55,2.571,True
2024-10-01,Phu My Hung,District 7,Bakery,112,3.046,True
2024-10-02,Phu My Hung,District 7,Coffee,264,8.752,True
2024-10-02,Phu My Hung,District 7,Tea,181,6.923,True
2024-10-02,Phu My Hung,District 7,Smoothie,63,2.945,True
2024-10-02,Phu My Hung,District 7,Bakery,102,2.774,True
2024-10-03,Phu My Hung,District 7,Coffee,250,8.287,True
2024-10-03,Phu My Hung,District 7,Tea,163,6.235,True
2024-10-03,Phu My Hung,District 7,Smoothie,61,2.852,True
2024-10-03,Phu My Hung,District 7,Bakery,102,2.774,True
2024-10-04,Phu My Hung,District 7,Coffee,233,9.087,False
2024-10-04,Phu My Hung,District 7,Tea,158,7.11,False
2024-10-04,Phu My Hung,District 7,Smoothie,54,2.97,False
2024-10-04,Phu My Hung,District 7,Bakery,101,3.232,False
2024-10-05,Phu My Hung,District 7,Coffee,278,10.842,False
2024-10-05,Phu My Hung,District 7,Tea,167,7.515,False
2024-10-05,Phu My Hung,District 7,Smoothie,72,3.96,False
2024-10-05,Phu My Hung,District 7,Bakery,122,3.904,False
2024-10-06,Phu My Hung,District 7,Coffee,276,10.764,False
2024-10-06,Phu My Hung,District 7,Tea,179,8.055,False
2024-10-06,Phu My Hung,District 7,Smoothie,66,3.63,False
2024-10-06,Phu My Hung,District 7,Bakery,112,3.584,False
2024-10-07,Phu My Hung,District 7,Coffee,238,9.282,False
2024-10-07,Phu My Hung,District 7,Tea,154,6.93,False
2024-10-07,Phu My Hung,District 7,Smoothie,55,3.025,False
2024-10-07,Phu My Hung,District 7,Bakery,104,3.328,False
2024-10-08,Phu My Hung,District 7,Coffee,243,9.477,False
2024-10-08,Phu My Hung,District 7,Tea,124,5.58,False
2024-10-08,Phu My Hung,District 7,Smoothie,46,2.53,False
2024-10-08,Phu My Hung,District 7,Bakery,80,2.56,False
2024-10-09,Phu My Hung,District 7,Coffee,240,9.36,False
2024-10-09,Phu My Hung,District 7,Tea,164,7.38,False
2024-10-09,Phu My Hung,District 7,Smoothie,61,3.355,False
2024-10-09,Phu My Hung,District 7,Bakery,82,2.624,False
2024-10-10,Phu My Hung,District 7,Coffee,234,9.126,False
2024-10-10,Phu My Hung,District 7,Tea,135,6.075,False
2024-10-10,Phu My Hung,District 7,Smoothie,59,3.245,False
2024-10-10,Phu My Hung,District 7,Bakery,74,2.368,False
2024-10-11,Phu My Hung,District 7,Coffee,226,8.814,False
2024-10-11,Phu My Hung,District 7,Tea,158,7.11,False
2024-10-11,Phu My Hung,District 7,Smoothie,47,2.585,False
2024-10-11,Phu My Hung,District 7,Bakery,93,2.976,False
2024-10-12,Phu My Hung,District 7,Coffee,297,11.583,False
2024-10-12,Phu My Hung,District 7,Tea,180,8.1,False
2024-10-12,Phu My Hung,District 7,Smoothie,68,3.74,False
2024-10-12,Phu My Hung,District 7,Bakery,125,4.0,False
2024-10-13,Phu My Hung,District 7,Coffee,259,10.101,False
2024-10-13,Phu My Hung,District 7,Tea,184,8.28,False
2024-10-13,Phu My Hung,District 7,Smoothie,68,3.74,False
2024-10-13,Phu My Hung,District 7,Bakery,125,4.0,False
2024-10-14,Phu My Hung,District 7,Coffee,224,8.736,False
2024-10-14,Phu My Hung,District 7,Tea,135,6.075,False
2024-10-14,Phu My Hung,District 7,Smoothie,52,2.86,False
2024-10-14,Phu My Hung,District 7,Bakery,84,2.688,False
2024-10-15,Phu My Hung,District 7,Coffee,256,9.984,False
2024-10-15,Phu My Hung,District 7,Tea,136,6.12,False
2024-10-15,Phu My Hung,District 7,Smoothie,59,3.245,False
2024-10-15,Phu My Hung,District 7,Bakery,74,2.368,False
2024-10-16,Phu My Hung,District 7,Coffee,200,7.8,False
2024-10-16,Phu My Hung,District 7,Tea,150,6.75,False
2024-10-16,Phu My Hung,District 7,Smoothie,45,2.475,False
2024-10-16,Phu My Hung,District 7,Bakery,90,2.88,False
2024-10-17,Phu My Hung,District 7,Coffee,223,8.697,False
2024-10-17,Phu My Hung,District 7,Tea,136,6.12,False
2024-10-17,Phu My Hung,District 7,Smoothie,50,2.75,False
2024-10-17,Phu My Hung,District 7,Bakery,92,2.944,False
2024-10-18,Phu My Hung,District 7,Coffee,203,7.917,False
2024-10-18,Phu My Hung,District 7,Tea,148,6.66,False
2024-10-18,Phu My Hung,District 7,Smoothie,57,3.135,False
2024-10-18,Phu My Hung,District 7,Bakery,89,2.848,False
2024-10-19,Phu My Hung,District 7,Coffee,257,10.023,False
2024-10-19,Phu My Hung,District 7,Tea,173,7.785,False
2024-10-19,Phu My Hung,District 7,Smoothie,71,3.905,False
2024-10-19,Phu My Hung,District 7,Bakery,113,3.616,False
2024-10-20,Phu My Hung,District 7,Coffee,286,11.154,False
2024-10-20,Phu My Hung,District 7,Tea,160,7.2,False
2024-10-20,Phu My Hung,District 7,Smoothie,65,3.575,False
2024-10-20,Phu My Hung,District 7,Bakery,115,3.68,False
2024-10-21,Phu My Hung,District 7,Coffee,253,9.867,False
2024-10-21,Phu My Hung,District 7,Tea,157,7.065,False
2024-10-21,Phu My Hung,District 7,Smoothie,65,3.575,False
2024-10-21,Phu My Hung,District 7,Bakery,79,2.528,False
2024-10-22,Phu My Hung,District 7,Coffee,208,8.112,False
2024-10-22,Phu My Hung,District 7,Tea,134,6.03,False
2024-10-22,Phu My Hung,District 7,Smoothie,57,3.135,False
2024-10-22,Phu My Hung,District 7,Bakery,78,2.496,False
2024-10-23,Phu My Hung,District 7,Coffee,229,8.931,False
2024-10-23,Phu My Hung,District 7,Tea,151,6.795,False
2024-10-23,Phu My Hung,District 7,Smoothie,56,3.08,False
2024-10-23,Phu My Hung,District 7,Bakery,100,3.2,False
2024-10-24,Phu My Hung,District 7,Coffee,208,8.112,False
2024-10-24,Phu My Hung,District 7,Tea,147,6.615,False
2024-10-24,Phu My Hung,District 7,Smoothie,51,2.805,False
2024-10-24,Phu My Hung,District 7,Bakery,77,2.464,False
2024-10-25,Phu My Hung,District 7,Coffee,230,8.97,False
2024-10-25,Phu My Hung,District 7,Tea,153,6.885,False
2024-10-25,Phu My Hung,District 7,Smoothie,52,2.86,False
2024-10-25,Phu My Hung,District 7,Bakery,94,3.008,False
2024-10-26,Phu My Hung,District 7,Coffee,297,11.583,False
2024-10-26,Phu My Hung,District 7,Tea,176,7.92,False
2024-10-26,Phu My Hung,District 7,Smoothie,86,4.73,False
2024-10-26,Phu My Hung,District 7,Bakery,95,3.04,False
2024-10-27,Phu My Hung,District 7,Coffee,288,11.232,False
2024-10-27,Phu My Hung,District 7,Tea,180,8.1,False
2024-10-27,Phu My Hung,District 7,Smoothie,72,3.96,False
2024-10-27,Phu My Hung,District 7,Bakery,100,3.2,False
2024-10-28,Phu My Hung,District 7,Coffee,231,9.009,False
2024-10-28,Phu My Hung,District 7,Tea,140,6.3,False
2024-10-28,Phu My Hung,District 7,Smoothie,60,3.3,False
2024-10-28,Phu My Hung,District 7,Bakery,85,2.72,False
2024-10-29,Phu My Hung,District 7,Coffee,217,8.463,False
2024-10-29,Phu My Hung,District 7,Tea,150,6.75,False
2024-10-29,Phu My Hung,District 7,Smoothie,48,2.64,False
2024-10-29,Phu My Hung,District 7,Bakery,85,2.72,False
2024-10-30,Phu My Hung,District 7,Coffee,260,10.14,False
2024-10-30,Phu My Hung,District 7,Tea,142,6.39,False
2024-10-30,Phu My Hung,District 7,Smoothie,49,2.695,False
2024-10-30,Phu My Hung,District 7,Bakery,78,2.496,False
2024-10-31,Phu My Hung,District 7,Coffee,247,9.633,False
2024-10-31,Phu My Hung,District 7,Tea,166,7.47,False
2024-10-31,Phu My Hung,District 7,Smoothie,69,3.795,False
2024-10-31,Phu My Hung,District 7,Bakery,70,2.24,False
2024-11-01,Phu My Hung,District 7,Coffee,293,9.713,True
2024-11-01,Phu My Hung,District 7,Tea,178,6.809,True
2024-11-01,Phu My Hung,District 7,Smoothie,90,4.207,True
2024-11-01,Phu My Hung,District 7,Bakery,112,3.046,True
2024-11-02,Phu My Hung,District 7,Coffee,374,12.398,True
2024-11-02,Phu My Hung,District 7,Tea,215,8.224,True
2024-11-02,Phu My Hung,District 7,Smoothie,68,3.179,True
2024-11-02,Phu My Hung,District 7,Bakery,145,3.944,True
2024-11-03,Phu My Hung,District 7,Coffee,358,11.868,True
2024-11-03,Phu My Hung,District 7,Tea,201,7.688,True
2024-11-03,Phu My Hung,District 7,Smoothie,94,4.394,True
2024-11-03,Phu My Hung,District 7,Bakery,120,3.264,True
2024-11-04,Phu My Hung,District 7,Coffee,236,9.204,False
2024-11-04,Phu My Hung,District 7,Tea,135,6.075,False
2024-11-04,Phu My Hung,District 7,Smoothie,66,3.63,False
2024-11-04,Phu My Hung,District 7,Bakery,97,3.104,False
2024-11-05,Phu My Hung,District 7,Coffee,268,10.452,False
2024-11-05,Phu My Hung,District 7,Tea,163,7.335,False
2024-11-05,Phu My Hung,District 7,Smoothie,63,3.465,False
2024-11-05,Phu My Hung,District 7,Bakery,86,2.752,False
2024-11-06,Phu My Hung,District 7,Coffee,241,9.399,False
2024-11-06,Phu My Hung,District 7,Tea,149,6.705,False
2024-11-06,Phu My Hung,District 7,Smoothie,61,3.355,False
2024-11-06,Phu My Hung,District 7,Bakery,88,2.816,False
2024-11-07,Phu My Hung,District 7,Coffee,243,9.477,False
2024-11-07,Phu My Hung,District 7,Tea,135,6.075,False
2024-11-07,Phu My Hung,District 7,Smoothie,66,3.63,False
2024-11-07,Phu My Hung,District 7,Bakery,81,2.592,False
2024-11-08,Phu My Hung,District 7,Coffee,234,9.126,False
2024-11-08,Phu My Hung,District 7,Tea,150,6.75,False
2024-11-08,Phu My Hung,District 7,Smoothie,48,2.64,False
2024-11-08,Phu My Hung,District 7,Bakery,96,3.072,False
2024-11-09,Phu My Hung,District 7,Coffee,272,10.608,False
2024-11-09,Phu My Hung,District 7,Tea,171,7.695,False
2024-11-09,Phu My Hung,District 7,Smoothie,57,3.135,False
2024-11-09,Phu My Hung,District 7,Bakery,122,3.904,False
2024-11-10,Phu My Hung,District 7,Coffee,301,11.739,False
2024-11-10,Phu My Hung,District 7,Tea,182,8.19,False
2024-11-10,Phu My Hung,District 7,Smoothie,67,3.685,False
2024-11-10,Phu My Hung,District 7,Bakery,121,3.872,False
2024-11-11,Phu My Hung,District 7,Coffee,248,9.672,False
2024-11-11,Phu My Hung,District 7,Tea,124,5.58,False
2024-11-11,Phu My Hung,District 7,Smoothie,57,3.135,False
2024-11-11,Phu My Hung,District 7,Bakery,96,3.072,False
2024-11-12,Phu My Hung,District 7,Coffee,232,9.048,False
2024-11-12,Phu My Hung,District 7,Tea,137,6.165,False
2024-11-12,Phu My Hung,District 7,Smoothie,57,3.135,False
2024-11-12,Phu My Hung,District 7,Bakery,109,3.488,False
2024-11-13,Phu My Hung,District 7,Coffee,252,9.828,False
2024-11-13,Phu My Hung,District 7,Tea,155,6.975,False
2024-11-13,Phu My Hung,District 7,Smoothie,56,3.08,False
2024-11-13,Phu My Hung,District 7,Bakery,128,4.096,False
2024-11-14,Phu My Hung,District 7,Coffee,234,9.126,False
2024-11-14,Phu My Hung,District 7,Tea,165,7.425,False
2024-11-14,Phu My Hung,District 7,Smoothie,70,3.85,False
2024-11-14,Phu My Hung,District 7,Bakery,99,3.168,False
2024-11-15,Phu My Hung,District 7,Coffee,267,10.413,False
2024-11-15,Phu My Hung,District 7,Tea,170,7.65,False
2024-11-15,Phu My Hung,District 7,Smoothie,75,4.125,False
2024-11-15,Phu My Hung,District 7,Bakery,94,3.008,False
2024-11-16,Phu My Hung,District 7,Coffee,327,12.753,False
2024-11-16,Phu My Hung,District 7,Tea,180,8.1,False
2024-11-16,Phu My Hung,District 7,Smoothie,87,4.785,False
2024-11-16,Phu My Hung,District 7,Bakery,121,3.872,False
2024-11-17,Phu My Hung,District 7,Coffee,315,12.285,False
2024-11-17,Phu My Hung,District 7,Tea,188,8.46,False
2024-11-17,Phu My Hung,District 7,Smoothie,80,4.4,False
2024-11-17,Phu My Hung,District 7,Bakery,114,3.648,False
2024-11-18,Phu My Hung,District 7,Coffee,274,10.686,False
2024-11-18,Phu My Hung,District 7,Tea,166,7.47,False
2024-11-18,Phu My Hung,District 7,Smoothie,64,3.52,False
2024-11-18,Phu My Hung,District 7,Bakery,96,3.072,False
2024-11-19,Phu My Hung,District 7,Coffee,263,10.257,False
2024-11-19,Phu My Hung,District 7,Tea,131,5.895,False
2024-11-19,Phu My Hung,District 7,Smoothie,66,3.63,False
2024-11-19,Phu My Hung,District 7,Bakery,107,3.424,False
2024-11-20,Phu My Hung,District 7,Coffee,274,10.686,False
2024-11-20,Phu My Hung,District 7,Tea,149,6.705,False
2024-11-20,Phu My Hung,District 7,Smoothie,53,2.915,False
2024-11-20,Phu My Hung,District 7,Bakery,80,2.56,False
2024-11-21,Phu My Hung,District 7,Coffee,246,9.594,False
2024-11-21,Phu My Hung,District 7,Tea,141,6.345,False
2024-11-21,Phu My Hung,District 7,Smoothie,72,3.96,False
2024-11-21,Phu My Hung,District 7,Bakery,93,2.976,False
2024-11-22,Phu My Hung,District 7,Coffee,242,9.438,False
2024-11-22,Phu My Hung,District 7,Tea,149,6.705,False
2024-11-22,Phu My Hung,District 7,Smoothie,64,3.52,False
2024-11-22,Phu My Hung,District 7,Bakery,101,3.232,False
2024-11-23,Phu My Hung,District 7,Coffee,307,11.973,False
2024-11-23,Phu My Hung,District 7,Tea,172,7.74,False
2024-11-23,Phu My Hung,District 7,Smoothie,71,3.905,False
2024-11-23,Phu My Hung,District 7,Bakery,114,3.648,False
2024-11-24,Phu My Hung,District 7,Coffee,335,13.065,False
2024-11-24,Phu My Hung,District 7,Tea,189,8.505,False
2024-11-24,Phu My Hung,District 7,Smoothie,68,3.74,False
2024-11-24,Phu My Hung,District 7,Bakery,128,4.096,False
2024-11-25,Phu My Hung,District 7,Coffee,228,8.892,False
2024-11-25,Phu My Hung,District 7,Tea,145,6.525,False
2024-11-25,Phu My Hung,District 7,Smoothie,52,2.86,False
2024-11-25,Phu My Hung,District 7,Bakery,115,3.68,False
2024-11-26,Phu My Hung,District 7,Coffee,231,9.009,False
2024-11-26,Phu My Hung,District 7,Tea,122,5.49,False
2024-11-26,Phu My Hung,District 7,Smoothie,77,4.235,False
2024-11-26,Phu My Hung,District 7,Bakery,111,3.552,False
2024-11-27,Phu My Hung,District 7,Coffee,253,9.867,False
2024-11-27,Phu My Hung,District 7,Tea,141,6.345,False
2024-11-27,Phu My Hung,District 7,Smoothie,80,4.4,False
2024-11-27,Phu My Hung,District 7,Bakery,106,3.392,False
2024-11-28,Phu My Hung,District 7,Coffee,244,9.516,False
2024-11-28,Phu My Hung,District 7,Tea,147,6.615,False
2024-11-28,Phu My Hung,District 7,Smoothie,55,3.025,False
2024-11-28,Phu My Hung,District 7,Bakery,109,3.488,False
2024-11-29,Phu My Hung,District 7,Coffee,250,9.75,False
2024-11-29,Phu My Hung,District 7,Tea,151,6.795,False
2024-11-29,Phu My Hung,District 7,Smoothie,55,3.025,False
2024-11-29,Phu My Hung,District 7,Bakery,93,2.976,False
2024-11-30,Phu My Hung,District 7,Coffee,314,12.246,False
2024-11-30,Phu My Hung,District 7,Tea,171,7.695,False
2024-11-30,Phu My Hung,District 7,Smoothie,80,4.4,False
2024-11-30,Phu My Hung,District 7,Bakery,134,4.288,False
2024-12-01,Phu My Hung,District 7,Coffee,365,12.1,True
2024-12-01,Phu My Hung,District 7,Tea,219,8.377,True
2024-12-01,Phu My Hung,District 7,Smoothie,81,3.787,True
2024-12-01,Phu My Hung,District 7,Bakery,126,3.427,True
2024-12-02,Phu My Hung,District 7,Coffee,298,9.879,True
2024-12-02,Phu My Hung,District 7,Tea,153,5.852,True
2024-12-02,Phu My Hung,District 7,Smoothie,77,3.6,True
2024-12-02,Phu My Hung,District 7,Bakery,105,2.856,True
2024-12-03,Phu My Hung,District 7,Coffee,289,9.58,True
2024-12-03,Phu My Hung,District 7,Tea,144,5.508,True
2024-12-03,Phu My Hung,District 7,Smoothie,83,3.88,True
2024-12-03,Phu My Hung,District 7,Bakery,113,3.074,True
2024-12-04,Phu My Hung,District 7,Coffee,242,9.438,False
2024-12-04,Phu My Hung,District 7,Tea,163,7.335,False
2024-12-04,Phu My Hung,District 7,Smoothie,71,3.905,False
2024-12-04,Phu My Hung,District 7,Bakery,107,3.424,False
2024-12-05,Phu My Hung,District 7,Coffee,237,9.243,False
2024-12-05,Phu My Hung,District 7,Tea,123,5.535,False
2024-12-05,Phu My Hung,District 7,Smoothie,77,4.235,False
2024-12-05,Phu My Hung,District 7,Bakery,89,2.848,False
2024-12-06,Phu My Hung,District 7,Coffee,209,8.151,False
2024-12-06,Phu My Hung,District 7,Tea,135,6.075,False
2024-12-06,Phu My Hung,District 7,Smoothie,57,3.135,False
2024-12-06,Phu My Hung,District 7,Bakery,100,3.2,False
2024-12-07,Phu My Hung,District 7,Coffee,326,12.714,False
2024-12-07,Phu My Hung,District 7,Tea,172,7.74,False
2024-12-07,Phu My Hung,District 7,Smoothie,85,4.675,False
2024-12-07,Phu My Hung,District 7,Bakery,98,3.136,False
2024-12-08,Phu My Hung,District 7,Coffee,336,13.104,False
2024-12-08,Phu My Hung,District 7,Tea,179,8.055,False
2024-12-08,Phu My Hung,District 7,Smoothie,83,4.565,False
2024-12-08,Phu My Hung,District 7,Bakery,98,3.136,False
2024-12-09,Phu My Hung,District 7,Coffee,249,9.711,False
2024-12-09,Phu My Hung,District 7,Tea,151,6.795,False
2024-12-09,Phu My Hung,District 7,Smoothie,66,3.63,False
2024-12-09,Phu My Hung,District 7,Bakery,110,3.52,False
2024-12-10,Phu My Hung,District 7,Coffee,249,9.711,False
2024-12-10,Phu My Hung,District 7,Tea,141,6.345,False
2024-12-10,Phu My Hung,District 7,Smoothie,60,3.3,False
2024-12-10,Phu My Hung,District 7,Bakery,88,2.816,False
2024-12-11,Phu My Hung,District 7,Coffee,244,9.516,False
2024-12-11,Phu My Hung,District 7,Tea,122,5.49,False
2024-12-11,Phu My Hung,District 7,Smoothie,66,3.63,False
2024-12-11,Phu My Hung,District 7,Bakery,81,2.592,False
2024-12-12,Phu My Hung,District 7,Coffee,271,10.569,False
2024-12-12,Phu My Hung,District 7,Tea,142,6.39,False
2024-12-12,Phu My Hung,District 7,Smoothie,73,4.015,False
2024-12-12,Phu My Hung,District 7,Bakery,104,3.328,False
2024-12-13,Phu My Hung,District 7,Coffee,274,10.686,False
2024-12-13,Phu My Hung,District 7,Tea,140,6.3,False
2024-12-13,Phu My Hung,District 7,Smoothie,68,3.74,False
2024-12-13,Phu My Hung,District 7,Bakery,94,3.008,False
2024-12-14,Phu My Hung,District 7,Coffee,317,12.363,False
2024-12-14,Phu My Hung,District 7,Tea,163,7.335,False
2024-12-14,Phu My Hung,District 7,Smoothie,71,3.905,False
2024-12-14,Phu My Hung,District 7,Bakery,138,4.416,False
2024-12-15,Phu My Hung,District 7,Coffee,291,11.349,False
2024-12-15,Phu My Hung,District 7,Tea,176,7.92,False
2024-12-15,Phu My Hung,District 7,Smoothie,71,3.905,False
2024-12-15,Phu My Hung,District 7,Bakery,119,3.808,False
2024-12-16,Phu My Hung,District 7,Coffee,257,10.023,False
2024-12-16,Phu My Hung,District 7,Tea,152,6.84,False
2024-12-16,Phu My Hung,District 7,Smoothie,65,3.575,False
2024-12-16,Phu My Hung,District 7,Bakery,98,3.136,False
2024-12-17,Phu My Hung,District 7,Coffee,245,9.555,False
2024-12-17,Phu My Hung,District 7,Tea,139,6.255,False
2024-12-17,Phu My Hung,District 7,Smoothie,77,4.235,False
2024-12-17,Phu My Hung,District 7,Bakery,102,3.264,False
2024-12-18,Phu My Hung,District 7,Coffee,274,10.686,False
2024-12-18,Phu My Hung,District 7,Tea,152,6.84,False
2024-12-18,Phu My Hung,District 7,Smoothie,81,4.455,False
2024-12-18,Phu My Hung,District 7,Bakery,97,3.104,False
2024-12-19,Phu My Hung,District 7,Coffee,270,10.53,False
2024-12-19,Phu My Hung,District 7,Tea,123,5.535,False
2024-12-19,Phu My Hung,District 7,Smoothie,60,3.3,False
2024-12-19,Phu My Hung,District 7,Bakery,99,3.168,False
2024-12-20,Phu My Hung,District 7,Coffee,319,10.575,True
2024-12-20,Phu My Hung,District 7,Tea,166,6.349,True
2024-12-20,Phu My Hung,District 7,Smoothie,80,3.74,True
2024-12-20,Phu My Hung,District 7,Bakery,107,2.91,True
2024-12-21,Phu My Hung,District 7,Coffee,368,12.199,True
2024-12-21,Phu My Hung,District 7,Tea,194,7.42,True
2024-12-21,Phu My Hung,District 7,Smoothie,93,4.348,True
2024-12-21,Phu My Hung,District 7,Bakery,163,4.434,True
2024-12-22,Phu My Hung,District 7,Coffee,346,11.47,True
2024-12-22,Phu My Hung,District 7,Tea,216,8.262,True
2024-12-22,Phu My Hung,District 7,Smoothie,114,5.33,True
2024-12-22,Phu My Hung,District 7,Bakery,142,3.862,True
2024-12-23,Phu My Hung,District 7,Coffee,302,10.011,True
2024-12-23,Phu My Hung,District 7,Tea,177,6.77,True
2024-12-23,Phu My Hung,District 7,Smoothie,72,3.366,True
2024-12-23,Phu My Hung,District 7,Bakery,128,3.482,True
2024-12-24,Phu My Hung,District 7,Coffee,294,9.746,True
2024-12-24,Phu My Hung,District 7,Tea,184,7.038,True
2024-12-24,Phu My Hung,District 7,Smoothie,60,2.805,True
2024-12-24,Phu My Hung,District 7,Bakery,125,3.4,True
2024-12-25,Phu My Hung,District 7,Coffee,277,9.183,True
2024-12-25,Phu My Hung,District 7,Tea,152,5.814,True
2024-12-25,Phu My Hung,District 7,Smoothie,81,3.787,True
2024-12-25,Phu My Hung,District 7,Bakery,110,2.992,True
2024-12-26,Phu My Hung,District 7,Coffee,326,10.807,True
2024-12-26,Phu My Hung,District 7,Tea,166,6.349,True
2024-12-26,Phu My Hung,District 7,Smoothie,66,3.086,True
2024-12-26,Phu My Hung,District 7,Bakery,100,2.72,True
2024-12-27,Phu My Hung,District 7,Coffee,317,10.509,True
2024-12-27,Phu My Hung,District 7,Tea,171,6.541,True
2024-12-27,Phu My Hung,District 7,Smoothie,60,2.805,True
2024-12-27,Phu My Hung,District 7,Bakery,109,2.965,True
2024-12-28,Phu My Hung,District 7,Coffee,379,12.564,True
2024-12-28,Phu My Hung,District 7,Tea,234,8.95,True
2024-12-28,Phu My Hung,District 7,Smoothie,103,4.815,True
2024-12-28,Phu My Hung,District 7,Bakery,146,3.971,True
2024-12-29,Phu My Hung,District 7,Coffee,342,11.337,True
2024-12-29,Phu My Hung,District 7,Tea,216,8.262,True
2024-12-29,Phu My Hung,District 7,Smoothie,108,5.049,True
2024-12-29,Phu My Hung,District 7,Bakery,169,4.597,True
2024-12-30,Phu My Hung,District 7,Coffee,279,9.249,True
2024-12-30,Phu My Hung,District 7,Tea,159,6.082,True
2024-12-30,Phu My Hung,District 7,Smoothie,94,4.394,True
2024-12-30,Phu My Hung,District 7,Bakery,110,2.992,True
2024-12-31,Phu My Hung,District 7,Coffee,309,10.243,True
2024-12-31,Phu My Hung,District 7,Tea,156,5.967,True
2024-12-31,Phu My Hung,District 7,Smoothie,60,2.805,True
2024-12-31,Phu My Hung,District 7,Bakery,117,3.182,True
2025-01-01,Phu My Hung,District 7,Coffee,288,9.547,True
2025-01-01,Phu My Hung,District 7,Tea,188,7.191,True
2025-01-01,Phu My Hung,District 7,Smoothie,82,3.833,True
2025-01-01,Phu My Hung,District 7,Bakery,93,2.53,True
2025-01-02,Phu My Hung,District 7,Coffee,325,10.774,True
2025-01-02,Phu My Hung,District 7,Tea,156,5.967,True
2025-01-02,Phu My Hung,District 7,Smoothie,78,3.647,True
2025-01-02,Phu My Hung,District 7,Bakery,126,3.427,True
2025-01-03,Phu My Hung,District 7,Coffee,324,10.741,True
2025-01-03,Phu My Hung,District 7,Tea,166,6.349,True
2025-01-03,Phu My Hung,District 7,Smoothie,72,3.366,True
2025-01-03,Phu My Hung,District 7,Bakery,112,3.046,True
2025-01-04,Phu My Hung,District 7,Coffee,287,11.193,False
2025-01-04,Phu My Hung,District 7,Tea,162,7.29,False
2025-01-04,Phu My Hung,District 7,Smoothie,103,5.665,False
2025-01-04,Phu My Hung,District 7,Bakery,129,4.128,False
2025-01-05,Phu My Hung,District 7,Coffee,310,12.09,False
2025-01-05,Phu My Hung,District 7,Tea,175,7.875,False
2025-01-05,Phu My Hung,District 7,Smoothie,93,5.115,False
2025-01-05,Phu My Hung,District 7,Bakery,112,3.584,False
2025-01-06,Phu My Hung,District 7,Coffee,256,9.984,False
2025-01-06,Phu My Hung,District 7,Tea,142,6.39,False
2025-01-06,Phu My Hung,District 7,Smoothie,60,3.3,False
2025-01-06,Phu My Hung,District 7,Bakery,75,2.4,False
2025-01-07,Phu My Hung,District 7,Coffee,250,9.75,False
2025-01-07,Phu My Hung,District 7,Tea,136,6.12,False
2025-01-07,Phu My Hung,District 7,Smoothie,64,3.52,False
2025-01-07,Phu My Hung,District 7,Bakery,92,2.944,False
2025-01-08,Phu My Hung,District 7,Coffee,244,9.516,False
2025-01-08,Phu My Hung,District 7,Tea,139,6.255,False
2025-01-08,Phu My Hung,District 7,Smoothie,59,3.245,False
2025-01-08,Phu My Hung,District 7,Bakery,97,3.104,False
2025-01-09,Phu My Hung,District 7,Coffee,234,9.126,False
2025-01-09,Phu My Hung,District 7,Tea,145,6.525,False
2025-01-09,Phu My Hung,District 7,Smoothie,69,3.795,False
2025-01-09,Phu My Hung,District 7,Bakery,114,3.648,False
2025-01-10,Phu My Hung,District 7,Coffee,250,9.75,False
2025-01-10,Phu My Hung,District 7,Tea,121,5.445,False
2025-01-10,Phu My Hung,District 7,Smoothie,61,3.355,False
2025-01-10,Phu My Hung,District 7,Bakery,94,3.008,False
2025-01-11,Phu My Hung,District 7,Coffee,318,12.402,False
2025-01-11,Phu My Hung,District 7,Tea,174,7.83,False
2025-01-11,Phu My Hung,District 7,Smoothie,84,4.62,False
2025-01-11,Phu My Hung,District 7,Bakery,117,3.744,False
2025-01-12,Phu My Hung,District 7,Coffee,299,11.661,False
2025-01-12,Phu My Hung,District 7,Tea,178,8.01,False
2025-01-12,Phu My Hung,District 7,Smoothie,78,4.29,False
2025-01-12,Phu My Hung,District 7,Bakery,134,4.288,False
2025-01-13,Phu My Hung,District 7,Coffee,235,9.165,False
2025-01-13,Phu My Hung,District 7,Tea,159,7.155,False
2025-01-13,Phu My Hung,District 7,Smoothie,54,2.97,False
2025-01-13,Phu My Hung,District 7,Bakery,106,3.392,False
2025-01-14,Phu My Hung,District 7,Coffee,252,9.828,False
2025-01-14,Phu My Hung,District 7,Tea,148,6.66,False
2025-01-14,Phu My Hung,District 7,Smoothie,59,3.245,False
2025-01-14,Phu My Hung,District 7,Bakery,86,2.752,False
2025-01-15,Phu My Hung,District 7,Coffee,246,9.594,False
2025-01-15,Phu My Hung,District 7,Tea,140,6.3,False
2025-01-15,Phu My Hung,District 7,Smoothie,58,3.19,False
2025-01-15,Phu My Hung,District 7,Bakery,94,3.008,False
2025-01-16,Phu My Hung,District 7,Coffee,257,10.023,False
2025-01-16,Phu My Hung,District 7,Tea,139,6.255,False
2025-01-16,Phu My Hung,District 7,Smoothie,58,3.19,False
2025-01-16,Phu My Hung,District 7,Bakery,89,2.848,False
2025-01-17,Phu My Hung,District 7,Coffee,252,9.828,False
2025-01-17,Phu My Hung,District 7,Tea,134,6.03,False
2025-01-17,Phu My Hung,District 7,Smoothie,65,3.575,False
2025-01-17,Phu My Hung,District 7,Bakery,98,3.136,False
2025-01-18,Phu My Hung,District 7,Coffee,321,12.519,False
2025-01-18,Phu My Hung,District 7,Tea,175,7.875,False
2025-01-18,Phu My Hung,District 7,Smoothie,79,4.345,False
2025-01-18,Phu My Hung,District 7,Bakery,133,4.256,False
2025-01-19,Phu My Hung,District 7,Coffee,335,13.065,False
2025-01-19,Phu My Hung,District 7,Tea,193,8.685,False
2025-01-19,Phu My Hung,District 7,Smoothie,71,3.905,False
2025-01-19,Phu My Hung,District 7,Bakery,127,4.064,False
2025-01-20,Phu My Hung,District 7,Coffee,194,7.566,False
2025-01-20,Phu My Hung,District 7,Tea,116,5.22,False
2025-01-20,Phu My Hung,District 7,Smoothie,60,3.3,False
2025-01-20,Phu My Hung,District 7,Bakery,76,2.432,False
2025-01-21,Phu My Hung,District 7,Coffee,202,7.878,False
2025-01-21,Phu My Hung,District 7,Tea,106,4.77,False
2025-01-21,Phu My Hung,District 7,Smoothie,56,3.08,False
2025-01-21,Phu My Hung,District 7,Bakery,80,2.56,False
2025-01-22,Phu My Hung,District 7,Coffee,183,7.137,False
2025-01-22,Phu My Hung,District 7,Tea,116,5.22,False
2025-01-22,Phu My Hung,District 7,Smoothie,51,2.805,False
2025-01-22,Phu My Hung,District 7,Bakery,77,2.464,False
2025-01-23,Phu My Hung,District 7,Coffee,220,8.58,False
2025-01-23,Phu My Hung,District 7,Tea,143,6.435,False
2025-01-23,Phu My Hung,District 7,Smoothie,61,3.355,False
2025-01-23,Phu My Hung,District 7,Bakery,51,1.632,False
2025-01-24,Phu My Hung,District 7,Coffee,186,7.254,False
2025-01-24,Phu My Hung,District 7,Tea,131,5.895,False
2025-01-24,Phu My Hung,District 7,Smoothie,60,3.3,False
2025-01-24,Phu My Hung,District 7,Bakery,53,1.696,False
2025-01-25,Phu My Hung,District 7,Coffee,142,5.538,False
2025-01-25,Phu My Hung,District 7,Tea,67,3.015,False
2025-01-25,Phu My Hung,District 7,Smoothie,38,2.09,False
2025-01-25,Phu My Hung,District 7,Bakery,66,2.112,False
2025-01-26,Phu My Hung,District 7,Coffee,155,6.045,False
2025-01-26,Phu My Hung,District 7,Tea,72,3.24,False
2025-01-26,Phu My Hung,District 7,Smoothie,33,1.815,False
2025-01-26,Phu My Hung,District 7,Bakery,49,1.568,False
2025-01-27,Phu My Hung,District 7,Coffee,135,5.265,False
2025-01-27,Phu My Hung,District 7,Tea,63,2.835,False
2025-01-27,Phu My Hung,District 7,Smoothie,31,1.705,False
2025-01-27,Phu My Hung,District 7,Bakery,49,1.568,False
2025-01-28,Phu My Hung,District 7,Coffee,123,4.797,False
2025-01-28,Phu My Hung,District 7,Tea,63,2.835,False
2025-01-28,Phu My Hung,District 7,Smoothie,24,1.32,False
2025-01-28,Phu My Hung,District 7,Bakery,48,1.536,False
2025-01-29,Phu My Hung,District 7,Coffee,116,4.524,False
2025-01-29,Phu My Hung,District 7,Tea,66,2.97,False
2025-01-29,Phu My Hung,District 7,Smoothie,28,1.54,False
2025-01-29,Phu My Hung,District 7,Bakery,41,1.312,False
2025-01-30,Phu My Hung,District 7,Coffee,114,4.446,False
2025-01-30,Phu My Hung,District 7,Tea,76,3.42,False
2025-01-30,Phu My Hung,District 7,Smoothie,27,1.485,False
2025-01-30,Phu My Hung,District 7,Bakery,41,1.312,False
2025-01-31,Phu My Hung,District 7,Coffee,104,4.056,False
2025-01-31,Phu My Hung,District 7,Tea,66,2.97,False
2025-01-31,Phu My Hung,District 7,Smoothie,28,1.54,False
2025-01-31,Phu My Hung,District 7,Bakery,56,1.792,False
2025-02-01,Phu My Hung,District 7,Coffee,185,6.133,True
2025-02-01,Phu My Hung,District 7,Tea,82,3.136,True
2025-02-01,Phu My Hung,District 7,Smoothie,49,2.291,True
2025-02-01,Phu My Hung,District 7,Bakery,62,1.686,True
2025-02-02,Phu My Hung,District 7,Coffee,177,5.868,True
2025-02-02,Phu My Hung,District 7,Tea,96,3.672,True
2025-02-02,Phu My Hung,District 7,Smoothie,42,1.964,True
2025-02-02,Phu My Hung,District 7,Bakery,70,1.904,True
2025-02-03,Phu My Hung,District 7,Coffee,254,8.42,True
2025-02-03,Phu My Hung,District 7,Tea,160,6.12,True
2025-02-03,Phu My Hung,District 7,Smoothie,63,2.945,True
2025-02-03,Phu My Hung,District 7,Bakery,92,2.502,True
2025-02-04,Phu My Hung,District 7,Coffee,215,8.385,False
2025-02-04,Phu My Hung,District 7,Tea,102,4.59,False
2025-02-04,Phu My Hung,District 7,Smoothie,38,2.09,False
2025-02-04,Phu My Hung,District 7,Bakery,73,2.336,False
2025-02-05,Phu My Hung,District 7,Coffee,200,7.8,False
2025-02-05,Phu My Hung,District 7,Tea,117,5.265,False
2025-02-05,Phu My Hung,District 7,Smoothie,36,1.98,False
2025-02-05,Phu My Hung,District 7,Bakery,74,2.368,False
2025-02-06,Phu My Hung,District 7,Coffee,189,7.371,False
2025-02-06,Phu My Hung,District 7,Tea,105,4.725,False
2025-02-06,Phu My Hung,District 7,Smoothie,57,3.135,False
2025-02-06,Phu My Hung,District 7,Bakery,62,1.984,False
2025-02-07,Phu My Hung,District 7,Coffee,183,7.137,False
2025-02-07,Phu My Hung,District 7,Tea,120,5.4,False
2025-02-07,Phu My Hung,District 7,Smoothie,63,3.465,False
2025-02-07,Phu My Hung,District 7,Bakery,66,2.112,False
2025-02-08,Phu My Hung,District 7,Coffee,336,13.104,False
2025-02-08,Phu My Hung,District 7,Tea,179,8.055,False
2025-02-08,Phu My Hung,District 7,Smoothie,75,4.125,False
2025-02-08,Phu My Hung,District 7,Bakery,102,3.264,False
2025-02-09,Phu My Hung,District 7,Coffee,287,11.193,False
2025-02-09,Phu My Hung,District 7,Tea,183,8.235,False
2025-02-09,Phu My Hung,District 7,Smoothie,85,4.675,False
2025-02-09,Phu My Hung,District 7,Bakery,117,3.744,False
2025-02-10,Phu My Hung,District 7,Coffee,270,10.53,False
2025-02-10,Phu My Hung,District 7,Tea,134,6.03,False
2025-02-10,Phu My Hung,District 7,Smoothie,58,3.19,False
2025-02-10,Phu My Hung,District 7,Bakery,100,3.2,False
2025-02-11,Phu My Hung,District 7,Coffee,254,9.906,False
2025-02-11,Phu My Hung,District 7,Tea,161,7.245,False
2025-02-11,Phu My Hung,District 7,Smoothie,70,3.85,False
2025-02-11,Phu My Hung,District 7,Bakery,98,3.136,False
2025-02-12,Phu My Hung,District 7,Coffee,238,9.282,False
2025-02-12,Phu My Hung,District 7,Tea,153,6.885,False
2025-02-12,Phu My Hung,District 7,Smoothie,79,4.345,False
2025-02-12,Phu My Hung,District 7,Bakery,108,3.456,False
2025-02-13,Phu My Hung,District 7,Coffee,263,10.257,False
2025-02-13,Phu My Hung,District 7,Tea,141,6.345,False
2025-02-13,Phu My Hung,District 7,Smoothie,71,3.905,False
2025-02-13,Phu My Hung,District 7,Bakery,99,3.168,False
2025-02-14,Phu My Hung,District 7,Coffee,258,10.062,False
2025-02-14,Phu My Hung,District 7,Tea,147,6.615,False
2025-02-14,Phu My Hung,District 7,Smoothie,61,3.355,False
2025-02-14,Phu My Hung,District 7,Bakery,92,2.944,False
2025-02-15,Phu My Hung,District 7,Coffee,334,13.026,False
2025-02-15,Phu My Hung,District 7,Tea,178,8.01,False
2025-02-15,Phu My Hung,District 7,Smoothie,72,3.96,False
2025-02-15,Phu My Hung,District 7,Bakery,126,4.032,False
2025-02-16,Phu My Hung,District 7,Coffee,293,11.427,False
2025-02-16,Phu My Hung,District 7,Tea,174,7.83,False
2025-02-16,Phu My Hung,District 7,Smoothie,79,4.345,False
2025-02-16,Phu My Hung,District 7,Bakery,94,3.008,False
2025-02-17,Phu My Hung,District 7,Coffee,252,9.828,False
2025-02-17,Phu My Hung,District 7,Tea,153,6.885,False
2025-02-17,Phu My Hung,District 7,Smoothie,80,4.4,False
2025-02-17,Phu My Hung,District 7,Bakery,90,2.88,False
2025-02-18,Phu My Hung,District 7,Coffee,247,9.633,False
2025-02-18,Phu My Hung,District 7,Tea,140,6.3,False
2025-02-18,Phu My Hung,District 7,Smoothie,70,3.85,False
2025-02-18,Phu My Hung,District 7,Bakery,82,2.624,False
2025-02-19,Phu My Hung,District 7,Coffee,240,9.36,False
2025-02-19,Phu My Hung,District 7,Tea,141,6.345,False
2025-02-19,Phu My Hung,District 7,Smoothie,73,4.015,False
2025-02-19,Phu My Hung,District 7,Bakery,94,3.008,False
2025-02-20,Phu My Hung,District 7,Coffee,258,10.062,False
2025-02-20,Phu My Hung,District 7,Tea,138,6.21,False
2025-02-20,Phu My Hung,District 7,Smoothie,56,3.08,False
2025-02-20,Phu My Hung,District 7,Bakery,100,3.2,False
2025-02-21,Phu My Hung,District 7,Coffee,260,10.14,False
2025-02-21,Phu My Hung,District 7,Tea,141,6.345,False
2025-02-21,Phu My Hung,District 7,Smoothie,54,2.97,False
2025-02-21,Phu My Hung,District 7,Bakery,94,3.008,False
2025-02-22,Phu My Hung,District 7,Coffee,316,12.324,False
2025-02-22,Phu My Hung,District 7,Tea,174,7.83,False
2025-02-22,Phu My Hung,District 7,Smoothie,79,4.345,False
2025-02-22,Phu My Hung,District 7,Bakery,120,3.84,False
2025-02-23,Phu My Hung,District 7,Coffee,347,13.533,False
2025-02-23,Phu My Hung,District 7,Tea,160,7.2,False
2025-02-23,Phu My Hung,District 7,Smoothie,63,3.465,False
2025-02-23,Phu My Hung,District 7,Bakery,120,3.84,False
2025-02-24,Phu My Hung,District 7,Coffee,237,9.243,False
2025-02-24,Phu My Hung,District 7,Tea,132,5.94,False
2025-02-24,Phu My Hung,District 7,Smoothie,76,4.18,False
2025-02-24,Phu My Hung,District 7,Bakery,103,3.296,False
2025-02-25,Phu My Hung,District 7,Coffee,224,8.736,False
2025-02-25,Phu My Hung,District 7,Tea,157,7.065,False
2025-02-25,Phu My Hung,District 7,Smoothie,66,3.63,False
2025-02-25,Phu My Hung,District 7,Bakery,88,2.816,False
2025-02-26,Phu My Hung,District 7,Coffee,252,9.828,False
2025-02-26,Phu My Hung,District 7,Tea,139,6.255,False
2025-02-26,Phu My Hung,District 7,Smoothie,64,3.52,False
2025-02-26,Phu My Hung,District 7,Bakery,95,3.04,False
2025-02-27,Phu My Hung,District 7,Coffee,252,9.828,False
2025-02-27,Phu My Hung,District 7,Tea,126,5.67,False
2025-02-27,Phu My Hung,District 7,Smoothie,46,2.53,False
2025-02-27,Phu My Hung,District 7,Bakery,96,3.072,False
2025-02-28,Phu My Hung,District 7,Coffee,251,9.789,False
2025-02-28,Phu My Hung,District 7,Tea,145,6.525,False
2025-02-28,Phu My Hung,District 7,Smoothie,66,3.63,False
2025-02-28,Phu My Hung,District 7,Bakery,97,3.104,False
2025-03-01,Phu My Hung,District 7,Coffee,391,12.962,True
2025-03-01,Phu My Hung,District 7,Tea,222,8.492,True
2025-03-01,Phu My Hung,District 7,Smoothie,166,7.761,True
2025-03-01,Phu My Hung,District 7,Bakery,128,3.482,True
2025-03-02,Phu My Hung,District 7,Coffee,375,12.431,True
2025-03-02,Phu My Hung,District 7,Tea,219,8.377,True
2025-03-02,Phu My Hung,District 7,Smoothie,138,6.452,True
2025-03-02,Phu My Hung,District 7,Bakery,151,4.107,True
2025-03-03,Phu My Hung,District 7,Coffee,294,9.746,True
2025-03-03,Phu My Hung,District 7,Tea,165,6.311,True
2025-03-03,Phu My Hung,District 7,Smoothie,103,4.815,True
2025-03-03,Phu My Hung,District 7,Bakery,117,3.182,True
2025-03-04,Phu My Hung,District 7,Coffee,266,10.374,False
2025-03-04,Phu My Hung,District 7,Tea,141,6.345,False
2025-03-04,Phu My Hung,District 7,Smoothie,88,4.84,False
2025-03-04,Phu My Hung,District 7,Bakery,81,2.592,False
2025-03-05,Phu My Hung,District 7,Coffee,234,9.126,False
2025-03-05,Phu My Hung,District 7,Tea,138,6.21,False
2025-03-05,Phu My Hung,District 7,Smoothie,95,5.225,False
2025-03-05,Phu My Hung,District 7,Bakery,97,3.104,False
2025-03-06,Phu My Hung,District 7,Coffee,251,9.789,False
2025-03-06,Phu My Hung,District 7,Tea,158,7.11,False
2025-03-06,Phu My Hung,District 7,Smoothie,99,5.445,False
2025-03-06,Phu My Hung,District 7,Bakery,96,3.072,False
2025-03-07,Phu My Hung,District 7,Coffee,251,9.789,False
2025-03-07,Phu My Hung,District 7,Tea,129,5.805,False
2025-03-07,Phu My Hung,District 7,Smoothie,84,4.62,False
2025-03-07,Phu My Hung,District 7,Bakery,95,3.04,False
2025-03-08,Phu My Hung,District 7,Coffee,322,12.558,False
2025-03-08,Phu My Hung,District 7,Tea,153,6.885,False
2025-03-08,Phu My Hung,District 7,Smoothie,115,6.325,False
2025-03-08,Phu My Hung,District 7,Bakery,131,4.192,False
2025-03-09,Phu My Hung,District 7,Coffee,319,12.441,False
2025-03-09,Phu My Hung,District 7,Tea,196,8.82,False
2025-03-09,Phu My Hung,District 7,Smoothie,108,5.94,False
2025-03-09,Phu My Hung,District 7,Bakery,113,3.616,False
2025-03-10,Phu My Hung,District 7,Coffee,255,9.945,False
2025-03-10,Phu My Hung,District 7,Tea,152,6.84,False
2025-03-10,Phu My Hung,District 7,Smoothie,80,4.4,False
2025-03-10,Phu My Hung,District 7,Bakery,96,3.072,False
2025-03-11,Phu My Hung,District 7,Coffee,238,9.282,False
2025-03-11,Phu My Hung,District 7,Tea,152,6.84,False
2025-03-11,Phu My Hung,District 7,Smoothie,91,5.005,False
2025-03-11,Phu My Hung,District 7,Bakery,80,2.56,False
2025-03-12,Phu My Hung,District 7,Coffee,287,11.193,False
2025-03-12,Phu My Hung,District 7,Tea,126,5.67,False
2025-03-12,Phu My Hung,District 7,Smoothie,92,5.06,False
2025-03-12,Phu My Hung,District 7,Bakery,92,2.944,False
2025-03-13,Phu My Hung,District 7,Coffee,265,10.335,False
2025-03-13,Phu My Hung,District 7,Tea,115,5.175,False
2025-03-13,Phu My Hung,District 7,Smoothie,104,5.72,False
2025-03-13,Phu My Hung,District 7,Bakery,94,3.008,False
2025-03-14,Phu My Hung,District 7,Coffee,247,9.633,False
2025-03-14,Phu My Hung,District 7,Tea,155,6.975,False
2025-03-14,Phu My Hung,District 7,Smoothie,89,4.895,False
2025-03-14,Phu My Hung,District 7,Bakery,94,3.008,False
2025-03-15,Phu My Hung,District 7,Coffee,318,12.402,False
2025-03-15,Phu My Hung,District 7,Tea,185,8.325,False
2025-03-15,Phu My Hung,District 7,Smoothie,109,5.995,False
2025-03-15,Phu My Hung,District 7,Bakery,129,4.128,False
2025-03-16,Phu My Hung,District 7,Coffee,324,12.636,False
2025-03-16,Phu My Hung,District 7,Tea,172,7.74,False
2025-03-16,Phu My Hung,District 7,Smoothie,112,6.16,False
2025-03-16,Phu My Hung,District 7,Bakery,111,3.552,False
2025-03-17,Phu My Hung,District 7,Coffee,265,10.335,False
2025-03-17,Phu My Hung,District 7,Tea,161,7.245,False
2025-03-17,Phu My Hung,District 7,Smoothie,95,5.225,False
2025-03-17,Phu My Hung,District 7,Bakery,89,2.848,False
2025-03-18,Phu My Hung,District 7,Coffee,279,10.881,False
2025-03-18,Phu My Hung,District 7,Tea,144,6.48,False
2025-03-18,Phu My Hung,District 7,Smoothie,87,4.785,False
2025-03-18,Phu My Hung,District 7,Bakery,95,3.04,False
2025-03-19,Phu My Hung,District 7,Coffee,280,10.92,False
2025-03-19,Phu My Hung,District 7,Tea,171,7.695,False
2025-03-19,Phu My Hung,District 7,Smoothie,78,4.29,False
2025-03-19,Phu My Hung,District 7,Bakery,89,2.848,False
2025-03-20,Phu My Hung,District 7,Coffee,243,9.477,False
2025-03-20,Phu My Hung,District 7,Tea,149,6.705,False
2025-03-20,Phu My Hung,District 7,Smoothie,93,5.115,False
2025-03-20,Phu My Hung,District 7,Bakery,90,2.88,False
2025-03-21,Phu My Hung,District 7,Coffee,258,10.062,False
2025-03-21,Phu My Hung,District 7,Tea,152,6.84,False
2025-03-21,Phu My Hung,District 7,Smoothie,105,5.775,False
2025-03-21,Phu My Hung,District 7,Bakery,102,3.264,False
2025-03-22,Phu My Hung,District 7,Coffee,290,11.31,False
2025-03-22,Phu My Hung,District 7,Tea,172,7.74,False
2025-03-22,Phu My Hung,District 7,Smoothie,104,5.72,False
2025-03-22,Phu My Hung,District 7,Bakery,126,4.032,False
2025-03-23,Phu My Hung,District 7,Coffee,293,11.427,False
2025-03-23,Phu My Hung,District 7,Tea,189,8.505,False
2025-03-23,Phu My Hung,District 7,Smoothie,121,6.655,False
2025-03-23,Phu My Hung,District 7,Bakery,118,3.776,False
2025-03-24,Phu My Hung,District 7,Coffee,236,9.204,False
2025-03-24,Phu My Hung,District 7,Tea,150,6.75,False
2025-03-24,Phu My Hung,District 7,Smoothie,91,5.005,False
2025-03-24,Phu My Hung,District 7,Bakery,100,3.2,False
2025-03-25,Phu My Hung,District 7,Coffee,255,9.945,False
2025-03-25,Phu My Hung,District 7,Tea,142,6.39,False
2025-03-25,Phu My Hung,District 7,Smoothie,89,4.895,False
2025-03-25,Phu My Hung,District 7,Bakery,86,2.752,False
2025-03-26,Phu My Hung,District 7,Coffee,254,9.906,False
2025-03-26,Phu My Hung,District 7,Tea,129,5.805,False
2025-03-26,Phu My Hung,District 7,Smoothie,87,4.785,False
2025-03-26,Phu My Hung,District 7,Bakery,96,3.072,False
2025-03-27,Phu My Hung,District 7,Coffee,268,10.452,False
2025-03-27,Phu My Hung,District 7,Tea,123,5.535,False
2025-03-27,Phu My Hung,District 7,Smoothie,96,5.28,False
2025-03-27,Phu My Hung,District 7,Bakery,80,2.56,False
2025-03-28,Phu My Hung,District 7,Coffee,238,9.282,False
2025-03-28,Phu My Hung,District 7,Tea,159,7.155,False
2025-03-28,Phu My Hung,District 7,Smoothie,102,5.61,False
2025-03-28,Phu My Hung,District 7,Bakery,108,3.456,False
2025-03-29,Phu My Hung,District 7,Coffee,310,12.09,False
2025-03-29,Phu My Hung,District 7,Tea,196,8.82,False
2025-03-29,Phu My Hung,District 7,Smoothie,119,6.545,False
2025-03-29,Phu My Hung,District 7,Bakery,139,4.448,False
2025-03-30,Phu My Hung,District 7,Coffee,322,12.558,False
2025-03-30,Phu My Hung,District 7,Tea,195,8.775,False
2025-03-30,Phu My Hung,District 7,Smoothie,114,6.27,False
2025-03-30,Phu My Hung,District 7,Bakery,118,3.776,False
2025-03-31,Phu My Hung,District 7,Coffee,256,9.984,False
2025-03-31,Phu My Hung,District 7,Tea,160,7.2,False
2025-03-31,Phu My Hung,District 7,Smoothie,85,4.675,False
2025-03-31,Phu My Hung,District 7,Bakery,100,3.2,False
2025-04-01,Phu My Hung,District 7,Coffee,298,9.879,True
2025-04-01,Phu My Hung,District 7,Tea,173,6.617,True
2025-04-01,Phu My Hung,District 7,Smoothie,94,4.394,True
2025-04-01,Phu My Hung,District 7,Bakery,119,3.237,True
2025-04-02,Phu My Hung,District 7,Coffee,312,10.343,True
2025-04-02,Phu My Hung,District 7,Tea,196,7.497,True
2025-04-02,Phu My Hung,District 7,Smoothie,98,4.582,True
2025-04-02,Phu My Hung,District 7,Bakery,126,3.427,True
2025-04-03,Phu My Hung,District 7,Coffee,276,9.149,True
2025-04-03,Phu My Hung,District 7,Tea,148,5.661,True
2025-04-03,Phu My Hung,District 7,Smoothie,109,5.096,True
2025-04-03,Phu My Hung,District 7,Bakery,110,2.992,True
2025-04-04,Phu My Hung,District 7,Coffee,301,11.739,False
2025-04-04,Phu My Hung,District 7,Tea,152,6.84,False
2025-04-04,Phu My Hung,District 7,Smoothie,99,5.445,False
2025-04-04,Phu My Hung,District 7,Bakery,87,2.784,False
2025-04-05,Phu My Hung,District 7,Coffee,328,12.792,False
2025-04-05,Phu My Hung,District 7,Tea,162,7.29,False
2025-04-05,Phu My Hung,District 7,Smoothie,115,6.325,False
2025-04-05,Phu My Hung,District 7,Bakery,111,3.552,False
2025-04-06,Phu My Hung,District 7,Coffee,333,12.987,False
2025-04-06,Phu My Hung,District 7,Tea,160,7.2,False
2025-04-06,Phu My Hung,District 7,Smoothie,118,6.49,False
2025-04-06,Phu My Hung,District 7,Bakery,116,3.712,False
2025-04-07,Phu My Hung,District 7,Coffee,255,9.945,False
2025-04-07,Phu My Hung,District 7,Tea,141,6.345,False
2025-04-07,Phu My Hung,District 7,Smoothie,70,3.85,False
2025-04-07,Phu My Hung,District 7,Bakery,108,3.456,False
2025-04-08,Phu My Hung,District 7,Coffee,261,10.179,False
2025-04-08,Phu My Hung,District 7,Tea,156,7.02,False
2025-04-08,Phu My Hung,District 7,Smoothie,88,4.84,False
2025-04-08,Phu My Hung,District 7,Bakery,101,3.232,False
2025-04-09,Phu My Hung,District 7,Coffee,255,9.945,False
2025-04-09,Phu My Hung,District 7,Tea,152,6.84,False
2025-04-09,Phu My Hung,District 7,Smoothie,105,5.775,False
2025-04-09,Phu My Hung,District 7,Bakery,76,2.432,False
2025-04-10,Phu My Hung,District 7,Coffee,263,10.257,False
2025-04-10,Phu My Hung,District 7,Tea,138,6.21,False
2025-04-10,Phu My Hung,District 7,Smoothie,94,5.17,False
2025-04-10,Phu My Hung,District 7,Bakery,97,3.104,False
2025-04-11,Phu My Hung,District 7,Coffee,273,10.647,False
2025-04-11,Phu My Hung,District 7,Tea,143,6.435,False
2025-04-11,Phu My Hung,District 7,Smoothie,97,5.335,False
2025-04-11,Phu My Hung,District 7,Bakery,96,3.072,False
2025-04-12,Phu My Hung,District 7,Coffee,320,12.48,False
2025-04-12,Phu My Hung,District 7,Tea,169,7.605,False
2025-04-12,Phu My Hung,District 7,Smoothie,113,6.215,False
2025-04-12,Phu My Hung,District 7,Bakery,137,4.384,False
2025-04-13,Phu My Hung,District 7,Coffee,341,13.299,False
2025-04-13,Phu My Hung,District 7,Tea,212,9.54,False
2025-04-13,Phu My Hung,District 7,Smoothie,116,6.38,False
2025-04-13,Phu My Hung,District 7,Bakery,118,3.776,False
2025-04-14,Phu My Hung,District 7,Coffee,240,9.36,False
2025-04-14,Phu My Hung,District 7,Tea,147,6.615,False
2025-04-14,Phu My Hung,District 7,Smoothie,92,5.06,False
2025-04-14,Phu My Hung,District 7,Bakery,95,3.04,False
2025-04-15,Phu My Hung,District 7,Coffee,257,10.023,False
2025-04-15,Phu My Hung,District 7,Tea,125,5.625,False
2025-04-15,Phu My Hung,District 7,Smoothie,79,4.345,False
2025-04-15,Phu My Hung,District 7,Bakery,93,2.976,False
2025-04-16,Phu My Hung,District 7,Coffee,264,10.296,False
2025-04-16,Phu My Hung,District 7,Tea,146,6.57,False
2025-04-16,Phu My Hung,District 7,Smoothie,97,5.335,False
2025-04-16,Phu My Hung,District 7,Bakery,100,3.2,False
2025-04-17,Phu My Hung,District 7,Coffee,251,9.789,False
2025-04-17,Phu My Hung,District 7,Tea,146,6.57,False
2025-04-17,Phu My Hung,District 7,Smoothie,98,5.39,False
2025-04-17,Phu My Hung,District 7,Bakery,88,2.816,False
2025-04-18,Phu My Hung,District 7,Coffee,240,9.36,False
2025-04-18,Phu My Hung,District 7,Tea,129,5.805,False
2025-04-18,Phu My Hung,District 7,Smoothie,86,4.73,False
2025-04-18,Phu My Hung,District 7,Bakery,95,3.04,False
2025-04-19,Phu My Hung,District 7,Coffee,310,12.09,False
2025-04-19,Phu My Hung,District 7,Tea,198,8.91,False
2025-04-19,Phu My Hung,District 7,Smoothie,119,6.545,False
2025-04-19,Phu My Hung,District 7,Bakery,118,3.776,False
2025-04-20,Phu My Hung,District 7,Coffee,303,11.817,False
2025-04-20,Phu My Hung,District 7,Tea,210,9.45,False
2025-04-20,Phu My Hung,District 7,Smoothie,94,5.17,False
2025-04-20,Phu My Hung,District 7,Bakery,120,3.84,False
2025-04-21,Phu My Hung,District 7,Coffee,279,10.881,False
2025-04-21,Phu My Hung,District 7,Tea,122,5.49,False
2025-04-21,Phu My Hung,District 7,Smoothie,96,5.28,False
2025-04-21,Phu My Hung,District 7,Bakery,104,3.328,False
2025-04-22,Phu My Hung,District 7,Coffee,230,8.97,False
2025-04-22,Phu My Hung,District 7,Tea,140,6.3,False
2025-04-22,Phu My Hung,District 7,Smoothie,94,5.17,False
2025-04-22,Phu My Hung,District 7,Bakery,88,2.816,False
2025-04-23,Phu My Hung,District 7,Coffee,240,9.36,False
2025-04-23,Phu My Hung,District 7,Tea,148,6.66,False
2025-04-23,Phu My Hung,District 7,Smoothie,98,5.39,False
2025-04-23,Phu My Hung,District 7,Bakery,95,3.04,False
2025-04-24,Phu My Hung,District 7,Coffee,259,10.101,False
2025-04-24,Phu My Hung,District 7,Tea,133,5.985,False
2025-04-24,Phu My Hung,District 7,Smoothie,99,5.445,False
2025-04-24,Phu My Hung,District 7,Bakery,85,2.72,False
2025-04-25,Phu My Hung,District 7,Coffee,260,10.14,False
2025-04-25,Phu My Hung,District 7,Tea,138,6.21,False
2025-04-25,Phu My Hung,District 7,Smoothie,97,5.335,False
2025-04-25,Phu My Hung,District 7,Bakery,78,2.496,False
2025-04-26,Phu My Hung,District 7,Coffee,320,12.48,False
2025-04-26,Phu My Hung,District 7,Tea,185,8.325,False
2025-04-26,Phu My Hung,District 7,Smoothie,107,5.885,False
2025-04-26,Phu My Hung,District 7,Bakery,122,3.904,False
2025-04-27,Phu My Hung,District 7,Coffee,341,13.299,False
2025-04-27,Phu My Hung,District 7,Tea,185,8.325,False
2025-04-27,Phu My Hung,District 7,Smoothie,118,6.49,False
2025-04-27,Phu My Hung,District 7,Bakery,139,4.448,False
2025-04-28,Phu My Hung,District 7,Coffee,265,10.335,False
2025-04-28,Phu My Hung,District 7,Tea,140,6.3,False
2025-04-28,Phu My Hung,District 7,Smoothie,107,5.885,False
2025-04-28,Phu My Hung,District 7,Bakery,109,3.488,False
2025-04-29,Phu My Hung,District 7,Coffee,260,10.14,False
2025-04-29,Phu My Hung,District 7,Tea,151,6.795,False
2025-04-29,Phu My Hung,District 7,Smoothie,98,5.39,False
2025-04-29,Phu My Hung,District 7,Bakery,77,2.464,False
2025-04-30,Phu My Hung,District 7,Coffee,253,9.867,False
2025-04-30,Phu My Hung,District 7,Tea,132,5.94,False
2025-04-30,Phu My Hung,District 7,Smoothie,83,4.565,False
2025-04-30,Phu My Hung,District 7,Bakery,99,3.168,False
2025-05-01,Phu My Hung,District 7,Coffee,322,10.674,True
2025-05-01,Phu My Hung,District 7,Tea,179,6.847,True
2025-05-01,Phu My Hung,District 7,Smoothie,114,5.33,True
2025-05-01,Phu My Hung,District 7,Bakery,107,2.91,True
2025-05-02,Phu My Hung,District 7,Coffee,314,10.409,True
2025-05-02,Phu My Hung,District 7,Tea,206,7.88,True
2025-05-02,Phu My Hung,District 7,Smoothie,104,4.862,True
2025-05-02,Phu My Hung,District 7,Bakery,126,3.427,True
2025-05-03,Phu My Hung,District 7,Coffee,384,12.73,True
2025-05-03,Phu My Hung,District 7,Tea,190,7.268,True
2025-05-03,Phu My Hung,District 7,Smoothie,147,6.872,True
2025-05-03,Phu My Hung,District 7,Bakery,136,3.699,True
2025-05-04,Phu My Hung,District 7,Coffee,330,12.87,False
2025-05-04,Phu My Hung,District 7,Tea,164,7.38,False
2025-05-04,Phu My Hung,District 7,Smoothie,129,7.095,False
2025-05-04,Phu My Hung,District 7,Bakery,129,4.128,False
2025-05-05,Phu My Hung,District 7,Coffee,243,9.477,False
2025-05-05,Phu My Hung,District 7,Tea,119,5.355,False
2025-05-05,Phu My Hung,District 7,Smoothie,64,3.52,False
2025-05-05,Phu My Hung,District 7,Bakery,80,2.56,False
2025-05-06,Phu My Hung,District 7,Coffee,285,11.115,False
2025-05-06,Phu My Hung,District 7,Tea,153,6.885,False
2025-05-06,Phu My Hung,District 7,Smoothie,111,6.105,False
2025-05-06,Phu My Hung,District 7,Bakery,119,3.808,False
2025-05-07,Phu My Hung,District 7,Coffee,278,10.842,False
2025-05-07,Phu My Hung,District 7,Tea,152,6.84,False
2025-05-07,Phu My Hung,District 7,Smoothie,91,5.005,False
2025-05-07,Phu My Hung,District 7,Bakery,87,2.784,False
2025-05-08,Phu My Hung,District 7,Coffee,254,9.906,False
2025-05-08,Phu My Hung,District 7,Tea,154,6.93,False
2025-05-08,Phu My Hung,District 7,Smoothie,69,3.795,False
2025-05-08,Phu My Hung,District 7,Bakery,100,3.2,False
2025-05-09,Phu My Hung,District 7,Coffee,247,9.633,False
2025-05-09,Phu My Hung,District 7,Tea,155,6.975,False
2025-05-09,Phu My Hung,District 7,Smoothie,106,5.83,False
2025-05-09,Phu My Hung,District 7,Bakery,112,3.584,False
2025-05-10,Phu My Hung,District 7,Coffee,300,11.7,False
2025-05-10,Phu My Hung,District 7,Tea,169,7.605,False
2025-05-10,Phu My Hung,District 7,Smoothie,111,6.105,False
2025-05-10,Phu My Hung,District 7,Bakery,116,3.712,False
2025-05-11,Phu My Hung,District 7,Coffee,306,11.934,False
2025-05-11,Phu My Hung,District 7,Tea,175,7.875,False
2025-05-11,Phu My Hung,District 7,Smoothie,122,6.71,False
2025-05-11,Phu My Hung,District 7,Bakery,140,4.48,False
2025-05-12,Phu My Hung,District 7,Coffee,237,9.243,False
2025-05-12,Phu My Hung,District 7,Tea,157,7.065,False
2025-05-12,Phu My Hung,District 7,Smoothie,82,4.51,False
2025-05-12,Phu My Hung,District 7,Bakery,96,3.072,False
2025-05-13,Phu My Hung,District 7,Coffee,243,9.477,False
2025-05-13,Phu My Hung,District 7,Tea,162,7.29,False
2025-05-13,Phu My Hung,District 7,Smoothie,94,5.17,False
2025-05-13,Phu My Hung,District 7,Bakery,103,3.296,False
2025-05-14,Phu My Hung,District 7,Coffee,243,9.477,False
2025-05-14,Phu My Hung,District 7,Tea,124,5.58,False
2025-05-14,Phu My Hung,District 7,Smoothie,88,4.84,False
2025-05-14,Phu My Hung,District 7,Bakery,102,3.264,False
2025-05-15,Phu My Hung,District 7,Coffee,279,10.881,False
2025-05-15,Phu My Hung,District 7,Tea,143,6.435,False
2025-05-15,Phu My Hung,District 7,Smoothie,101,5.555,False
2025-05-15,Phu My Hung,District 7,Bakery,110,3.52,False
2025-05-16,Phu My Hung,District 7,Coffee,244,9.516,False
2025-05-16,Phu My Hung,District 7,Tea,175,7.875,False
2025-05-16,Phu My Hung,District 7,Smoothie,82,4.51,False
2025-05-16,Phu My Hung,District 7,Bakery,102,3.264,False
2025-05-17,Phu My Hung,District 7,Coffee,298,11.622,False
2025-05-17,Phu My Hung,District 7,Tea,190,8.55,False
2025-05-17,Phu My Hung,District 7,Smoothie,105,5.775,False
2025-05-17,Phu My Hung,District 7,Bakery,98,3.136,False
2025-05-18,Phu My Hung,District 7,Coffee,307,11.973,False
2025-05-18,Phu My Hung,District 7,Tea,163,7.335,False
2025-05-18,Phu My Hung,District 7,Smoothie,103,5.665,False
2025-05-18,Phu My Hung,District 7,Bakery,133,4.256,False
2025-05-19,Phu My Hung,District 7,Coffee,264,10.296,False
2025-05-19,Phu My Hung,District 7,Tea,163,7.335,False
2025-05-19,Phu My Hung,District 7,Smoothie,79,4.345,False
2025-05-19,Phu My Hung,District 7,Bakery,86,2.752,False
2025-05-20,Phu My Hung,District 7,Coffee,249,9.711,False
2025-05-20,Phu My Hung,District 7,Tea,130,5.85,False
2025-05-20,Phu My Hung,District 7,Smoothie,103,5.665,False
2025-05-20,Phu My Hung,District 7,Bakery,87,2.784,False
2025-05-21,Phu My Hung,District 7,Coffee,243,9.477,False
2025-05-21,Phu My Hung,District 7,Tea,155,6.975,False
2025-05-21,Phu My Hung,District 7,Smoothie,92,5.06,False
2025-05-21,Phu My Hung,District 7,Bakery,97,3.104,False
2025-05-22,Phu My Hung,District 7,Coffee,265,10.335,False
2025-05-22,Phu My Hung,District 7,Tea,135,6.075,False
2025-05-22,Phu My Hung,District 7,Smoothie,103,5.665,False
2025-05-22,Phu My Hung,District 7,Bakery,118,3.776,False
2025-05-23,Phu My Hung,District 7,Coffee,260,10.14,False
2025-05-23,Phu My Hung,District 7,Tea,159,7.155,False
2025-05-23,Phu My Hung,District 7,Smoothie,94,5.17,False
2025-05-23,Phu My Hung,District 7,Bakery,111,3.552,False
2025-05-24,Phu My Hung,District 7,Coffee,333,12.987,False
2025-05-24,Phu My Hung,District 7,Tea,199,8.955,False
2025-05-24,Phu My Hung,District 7,Smoothie,115,6.325,False
2025-05-24,Phu My Hung,District 7,Bakery,127,4.064,False
2025-05-25,Phu My Hung,District 7,Coffee,327,12.753,False
2025-05-25,Phu My Hung,District 7,Tea,177,7.965,False
2025-05-25,Phu My Hung,District 7,Smoothie,131,7.205,False
2025-05-25,Phu My Hung,District 7,Bakery,130,4.16,False
2025-05-26,Phu My Hung,District 7,Coffee,261,10.179,False
2025-05-26,Phu My Hung,District 7,Tea,163,7.335,False
2025-05-26,Phu My Hung,District 7,Smoothie,92,5.06,False
2025-05-26,Phu My Hung,District 7,Bakery,110,3.52,False
2025-05-27,Phu My Hung,District 7,Coffee,237,9.243,False
2025-05-27,Phu My Hung,District 7,Tea,146,6.57,False
2025-05-27,Phu My Hung,District 7,Smoothie,112,6.16,False
2025-05-27,Phu My Hung,District 7,Bakery,77,2.464,False
2025-05-28,Phu My Hung,District 7,Coffee,242,9.438,False
2025-05-28,Phu My Hung,District 7,Tea,143,6.435,False
2025-05-28,Phu My Hung,District 7,Smoothie,93,5.115,False
2025-05-28,Phu My Hung,District 7,Bakery,94,3.008,False
2025-05-29,Phu My Hung,District 7,Coffee,251,9.789,False
2025-05-29,Phu My Hung,District 7,Tea,150,6.75,False
2025-05-29,Phu My Hung,District 7,Smoothie,89,4.895,False
2025-05-29,Phu My Hung,District 7,Bakery,99,3.168,False
2025-05-30,Phu My Hung,District 7,Coffee,267,10.413,False
2025-05-30,Phu My Hung,District 7,Tea,139,6.255,False
2025-05-30,Phu My Hung,District 7,Smoothie,78,4.29,False
2025-05-30,Phu My Hung,District 7,Bakery,83,2.656,False
2025-05-31,Phu My Hung,District 7,Coffee,335,13.065,False
2025-05-31,Phu My Hung,District 7,Tea,196,8.82,False
2025-05-31,Phu My Hung,District 7,Smoothie,122,6.71,False
2025-05-31,Phu My Hung,District 7,Bakery,123,3.936,False
2025-06-01,Phu My Hung,District 7,Coffee,346,11.47,True
2025-06-01,Phu My Hung,District 7,Tea,210,8.033,True
2025-06-01,Phu My Hung,District 7,Smoothie,115,5.376,True
2025-06-01,Phu My Hung,District 7,Bakery,129,3.509,True
2025-06-02,Phu My Hung,District 7,Coffee,304,10.078,True
2025-06-02,Phu My Hung,District 7,Tea,190,7.268,True
2025-06-02,Phu My Hung,District 7,Smoothie,68,3.179,True
2025-06-02,Phu My Hung,District 7,Bakery,106,2.883,True
2025-06-03,Phu My Hung,District 7,Coffee,307,10.177,True
2025-06-03,Phu My Hung,District 7,Tea,149,5.699,True
2025-06-03,Phu My Hung,District 7,Smoothie,77,3.6,True
2025-06-03,Phu My Hung,District 7,Bakery,103,2.802,True
2025-06-04,Phu My Hung,District 7,Coffee,230,8.97,False
2025-06-04,Phu My Hung,District 7,Tea,139,6.255,False
2025-06-04,Phu My Hung,District 7,Smoothie,69,3.795,False
2025-06-04,Phu My Hung,District 7,Bakery,86,2.752,False
2025-06-05,Phu My Hung,District 7,Coffee,242,9.438,False
2025-06-05,Phu My Hung,District 7,Tea,134,6.03,False
2025-06-05,Phu My Hung,District 7,Smoothie,53,2.915,False
2025-06-05,Phu My Hung,District 7,Bakery,99,3.168,False
2025-06-06,Phu My Hung,District 7,Coffee,252,9.828,False
2025-06-06,Phu My Hung,District 7,Tea,146,6.57,False
2025-06-06,Phu My Hung,District 7,Smoothie,65,3.575,False
2025-06-06,Phu My Hung,District 7,Bakery,90,2.88,False
2025-06-07,Phu My Hung,District 7,Coffee,289,11.271,False
2025-06-07,Phu My Hung,District 7,Tea,201,9.045,False
2025-06-07,Phu My Hung,District 7,Smoothie,91,5.005,False
2025-06-07,Phu My Hung,District 7,Bakery,105,3.36,False
2025-06-08,Phu My Hung,District 7,Coffee,296,11.544,False
2025-06-08,Phu My Hung,District 7,Tea,171,7.695,False
2025-06-08,Phu My Hung,District 7,Smoothie,74,4.07,False
2025-06-08,Phu My Hung,District 7,Bakery,116,3.712,False
2025-06-09,Phu My Hung,District 7,Coffee,222,8.658,False
2025-06-09,Phu My Hung,District 7,Tea,156,7.02,False
2025-06-09,Phu My Hung,District 7,Smoothie,61,3.355,False
2025-06-09,Phu My Hung,District 7,Bakery,86,2.752,False
2025-06-10,Phu My Hung,District 7,Coffee,242,9.438,False
2025-06-10,Phu My Hung,District 7,Tea,158,7.11,False
2025-06-10,Phu My Hung,District 7,Smoothie,72,3.96,False
2025-06-10,Phu My Hung,District 7,Bakery,89,2.848,False
2025-06-11,Phu My Hung,District 7,Coffee,249,9.711,False
2025-06-11,Phu My Hung,District 7,Tea,148,6.66,False
2025-06-11,Phu My Hung,District 7,Smoothie,53,2.915,False
2025-06-11,Phu My Hung,District 7,Bakery,93,2.976,False
2025-06-12,Phu My Hung,District 7,Coffee,207,8.073,False
2025-06-12,Phu My Hung,District 7,Tea,141,6.345,False
2025-06-12,Phu My Hung,District 7,Smoothie,69,3.795,False
2025-06-12,Phu My Hung,District 7,Bakery,91,2.912,False
2025-06-13,Phu My Hung,District 7,Coffee,236,9.204,False
2025-06-13,Phu My Hung,District 7,Tea,144,6.48,False
2025-06-13,Phu My Hung,District 7,Smoothie,60,3.3,False
2025-06-13,Phu My Hung,District 7,Bakery,87,2.784,False
2025-06-14,Phu My Hung,District 7,Coffee,311,12.129,False
2025-06-14,Phu My Hung,District 7,Tea,209,9.405,False
2025-06-14,Phu My Hung,District 7,Smoothie,80,4.4,False
2025-06-14,Phu My Hung,District 7,Bakery,110,3.52,False
2025-06-15,Phu My Hung,District 7,Coffee,275,10.725,False
2025-06-15,Phu My Hung,District 7,Tea,179,8.055,False
2025-06-15,Phu My Hung,District 7,Smoothie,71,3.905,False
2025-06-15,Phu My Hung,District 7,Bakery,107,3.424,False
2025-06-16,Phu My Hung,District 7,Coffee,233,9.087,False
2025-06-16,Phu My Hung,District 7,Tea,144,6.48,False
2025-06-16,Phu My Hung,District 7,Smoothie,54,2.97,False
2025-06-16,Phu My Hung,District 7,Bakery,102,3.264,False
2025-06-17,Phu My Hung,District 7,Coffee,281,10.959,False
2025-06-17,Phu My Hung,District 7,Tea,163,7.335,False
2025-06-17,Phu My Hung,District 7,Smoothie,74,4.07,False
2025-06-17,Phu My Hung,District 7,Bakery,97,3.104,False
2025-06-18,Phu My Hung,District 7,Coffee,235,9.165,False
2025-06-18,Phu My Hung,District 7,Tea,133,5.985,False
2025-06-18,Phu My Hung,District 7,Smoothie,57,3.135,False
2025-06-18,Phu My Hung,District 7,Bakery,96,3.072,False
2025-06-19,Phu My Hung,District 7,Coffee,246,9.594,False
2025-06-19,Phu My Hung,District 7,Tea,131,5.895,False
2025-06-19,Phu My Hung,District 7,Smoothie,59,3.245,False
2025-06-19,Phu My Hung,District 7,Bakery,92,2.944,False
2025-06-20,Phu My Hung,District 7,Coffee,226,8.814,False
2025-06-20,Phu My Hung,District 7,Tea,150,6.75,False
2025-06-20,Phu My Hung,District 7,Smoothie,59,3.245,False
2025-06-20,Phu My Hung,District 7,Bakery,82,2.624,False
2025-06-21,Phu My Hung,District 7,Coffee,306,11.934,False
2025-06-21,Phu My Hung,District 7,Tea,193,8.685,False
2025-06-21,Phu My Hung,District 7,Smoothie,70,3.85,False
2025-06-21,Phu My Hung,District 7,Bakery,104,3.328,False
2025-06-22,Phu My Hung,District 7,Coffee,273,10.647,False
2025-06-22,Phu My Hung,District 7,Tea,184,8.28,False
2025-06-22,Phu My Hung,District 7,Smoothie,77,4.235,False
2025-06-22,Phu My Hung,District 7,Bakery,102,3.264,False
2025-06-23,Phu My Hung,District 7,Coffee,222,8.658,False
2025-06-23,Phu My Hung,District 7,Tea,137,6.165,False
2025-06-23,Phu My Hung,District 7,Smoothie,70,3.85,False
2025-06-23,Phu My Hung,District 7,Bakery,97,3.104,False
2025-06-24,Phu My Hung,District 7,Coffee,214,8.346,False
2025-06-24,Phu My Hung,District 7,Tea,171,7.695,False
2025-06-24,Phu My Hung,District 7,Smoothie,60,3.3,False
2025-06-24,Phu My Hung,District 7,Bakery,86,2.752,False
2025-06-25,Phu My Hung,District 7,Coffee,270,10.53,False
2025-06-25,Phu My Hung,District 7,Tea,155,6.975,False
2025-06-25,Phu My Hung,District 7,Smoothie,60,3.3,False
2025-06-25,Phu My Hung,District 7,Bakery,87,2.784,False
2025-06-26,Phu My Hung,District 7,Coffee,237,9.243,False
2025-06-26,Phu My Hung,District 7,Tea,157,7.065,False
2025-06-26,Phu My Hung,District 7,Smoothie,57,3.135,False
2025-06-26,Phu My Hung,District 7,Bakery,81,2.592,False
2025-06-27,Phu My Hung,District 7,Coffee,194,7.566,False
2025-06-27,Phu My Hung,District 7,Tea,140,6.3,False
2025-06-27,Phu My Hung,District 7,Smoothie,61,3.355,False
2025-06-27,Phu My Hung,District 7,Bakery,86,2.752,False
2025-06-28,Phu My Hung,District 7,Coffee,308,12.012,False
2025-06-28,Phu My Hung,District 7,Tea,215,9.675,False
2025-06-28,Phu My Hung,District 7,Smoothie,80,4.4,False
2025-06-28,Phu My Hung,District 7,Bakery,93,2.976,False
2025-06-29,Phu My Hung,District 7,Coffee,340,13.26,False
2025-06-29,Phu My Hung,District 7,Tea,196,8.82,False
2025-06-29,Phu My Hung,District 7,Smoothie,73,4.015,False
2025-06-29,Phu My Hung,District 7,Bakery,128,4.096,False
2025-06-30,Phu My Hung,District 7,Coffee,250,9.75,False
2025-06-30,Phu My Hung,District 7,Tea,168,7.56,False
2025-06-30,Phu My Hung,District 7,Smoothie,66,3.63,False
2025-06-30,Phu My Hung,District 7,Bakery,104,3.328,False
2025-07-01,Phu My Hung,District 7,Coffee,290,9.614,True
2025-07-01,Phu My Hung,District 7,Tea,179,6.847,True
2025-07-01,Phu My Hung,District 7,Smoothie,72,3.366,True
2025-07-01,Phu My Hung,District 7,Bakery,115,3.128,True
2025-07-02,Phu My Hung,District 7,Coffee,281,9.315,True
2025-07-02,Phu My Hung,District 7,Tea,189,7.229,True
2025-07-02,Phu My Hung,District 7,Smoothie,69,3.226,True
2025-07-02,Phu My Hung,District 7,Bakery,97,2.638,True
2025-07-03,Phu My Hung,District 7,Coffee,256,8.486,True
2025-07-03,Phu My Hung,District 7,Tea,189,7.229,True
2025-07-03,Phu My Hung,District 7,Smoothie,73,3.413,True
2025-07-03,Phu My Hung,District 7,Bakery,100,2.72,True
2025-07-04,Phu My Hung,District 7,Coffee,247,9.633,False
2025-07-04,Phu My Hung,District 7,Tea,148,6.66,False
2025-07-04,Phu My Hung,District 7,Smoothie,54,2.97,False
2025-07-04,Phu My Hung,District 7,Bakery,95,3.04,False
2025-07-05,Phu My Hung,District 7,Coffee,302,11.778,False
2025-07-05,Phu My Hung,District 7,Tea,183,8.235,False
2025-07-05,Phu My Hung,District 7,Smoothie,66,3.63,False
2025-07-05,Phu My Hung,District 7,Bakery,95,3.04,False
2025-07-06,Phu My Hung,District 7,Coffee,291,11.349,False
2025-07-06,Phu My Hung,District 7,Tea,204,9.18,False
2025-07-06,Phu My Hung,District 7,Smoothie,76,4.18,False
2025-07-06,Phu My Hung,District 7,Bakery,118,3.776,False
2025-07-07,Phu My Hung,District 7,Coffee,254,9.906,False
2025-07-07,Phu My Hung,District 7,Tea,143,6.435,False
2025-07-07,Phu My Hung,District 7,Smoothie,85,4.675,False
2025-07-07,Phu My Hung,District 7,Bakery,89,2.848,False
2025-07-08,Phu My Hung,District 7,Coffee,264,10.296,False
2025-07-08,Phu My Hung,District 7,Tea,170,7.65,False
2025-07-08,Phu My Hung,District 7,Smoothie,44,2.42,False
2025-07-08,Phu My Hung,District 7,Bakery,81,2.592,False
2025-07-09,Phu My Hung,District 7,Coffee,230,8.97,False
2025-07-09,Phu My Hung,District 7,Tea,158,7.11,False
2025-07-09,Phu My Hung,District 7,Smoothie,62,3.41,False
2025-07-09,Phu My Hung,District 7,Bakery,95,3.04,False
2025-07-10,Phu My Hung,District 7,Coffee,218,8.502,False
2025-07-10,Phu My Hung,District 7,Tea,154,6.93,False
2025-07-10,Phu My Hung,District 7,Smoothie,73,4.015,False
2025-07-10,Phu My Hung,District 7,Bakery,94,3.008,False
2025-07-11,Phu My Hung,District 7,Coffee,241,9.399,False
2025-07-11,Phu My Hung,District 7,Tea,163,7.335,False
2025-07-11,Phu My Hung,District 7,Smoothie,69,3.795,False
2025-07-11,Phu My Hung,District 7,Bakery,90,2.88,False
2025-07-12,Phu My Hung,District 7,Coffee,304,11.856,False
2025-07-12,Phu My Hung,District 7,Tea,204,9.18,False
2025-07-12,Phu My Hung,District 7,Smoothie,86,4.73,False
2025-07-12,Phu My Hung,District 7,Bakery,107,3.424,False
2025-07-13,Phu My Hung,District 7,Coffee,290,11.31,False
2025-07-13,Phu My Hung,District 7,Tea,170,7.65,False
2025-07-13,Phu My Hung,District 7,Smoothie,73,4.015,False
2025-07-13,Phu My Hung,District 7,Bakery,128,4.096,False
2025-07-14,Phu My Hung,District 7,Coffee,229,8.931,False
2025-07-14,Phu My Hung,District 7,Tea,164,7.38,False
2025-07-14,Phu My Hung,District 7,Smoothie,83,4.565,False
2025-07-14,Phu My Hung,District 7,Bakery,98,3.136,False
2025-07-15,Phu My Hung,District 7,Coffee,232,9.048,False
2025-07-15,Phu My Hung,District 7,Tea,181,8.145,False
2025-07-15,Phu My Hung,District 7,Smoothie,56,3.08,False
2025-07-15,Phu My Hung,District 7,Bakery,105,3.36,False
2025-07-16,Phu My Hung,District 7,Coffee,248,9.672,False
2025-07-16,Phu My Hung,District 7,Tea,162,7.29,False
2025-07-16,Phu My Hung,District 7,Smoothie,71,3.905,False
2025-07-16,Phu My Hung,District 7,Bakery,90,2.88,False
2025-07-17,Phu My Hung,District 7,Coffee,237,9.243,False
2025-07-17,Phu My Hung,District 7,Tea,155,6.975,False
2025-07-17,Phu My Hung,District 7,Smoothie,76,4.18,False
2025-07-17,Phu My Hung,District 7,Bakery,98,3.136,False
2025-07-18,Phu My Hung,District 7,Coffee,280,10.92,False
2025-07-18,Phu My Hung,District 7,Tea,156,7.02,False
2025-07-18,Phu My Hung,District 7,Smoothie,58,3.19,False
2025-07-18,Phu My Hung,District 7,Bakery,85,2.72,False
2025-07-19,Phu My Hung,District 7,Coffee,317,12.363,False
2025-07-19,Phu My Hung,District 7,Tea,183,8.235,False
2025-07-19,Phu My Hung,District 7,Smoothie,81,4.455,False
2025-07-19,Phu My Hung,District 7,Bakery,101,3.232,False
2025-07-20,Phu My Hung,District 7,Coffee,302,11.778,False
2025-07-20,Phu My Hung,District 7,Tea,212,9.54,False
2025-07-20,Phu My Hung,District 7,Smoothie,76,4.18,False
2025-07-20,Phu My Hung,District 7,Bakery,125,4.0,False
2025-07-21,Phu My Hung,District 7,Coffee,243,9.477,False
2025-07-21,Phu My Hung,District 7,Tea,154,6.93,False
2025-07-21,Phu My Hung,District 7,Smoothie,63,3.465,False
2025-07-21,Phu My Hung,District 7,Bakery,92,2.944,False
2025-07-22,Phu My Hung,District 7,Coffee,228,8.892,False
2025-07-22,Phu My Hung,District 7,Tea,162,7.29,False
2025-07-22,Phu My Hung,District 7,Smoothie,68,3.74,False
2025-07-22,Phu My Hung,District 7,Bakery,99,3.168,False
2025-07-23,Phu My Hung,District 7,Coffee,231,9.009,False
2025-07-23,Phu My Hung,District 7,Tea,170,7.65,False
2025-07-23,Phu My Hung,District 7,Smoothie,71,3.905,False
2025-07-23,Phu My Hung,District 7,Bakery,102,3.264,False
2025-07-24,Phu My Hung,District 7,Coffee,239,9.321,False
2025-07-24,Phu My Hung,District 7,Tea,144,6.48,False
2025-07-24,Phu My Hung,District 7,Smoothie,75,4.125,False
2025-07-24,Phu My Hung,District 7,Bakery,108,3.456,False
2025-07-25,Phu My Hung,District 7,Coffee,250,9.75,False
2025-07-25,Phu My Hung,District 7,Tea,142,6.39,False
2025-07-25,Phu My Hung,District 7,Smoothie,68,3.74,False
2025-07-25,Phu My Hung,District 7,Bakery,92,2.944,False
2025-07-26,Phu My Hung,District 7,Coffee,289,11.271,False
2025-07-26,Phu My Hung,District 7,Tea,196,8.82,False
2025-07-26,Phu My Hung,District 7,Smoothie,68,3.74,False
2025-07-26,Phu My Hung,District 7,Bakery,123,3.936,False
2025-07-27,Phu My Hung,District 7,Coffee,293,11.427,False
2025-07-27,Phu My Hung,District 7,Tea,196,8.82,False
2025-07-27,Phu My Hung,District 7,Smoothie,82,4.51,False
2025-07-27,Phu My Hung,District 7,Bakery,110,3.52,False
2025-07-28,Phu My Hung,District 7,Coffee,218,8.502,False
2025-07-28,Phu My Hung,District 7,Tea,131,5.895,False
2025-07-28,Phu My Hung,District 7,Smoothie,67,3.685,False
2025-07-28,Phu My Hung,District 7,Bakery,109,3.488,False
2025-07-29,Phu My Hung,District 7,Coffee,229,8.931,False
2025-07-29,Phu My Hung,District 7,Tea,137,6.165,False
2025-07-29,Phu My Hung,District 7,Smoothie,62,3.41,False
2025-07-29,Phu My Hung,District 7,Bakery,84,2.688,False
2025-07-30,Phu My Hung,District 7,Coffee,238,9.282,False
2025-07-30,Phu My Hung,District 7,Tea,133,5.985,False
2025-07-30,Phu My Hung,District 7,Smoothie,59,3.245,False
2025-07-30,Phu My Hung,District 7,Bakery,114,3.648,False
2025-07-31,Phu My Hung,District 7,Coffee,285,11.115,False
2025-07-31,Phu My Hung,District 7,Tea,145,6.525,False
2025-07-31,Phu My Hung,District 7,Smoothie,67,3.685,False
2025-07-31,Phu My Hung,District 7,Bakery,80,2.56,False
2025-08-01,Phu My Hung,District 7,Coffee,277,9.183,True
2025-08-01,Phu My Hung,District 7,Tea,159,6.082,True
2025-08-01,Phu My Hung,District 7,Smoothie,74,3.459,True
2025-08-01,Phu My Hung,District 7,Bakery,113,3.074,True
2025-08-02,Phu My Hung,District 7,Coffee,379,12.564,True
2025-08-02,Phu My Hung,District 7,Tea,219,8.377,True
2025-08-02,Phu My Hung,District 7,Smoothie,67,3.132,True
2025-08-02,Phu My Hung,District 7,Bakery,116,3.155,True
2025-08-03,Phu My Hung,District 7,Coffee,376,12.464,True
2025-08-03,Phu My Hung,District 7,Tea,259,9.907,True
2025-08-03,Phu My Hung,District 7,Smoothie,104,4.862,True
2025-08-03,Phu My Hung,District 7,Bakery,135,3.672,True
2025-08-04,Phu My Hung,District 7,Coffee,227,8.853,False
2025-08-04,Phu My Hung,District 7,Tea,141,6.345,False
2025-08-04,Phu My Hung,District 7,Smoothie,62,3.41,False
2025-08-04,Phu My Hung,District 7,Bakery,108,3.456,False
2025-08-05,Phu My Hung,District 7,Coffee,223,8.697,False
2025-08-05,Phu My Hung,District 7,Tea,140,6.3,False
2025-08-05,Phu My Hung,District 7,Smoothie,63,3.465,False
2025-08-05,Phu My Hung,District 7,Bakery,88,2.816,False
2025-08-06,Phu My Hung,District 7,Coffee,243,9.477,False
2025-08-06,Phu My Hung,District 7,Tea,161,7.245,False
2025-08-06,Phu My Hung,District 7,Smoothie,52,2.86,False
2025-08-06,Phu My Hung,District 7,Bakery,99,3.168,False
2025-08-07,Phu My Hung,District 7,Coffee,257,10.023,False
2025-08-07,Phu My Hung,District 7,Tea,173,7.785,False
2025-08-07,Phu My Hung,District 7,Smoothie,75,4.125,False
2025-08-07,Phu My Hung,District 7,Bakery,96,3.072,False
2025-08-08,Phu My Hung,District 7,Coffee,246,9.594,False
2025-08-08,Phu My Hung,District 7,Tea,122,5.49,False
2025-08-08,Phu My Hung,District 7,Smoothie,73,4.015,False
2025-08-08,Phu My Hung,District 7,Bakery,94,3.008,False
2025-08-09,Phu My Hung,District 7,Coffee,290,11.31,False
2025-08-09,Phu My Hung,District 7,Tea,192,8.64,False
2025-08-09,Phu My Hung,District 7,Smoothie,69,3.795,False
2025-08-09,Phu My Hung,District 7,Bakery,117,3.744,False
2025-08-10,Phu My Hung,District 7,Coffee,314,12.246,False
2025-08-10,Phu My Hung,District 7,Tea,216,9.72,False
2025-08-10,Phu My Hung,District 7,Smoothie,81,4.455,False
2025-08-10,Phu My Hung,District 7,Bakery,119,3.808,False
2025-08-11,Phu My Hung,District 7,Coffee,258,10.062,False
2025-08-11,Phu My Hung,District 7,Tea,151,6.795,False
2025-08-11,Phu My Hung,District 7,Smoothie,56,3.08,False
2025-08-11,Phu My Hung,District 7,Bakery,105,3.36,False
2025-08-12,Phu My Hung,District 7,Coffee,226,8.814,False
2025-08-12,Phu My Hung,District 7,Tea,152,6.84,False
2025-08-12,Phu My Hung,District 7,Smoothie,51,2.805,False
2025-08-12,Phu My Hung,District 7,Bakery,95,3.04,False
2025-08-13,Phu My Hung,District 7,Coffee,258,10.062,False
2025-08-13,Phu My Hung,District 7,Tea,152,6.84,False
2025-08-13,Phu My Hung,District 7,Smoothie,67,3.685,False
2025-08-13,Phu My Hung,District 7,Bakery,104,3.328,False
2025-08-14,Phu My Hung,District 7,Coffee,226,8.814,False
2025-08-14,Phu My Hung,District 7,Tea,159,7.155,False
2025-08-14,Phu My Hung,District 7,Smoothie,59,3.245,False
2025-08-14,Phu My Hung,District 7,Bakery,94,3.008,False
2025-08-15,Phu My Hung,District 7,Coffee,238,9.282,False
2025-08-15,Phu My Hung,District 7,Tea,161,7.245,False
2025-08-15,Phu My Hung,District 7,Smoothie,63,3.465,False
2025-08-15,Phu My Hung,District 7,Bakery,103,3.296,False
2025-08-16,Phu My Hung,District 7,Coffee,303,11.817,False
2025-08-16,Phu My Hung,District 7,Tea,207,9.315,False
2025-08-16,Phu My Hung,District 7,Smoothie,78,4.29,False
2025-08-16,Phu My Hung,District 7,Bakery,109,3.488,False
2025-08-17,Phu My Hung,District 7,Coffee,340,13.26,False
2025-08-17,Phu My Hung,District 7,Tea,165,7.425,False
2025-08-17,Phu My Hung,District 7,Smoothie,75,4.125,False
2025-08-17,Phu My Hung,District 7,Bakery,110,3.52,False
2025-08-18,Phu My Hung,District 7,Coffee,223,8.697,False
2025-08-18,Phu My Hung,District 7,Tea,157,7.065,False
2025-08-18,Phu My Hung,District 7,Smoothie,60,3.3,False
2025-08-18,Phu My Hung,District 7,Bakery,79,2.528,False
2025-08-19,Phu My Hung,District 7,Coffee,250,9.75,False
2025-08-19,Phu My Hung,District 7,Tea,144,6.48,False
2025-08-19,Phu My Hung,District 7,Smoothie,60,3.3,False
2025-08-19,Phu My Hung,District 7,Bakery,82,2.624,False
2025-08-20,Phu My Hung,District 7,Coffee,239,9.321,False
2025-08-20,Phu My Hung,District 7,Tea,167,7.515,False
2025-08-20,Phu My Hung,District 7,Smoothie,66,3.63,False
2025-08-20,Phu My Hung,District 7,Bakery,88,2.816,False
2025-08-21,Phu My Hung,District 7,Coffee,244,9.516,False
2025-08-21,Phu My Hung,District 7,Tea,161,7.245,False
2025-08-21,Phu My Hung,District 7,Smoothie,53,2.915,False
2025-08-21,Phu My Hung,District 7,Bakery,90,2.88,False
2025-08-22,Phu My Hung,District 7,Coffee,236,9.204,False
2025-08-22,Phu My Hung,District 7,Tea,145,6.525,False
2025-08-22,Phu My Hung,District 7,Smoothie,72,3.96,False
2025-08-22,Phu My Hung,District 7,Bakery,87,2.784,False
2025-08-23,Phu My Hung,District 7,Coffee,297,11.583,False
2025-08-23,Phu My Hung,District 7,Tea,200,9.0,False
2025-08-23,Phu My Hung,District 7,Smoothie,88,4.84,False
2025-08-23,Phu My Hung,District 7,Bakery,121,3.872,False
2025-08-24,Phu My Hung,District 7,Coffee,310,12.09,False
2025-08-24,Phu My Hung,District 7,Tea,182,8.19,False
2025-08-24,Phu My Hung,District 7,Smoothie,85,4.675,False
2025-08-24,Phu My Hung,District 7,Bakery,116,3.712,False
2025-08-25,Phu My Hung,District 7,Coffee,228,8.892,False
2025-08-25,Phu My Hung,District 7,Tea,161,7.245,False
2025-08-25,Phu My Hung,District 7,Smoothie,62,3.41,False
2025-08-25,Phu My Hung,District 7,Bakery,97,3.104,False
2025-08-26,Phu My Hung,District 7,Coffee,254,9.906,False
2025-08-26,Phu My Hung,District 7,Tea,164,7.38,False
2025-08-26,Phu My Hung,District 7,Smoothie,53,2.915,False
2025-08-26,Phu My Hung,District 7,Bakery,86,2.752,False
2025-08-27,Phu My Hung,District 7,Coffee,229,8.931,False
2025-08-27,Phu My Hung,District 7,Tea,167,7.515,False
2025-08-27,Phu My Hung,District 7,Smoothie,58,3.19,False
2025-08-27,Phu My Hung,District 7,Bakery,93,2.976,False
2025-08-28,Phu My Hung,District 7,Coffee,249,9.711,False
2025-08-28,Phu My Hung,District 7,Tea,158,7.11,False
2025-08-28,Phu My Hung,District 7,Smoothie,65,3.575,False
2025-08-28,Phu My Hung,District 7,Bakery,82,2.624,False
2025-08-29,Phu My Hung,District 7,Coffee,233,9.087,False
2025-08-29,Phu My Hung,District 7,Tea,130,5.85,False
2025-08-29,Phu My Hung,District 7,Smoothie,56,3.08,False
2025-08-29,Phu My Hung,District 7,Bakery,92,2.944,False
2025-08-30,Phu My Hung,District 7,Coffee,298,11.622,False
2025-08-30,Phu My Hung,District 7,Tea,218,9.81,False
2025-08-30,Phu My Hung,District 7,Smoothie,78,4.29,False
2025-08-30,Phu My Hung,District 7,Bakery,115,3.68,False
2025-08-31,Phu My Hung,District 7,Coffee,308,12.012,False
2025-08-31,Phu My Hung,District 7,Tea,204,9.18,False
2025-08-31,Phu My Hung,District 7,Smoothie,65,3.575,False
2025-08-31,Phu My Hung,District 7,Bakery,126,4.032,False
2025-09-01,Phu My Hung,District 7,Coffee,274,9.083,True
2025-09-01,Phu My Hung,District 7,Tea,181,6.923,True
2025-09-01,Phu My Hung,District 7,Smoothie,82,3.833,True
2025-09-01,Phu My Hung,District 7,Bakery,117,3.182,True
2025-09-02,Phu My Hung,District 7,Coffee,255,8.453,True
2025-09-02,Phu My Hung,District 7,Tea,171,6.541,True
2025-09-02,Phu My Hung,District 7,Smoothie,64,2.992,True
2025-09-02,Phu My Hung,District 7,Bakery,122,3.318,True
2025-09-03,Phu My Hung,District 7,Coffee,292,9.68,True
2025-09-03,Phu My Hung,District 7,Tea,202,7.726,True
2025-09-03,Phu My Hung,District 7,Smoothie,60,2.805,True
2025-09-03,Phu My Hung,District 7,Bakery,105,2.856,True
2025-09-04,Phu My Hung,District 7,Coffee,239,9.321,False
2025-09-04,Phu My Hung,District 7,Tea,157,7.065,False
2025-09-04,Phu My Hung,District 7,Smoothie,69,3.795,False
2025-09-04,Phu My Hung,District 7,Bakery,99,3.168,False
2025-09-05,Phu My Hung,District 7,Coffee,241,9.399,False
2025-09-05,Phu My Hung,District 7,Tea,158,7.11,False
2025-09-05,Phu My Hung,District 7,Smoothie,63,3.465,False
2025-09-05,Phu My Hung,District 7,Bakery,88,2.816,False
2025-09-06,Phu My Hung,District 7,Coffee,316,12.324,False
2025-09-06,Phu My Hung,District 7,Tea,203,9.135,False
2025-09-06,Phu My Hung,District 7,Smoothie,86,4.73,False
2025-09-06,Phu My Hung,District 7,Bakery,131,4.192,False
2025-09-07,Phu My Hung,District 7,Coffee,285,11.115,False
2025-09-07,Phu My Hung,District 7,Tea,192,8.64,False
2025-09-07,Phu My Hung,District 7,Smoothie,79,4.345,False
2025-09-07,Phu My Hung,District 7,Bakery,110,3.52,False
2025-09-08,Phu My Hung,District 7,Coffee,249,9.711,False
2025-09-08,Phu My Hung,District 7,Tea,164,7.38,False
2025-09-08,Phu My Hung,District 7,Smoothie,58,3.19,False
2025-09-08,Phu My Hung,District 7,Bakery,84,2.688,False
2025-09-09,Phu My Hung,District 7,Coffee,261,10.179,False
2025-09-09,Phu My Hung,District 7,Tea,156,7.02,False
2025-09-09,Phu My Hung,District 7,Smoothie,52,2.86,False
2025-09-09,Phu My Hung,District 7,Bakery,87,2.784,False
2025-09-10,Phu My Hung,District 7,Coffee,253,9.867,False
2025-09-10,Phu My Hung,District 7,Tea,161,7.245,False
2025-09-10,Phu My Hung,District 7,Smoothie,49,2.695,False
2025-09-10,Phu My Hung,District 7,Bakery,81,2.592,False
2025-09-11,Phu My Hung,District 7,Coffee,261,10.179,False
2025-09-11,Phu My Hung,District 7,Tea,150,6.75,False
2025-09-11,Phu My Hung,District 7,Smoothie,65,3.575,False
2025-09-11,Phu My Hung,District 7,Bakery,86,2.752,False
2025-09-12,Phu My Hung,District 7,Coffee,258,10.062,False
2025-09-12,Phu My Hung,District 7,Tea,164,7.38,False
2025-09-12,Phu My Hung,District 7,Smoothie,71,3.905,False
2025-09-12,Phu My Hung,District 7,Bakery,91,2.912,False
2025-09-13,Phu My Hung,District 7,Coffee,309,12.051,False
2025-09-13,Phu My Hung,District 7,Tea,185,8.325,False
2025-09-13,Phu My Hung,District 7,Smoothie,86,4.73,False
2025-09-13,Phu My Hung,District 7,Bakery,121,3.872,False
2025-09-14,Phu My Hung,District 7,Coffee,328,12.792,False
2025-09-14,Phu My Hung,District 7,Tea,166,7.47,False
2025-09-14,Phu My Hung,District 7,Smoothie,82,4.51,False
2025-09-14,Phu My Hung,District 7,Bakery,125,4.0,False
2025-09-15,Phu My Hung,District 7,Coffee,263,10.257,False
2025-09-15,Phu My Hung,District 7,Tea,139,6.255,False
2025-09-15,Phu My Hung,District 7,Smoothie,52,2.86,False
2025-09-15,Phu My Hung,District 7,Bakery,97,3.104,False
2025-09-16,Phu My Hung,District 7,Coffee,235,9.165,False
2025-09-16,Phu My Hung,District 7,Tea,165,7.425,False
2025-09-16,Phu My Hung,District 7,Smoothie,52,2.86,False
2025-09-16,Phu My Hung,District 7,Bakery,107,3.424,False
2025-09-17,Phu My Hung,District 7,Coffee,256,9.984,False
2025-09-17,Phu My Hung,District 7,Tea,148,6.66,False
2025-09-17,Phu My Hung,District 7,Smoothie,59,3.245,False
2025-09-17,Phu My Hung,District 7,Bakery,94,3.008,False
2025-09-18,Phu My Hung,District 7,Coffee,262,10.218,False
2025-09-18,Phu My Hung,District 7,Tea,142,6.39,False
2025-09-18,Phu My Hung,District 7,Smoothie,57,3.135,False
2025-09-18,Phu My Hung,District 7,Bakery,97,3.104,False
2025-09-19,Phu My Hung,District 7,Coffee,264,10.296,False
2025-09-19,Phu My Hung,District 7,Tea,152,6.84,False
2025-09-19,Phu My Hung,District 7,Smoothie,56,3.08,False
2025-09-19,Phu My Hung,District 7,Bakery,99,3.168,False
2025-09-20,Phu My Hung,District 7,Coffee,295,11.505,False
2025-09-20,Phu My Hung,District 7,Tea,212,9.54,False
2025-09-20,Phu My Hung,District 7,Smoothie,84,4.62,False
2025-09-20,Phu My Hung,District 7,Bakery,111,3.552,False
2025-09-21,Phu My Hung,District 7,Coffee,278,10.842,False
2025-09-21,Phu My Hung,District 7,Tea,164,7.38,False
2025-09-21,Phu My Hung,District 7,Smoothie,80,4.4,False
2025-09-21,Phu My Hung,District 7,Bakery,114,3.648,False
2025-09-22,Phu My Hung,District 7,Coffee,236,9.204,False
2025-09-22,Phu My Hung,District 7,Tea,172,7.74,False
2025-09-22,Phu My Hung,District 7,Smoothie,70,3.85,False
2025-09-22,Phu My Hung,District 7,Bakery,93,2.976,False
2025-09-23,Phu My Hung,District 7,Coffee,258,10.062,False
2025-09-23,Phu My Hung,District 7,Tea,156,7.02,False
2025-09-23,Phu My Hung,District 7,Smoothie,65,3.575,False
2025-09-23,Phu My Hung,District 7,Bakery,94,3.008,False
2025-09-24,Phu My Hung,District 7,Coffee,242,9.438,False
2025-09-24,Phu My Hung,District 7,Tea,146,6.57,False
2025-09-24,Phu My Hung,District 7,Smoothie,59,3.245,False
2025-09-24,Phu My Hung,District 7,Bakery,89,2.848,False
2025-09-25,Phu My Hung,District 7,Coffee,239,9.321,False
2025-09-25,Phu My Hung,District 7,Tea,154,6.93,False
2025-09-25,Phu My Hung,District 7,Smoothie,59,3.245,False
2025-09-25,Phu My Hung,District 7,Bakery,101,3.232,False
2025-09-26,Phu My Hung,District 7,Coffee,244,9.516,False
2025-09-26,Phu My Hung,District 7,Tea,154,6.93,False
2025-09-26,Phu My Hung,District 7,Smoothie,62,3.41,False
2025-09-26,Phu My Hung,District 7,Bakery,80,2.56,False
2025-09-27,Phu My Hung,District 7,Coffee,319,12.441,False
2025-09-27,Phu My Hung,District 7,Tea,172,7.74,False
2025-09-27,Phu My Hung,District 7,Smoothie,64,3.52,False
2025-09-27,Phu My Hung,District 7,Bakery,125,4.0,False
2025-09-28,Phu My Hung,District 7,Coffee,345,13.455,False
2025-09-28,Phu My Hung,District 7,Tea,177,7.965,False
2025-09-28,Phu My Hung,District 7,Smoothie,88,4.84,False
2025-09-28,Phu My Hung,District 7,Bakery,99,3.168,False
2025-09-29,Phu My Hung,District 7,Coffee,247,9.633,False
2025-09-29,Phu My Hung,District 7,Tea,146,6.57,False
2025-09-29,Phu My Hung,District 7,Smoothie,52,2.86,False
2025-09-29,Phu My Hung,District 7,Bakery,81,2.592,False
2025-09-30,Phu My Hung,District 7,Coffee,264,10.296,False
2025-09-30,Phu My Hung,District 7,Tea,150,6.75,False
2025-09-30,Phu My Hung,District 7,Smoothie,61,3.355,False
2025-09-30,Phu My Hung,District 7,Bakery,82,2.624,False
2025-10-01,Phu My Hung,District 7,Coffee,315,10.442,True
2025-10-01,Phu My Hung,District 7,Tea,182,6.962,True
2025-10-01,Phu My Hung,District 7,Smoothie,71,3.319,True
2025-10-01,Phu My Hung,District 7,Bakery,101,2.747,True
2025-10-02,Phu My Hung,District 7,Coffee,299,9.912,True
2025-10-02,Phu My Hung,District 7,Tea,201,7.688,True
2025-10-02,Phu My Hung,District 7,Smoothie,71,3.319,True
2025-10-02,Phu My Hung,District 7,Bakery,115,3.128,True
2025-10-03,Phu My Hung,District 7,Coffee,312,10.343,True
2025-10-03,Phu My Hung,District 7,Tea,193,7.382,True
2025-10-03,Phu My Hung,District 7,Smoothie,71,3.319,True
2025-10-03,Phu My Hung,District 7,Bakery,112,3.046,True
2025-10-04,Phu My Hung,District 7,Coffee,306,11.934,False
2025-10-04,Phu My Hung,District 7,Tea,191,8.595,False
2025-10-04,Phu My Hung,District 7,Smoothie,78,4.29,False
2025-10-04,Phu My Hung,District 7,Bakery,140,4.48,False
2025-10-05,Phu My Hung,District 7,Coffee,288,11.232,False
2025-10-05,Phu My Hung,District 7,Tea,215,9.675,False
2025-10-05,Phu My Hung,District 7,Smoothie,68,3.74,False
2025-10-05,Phu My Hung,District 7,Bakery,109,3.488,False
2025-10-06,Phu My Hung,District 7,Coffee,228,8.892,False
2025-10-06,Phu My Hung,District 7,Tea,150,6.75,False
2025-10-06,Phu My Hung,District 7,Smoothie,56,3.08,False
2025-10-06,Phu My Hung,District 7,Bakery,103,3.296,False
2025-10-07,Phu My Hung,District 7,Coffee,269,10.491,False
2025-10-07,Phu My Hung,District 7,Tea,124,5.58,False
2025-10-07,Phu My Hung,District 7,Smoothie,67,3.685,False
2025-10-07,Phu My Hung,District 7,Bakery,122,3.904,False
2025-10-08,Phu My Hung,District 7,Coffee,232,9.048,False
2025-10-08,Phu My Hung,District 7,Tea,172,7.74,False
2025-10-08,Phu My Hung,District 7,Smoothie,63,3.465,False
2025-10-08,Phu My Hung,District 7,Bakery,92,2.944,False
2025-10-09,Phu My Hung,District 7,Coffee,280,10.92,False
2025-10-09,Phu My Hung,District 7,Tea,146,6.57,False
2025-10-09,Phu My Hung,District 7,Smoothie,61,3.355,False
2025-10-09,Phu My Hung,District 7,Bakery,93,2.976,False
2025-10-10,Phu My Hung,District 7,Coffee,233,9.087,False
2025-10-10,Phu My Hung,District 7,Tea,144,6.48,False
2025-10-10,Phu My Hung,District 7,Smoothie,57,3.135,False
2025-10-10,Phu My Hung,District 7,Bakery,105,3.36,False
2025-10-11,Phu My Hung,District 7,Coffee,327,12.753,False
2025-10-11,Phu My Hung,District 7,Tea,188,8.46,False
2025-10-11,Phu My Hung,District 7,Smoothie,87,4.785,False
2025-10-11,Phu My Hung,District 7,Bakery,127,4.064,False
2025-10-12,Phu My Hung,District 7,Coffee,340,13.26,False
2025-10-12,Phu My Hung,District 7,Tea,216,9.72,False
2025-10-12,Phu My Hung,District 7,Smoothie,79,4.345,False
2025-10-12,Phu My Hung,District 7,Bakery,100,3.2,False
2025-10-13,Phu My Hung,District 7,Coffee,230,8.97,False
2025-10-13,Phu My Hung,District 7,Tea,141,6.345,False
2025-10-13,Phu My Hung,District 7,Smoothie,63,3.465,False
2025-10-13,Phu My Hung,District 7,Bakery,95,3.04,False
2025-10-14,Phu My Hung,District 7,Coffee,256,9.984,False
2025-10-14,Phu My Hung,District 7,Tea,164,7.38,False
2025-10-14,Phu My Hung,District 7,Smoothie,63,3.465,False
2025-10-14,Phu My Hung,District 7,Bakery,91,2.912,False
2025-10-15,Phu My Hung,District 7,Coffee,206,8.034,False
2025-10-15,Phu My Hung,District 7,Tea,168,7.56,False
2025-10-15,Phu My Hung,District 7,Smoothie,54,2.97,False
2025-10-15,Phu My Hung,District 7,Bakery,102,3.264,False
2025-10-16,Phu My Hung,District 7,Coffee,265,10.335,False
2025-10-16,Phu My Hung,District 7,Tea,141,6.345,False
2025-10-16,Phu My Hung,District 7,Smoothie,65,3.575,False
2025-10-16,Phu My Hung,District 7,Bakery,94,3.008,False
2025-10-17,Phu My Hung,District 7,Coffee,259,10.101,False
2025-10-17,Phu My Hung,District 7,Tea,143,6.435,False
2025-10-17,Phu My Hung,District 7,Smoothie,50,2.75,False
2025-10-17,Phu My Hung,District 7,Bakery,90,2.88,False
2025-10-18,Phu My Hung,District 7,Coffee,313,12.207,False
2025-10-18,Phu My Hung,District 7,Tea,203,9.135,False
2025-10-18,Phu My Hung,District 7,Smoothie,72,3.96,False
2025-10-18,Phu My Hung,District 7,Bakery,104,3.328,False
2025-10-19,Phu My Hung,District 7,Coffee,294,11.466,False
2025-10-19,Phu My Hung,District 7,Tea,185,8.325,False
2025-10-19,Phu My Hung,District 7,Smoothie,89,4.895,False
2025-10-19,Phu My Hung,District 7,Bakery,111,3.552,False
2025-10-20,Phu My Hung,District 7,Coffee,218,8.502,False
2025-10-20,Phu My Hung,District 7,Tea,154,6.93,False
2025-10-20,Phu My Hung,District 7,Smoothie,76,4.18,False
2025-10-20,Phu My Hung,District 7,Bakery,80,2.56,False
2025-10-21,Phu My Hung,District 7,Coffee,250,9.75,False
2025-10-21,Phu My Hung,District 7,Tea,155,6.975,False
2025-10-21,Phu My Hung,District 7,Smoothie,53,2.915,False
2025-10-21,Phu My Hung,District 7,Bakery,90,2.88,False
2025-10-22,Phu My Hung,District 7,Coffee,287,11.193,False
2025-10-22,Phu My Hung,District 7,Tea,157,7.065,False
2025-10-22,Phu My Hung,District 7,Smoothie,59,3.245,False
2025-10-22,Phu My Hung,District 7,Bakery,87,2.784,False
2025-10-23,Phu My Hung,District 7,Coffee,241,9.399,False
2025-10-23,Phu My Hung,District 7,Tea,153,6.885,False
2025-10-23,Phu My Hung,District 7,Smoothie,52,2.86,False
2025-10-23,Phu My Hung,District 7,Bakery,86,2.752,False
2025-10-24,Phu My Hung,District 7,Coffee,288,11.232,False
2025-10-24,Phu My Hung,District 7,Tea,165,7.425,False
2025-10-24,Phu My Hung,District 7,Smoothie,59,3.245,False
2025-10-24,Phu My Hung,District 7,Bakery,81,2.592,False
2025-10-25,Phu My Hung,District 7,Coffee,327,12.753,False
2025-10-25,Phu My Hung,District 7,Tea,206,9.27,False
2025-10-25,Phu My Hung,District 7,Smoothie,79,4.345,False
2025-10-25,Phu My Hung,District 7,Bakery,126,4.032,False
2025-10-26,Phu My Hung,District 7,Coffee,314,12.246,False
2025-10-26,Phu My Hung,District 7,Tea,181,8.145,False
2025-10-26,Phu My Hung,District 7,Smoothie,70,3.85,False
2025-10-26,Phu My Hung,District 7,Bakery,111,3.552,False
2025-10-27,Phu My Hung,District 7,Coffee,269,10.491,False
2025-10-27,Phu My Hung,District 7,Tea,126,5.67,False
2025-10-27,Phu My Hung,District 7,Smoothie,71,3.905,False
2025-10-27,Phu My Hung,District 7,Bakery,116,3.712,False
2025-10-28,Phu My Hung,District 7,Coffee,262,10.218,False
2025-10-28,Phu My Hung,District 7,Tea,150,6.75,False
2025-10-28,Phu My Hung,District 7,Smoothie,65,3.575,False
2025-10-28,Phu My Hung,District 7,Bakery,99,3.168,False
2025-10-29,Phu My Hung,District 7,Coffee,249,9.711,False
2025-10-29,Phu My Hung,District 7,Tea,144,6.48,False
2025-10-29,Phu My Hung,District 7,Smoothie,68,3.74,False
2025-10-29,Phu My Hung,District 7,Bakery,101,3.232,False
2025-10-30,Phu My Hung,District 7,Coffee,243,9.477,False
2025-10-30,Phu My Hung,District 7,Tea,143,6.435,False
2025-10-30,Phu My Hung,District 7,Smoothie,48,2.64,False
2025-10-30,Phu My Hung,District 7,Bakery,99,3.168,False
2025-10-31,Phu My Hung,District 7,Coffee,252,9.828,False
2025-10-31,Phu My Hung,District 7,Tea,168,7.56,False
2025-10-31,Phu My Hung,District 7,Smoothie,61,3.355,False
2025-10-31,Phu My Hung,District 7,Bakery,96,3.072,False
2025-11-01,Phu My Hung,District 7,Coffee,425,14.089,True
2025-11-01,Phu My Hung,District 7,Tea,258,9.868,True
2025-11-01,Phu My Hung,District 7,Smoothie,105,4.909,True
2025-11-01,Phu My Hung,District 7,Bakery,168,4.57,True
2025-11-02,Phu My Hung,District 7,Coffee,381,12.63,True
2025-11-02,Phu My Hung,District 7,Tea,223,8.53,True
2025-11-02,Phu My Hung,District 7,Smoothie,91,4.254,True
2025-11-02,Phu My Hung,District 7,Bakery,142,3.862,True
2025-11-03,Phu My Hung,District 7,Coffee,354,11.735,True
2025-11-03,Phu My Hung,District 7,Tea,189,7.229,True
2025-11-03,Phu My Hung,District 7,Smoothie,83,3.88,True
2025-11-03,Phu My Hung,District 7,Bakery,99,2.693,True
2025-11-04,Phu My Hung,District 7,Coffee,277,10.803,False
2025-11-04,Phu My Hung,District 7,Tea,157,7.065,False
2025-11-04,Phu My Hung,District 7,Smoothie,75,4.125,False
2025-11-04,Phu My Hung,District 7,Bakery,116,3.712,False
2025-11-05,Phu My Hung,District 7,Coffee,276,10.764,False
2025-11-05,Phu My Hung,District 7,Tea,145,6.525,False
2025-11-05,Phu My Hung,District 7,Smoothie,68,3.74,False
2025-11-05,Phu My Hung,District 7,Bakery,102,3.264,False
2025-11-06,Phu My Hung,District 7,Coffee,294,11.466,False
2025-11-06,Phu My Hung,District 7,Tea,149,6.705,False
2025-11-06,Phu My Hung,District 7,Smoothie,76,4.18,False
2025-11-06,Phu My Hung,District 7,Bakery,107,3.424,False
2025-11-07,Phu My Hung,District 7,Coffee,262,10.218,False
2025-11-07,Phu My Hung,District 7,Tea,134,6.03,False
2025-11-07,Phu My Hung,District 7,Smoothie,84,4.62,False
2025-11-07,Phu My Hung,District 7,Bakery,100,3.2,False
2025-11-08,Phu My Hung,District 7,Coffee,336,13.104,False
2025-11-08,Phu My Hung,District 7,Tea,181,8.145,False
2025-11-08,Phu My Hung,District 7,Smoothie,100,5.5,False
2025-11-08,Phu My Hung,District 7,Bakery,125,4.0,False
2025-11-09,Phu My Hung,District 7,Coffee,337,13.143,False
2025-11-09,Phu My Hung,District 7,Tea,169,7.605,False
2025-11-09,Phu My Hung,District 7,Smoothie,90,4.95,False
2025-11-09,Phu My Hung,District 7,Bakery,121,3.872,False
2025-11-10,Phu My Hung,District 7,Coffee,270,10.53,False
2025-11-10,Phu My Hung,District 7,Tea,150,6.75,False
2025-11-10,Phu My Hung,District 7,Smoothie,71,3.905,False
2025-11-10,Phu My Hung,District 7,Bakery,94,3.008,False
2025-11-11,Phu My Hung,District 7,Coffee,284,11.076,False
2025-11-11,Phu My Hung,District 7,Tea,156,7.02,False
2025-11-11,Phu My Hung,District 7,Smoothie,58,3.19,False
2025-11-11,Phu My Hung,District 7,Bakery,101,3.232,False
2025-11-12,Phu My Hung,District 7,Coffee,252,9.828,False
2025-11-12,Phu My Hung,District 7,Tea,175,7.875,False
2025-11-12,Phu My Hung,District 7,Smoothie,79,4.345,False
2025-11-12,Phu My Hung,District 7,Bakery,112,3.584,False
2025-11-13,Phu My Hung,District 7,Coffee,242,9.438,False
2025-11-13,Phu My Hung,District 7,Tea,153,6.885,False
2025-11-13,Phu My Hung,District 7,Smoothie,71,3.905,False
2025-11-13,Phu My Hung,District 7,Bakery,103,3.296,False
2025-11-14,Phu My Hung,District 7,Coffee,299,11.661,False
2025-11-14,Phu My Hung,District 7,Tea,149,6.705,False
2025-11-14,Phu My Hung,District 7,Smoothie,56,3.08,False
2025-11-14,Phu My Hung,District 7,Bakery,92,2.944,False
2025-11-15,Phu My Hung,District 7,Coffee,337,13.143,False
2025-11-15,Phu My Hung,District 7,Tea,192,8.64,False
2025-11-15,Phu My Hung,District 7,Smoothie,85,4.675,False
2025-11-15,Phu My Hung,District 7,Bakery,126,4.032,False
2025-11-16,Phu My Hung,District 7,Coffee,332,12.948,False
2025-11-16,Phu My Hung,District 7,Tea,197,8.865,False
2025-11-16,Phu My Hung,District 7,Smoothie,73,4.015,False
2025-11-16,Phu My Hung,District 7,Bakery,136,4.352,False
2025-11-17,Phu My Hung,District 7,Coffee,266,10.374,False
2025-11-17,Phu My Hung,District 7,Tea,148,6.66,False
2025-11-17,Phu My Hung,District 7,Smoothie,64,3.52,False
2025-11-17,Phu My Hung,District 7,Bakery,105,3.36,False
2025-11-18,Phu My Hung,District 7,Coffee,277,10.803,False
2025-11-18,Phu My Hung,District 7,Tea,149,6.705,False
2025-11-18,Phu My Hung,District 7,Smoothie,58,3.19,False
2025-11-18,Phu My Hung,District 7,Bakery,100,3.2,False
2025-11-19,Phu My Hung,District 7,Coffee,230,8.97,False
2025-11-19,Phu My Hung,District 7,Tea,146,6.57,False
2025-11-19,Phu My Hung,District 7,Smoothie,66,3.63,False
2025-11-19,Phu My Hung,District 7,Bakery,101,3.232,False
2025-11-20,Phu My Hung,District 7,Coffee,279,10.881,False
2025-11-20,Phu My Hung,District 7,Tea,170,7.65,False
2025-11-20,Phu My Hung,District 7,Smoothie,69,3.795,False
2025-11-20,Phu My Hung,District 7,Bakery,111,3.552,False
2025-11-21,Phu My Hung,District 7,Coffee,258,10.062,False
2025-11-21,Phu My Hung,District 7,Tea,158,7.11,False
2025-11-21,Phu My Hung,District 7,Smoothie,76,4.18,False
2025-11-21,Phu My Hung,District 7,Bakery,104,3.328,False
2025-11-22,Phu My Hung,District 7,Coffee,331,12.909,False
2025-11-22,Phu My Hung,District 7,Tea,181,8.145,False
2025-11-22,Phu My Hung,District 7,Smoothie,69,3.795,False
2025-11-22,Phu My Hung,District 7,Bakery,125,4.0,False
2025-11-23,Phu My Hung,District 7,Coffee,328,12.792,False
2025-11-23,Phu My Hung,District 7,Tea,209,9.405,False
2025-11-23,Phu My Hung,District 7,Smoothie,89,4.895,False
2025-11-23,Phu My Hung,District 7,Bakery,126,4.032,False
2025-11-24,Phu My Hung,District 7,Coffee,257,10.023,False
2025-11-24,Phu My Hung,District 7,Tea,128,5.76,False
2025-11-24,Phu My Hung,District 7,Smoothie,83,4.565,False
2025-11-24,Phu My Hung,District 7,Bakery,105,3.36,False
2025-11-25,Phu My Hung,District 7,Coffee,260,10.14,False
2025-11-25,Phu My Hung,District 7,Tea,150,6.75,False
2025-11-25,Phu My Hung,District 7,Smoothie,68,3.74,False
2025-11-25,Phu My Hung,District 7,Bakery,107,3.424,False
2025-11-26,Phu My Hung,District 7,Coffee,282,10.998,False
2025-11-26,Phu My Hung,District 7,Tea,176,7.92,False
2025-11-26,Phu My Hung,District 7,Smoothie,74,4.07,False
2025-11-26,Phu My Hung,District 7,Bakery,100,3.2,False
2025-11-27,Phu My Hung,District 7,Coffee,277,10.803,False
2025-11-27,Phu My Hung,District 7,Tea,129,5.805,False
2025-11-27,Phu My Hung,District 7,Smoothie,76,4.18,False
2025-11-27,Phu My Hung,District 7,Bakery,101,3.232,False
2025-11-28,Phu My Hung,District 7,Coffee,280,10.92,False
2025-11-28,Phu My Hung,District 7,Tea,141,6.345,False
2025-11-28,Phu My Hung,District 7,Smoothie,73,4.015,False
2025-11-28,Phu My Hung,District 7,Bakery,83,2.656,False
2025-11-29,Phu My Hung,District 7,Coffee,338,13.182,False
2025-11-29,Phu My Hung,District 7,Tea,194,8.73,False
2025-11-29,Phu My Hung,District 7,Smoothie,88,4.84,False
2025-11-29,Phu My Hung,District 7,Bakery,140,4.48,False
2025-11-30,Phu My Hung,District 7,Coffee,303,11.817,False
2025-11-30,Phu My Hung,District 7,Tea,175,7.875,False
2025-11-30,Phu My Hung,District 7,Smoothie,97,5.335,False
2025-11-30,Phu My Hung,District 7,Bakery,122,3.904,False
2025-12-01,Phu My Hung,District 7,Coffee,318,10.542,True
2025-12-01,Phu My Hung,District 7,Tea,158,6.043,True
2025-12-01,Phu My Hung,District 7,Smoothie,77,3.6,True
2025-12-01,Phu My Hung,District 7,Bakery,116,3.155,True
2025-12-02,Phu My Hung,District 7,Coffee,319,10.575,True
2025-12-02,Phu My Hung,District 7,Tea,201,7.688,True
2025-12-02,Phu My Hung,District 7,Smoothie,74,3.459,True
2025-12-02,Phu My Hung,District 7,Bakery,124,3.373,True
2025-12-03,Phu My Hung,District 7,Coffee,306,10.144,True
2025-12-03,Phu My Hung,District 7,Tea,186,7.114,True
2025-12-03,Phu My Hung,District 7,Smoothie,86,4.021,True
2025-12-03,Phu My Hung,District 7,Bakery,114,3.101,True
2025-12-04,Phu My Hung,District 7,Coffee,276,10.764,False
2025-12-04,Phu My Hung,District 7,Tea,139,6.255,False
2025-12-04,Phu My Hung,District 7,Smoothie,61,3.355,False
2025-12-04,Phu My Hung,District 7,Bakery,115,3.68,False
2025-12-05,Phu My Hung,District 7,Coffee,263,10.257,False
2025-12-05,Phu My Hung,District 7,Tea,140,6.3,False
2025-12-05,Phu My Hung,District 7,Smoothie,82,4.51,False
2025-12-05,Phu My Hung,District 7,Bakery,116,3.712,False
2025-12-06,Phu My Hung,District 7,Coffee,319,12.441,False
2025-12-06,Phu My Hung,District 7,Tea,205,9.225,False
2025-12-06,Phu My Hung,District 7,Smoothie,82,4.51,False
2025-12-06,Phu My Hung,District 7,Bakery,118,3.776,False
2025-12-07,Phu My Hung,District 7,Coffee,340,13.26,False
2025-12-07,Phu My Hung,District 7,Tea,187,8.415,False
2025-12-07,Phu My Hung,District 7,Smoothie,75,4.125,False
2025-12-07,Phu My Hung,District 7,Bakery,131,4.192,False
2025-12-08,Phu My Hung,District 7,Coffee,274,10.686,False
2025-12-08,Phu My Hung,District 7,Tea,164,7.38,False
2025-12-08,Phu My Hung,District 7,Smoothie,69,3.795,False
2025-12-08,Phu My Hung,District 7,Bakery,99,3.168,False
2025-12-09,Phu My Hung,District 7,Coffee,294,11.466,False
2025-12-09,Phu My Hung,District 7,Tea,148,6.66,False
2025-12-09,Phu My Hung,District 7,Smoothie,57,3.135,False
2025-12-09,Phu My Hung,District 7,Bakery,108,3.456,False
2025-12-10,Phu My Hung,District 7,Coffee,256,9.984,False
2025-12-10,Phu My Hung,District 7,Tea,164,7.38,False
2025-12-10,Phu My Hung,District 7,Smoothie,63,3.465,False
2025-12-10,Phu My Hung,District 7,Bakery,98,3.136,False
2025-12-11,Phu My Hung,District 7,Coffee,265,10.335,False
2025-12-11,Phu My Hung,District 7,Tea,160,7.2,False
2025-12-11,Phu My Hung,District 7,Smoothie,65,3.575,False
2025-12-11,Phu My Hung,District 7,Bakery,107,3.424,False
2025-12-12,Phu My Hung,District 7,Coffee,243,9.477,False
2025-12-12,Phu My Hung,District 7,Tea,148,6.66,False
2025-12-12,Phu My Hung,District 7,Smoothie,65,3.575,False
2025-12-12,Phu My Hung,District 7,Bakery,92,2.944,False
2025-12-13,Phu My Hung,District 7,Coffee,352,13.728,False
2025-12-13,Phu My Hung,District 7,Tea,181,8.145,False
2025-12-13,Phu My Hung,District 7,Smoothie,97,5.335,False
2025-12-13,Phu My Hung,District 7,Bakery,142,4.544,False
2025-12-14,Phu My Hung,District 7,Coffee,308,12.012,False
2025-12-14,Phu My Hung,District 7,Tea,189,8.505,False
2025-12-14,Phu My Hung,District 7,Smoothie,80,4.4,False
2025-12-14,Phu My Hung,District 7,Bakery,125,4.0,False
2025-12-15,Phu My Hung,District 7,Coffee,264,10.296,False
2025-12-15,Phu My Hung,District 7,Tea,178,8.01,False
2025-12-15,Phu My Hung,District 7,Smoothie,60,3.3,False
2025-12-15,Phu My Hung,District 7,Bakery,96,3.072,False
2025-12-16,Phu My Hung,District 7,Coffee,269,10.491,False
2025-12-16,Phu My Hung,District 7,Tea,163,7.335,False
2025-12-16,Phu My Hung,District 7,Smoothie,74,4.07,False
2025-12-16,Phu My Hung,District 7,Bakery,106,3.392,False
2025-12-17,Phu My Hung,District 7,Coffee,247,9.633,False
2025-12-17,Phu My Hung,District 7,Tea,157,7.065,False
2025-12-17,Phu My Hung,District 7,Smoothie,57,3.135,False
2025-12-17,Phu My Hung,District 7,Bakery,107,3.424,False
2025-12-18,Phu My Hung,District 7,Coffee,297,11.583,False
2025-12-18,Phu My Hung,District 7,Tea,154,6.93,False
2025-12-18,Phu My Hung,District 7,Smoothie,65,3.575,False
2025-12-18,Phu My Hung,District 7,Bakery,99,3.168,False
2025-12-19,Phu My Hung,District 7,Coffee,274,10.686,False
2025-12-19,Phu My Hung,District 7,Tea,133,5.985,False
2025-12-19,Phu My Hung,District 7,Smoothie,71,3.905,False
2025-12-19,Phu My Hung,District 7,Bakery,102,3.264,False
2025-12-20,Phu My Hung,District 7,Coffee,406,13.459,True
2025-12-20,Phu My Hung,District 7,Tea,225,8.606,True
2025-12-20,Phu My Hung,District 7,Smoothie,86,4.021,True
2025-12-20,Phu My Hung,District 7,Bakery,168,4.57,True
2025-12-21,Phu My Hung,District 7,Coffee,396,13.127,True
2025-12-21,Phu My Hung,District 7,Tea,227,8.683,True
2025-12-21,Phu My Hung,District 7,Smoothie,126,5.891,True
2025-12-21,Phu My Hung,District 7,Bakery,171,4.651,True
2025-12-22,Phu My Hung,District 7,Coffee,328,10.873,True
2025-12-22,Phu My Hung,District 7,Tea,167,6.388,True
2025-12-22,Phu My Hung,District 7,Smoothie,58,2.712,True
2025-12-22,Phu My Hung,District 7,Bakery,100,2.72,True
2025-12-23,Phu My Hung,District 7,Coffee,322,10.674,True
2025-12-23,Phu My Hung,District 7,Tea,198,7.574,True
2025-12-23,Phu My Hung,District 7,Smoothie,78,3.647,True
2025-12-23,Phu My Hung,District 7,Bakery,123,3.346,True
2025-12-24,Phu My Hung,District 7,Coffee,327,10.84,True
2025-12-24,Phu My Hung,District 7,Tea,170,6.503,True
2025-12-24,Phu My Hung,District 7,Smoothie,82,3.833,True
2025-12-24,Phu My Hung,District 7,Bakery,131,3.563,True
2025-12-25,Phu My Hung,District 7,Coffee,312,10.343,True
2025-12-25,Phu My Hung,District 7,Tea,180,6.885,True
2025-12-25,Phu My Hung,District 7,Smoothie,75,3.506,True
2025-12-25,Phu My Hung,District 7,Bakery,124,3.373,True
2025-12-26,Phu My Hung,District 7,Coffee,296,9.812,True
2025-12-26,Phu My Hung,District 7,Tea,198,7.574,True
2025-12-26,Phu My Hung,District 7,Smoothie,81,3.787,True
2025-12-26,Phu My Hung,District 7,Bakery,125,3.4,True
2025-12-27,Phu My Hung,District 7,Coffee,412,13.658,True
2025-12-27,Phu My Hung,District 7,Tea,219,8.377,True
2025-12-27,Phu My Hung,District 7,Smoothie,79,3.693,True
2025-12-27,Phu My Hung,District 7,Bakery,171,4.651,True
2025-12-28,Phu My Hung,District 7,Coffee,389,12.895,True
2025-12-28,Phu My Hung,District 7,Tea,213,8.147,True
2025-12-28,Phu My Hung,District 7,Smoothie,114,5.33,True
2025-12-28,Phu My Hung,District 7,Bakery,168,4.57,True
2025-12-29,Phu My Hung,District 7,Coffee,296,9.812,True
2025-12-29,Phu My Hung,District 7,Tea,178,6.809,True
2025-12-29,Phu My Hung,District 7,Smoothie,79,3.693,True
2025-12-29,Phu My Hung,District 7,Bakery,111,3.019,True
2025-12-30,Phu My Hung,District 7,Coffee,322,10.674,True
2025-12-30,Phu My Hung,District 7,Tea,192,7.344,True
2025-12-30,Phu My Hung,District 7,Smoothie,81,3.787,True
2025-12-30,Phu My Hung,District 7,Bakery,117,3.182,True
2025-12-31,Phu My Hung,District 7,Coffee,295,9.779,True
2025-12-31,Phu My Hung,District 7,Tea,169,6.464,True
2025-12-31,Phu My Hung,District 7,Smoothie,82,3.833,True
2025-12-31,Phu My Hung,District 7,Bakery,101,2.747,True
